key_mlbam,name_first,name_last,team,PA_L,PA_R,WAVE,WAVE_L,WAVE_R,probability_L,probability_R,probability,WAVE_CI_Low,WAVE_CI_High,probability_CI_Low,probability_CI_High,Game_Hit_Probability,Game_Hit_Probability_CI_Low,Game_Hit_Probability_CI_High,Consistency,Approach,Expected_Bases,Expected_BB,Expected_HBP,Expected_RBI,Exit_Velo,Barrel_Rate,xBA,xwOBA,Fastball_WAVE,Breaking_WAVE,Offspeed_WAVE,WAVE_Home,WAVE_Away,Whiff_Rate,Chase_Rate,Last_Game_Date,avg_batting_order,start_rate
672515,Gabriel,Moreno,AZ,143.0,396,0.2603300449507438,0.23186633511126295,0.270608606837223,0.6027821123819426,0.6685925858307111,0.651956983556295,0.23683618487591845,0.31183498601759657,0.6117046439741045,0.7296514383946637,0.6756501146202416,0.6405947067150303,0.7927538275213003,0.02369313106394655,0.44049481066727775,1.3903685535479013,0.30950157632222847,0.01593026538678713,0.5456247647280257,69.17585532417117,0.04134778495465517,0.27261635547446617,0.29132543463216176,0.3881429451964361,0.17968295106453003,0.16169533169533168,0.2033798750369632,0.32534845718116434,0.18827014808056775,0.28498930496150743,2026-09-26,3.0,0.9
672640,Otto,Lopez,MIA,166.0,509,0.23971062248980146,0.25424862745796895,0.23496934778505524,0.6418382406467369,0.6083700232967277,0.6167993566570731,0.2502845140139785,0.3180977699599418,0.6351303956371888,0.7381651878260105,0.6630870373374891,0.6853212415480823,0.818280258922631,0.046287680680416,0.4089916580374079,0.8415094435231253,0.2193625268718138,0.10998386155641546,0.15485168601437257,68.86263945463892,0.04212607767143874,0.24490069955953886,0.2502949454490627,0.2691528646791805,0.30773809523809526,0.3193662155127538,0.32918650793650794,0.14003734542336924,0.10665853054945418,0.29216179835651834,2026-09-26,2.789473684210526,0.95
694192,Jackson,Chourio,MIL,169.0,406,0.2537631918596046,0.27609042677619056,0.24446934284260213,0.6772285451750331,0.6251285898589052,0.6410215865181887,0.2332593833964078,0.30547441679825355,0.6052977117180358,0.7208042086333504,0.6627836885036634,0.6625928896044233,0.8116566448352407,0.02176210198547468,0.42485865152299535,1.650435919013198,0.26839257920667453,0.14457146042363433,0.9132328271658217,91.75423799877728,0.10078451064392799,0.41598956465057074,0.48006930557836724,0.2576326112911479,0.4009318181818182,0.4331968810916179,0.37230612041467304,0.1406257052053558,0.215359138705909,0.27014014566904165,2026-10-04,1.5,0.9
686527,Dominic,Canzone,SEA,143.0,385,0.24234341014137598,0.22887415803172556,0.2473462752106747,0.5973400817223465,0.6301009181332078,0.6214237044116679,0.20424893930289034,0.27679941557338666,0.5505097335779667,0.678333606737791,0.6602940957409631,0.5355396075942364,0.6913668858928944,0.03887039132929515,0.4103224029765018,1.3005071271929824,0.21185954944178628,0.005800189393939393,0.5286916243022328,71.10745903540231,0.0949592282417054,0.28793269251382436,0.33308644093604745,0.2513073495305428,0.3303546521281895,0.2306918656056587,0.26424402202352515,0.19276755852842808,0.1619663700306604,0.28828391136564546,2026-09-27,2.8,1.0
668227,Randy,Arozarena,SEA,193.0,472,0.24258202975229398,0.2461489781791386,0.24112351058623246,0.6280373377378159,0.6192860031026513,0.6218408466911278,0.21108936578306378,0.27608357262183125,0.5638887039724655,0.6772178487693785,0.6530564376733301,0.604596215924593,0.7501901654127416,0.03121559098220228,0.40609716813987534,1.1772765589084695,0.3598043727038762,0.13698906210094106,0.3190404645782991,70.14594472173609,0.08057430535918453,0.2709348763896474,0.29211524915675335,0.14023445912980798,0.41612693227824804,0.16587804878048779,0.2700900082667925,0.2019123313129017,0.2445344327614119,0.31651601548226266,2026-09-27,1.8,1.0
701807,Carson,Benge,NYM,190.0,462,0.259252750384239,0.2478608014164334,0.2639377510419946,0.6309852034961367,0.6578623209282322,0.6501795720906829,0.22558628872175807,0.29258994769943797,0.5912990774925475,0.7022516976522626,0.6485322672012598,0.613669610694352,0.7577699393956614,-0.0016473048894231068,0.4216624319759155,1.3014200209486757,0.24708230460372088,0.026756696094568308,0.29961497456232233,68.24290089152538,0.04327552055366626,0.2877158594696873,0.31104762890894677,0.46946188749472395,0.16647834503498657,0.47870191533880574,0.1786722651273735,0.3745340745480723,0.21476034226096077,0.28649437772518754,2026-09-27,4.25,1.0
665161,Jeremy,Peña,HOU,116.0,372,0.25634545594694025,0.226087680795648,0.26578067615540774,0.5922244712935917,0.6608511594729843,0.6453505211148916,0.2232965514788262,0.30094038340447904,0.587053949384471,0.7143726763154421,0.6472504786685481,0.6529082362210106,0.8132461143002845,0.0018999575536565727,0.4177034337006105,2.2268570696721315,0.04158715420081967,0.07035412397540984,0.48054548753415305,90.25160120813904,0.16289123216052,0.41693007220573686,0.5159973722622581,0.3386598040777318,0.22626454493087558,0.3314862914862915,0.3136515714563296,0.29109280752997735,0.3084174928150832,0.45748105063739286,2026-09-30,1.0526315789473684,0.95
693304,Nick,Gonzales,PIT,194.0,413,0.2389313053050799,0.2441583109283726,0.2364760048428068,0.6245881757250402,0.6110628608411199,0.6154228256856455,0.241095149320104,0.31198037288321756,0.6192362016863948,0.7298512910847803,0.6465284234769967,0.6081611102463781,0.7564601313539084,0.031105597791351136,0.39788834926229893,0.7749371911037891,0.22173633992311917,0.031828665568369024,0.15181562328390993,66.29178901086978,0.043312056626419695,0.2621814746283642,0.2799569131519098,0.2771619199111246,0.3183767095620059,0.2614269561284487,0.15768161872257436,0.31526314715008985,0.1590242269959251,0.2697495484968842,2026-09-27,5.066666666666666,0.75
571448,Nolan,Arenado,AZ,155.0,438,0.2414757872497042,0.24544363060345553,0.24007164177063695,0.6268178065198678,0.6174358413368679,0.619904201174114,0.1973113394519692,0.26485739018978927,0.5366438332743013,0.6593561244805757,0.6457276427641939,0.5659441588485762,0.7163940606019034,0.025823441590079876,0.4002892785637813,1.913441970559303,0.22808278000281057,0.11086733241989885,0.800342924395728,68.25198284731216,0.10753353346659911,0.2759464595416409,0.3347982783964,0.23283197336905778,0.4289249091381101,0.1538074712643678,0.19777576522609464,0.25968794494542,0.22393619412745547,0.30349844931161957,2026-09-27,5.5,1.0
666182,Bo,Bichette,NYM,198.0,491,0.22657722530805932,0.22147154694977206,0.22863613429979227,0.5836479445050998,0.596904901641069,0.5931265536899543,0.2104897119047297,0.2742408921101336,0.562727386892,0.6743330165421801,0.6436659732536888,0.5990613789197845,0.7427324527701888,0.05053941956373453,0.3817753804434507,0.8174338963786622,0.24704421117613448,0.0017779390420899854,0.22128963611769456,67.59750828879214,0.03620677776260764,0.31070086286979304,0.3353812671822826,0.1484315531000614,0.3599557570580634,0.3702353562989678,0.15829417360073963,0.2361025517676559,0.17306919294910128,0.4155870476367425,2026-09-27,3.0,1.0
691594,Javier,Sanoja,MIA,152.0,334,0.2580210622669979,0.26508858164103394,0.2548047061446821,0.6597309231791406,0.6427721067533081,0.6481394958921162,0.24176988778446876,0.32135406559585467,0.6204197585263014,0.7425153278764919,0.642729841364861,0.5412537518929232,0.7018787231736812,-0.00540965452725517,0.4165785953770408,1.516266443608163,0.05217817644032922,0.0,0.4809863871140472,67.39567466664059,0.0473233223612884,0.2634055256086387,0.27093986621910343,0.392793080114481,0.28961465988317314,0.2416935817805383,0.311416458475282,0.21000788260975017,0.09269624645523844,0.45238911116847363,2026-09-27,5.3,1.0
676475,Alec,Burleson,STL,203.0,459,0.24024087705220326,0.21343105207804414,0.2520979456137594,0.5684026287448618,0.638210014189788,0.6177339466259744,0.2235501958367193,0.289847482082206,0.587525745156873,0.698192026494719,0.6424419999845415,0.6293297302082338,0.7698315182277186,0.024708053358567184,0.396858232128735,1.370650490936556,0.13474603474320246,0.0055513595166163145,0.536241503021148,71.48727967022646,0.12286438767843728,0.26336755862938716,0.35825943389771386,0.3269675925925926,0.09304933110367894,0.18440737833594978,0.16342844555019956,0.2845399775013297,0.2213092728443744,0.4219984484875734,2026-09-26,3.0588235294117645,0.85
666018,Jonathan,Aranda,TB,187.0,479,0.22681751418965249,0.22512726935249067,0.22747738012816868,0.5904505744739976,0.59478154505874,0.5935688114330482,0.2121915466577287,0.27723987700763164,0.5660174893161279,0.6790187670490151,0.6420104874843676,0.6182761666318664,0.7609792843399052,0.04844167605131944,0.3810774019836479,1.4815980730921616,0.25098994875882746,0.022261076866340025,0.3018777208272345,88.7667213707079,0.1462218079720151,0.3650627690324957,0.4513558563472338,0.2400788000241687,0.20680753791257805,0.26875759944415495,0.2827400766415008,0.19696695933769628,0.1871946804065635,0.29544772840579336,2026-10-05,2.0,0.75
670541,Yordan,Álvarez,HOU,180.0,481,0.24683875970168545,0.20516355166105965,0.2624344716503604,0.5523153443173152,0.6554104221373548,0.629227199844269,0.23976732531875228,0.30749315910723646,0.6168993749850502,0.7236342386968013,0.6419826978051961,0.6184822211553903,0.7599323782156514,0.01275549796092712,0.4039529752884331,1.5580456080632745,0.2642304987127425,0.04202597075138679,0.4587346059930461,96.70756233694561,0.09721804134055789,0.3962479530403371,0.4595897652016858,0.29087679504896957,0.1763614081996435,0.22311877076411962,0.23286804375162493,0.2501306581945772,0.22106890305282728,0.32379657652991223,2026-09-30,2.0,0.9
606466,Ketel,Marte,AZ,149.0,465,0.21769644233485208,0.24275398481477145,0.20966725130365207,0.622141245891973,0.5611309818806871,0.576538854011187,0.19657872683663954,0.26282951579323666,0.5351619783934376,0.6560559640074698,0.6406138245747357,0.6073380379088827,0.7585792928852729,0.06407497056354872,0.3693387602840417,0.9400712042700226,0.23098780493694204,0.0059853420195439735,0.22630303723593062,70.411888300173,0.054466448344043496,0.2585884649962926,0.28060754031759766,0.18950707551910592,0.385849306974322,0.1380374692874693,0.15728776346604217,0.20824052127820272,0.15011841138269982,0.31662908996195815,2026-09-27,2.1,1.0
664983,Jake,McCarthy,COL,180.0,404,0.23481249077955985,0.24622657063742157,0.22972700965476994,0.6281713194422262,0.5988965998490596,0.6080889106668788,0.237734690649532,0.3097623495666525,0.6133023398214872,0.7267908388813893,0.6380863715693835,0.6490483258578806,0.7936059525865368,0.02999746090250477,0.38801324659900766,0.8591904965753425,0.09295077054794519,0.029123715753424664,0.19545462328767127,63.94639732502011,0.0271570796460177,0.24210218892464466,0.2522483373558595,0.2516871134273863,0.13768507402961186,0.17545180722891568,0.20181522620302844,0.18758806247066429,0.1983454317359452,0.38900144489789645,2026-09-27,1.0,1.0
672386,Alejandro,Kirk,TOR,92.0,213,0.23359213086913178,0.24381585635031733,0.2291762494406385,0.6239925217104275,0.5978919137231158,0.6058969069924063,0.20699032671478823,0.30408567785859086,0.555906212957642,0.7188453887773514,0.6379079974350652,0.596242057603573,0.7947578153350141,0.03201109044265893,0.38650648259162584,0.9300906460945033,0.3187138379942141,0.0,0.331619093539055,65.99123739272744,0.0198159561234875,0.21993088982811265,0.21946687072009247,0.18080882352941174,0.2595764320220842,0.19530172413793107,0.20113026819923369,0.1934723953140578,0.123571776331186,0.3454849741644477,2026-09-26,3.642857142857143,0.7
521692,Salvador,Pérez,KC,170.0,445,0.22920243623062092,0.22709741499683872,0.23000660164577363,0.5940835428558779,0.5994059393835409,0.5979397238158402,0.1855372953114376,0.2505056603995811,0.5124162674391306,0.6355069511034539,0.6375905383053235,0.5659441588485762,0.7163940606019034,0.03965081448948338,0.381240710381878,1.2319318352905755,0.14268104486600425,0.02584424872026498,0.4973490665462211,70.88847615861155,0.13739982670160333,0.30181848773656667,0.3667287628378799,0.26914948721897575,0.1926052824651504,0.2742958768873403,0.26479841161270706,0.13660687839394436,0.20443812008946494,0.39770446117089225,2026-09-27,4.5,0.9
686469,Vinnie,Pasquantino,KC,132.0,341,0.23592590842311184,0.23199372951438452,0.23744804219423213,0.6030126386155862,0.6127931412532548,0.6100812153567445,0.18685898929294653,0.26159500912732203,0.5151799988085826,0.6540357831318647,0.6369580798272495,0.5669372233352975,0.7385579764040159,0.02687686447050497,0.3885961594723067,1.8173836230522276,0.1847555007438728,0.0635884034139848,0.8125254482812622,70.67399228364701,0.138988676853127,0.2807122347503661,0.3676202087568584,0.3473263888888889,0.11481883446874977,0.24934491459627328,0.26350033738191636,0.18557879262104615,0.1375759583143945,0.3182822450722569,2026-09-27,3.9411764705882355,0.85
815589,Bo,Davidson,SF,12.0,9,0.24178907366848112,0.26883862157977667,0.20572300978675373,0.6657692909812719,0.5534172588877424,0.6204533739579481,0.1719475260508347,0.5462654802574476,0.4833427754382491,0.9370774413124751,0.636663450671517,0.6096657120978346,1.0,0.01621007671356889,0.39501998604485233,0.9041666666666666,0.12916666666666668,0.0,0.0,65.66038461538463,0.0,0.3174519230769231,0.3065423076923077,0.46931818181818186,0.29875,0.0,0.355,0.0,0.2851190476190476,0.44375,2026-09-27,3.6666666666666665,0.3
682829,Elly,De La Cruz,CIN,185.0,447,0.23655089105285998,0.2382390911617297,0.23585219525836135,0.6141971887031707,0.6099495401048001,0.6111963584160094,0.21781959602609685,0.28520117178276777,0.5767721290543768,0.6912240890784891,0.6364741061203056,0.627032516187624,0.7747613673234626,0.02527774770429625,0.3890106558868155,1.4286680938198064,0.3623999441548772,0.001938291139240506,0.47680426284437827,73.76956640625001,0.1745182291666667,0.3368798372395833,0.43377932291666665,0.2638248620961387,0.11803519061583578,0.29163529437971975,0.17878612603937594,0.22508659818442428,0.25437306686130545,0.23176722069782435,2026-09-27,2.0,1.0
691406,Junior,Caminero,TB,186.0,507,0.23659613983120528,0.21963407104049854,0.2428189106301628,0.5801984392096529,0.6222546245736413,0.6112770062965893,0.2174819723070561,0.28168674737470156,0.576132390336755,0.6858778387911584,0.636358125626217,0.6591643121695944,0.7936439542384758,0.025081119329627644,0.3889910899653028,1.397308651996152,0.35226370851370853,0.014712602212602212,0.45565776815776815,87.16612831558515,0.1451363675217566,0.33500055873571527,0.39440682828200063,0.23261578110235756,0.3740027321328746,0.12239819004524888,0.23338646368916155,0.2822178932178932,0.22516829754378365,0.3254063128379049,2026-10-05,3.05,1.0
681198,TJ,Rumfield,COL,197.0,432,0.25366068620477855,0.2206890679118903,0.26869635473185954,0.5821814766957829,0.6655416185277201,0.6408489700984228,0.22794720893698692,0.29642023601373385,0.5956434423491015,0.7078561892075388,0.6343477120153084,0.6180692927455592,0.7620589729730137,-0.006501258083114414,0.40652107792930126,1.1150864325459915,0.27328707699295934,0.02179570747217806,0.3440135135135135,66.42964529989932,0.05131416776510394,0.21297864229260294,0.2287639576565403,0.31239257857772007,0.41570322793148884,0.6171799516908213,0.1915357370882297,0.3757139703041342,0.11067247133377486,0.32574183767154175,2026-09-26,3.7058823529411766,0.85
703520,Brett,Bateman,TOR,62.0,116,0.25277254690980216,0.2396764018844041,0.25977221063027356,0.616738985781596,0.6510374288003915,0.6393508872191986,0.23028534238848913,0.36276675651175033,0.5999132681311465,0.7934408276828645,0.6338971439450782,0.6065666377742431,0.8617499726190967,-0.005453743274120404,0.40528270138700184,1.1997624398073836,0.4248533975387908,0.01968298555377207,0.08561396468699839,65.94401070897806,0.013952268554943612,0.3317561334032695,0.3206581001398724,0.2519031954887218,0.6400877192982456,0.1945,0.3759497869962986,0.15945945945945947,0.08507535440656971,0.24854772029293648,2026-09-27,1.0588235294117647,0.85
805808,Kevin,McGonigle,DET,205.0,497,0.23655765886592994,0.2083194503668241,0.24820520965529955,0.5585058910760734,0.6315762729797589,0.6112084215962852,0.2092267955720653,0.2722431642521911,0.5602743430105721,0.6711846927344935,0.6326809815721284,0.6562367115839256,0.794209627752652,0.021472559975843186,0.386699944120689,1.2306084243529372,0.2880599222529278,0.0026175213675213678,0.2740765095443907,66.3509499979501,0.08108049935428326,0.23977440204579464,0.2972465691941865,0.2439990964124642,0.12891923264907135,0.3907378335949765,0.2513639395286794,0.1623800066203244,0.16976936856439945,0.2248537558440763,2026-09-27,1.4736842105263157,0.95
643289,Mauricio,Dubón,ATL,217.0,415,0.24137164229693012,0.2439409863173454,0.2400281539778214,0.6242102467896998,0.6173592114640414,0.6197215155274054,0.22383315880059007,0.2917693617219741,0.588051621040364,0.7010410999898663,0.6308772900455112,0.6139623229698004,0.7567708651589264,0.011155774518105788,0.3909682302988267,1.1713735343187706,0.2431623438934562,0.021680000891424498,0.264860774733097,84.84123574508297,0.026938430498231133,0.33148703479998587,0.33416009259373625,0.19403885789903916,0.4194791414018918,0.2551785714285714,0.26472360489193075,0.24385117381741,0.18607789346541564,0.44103781074894755,2026-10-04,4.894736842105263,0.95
665487,Fernando,Tatís,SD,162.0,547,0.2394576261421389,0.24343686885350535,0.23827913012890056,0.6233325369572603,0.6142681577679501,0.6163528681937289,0.22860971185332263,0.29302304984920063,0.5968565726317194,0.7028892326960126,0.6307877123905025,0.6357750123990663,0.7742551482347763,0.014434844196773544,0.38878781575324717,1.8606492418899863,0.35064997649271273,0.02292401269393512,0.46828749412317816,90.28677002377546,0.20350783566826874,0.37601942617613143,0.4848509464015862,0.30329713089615407,0.16939220982180775,0.1893952283726558,0.27382821215357334,0.20736168842573618,0.23770677289888814,0.28675358972534176,2026-10-04,1.0,0.95
661388,William,Contreras,MIL,181.0,452,0.22357884053610666,0.21654460986311844,0.22639564529675016,0.5743526294182968,0.592792123156082,0.5875790020402397,0.21147451510473336,0.2781943883585612,0.5646334387941243,0.6804999801471359,0.6303710245949559,0.5715497080618411,0.7228730247962095,0.04279202255471615,0.37039277754658756,1.3261145029711383,0.3281390905040194,0.003870458135860979,0.6574061259084957,90.05943396966526,0.11875479428172943,0.28033639564446766,0.34449299322989313,0.21992999096657634,0.2920081967213115,0.155509768009768,0.22260207498277318,0.14086410293249046,0.16101148784864966,0.27022580300174565,2026-10-04,3.5294117647058822,0.85
807712,Luke,Keaschall,MIN,198.0,411,0.24898953325630568,0.24739081324274131,0.24975971954021262,0.6301775227565976,0.6342356935068654,0.6329197961998374,0.2121910539467622,0.28033675153417753,0.5660165393410677,0.6838067191018142,0.6303170272392916,0.6065492505197002,0.7527903015081828,-0.002602768960545787,0.39894012442157983,1.5041720884840597,0.30399368487364586,0.11480472421022195,0.3479248639382016,65.36301101392938,0.0716720656516575,0.2451098337112623,0.283694691717957,0.31693148417847217,0.39839556277056276,0.11578218243819267,0.3582049809946152,0.14725076730374054,0.14921751746675682,0.21326075333772943,2026-09-27,1.0526315789473684,0.95
701538,Jackson,Merrill,SD,189.0,481,0.2573502516482118,0.2645903994801977,0.25450537027556036,0.6589229225988942,0.6422696252071374,0.6470248481034135,0.20948492754241596,0.2740731179820565,0.5607765265657874,0.6740694442441828,0.6300245013395579,0.5316168147939058,0.6807084112165676,-0.017000346763855645,0.4076415072806563,1.262573354816825,0.16510934908789388,0.0027425373134328363,0.3980769448213478,90.71375336367588,0.11672884528130673,0.39134632992097707,0.42947372126436784,0.40822423494228044,0.14957724060047897,0.28919544740973313,0.37903632427866213,0.2225685673385152,0.26667211479162223,0.37030119222480673,2026-10-04,4.947368421052632,0.95
802415,Chandler,Simpson,TB,206.0,398,0.2504309847577506,0.2416233337285659,0.25498971870752957,0.6201629121862086,0.643082426732982,0.6353798287310062,0.25656119021870144,0.32885701983738996,0.6457104840510322,0.7523418171054064,0.6289435287503744,0.643343498954437,0.7856695935236092,-0.006436299980631777,0.39961803157888753,0.7589210526454702,0.05628987643353256,0.0,0.3556542730698051,81.14597578616352,0.0,0.31544251257861633,0.29350950628930816,0.23050422943297857,0.2018052384957347,0.18032894736842103,0.24867967091295118,0.18262948485271535,0.13032159321408815,0.33175303879803686,2026-10-05,5.352941176470588,0.85
703601,Max,Clark,DET,64.0,137,0.21803880422410615,0.28127351333861367,0.18849850215601505,0.685244900882205,0.5185927347849046,0.5771871213356833,0.18959199642051128,0.30758010637065264,0.520859341823057,0.7237556658941284,0.6275312227775685,0.5497300046930566,0.7967232153447456,0.05034410144188517,0.3622029400232461,0.8710785196734381,0.2549619044735753,0.03481085949562532,0.1389176960027449,65.95480203301128,0.007573470209339775,0.24517201791465382,0.2406741143317231,0.21184880952380952,0.3139308510638298,0.013793103448275862,0.21132816982214572,0.16002824858757062,0.1611672731052075,0.2805888594164456,2026-09-27,5.631578947368421,0.95
664040,Brandon,Lowe,PIT,207.0,440,0.23258222270775777,0.21690633044896468,0.23995701747496273,0.5750400559592204,0.6172338381434284,0.6040763048787536,0.20388645062643695,0.26910348363265885,0.5497926779760159,0.6661928600425824,0.6274125171806397,0.6085602497894558,0.7554508589797957,0.023336212301886095,0.37900503501315835,1.2375301508126084,0.30127498081516635,0.014683896088455594,0.3952196663460188,69.20899853074141,0.11734553948161541,0.25884933318264014,0.35318964153857746,0.2453764951366982,0.11026996975627112,0.21583935759467676,0.19324614271938284,0.18640280909824886,0.3356000296328351,0.28067032419790616,2026-09-26,2.75,0.8
673548,Seiya,Suzuki,CHC,164.0,471,0.22879208342566681,0.21581207976918332,0.23331166007038717,0.5729580709750279,0.6053918920363615,0.5971900622014646,0.2033409441581943,0.26914163293987886,0.5487120469430451,0.6662538370483151,0.6270162510740024,0.5817818961504518,0.7339903380939049,0.02982618887253774,0.3744478739802127,1.2580839698261104,0.42520508446564115,0.015169462512838069,0.20175232265756884,86.77507878274947,0.08726596997350604,0.34969916838386816,0.38794587393288193,0.27023790910986034,0.13132694159615768,0.3170250896057348,0.16713444247717585,0.22213357023635708,0.21558112549752098,0.21494487373964055,2026-09-30,2.2777777777777777,0.9
677951,Bobby,Witt,KC,159.0,457,0.23068013439661514,0.2443540275692636,0.22592269672823195,0.6249282958491187,0.5919201339982121,0.6006310332190146,0.22204865975848942,0.29072997790382016,0.584727170812262,0.6995026714536803,0.6264715123399514,0.6564294556167081,0.7998449544721531,0.025840479120936788,0.37627823173902364,1.0309009822414428,0.15390006785977184,0.013968531468531472,0.08366695804195805,71.44097845299962,0.07281298608901615,0.3100359154602821,0.3376022995877081,0.22120925009650136,0.2280608108108108,0.3930595813204509,0.2610807871515751,0.14618993993993995,0.22535174179665493,0.35596445336295557,2026-09-27,2.0,1.0
547180,Bryce,Harper,PHI,271.0,424,0.22626350305643494,0.20199764484689967,0.2417730492233785,0.5460431165201844,0.6204252978040865,0.5925486227433896,0.19772733612683316,0.2599465107574539,0.5374837657265314,0.6513249377575357,0.625721873326822,0.551939033708374,0.6982971135171383,0.033173250583432456,0.3707706342602221,1.463047812022614,0.244203404862317,0.0008812949640287768,0.38674494689185135,87.20985985745091,0.07412692751698283,0.357935748391386,0.3996872368862726,0.24556670393826358,0.18642857142857144,0.23413699942908411,0.19799997530274718,0.25490341419586704,0.31884852185808604,0.34455066386762884,2026-10-01,3.0,1.0
664034,Ty,France,SD,136.0,371,0.2616084297850757,0.21633072641356865,0.2782061862770568,0.5739457843046739,0.6805182575800305,0.6540577905217488,0.2333975094573112,0.31049229044676585,0.6055465212688733,0.7278007384195542,0.6254075269332114,0.5361387245820451,0.6994300058910196,-0.028650263588537395,0.4090526652416074,1.1714984275880946,0.2131295261511001,0.20018230037541077,0.3519759904764032,89.98399418604652,0.0299937707641196,0.3080831004868033,0.3242214570644149,0.3320316356148256,0.25178701816946847,0.1845514112903226,0.3036902303617068,0.2968510051654335,0.2645870725148937,0.37613685756202936,2026-10-04,4.0,0.85
691182,Adael,Amador,COL,36.0,57,0.22209318085765634,0.22904606616592066,0.2177018848734894,0.5976541735155355,0.5765491650886991,0.5848103441131862,0.1708221915355363,0.34384848182738365,0.4808810933194193,0.7711691978129432,0.6252057039699583,0.5532142868544692,0.8682962543809281,0.04039535985677212,0.3656267628801982,0.964807347670251,0.29899193548387093,0.02063172043010753,0.3985215053763441,64.009092555332,0.04786217303822937,0.20734824446680084,0.2167851609657948,0.2296840996840997,0.1448512585812357,0.20397435897435898,0.16134301270417423,0.20769201228878648,0.18129384873811494,0.2620395250617579,2026-09-27,5.666666666666667,0.75
680757,Steven,Kwan,CLE,206.0,429,0.24983497381285594,0.21802201726977982,0.26511112543960114,0.5771553515260546,0.65976745455041,0.6343640877930441,0.20930357319357107,0.2757016726974262,0.560423753074435,0.6766214660292551,0.6250767278556595,0.5659441588485762,0.7163940606019034,-0.00928735993738461,0.3965262282668163,1.1164156341670526,0.44195762087643464,0.0038582677165354333,0.1371978475117081,84.44153160535637,0.0007231404958677684,0.3299259533130347,0.31657742993848254,0.23744173541832825,0.27777990919146367,0.34576923076923083,0.209100888998952,0.30269265791686006,0.05270682960246692,0.17206732591168172,2026-10-05,1.0,0.95
701398,Sal,Stewart,CIN,177.0,508,0.23014845338339646,0.21253908792105303,0.236284000011024,0.5666871988970805,0.610720429553222,0.5996641774116018,0.20896932277626593,0.27276918841731285,0.5597730334310678,0.6720157808117484,0.624922648216691,0.6228982931204032,0.7630124462996839,0.02525847080508914,0.3747437257887418,0.6806792364797611,0.19080044168878568,0.003576642335766423,0.23026006760119444,71.70075129329734,0.04931661418503523,0.2479474739466187,0.2728569755585545,0.2504991183523769,0.16958859853596697,0.1126851851851852,0.16685744810744813,0.2070628262680774,0.23511955021242945,0.4356288443685914,2026-09-27,3.0,1.0
686797,Brooks,Lee,MIN,205.0,421,0.23455455685661702,0.20544174116618422,0.24873063100516507,0.5528635117267191,0.632476691879134,0.6076263388452667,0.20480836424819462,0.27125026069864966,0.5516147564314096,0.6696118642345413,0.6246942570256031,0.571185889199223,0.7202457811850163,0.017067918180336372,0.3795806842941313,1.1476772111614568,0.10374258583770422,0.013184199398609283,0.22031047537562187,68.31807235632304,0.06559772040328887,0.2704211454524318,0.29897526057629303,0.1860862651560326,0.4134136212624585,0.1370702608486597,0.18082565284178187,0.20331598687294894,0.16930293895375037,0.36036304167766875,2026-09-27,2.9473684210526314,0.95
703607,Henry,Bolte,ATH,147.0,322,0.23820181082638095,0.22112881497569797,0.24599600458430143,0.5830060733427864,0.6277730916939044,0.6141311009285637,0.20844092268462605,0.28610424559210273,0.5587429394624428,0.692587305803526,0.622786222904979,0.5508968902261645,0.7221881943305005,0.00865512197641527,0.3824723887157766,1.0969198705837901,0.18629085584734556,0.03631919516342339,0.20665737766861894,69.28926492316785,0.06674054373522458,0.28693386524822695,0.3151850029550828,0.2931590829814993,0.17397523864305572,0.13729665071770336,0.29092582773653825,0.1441992797934502,0.2592920871609091,0.24296615520916043,2026-09-27,1.0,1.0
641355,Cody,Bellinger,NYY,203.0,369,0.23011198999980037,0.2441060574816799,0.22241335666966067,0.6244973314378561,0.5854081388151551,0.5995978079660673,0.20304803957776957,0.27250205259779753,0.5481310484101518,0.6715939092495139,0.6226264265307184,0.5939340919973467,0.7493117551555065,0.023028618564651104,0.37332544052956446,1.3910005569027746,0.12480111874013082,0.0,0.6186160437344913,89.74577615543447,0.07405333550680764,0.31608922275976903,0.34725554122420943,0.20527656714536419,0.3169297228867132,0.19317226890756303,0.24479324801412183,0.2161200917626974,0.1790852826141297,0.3563191873736166,2026-10-05,2.1666666666666665,0.9
663538,Nico,Hoerner,CHC,172.0,517,0.2554791152430911,0.2068776249219328,0.2716482764331089,0.5556852740349081,0.6702429927488824,0.6439023589695898,0.21462680631102998,0.278763787552323,0.5706946916447124,0.6813812466072017,0.6220187244138571,0.6078132584324228,0.7501064082709462,-0.021883634555732723,0.4005193239733378,1.1071520621673925,0.10921456216739236,0.09589695210449929,0.32422305878084184,80.89007050755119,0.005504054123844445,0.28651187318130167,0.27641572837438294,0.2276313161392474,0.4432359713000643,0.4121004566210046,0.15813582638569212,0.314366570327553,0.12616742256853958,0.3759330839469062,2026-09-30,5.7,1.0
686948,Drake,Baldwin,ATL,239.0,393,0.24381753386147176,0.21244156626184724,0.26289859303783375,0.5664993499049576,0.6561687543783457,0.6239954411613089,0.2193221051881576,0.286844100799132,0.579610763333718,0.693700931120778,0.6219507994802628,0.6197349279660498,0.7684388239005933,-0.002044641681046122,0.38809446350231536,1.1767118876427152,0.23456861387751304,0.05461925260610573,0.257885007523579,90.42972522968967,0.08068308874912648,0.28712632748526223,0.3410683394927342,0.2804390143495648,0.19445871779586335,0.23952067669172933,0.22935871985121908,0.2628003125015981,0.22989035887637718,0.36787613814991393,2026-10-04,1.5263157894736843,0.95
699024,Leo,Bernal,STL,30.0,72,0.2407920904574627,0.21087047114451885,0.25325943183785593,0.5634650382619821,0.6401726995783992,0.6187037500921817,0.18876402411860904,0.3577274874797265,0.5191438141830651,0.7876669122322284,0.62104122320779,0.5510055599484599,0.88000633771405,0.0023374731156082795,0.38424053376049533,1.1337332301341592,0.22602231682146545,0.0,0.5860358617131064,69.75427044513458,0.0843840579710145,0.26999718944099377,0.3369183462732919,0.34361263736263736,0.1251082251082251,0.14375,0.225,0.22394323671497585,0.2669612363387978,0.2821141905462363,2026-09-27,4.65,1.0
660271,Shohei,Ohtani,LAD,204.0,399,0.21776325327469415,0.23623795250380636,0.2083175423906368,0.6106382740569233,0.5585021670111758,0.5766654172341437,0.20963387100074848,0.27787642434989857,0.5610661025753922,0.6800071063047677,0.620889717686636,0.6042458140722458,0.7578634712691419,0.04422430045249237,0.35804562810615365,0.8790063571033722,0.14461028192371475,0.007110281923714759,0.15187223604201217,91.49200329555504,0.16320432441122099,0.3107087862712001,0.37125615665943257,0.23591491551740684,0.11185758513931887,0.35368589743589746,0.24092021276595743,0.1891063742570199,0.38431945893356456,0.3343608749884442,2026-10-04,1.5714285714285714,0.35
805367,Chase,Meidroth,CWS,185.0,464,0.24276263507674012,0.28318762371376405,0.2266449133141336,0.6881690391247501,0.5932511699305786,0.6221563530786116,0.2178567024020827,0.2843195218421825,0.5768423971461579,0.6898890521163292,0.6201262328538867,0.6074009679037358,0.7509744472873667,-0.0020301202247249295,0.38581547548075207,1.9633394754709999,0.2740820773659007,0.026222360575266817,0.8539910241741887,84.61792756696852,0.08413821399003221,0.43306577311473504,0.46327103399632596,0.3051236006896384,0.4059449891067538,0.1539652551088852,0.2842960627443386,0.34611158996239644,0.18668097066892048,0.33020239777421495,2026-10-05,5.176470588235294,0.85
608369,Corey,Seager,TEX,146.0,283,0.22070389171564503,0.23254651819620697,0.2145942681603021,0.6040118291831611,0.570632436738002,0.5822092926713553,0.1674640990370142,0.24340564367486744,0.473485426706433,0.6232781232501172,0.6191994530244418,0.47685014529009984,0.6662230260366543,0.03699016035308644,0.3605036755678504,1.039209169586528,0.09447706381668645,0.015069930069930073,0.3681141849066378,70.2540271431952,0.13075601159541647,0.260337903996505,0.3389770286859135,0.21346530604286099,0.28848214285714285,0.10686813186813188,0.14732912561576356,0.23244078604893287,0.2711933115224414,0.33991102070242063,2026-09-27,2.15,1.0
607208,Trea,Turner,PHI,239.0,469,0.22322842000198947,0.20466641002715677,0.23268752529833278,0.5513345405330942,0.6042664180676314,0.5869271545532337,0.1926985737777157,0.25380739308077727,0.5272570955914787,0.6410960017474208,0.6184463617312452,0.5797679017212178,0.7254051622876867,0.03151920717801149,0.3629829633347197,1.0013998981265018,0.1749577032193649,0.091214836393597,0.13152700662380676,88.33110722757937,0.017303250620795144,0.26236021497238815,0.26826809493293957,0.27870839385215535,0.21129484126984127,0.12393351989625281,0.288633545717269,0.15142688438533858,0.24309304630022394,0.3585080834539718,2026-10-01,1.75,1.0
606192,Teoscar,Hernández,LAD,153.0,341,0.2404919389550746,0.24006630035873433,0.24068291463026537,0.617426429821443,0.6185118061501995,0.6181758825153495,0.207175954962966,0.2826214584511661,0.5562699447345498,0.6873061525007567,0.6180564044985,0.5512947524229213,0.7162045579291911,-0.00011947801684952797,0.38206756329512404,1.8530706440245919,0.12157697930724248,0.05465352751536963,0.5835492577597842,85.93345474198313,0.14063221286145192,0.361867117454953,0.4705940306246039,0.2913006296729634,0.16270343657432101,0.14252136752136751,0.30517115295542807,0.19062470943747095,0.3284086155747216,0.405951217090992,2026-10-04,4.842105263157895,0.95
695600,Carter,Jensen,KC,168.0,427,0.2105589792660356,0.13906176892727734,0.2386890292353831,0.407890569964802,0.614994167602233,0.5628616459338465,0.18083895533140543,0.24638841019623497,0.5025006483140841,0.6284506627241193,0.6158100738628982,0.5345028608301134,0.6894149035543145,0.052948427929051745,0.34661587175711445,1.6083645112456748,0.20324448529411765,0.08596777681660901,0.45865160034602087,72.1432212885154,0.179140406162465,0.30271187558356677,0.4361377013305322,0.3134828686714557,0.27639551865298134,0.21091036414565825,0.3087587410472319,0.14704085284793944,0.2562939698614576,0.2240872190577543,2026-09-26,1.0,0.8
687401,Joey,Ortiz,MIL,150.0,260,0.24795130238962565,0.22030286471472238,0.2639023241251468,0.5814563233703359,0.6578046822661592,0.6311405857904558,0.20483735799260674,0.28772194092725545,0.5516719743512432,0.6950185091362913,0.6156995358718717,0.49388032700164236,0.6676164785952405,-0.015441049918584193,0.3885929657410849,0.8951052442799969,0.14151521086611796,0.0,0.1839931473231141,91.09549651303821,0.014604810996563574,0.36201539064079236,0.35512171373704127,0.27525491478516567,0.34052059496567505,0.1618743680485339,0.30838575840603744,0.16551093643198905,0.21208218237740237,0.36370707672075553,2026-10-03,7.0,0.75
624413,Pete,Alonso,BAL,207.0,482,0.23605745798110003,0.22265392521269028,0.24181374695010585,0.5858568954723677,0.6204966006886989,0.6103161259788996,0.20360453852013694,0.2666927490805769,0.5492344500792543,0.6623234301419498,0.6155523176681449,0.5885846757162543,0.7329363808138909,0.005236191689245273,0.37568150585655513,1.7300377417973305,0.3023672642699089,0.08663871969354493,0.6258145566156701,71.56492260158544,0.19243284855294096,0.3134273151904791,0.45406645860641237,0.25394456170613594,0.24534578826614226,0.3902083333333334,0.14720653332715306,0.3047816083200975,0.24476817449306826,0.2131475755695463,2026-09-25,2.2,1.0
687957,Dustin,Harris,SD,21.0,142,0.2477179807072183,0.21157865355245126,0.2530625290892613,0.5648346475071512,0.6398405089868965,0.6307398976672844,0.19665117847862834,0.3298454096092165,0.5353086768816281,0.7536160073919559,0.6151292016351665,0.47426566956413574,0.7420931890357799,-0.015610696032117954,0.3879865296915233,0.9143053425357872,0.18886439161554192,0.10747699386503068,0.29506326687116563,80.47925833544575,0.009709437728734612,0.25664155959378315,0.2547473032882333,0.27897211678070594,0.17226190476190478,0.3410714285714286,0.2664830601292395,0.2535758928571429,0.18781811591826836,0.2874455702420346,2026-10-04,2.2777777777777777,0.9
678882,Ceddanne,Rafaela,BOS,155.0,422,0.22742983735171823,0.23697052828627307,0.2239255551364196,0.6119438286068359,0.5882232323403123,0.5946942551568133,0.2324335937453227,0.3044451949242025,0.6038078592936098,0.7193534271558107,0.6144257915477663,0.6677928501670307,0.8116156427050059,0.01973153639095304,0.36539548845363434,0.49653379549393417,0.10288128249566726,0.008492201039861352,0.07112218370883883,78.37652610208818,0.039686774941995365,0.2771871113689095,0.2783000928074246,0.17174993814560524,0.11859695791555827,0.35654008438818563,0.392622540689551,0.10477607498884095,0.2996112002479223,0.5362509086456944,2026-09-30,5.4,0.25
695506,Jac,Caglianone,KC,170.0,380,0.26922579255463835,0.24135942503645985,0.2816923253917182,0.619700080536592,0.6858863762448548,0.6663883277712843,0.23372292403118392,0.3076620771190599,0.606132254891288,0.7238701081788936,0.6138111347746322,0.5620397199259571,0.717172978785137,-0.05257719299665209,0.40903657566986157,1.5071673850574714,0.14933744775339605,0.05055982236154649,0.4005282784743991,74.6350848780409,0.050735960144927546,0.3456039179768375,0.37376829588832816,0.3265784919136653,0.43572695035460995,0.5748376623376623,0.43854301572617943,0.16207878673857604,0.27367788109302277,0.4575470670739201,2026-09-27,3.0,0.55
665833,Oneil,Cruz,PIT,138.0,278,0.23578551238051115,0.2625903112677878,0.2224795330767551,0.6556651830169751,0.585531618925156,0.6098303958306255,0.20855504590545912,0.29125614332326644,0.5589655635378517,0.7002821723132079,0.6137665569148263,0.5782983099894394,0.7622415859776337,0.003936161084200807,0.37429350235096864,1.2713603242460665,0.287270473666958,0.021969651442307694,0.28806545017482516,70.73245295279685,0.08798606778956124,0.28129245321272617,0.3403364244125598,0.5387096774193548,0.1629800673778776,0.18564814814814815,0.18959087443591982,0.255915559772296,0.33127126357068226,0.2985613349219761,2026-09-26,3.2222222222222223,0.9
669127,Shea,Langeliers,ATH,133.0,331,0.20175827088497122,0.1623604035849975,0.21758883387861624,0.4621016698536784,0.5763349492434798,0.5455663363095571,0.20264898956383554,0.280081761554249,0.5473386428012847,0.6834144294871844,0.6136937593853946,0.6248100335076636,0.7939753731491312,0.06812742307583752,0.3348106559239286,0.9558054956896553,0.1554350754310345,0.006600215517241379,0.27810479525862075,69.34083779761905,0.02333333333333333,0.2635340783730159,0.27193267857142855,0.23408568939573926,0.12926463473633287,0.09555555555555556,0.2116596826540512,0.14457903056396176,0.3220696943721951,0.3568770572590282,2026-09-27,2.8333333333333335,0.6
683146,Brett,Baty,NYM,91.0,376,0.24021120205867744,0.203953721457203,0.24898628379999174,0.5499258112161016,0.632914237207566,0.6176816865917465,0.17933843939617353,0.25359170089192085,0.49930377028594064,0.6407327675487217,0.6128821327179305,0.49242811241018036,0.6545880282353786,-0.0047995538738160315,0.3785660694191579,1.519434575952242,0.28130474985400034,0.003934689507494646,0.796152910258906,71.14234765000974,0.10473523443080719,0.3353405741038379,0.41450016321676736,0.29402532231479606,0.12339523809523809,0.2039156626506024,0.17244004784145503,0.25847643629723277,0.27221818615720683,0.26901377866255394,2026-09-27,7.384615384615385,0.65
664770,Nathan,Lukes,TOR,83.0,357,0.23962385694141952,0.23868680663877873,0.23984171457480657,0.614990233591901,0.6170305621866652,0.616646274483752,0.21822464015535137,0.2996212128016771,0.5775387074539342,0.7124817320411185,0.6125457141107753,0.5510851581103072,0.7190960708632467,-0.00410056037297668,0.377724032557399,0.9369374348239481,0.22573640312538343,0.058475378787878785,0.25680174403447426,68.34253562947877,0.015175432666306112,0.27505228956108035,0.27452058576848976,0.28164276880691147,0.2743589743589744,0.2388392857142857,0.24384639404800695,0.20653475312566222,0.0659950808419768,0.33641343340638485,2026-09-26,3.5294117647058822,0.85
686681,Michael,Massey,KC,99.0,345,0.22696011004822134,0.16568873478676327,0.24454233077542237,0.46954520838452685,0.6252553249531573,0.5938311002983707,0.22256935579430953,0.3040488350309393,0.585699179211556,0.7187932886031707,0.6119453403260607,0.5228464818201277,0.6895298089950423,0.01811424002769002,0.36339217476828556,0.8621148136773136,0.04429898648648648,0.0,0.2490677467239967,68.43102076348978,0.07147389846743295,0.24682383560823754,0.2739277882543103,0.26383894732069996,0.29345377986682336,0.30681051576610563,0.2965913424866514,0.1619281045751634,0.1366158912257978,0.41866399283517,2026-09-26,5.555555555555555,0.9
682985,Riley,Greene,DET,184.0,399,0.23632036016883534,0.22451540810214418,0.24176424783868788,0.5893175858235458,0.6204098764186379,0.610785292650243,0.21209972505390773,0.2818010627383424,0.5658404263308868,0.6860527714705884,0.6118420700973008,0.56794467494597,0.7240434649432061,0.0010567774470578994,0.37370413784011036,1.0672119029960916,0.3894046296361387,0.01740394511149228,0.2916375024604224,66.39648937573726,0.10075374837027379,0.24608708733004286,0.3083092062069287,0.3469538350689833,0.14752594468444313,0.07327626862856065,0.21249094341548036,0.20337259650258346,0.2421591785146233,0.25263622079644077,2026-09-27,4.0,0.95
665489,Vladimir,Guerrero,TOR,152.0,446,0.22163641769586281,0.22955661437896735,0.21893715783973752,0.598585959865269,0.578884796548692,0.5839564642075047,0.2035169141509737,0.27142786512827255,0.5490608401266244,0.6698935958344892,0.6113089108408505,0.5648581439841515,0.7192299618491295,0.027352446633345795,0.3569777901131638,0.7783242343760246,0.1332261951603384,0.01817307692307692,0.1665016148599908,66.82748499638467,0.03372198120028923,0.20105892986261747,0.21438662689804774,0.21786885411001675,0.14246046149857403,0.16341487279843442,0.1836733750513841,0.1668125394487692,0.19758558882854765,0.4009182780117436,2026-09-26,2.823529411764706,0.85
671739,Michael,Harris,ATL,232.0,404,0.2691755335146628,0.26171701291742244,0.273458644352682,0.6542358099504093,0.6731028082482508,0.6663080162976283,0.2524036393301277,0.32249105333119304,0.6387273165632623,0.7440220121475617,0.6108223376134568,0.6055205622024138,0.7484801920479156,-0.055485678684171424,0.4069958200855026,1.9734981255702873,0.0971987952801425,0.08453287002422222,0.526326183295109,90.02169600226728,0.11720547701609316,0.34415329521205656,0.3752461705343647,0.42159688122096883,0.25998902127934387,0.2905283605283605,0.34719187461959833,0.3219054465942722,0.22353314415807596,0.4674114506467173,2026-10-04,4.2631578947368425,0.95
665019,Kody,Clemens,MIN,161.0,415,0.22610089839689762,0.21850675520941787,0.22904705997083552,0.5780720464515038,0.5976559887785402,0.5922488460799709,0.18854316579914335,0.2561326242782045,0.5186854637952543,0.6449951454001104,0.6107465062876333,0.54069935326447,0.6976529505132932,0.018497660207662414,0.36171391359622446,1.0245783748481416,0.10912935874704494,0.0074435763888888885,0.4560324025335731,69.42928187930374,0.06655381642904512,0.24241197515387714,0.27508457771361006,0.3462739187953526,0.10037472035794184,0.30082848109903104,0.31821671593363143,0.10645440450427662,0.19285484374061196,0.3441497915777503,2026-09-27,3.5555555555555554,0.9
514888,José,Altuve,HOU,140.0,434,0.2367748032554806,0.24245907216519075,0.234941168123316,0.6216259397143482,0.6083195314905001,0.611595325268075,0.19904323964892928,0.2679385850394697,0.5401335253289644,0.6643270778553712,0.6106969887297777,0.5443416026988938,0.7041647695942154,-0.0008983365382972952,0.3734994234624224,1.5956477888642522,0.09312048328816622,0.0032012195121951218,0.5216170854890367,84.72860375196805,0.061884418578497524,0.266257889254386,0.28292276962438145,0.26244105660544237,0.20837301468084682,0.27183566433566436,0.28097218540120183,0.2283560701593489,0.1919897127680209,0.3571000439728038,2026-09-30,3.65,1.0
695578,James,Wood,WSH,215.0,394,0.22206204767676974,0.21260176894011357,0.22722438252037652,0.5668079061578698,0.5943168797495832,0.5847521830667113,0.1920327883570609,0.2580696889647291,0.5258911314952809,0.6482201982431826,0.6101030869126114,0.5835079155098994,0.7406027671509254,0.025350903845900108,0.356759111967889,0.7578808611567233,0.3695662287903667,0.004022988505747126,0.16041689472723955,76.23025607170753,0.04706782087997917,0.2945696991110946,0.3155596315133708,0.2704434882775444,0.09209635310434855,0.2828776221840925,0.2683686440677966,0.12597909714815292,0.289357317351729,0.14638021680339225,2026-09-27,1.0,0.95
676356,Jonny,DeLuca,TB,154.0,220,0.23720678812095747,0.23695813048637704,0.23738084846516377,0.6119217600075388,0.6126737099353501,0.6123642096514305,0.21005344236539208,0.2976765971582302,0.5618811004593847,0.7096779707238188,0.6095507717909071,0.5180855693317341,0.7004111645761588,-0.002813437860523349,0.3732670766101583,1.4039609208786155,0.1539438502673797,0.0,0.377162621830257,86.46066561215314,0.041288219424460426,0.27584086727046936,0.27749650822199384,0.33892470371640615,0.1732243953555429,0.18197278911564624,0.17971591985600607,0.31154812313069197,0.2021022029160799,0.35566210736815335,2026-10-05,5.466666666666667,0.75
593428,Xander,Bogaerts,SD,164.0,451,0.23699781544566842,0.21937799888489184,0.243405021467769,0.5797160980953154,0.6232770389208104,0.6119923977274254,0.17333500469055352,0.23685318681237438,0.4863664091692643,0.6117349199928115,0.609328334097622,0.4950411766430827,0.6479567802807,-0.002664063629803426,0.37290430818766146,1.609909074826859,0.48207341162300504,0.003983739837398374,0.32076664784703407,92.2297055481525,0.05417122843112041,0.317277366653389,0.35888077511069827,0.24803005204371942,0.30995469083155647,0.3042508417508417,0.33364782465392223,0.189742816091954,0.1771792697432989,0.1946057444733621,2026-10-04,6.333333333333333,0.9
592885,Christian,Yelich,MIL,133.0,365,0.21286883658300895,0.20653114803030542,0.21517818611043243,0.5550055541674686,0.5717486608458218,0.5673219394745231,0.17916982160110323,0.2509290772182815,0.49894361216020555,0.6362271464893117,0.6083441470391066,0.5237116509364024,0.6960838501851745,0.04102220756458341,0.3451269813662004,1.2663847808417936,0.4925857675006445,0.004919678714859438,0.28225817348067217,85.94417236467237,0.12911146723646724,0.43881801282051286,0.5001429024216524,0.24631996560350217,0.04683773216031281,0.43994902946515846,0.23175332856607758,0.10404891959247586,0.3093948722041746,0.24024560436236594,2026-10-04,5.5,0.7
700250,Ben,Rice,NYY,228.0,449,0.24013187452964208,0.2364155559804798,0.2420190028797735,0.6109550764481352,0.620856065639318,0.6175419594210598,0.20307899317625244,0.2666947767329729,0.5481924724621308,0.6623266980888918,0.6078035385405534,0.5657808360558171,0.7139977753168013,-0.009738420880506471,0.375344188133387,2.601506046431822,0.5089244251973204,0.013939684884293452,0.8716557636930604,94.918135597683,0.27031924697209064,0.44081875987361774,0.5964082477619801,0.30912403688265755,0.2226311372816749,0.33181949806949806,0.3192794599723947,0.23410077743347962,0.2713883246196793,0.2463161540243563,2026-10-05,1.4210526315789473,0.95
673962,Josh,Jung,TEX,116.0,325,0.21004495291439884,0.19734421676502426,0.21457813874002177,0.5367102549679803,0.5706015740948577,0.5618646208178244,0.23053245182606577,0.3131251907458131,0.6003626416530532,0.7314213032837303,0.6076912180074462,0.6181654431122142,0.7898409069609792,0.04582659718962179,0.3414401957800756,1.2233110273094745,0.13073548259883663,0.15168650793650792,0.32394385290348016,70.75172889771599,0.0670572658060245,0.23857868793445877,0.2743724586229725,0.23556615642692388,0.1628011204481793,0.12508333333333332,0.20227272727272727,0.2081915292353823,0.11551438232578153,0.32569541758156884,2026-09-25,2.9166666666666665,0.6
672695,Geraldo,Perdomo,AZ,189.0,474,0.2304540638067606,0.2333576228535214,0.2292963155792547,0.6054746841487468,0.5981110890921915,0.6002201305146501,0.19175306104832218,0.25489202209846545,0.5253163865076171,0.6429185850548864,0.6075425475686264,0.5334288866905766,0.684176699932571,0.007322417053976293,0.36465926719484393,1.1633831634790293,0.42493224367030075,0.014889635532743523,0.5540391582294955,69.60826902384653,0.07414335764822609,0.26894028813656373,0.30395229195645435,0.18905725640270826,0.3684581065198565,0.34326923076923077,0.17802735822831728,0.23217209601567068,0.07904125232435928,0.1490400662697822,2026-09-27,3.5,1.0
680664,Eduardo,Valencia,DET,59.0,78,0.2564566643702139,0.24382548742604324,0.2660110161613174,0.6240092829002228,0.6612234068346876,0.6455361102868085,0.24877798989522745,0.40331308889441986,0.6325577738959849,0.8358984098119662,0.6070074420869593,0.4812070108791201,0.7641016898031056,-0.038528668199849125,0.3918452230799609,1.7916114467478774,0.24861898407526417,0.03484831204379561,0.3788123948219504,71.46676288659793,0.08946391752577319,0.35928427835051546,0.4291156082474228,0.2727578899321857,0.3236468705547653,0.5017690058479531,0.3185364386856924,0.23311138014527844,0.26333068247541935,0.3351308725116451,2026-09-27,4.9,0.5
666176,Jo,Adell,CLE,188.0,473,0.21173301939562267,0.2558246257301845,0.19420823717385183,0.6444804144808784,0.5303439920445912,0.5651327797162438,0.19091584497090497,0.25406461600314767,0.5235932168927129,0.6415288323156588,0.6063525773755112,0.5190962407320838,0.6689632451629068,0.04121979765926742,0.34266971754033143,1.1890520465624475,0.2594252185241217,0.03645392082702975,0.38478305177340727,86.3210272628813,0.24577407584957928,0.40400179281630627,0.6269232684386208,0.20716827677029964,0.19774432809773124,0.32601091476091476,0.1875908728286029,0.2396336768538261,0.31426324405223416,0.3058921742284618,2026-10-05,3.75,1.0
682998,Corbin,Carroll,AZ,209.0,450,0.21366421181339554,0.21962453486163047,0.21089597288654865,0.5801804838207577,0.5635144114403946,0.568850241717991,0.1814982759220314,0.24370364087137072,0.5039007221105061,0.6237971911093954,0.6062652806840416,0.5436328425173749,0.694102725465819,0.037415038966050584,0.34487415146234274,1.1034265142893274,0.196076362544259,0.007435508345978755,0.5529574481537682,69.62862481100589,0.12189753558663069,0.2653118720518663,0.31447258392383104,0.19390497801094672,0.27047959724430315,0.100462319243604,0.15082010582010583,0.19035905636651906,0.18086822152703547,0.2945841678803349,2026-09-27,5.470588235294118,0.85
800050,Chase,DeLauter,CLE,183.0,380,0.2272636594671119,0.2337187986481612,0.2241550003351856,0.6061248332522615,0.5886491689521516,0.5943890422709781,0.22147288904718496,0.2933826393890489,0.5836504566076901,0.7034178143606085,0.6061835893794666,0.568299019288954,0.7270018249131313,0.011794547108488485,0.360308883131645,1.206475035792244,0.34013853080956835,0.032057430432208406,0.26146932809415835,90.39329219594478,0.045206375434610487,0.33203764966091776,0.3485049638541774,0.24176166335835897,0.17465590095878225,0.07874331550802138,0.2629090909090909,0.19779588169411894,0.08342293903181094,0.16038655379759922,2026-10-05,2.8,0.75
596115,Trevor,Story,BOS,76.0,193,0.2261880013774486,0.21460435563196073,0.23074943700779615,0.5706517376826608,0.6007569362271308,0.5924094480305794,0.17739825806946571,0.2764970529876423,0.4951484582145884,0.6778626619749186,0.6058431240031448,0.5778119305445574,0.7944597894198052,0.013433675972565395,0.3589071906838249,1.2280969253407683,0.11000673361558586,0.04384145043996346,0.19763172501032633,88.30406633910961,0.06114600943927867,0.31047353889299806,0.3396075830779797,0.2115013955926738,0.18174755844924534,0.12247536945812808,0.12644709887097022,0.26636090636090637,0.3160020767700919,0.40423461998082905,2026-09-30,5.944444444444445,0.9
691781,Brady,House,WSH,115.0,237,0.22426268734481847,0.2391083643498004,0.21705908879809727,0.6157358798660322,0.5753301250031798,0.5888489680044537,0.18395643887730517,0.27085694727802995,0.5090958558445748,0.6689873450089676,0.6048057228208554,0.5375052079060171,0.7282308135452579,0.015956754816401686,0.3561392257262484,0.8970957971256686,0.24999644886363642,0.005220170454545454,0.22920423211898397,70.03726080728265,0.03060003234675724,0.2519748411543171,0.2591238940730344,0.2840317300095543,0.11811201733146426,0.15341228893058162,0.246027567190309,0.1495587297792653,0.2545722125747253,0.34728783177240397,2026-09-27,4.333333333333333,0.75
665052,Griffin,Conine,MIA,66.0,257,0.23841931593875637,0.23474360833940505,0.23936327197594387,0.6079654168775983,0.6161862566787604,0.6145165636212915,0.18946206694524703,0.2812293177272582,0.5205904224645285,0.6851771539402283,0.6042971524626576,0.46847525612254926,0.66576477039409,-0.010219411158633895,0.371350609537484,1.396396871566963,0.1714875037451313,0.021833491461100564,0.3781255617696994,70.06734419879062,0.1664474678760393,0.3086059183673469,0.39193086451247167,0.4408002823771018,0.17373773907005008,0.07371281846071762,0.3290202408194399,0.1386033655306482,0.30928149614434425,0.3391005600814664,2026-09-27,4.117647058823529,0.85
694249,Cole,Carrigg,COL,150.0,214,0.2494333232333686,0.2449377333402165,0.2525844376444565,0.6259413638020195,0.6390330191241367,0.6336784431056761,0.21340486781636722,0.30269100519731923,0.5683523402726312,0.7168683396985511,0.6039574950686322,0.5302230476398117,0.7255274522097012,-0.02972094803704395,0.38271484517709486,1.5114624689826301,0.05403846153846154,0.07014423076923076,0.49497053349875936,70.02534949908926,0.10479963570127504,0.2971081079234973,0.3595094649362477,0.3837597402597403,0.13135382059800665,0.2398214285714286,0.22822951001814748,0.2585553473111305,0.2601062386753929,0.40082964660750026,2026-09-27,3.6842105263157894,0.95
678246,Miguel,Vargas,CWS,206.0,503,0.2002100427023137,0.21588591302010918,0.19379010376500586,0.5730987791378487,0.529490456417366,0.5424739642206391,0.18176799048692788,0.2416662178993978,0.5044726516733711,0.6202380825702767,0.6036464296306961,0.5933017762304469,0.7363524978856106,0.06117246541005705,0.3274624716693988,0.7729504056066215,0.8078065488544641,0.006047249647390692,0.3035487111201841,89.51161894211396,0.038796518054532055,0.3326772246051293,0.34797152429595546,0.15652543648404577,0.17032627571466738,0.1356516290726817,0.11874472451028903,0.18540685332051593,0.17757000312728033,0.16249169333005167,2026-10-05,2.6842105263157894,0.95
683748,Victor,Mesa,TB,68.0,198,0.24530044118579958,0.2537140708591946,0.24241091180301744,0.6409388756368534,0.6215417405939165,0.6265698867235341,0.18629405655504203,0.28747101786831775,0.5140000679015535,0.6946423048247015,0.6033148085302028,0.44746771381455486,0.6666854250875085,-0.02325507819333128,0.3780188912393998,1.4385655034324945,0.30925152555301294,0.0023026315789473686,0.36170480549199086,86.6993843030358,0.05680955828017313,0.35387362294334107,0.37617151572561797,0.30942590852130325,0.3170719178082192,0.280485385210995,0.18963944190019696,0.40587343845812185,0.21051797612040574,0.3782551446155368,2026-10-05,5.1875,0.8
668930,Brice,Turang,MIL,203.0,475,0.2329657721296552,0.21619352722953705,0.24013369995012673,0.5736846603827375,0.617545175118859,0.6047684508211659,0.19998079451400247,0.2632375309996297,0.5420147985374244,0.656721794601838,0.6026760556753825,0.5794167588091389,0.7285885715004751,-0.00209239514578341,0.3644794645378118,1.2660120237691366,0.35146825538427384,0.0009033923303834808,0.4718624003786954,85.65058216788319,0.06579025039502981,0.3452641046626984,0.3878372572362278,0.2683220905634699,0.2202969803935274,0.15868725130088768,0.25929920302775344,0.14997044917257682,0.1675106387750641,0.19427616387103777,2026-10-04,2.210526315789474,0.95
677594,Julio,Rodríguez,SEA,205.0,442,0.22135326576236508,0.20093899064684276,0.23082142503540148,0.543931803296573,0.6008876878453427,0.583426506367787,0.1965802213766068,0.2610449879337746,0.5351650048391302,0.6531329897648471,0.6025318259655295,0.6085602497894558,0.7554508589797957,0.01910531959774242,0.3515330381984723,1.1753719117107833,0.1106643447930156,0.12727245406148033,0.4220618551317933,69.13330492141202,0.06699173902249195,0.2547241665090949,0.2909607208181174,0.18819804219022812,0.11048162919990331,0.12012432012432012,0.1575584862477738,0.15893892339544513,0.22229433448218133,0.4618869319325065,2026-09-27,4.578947368421052,0.95
681715,Heriberto,Hernandez,MIA,162.0,341,0.2160149346800934,0.20014209519241638,0.22355569713464962,0.5423379051262207,0.5875359736774999,0.573344583441439,0.16995966830249598,0.24011226879652187,0.478988651011675,0.6175074203457712,0.6019195409578131,0.4986655842030211,0.6657079977486905,0.028574957516374067,0.3451073084757195,0.9009691848906562,0.2592677269715043,0.01357090788601723,0.2538681245858184,73.25571921443738,0.07341977555353352,0.2412200796178344,0.31246474825599024,0.20600271002710027,0.13151692183722805,0.33997596153846155,0.23658647140864714,0.13701388116167798,0.30424512430967404,0.2691848971893658,2026-09-27,2.25,1.0
702222,Justin,Crawford,PHI,67.0,395,0.22983618055567248,0.21948573173466723,0.2315918263050582,0.5799190734171628,0.6022850506595017,0.5990955341491873,0.20760452138135538,0.28578535293887297,0.5571088921565549,0.6921064199090385,0.6018829243899827,0.5247134161410938,0.6808003745790678,0.00278739024079544,0.3605853720826916,0.9699217720685114,0.0687121212121212,0.003977272727272727,0.31979990118577073,84.53387583333334,0.03133452380952381,0.28351928928571424,0.2839344523809524,0.2550132825132825,0.09573170731707317,0.26635416666666667,0.25097410168533374,0.2053097546586639,0.12876228816443566,0.3500575186171537,2026-10-01,8.5,0.8
673237,Yainer,Diaz,HOU,97.0,270,0.2482949010059346,0.27416124878253534,0.23900217606397064,0.6742079162711391,0.615548152563575,0.6317300891951017,0.2243512094649256,0.3145352986838832,0.5890131572113205,0.7333461653642528,0.6015187465798686,0.5742551255842591,0.7596128726599239,-0.03021134261523306,0.3799974914294261,1.4532848542179175,0.04181513309578705,0.015900754558792706,0.42589447863462365,89.85209319733107,0.07817908734184183,0.33343335097745486,0.3660006783894407,0.2496363725871923,0.29571638039379977,0.27535714285714286,0.16515483883717713,0.36918350318850945,0.2004920229029028,0.367769569775411,2026-09-30,4.944444444444445,0.9
664761,Alec,Bohm,PHI,197.0,439,0.22312762551842422,0.2627647088456406,0.20534059723719045,0.6559501222162989,0.5526642649366185,0.5867395218355316,0.19707232754417117,0.2621687153264796,0.5361607555152652,0.6549756629440756,0.601195951262799,0.5474476194803585,0.6980802187147351,0.014456429427267437,0.35274542497339223,1.4595833333333332,0.3741971305031447,0.00866745283018868,0.5502351939203354,92.2301553805097,0.09749640924130575,0.3091328562786146,0.3326029764483137,0.19698533057442996,0.23938757996567328,0.27902900378310214,0.13327447406394774,0.29272011218562355,0.12077716003683028,0.22009892324463656,2026-10-01,4.7368421052631575,0.95
607043,Brandon,Nimmo,TEX,201.0,448,0.21726809657869958,0.25515707828955814,0.20026879898074743,0.6433629716074624,0.542591595361449,0.5757267755348012,0.2061639827008197,0.2715039941216248,0.5542844373797946,0.6700143057091299,0.6007588580889331,0.534375426382658,0.6859700694334515,0.025032082554131918,0.3458729602415107,0.8644065228556754,0.1451250642013354,0.006606317411402157,0.15542193117616848,70.70317067518147,0.01537162162162162,0.24229616629952838,0.2521639952413229,0.21754357073301187,0.13193026097582264,0.5105248917748918,0.14445676922594675,0.22956920219919585,0.27869842529786243,0.2688084487880275,2026-09-27,3.789473684210526,0.95
803011,Sam,Antonacci,CWS,115.0,451,0.24366457074165962,0.2189152143219238,0.24997538224558338,0.5788433866192091,0.6346035580923824,0.6237291657310572,0.2052429591887143,0.2753143161408451,0.5524718643459052,0.6760157585041869,0.6001885017888624,0.533619870091324,0.6911123020419958,-0.023540663942194784,0.37435507350214026,1.2141145519732754,0.20234245210563784,0.24705560989772868,0.4108661341225263,89.8097102099141,0.026195126837452728,0.34866923338779954,0.353204255174292,0.3337928226996294,0.15568123318123317,0.3860036119711042,0.3613713671619475,0.19814950377030915,0.10766197888914263,0.24179783829972243,2026-10-05,2.0714285714285716,0.7
701785,Kaelen,Culpepper,MIN,48.0,79,0.22509572705221964,0.23051755765255533,0.2218014502317625,0.6003355665117207,0.5842651230926775,0.5903922219766112,0.1845060808376609,0.33399516052853656,0.510252142739358,0.7589146350938615,0.6001471422847907,0.5266186485419944,0.8262446857594641,0.009754920308179482,0.35432220484643107,0.717723097112861,0.02893700787401575,0.07205380577427822,0.10581364829396325,69.05068352059925,0.0058988764044943815,0.1934432584269663,0.19150969101123594,0.13161764705882353,0.5222426470588235,0.3363333333333334,0.22840954875100722,0.16159844054580896,0.22852360480853434,0.4126523386034256,2026-09-27,5.555555555555555,0.45
804606,Konnor,Griffin,PIT,90.0,247,0.2327258730021598,0.25011830844919536,0.22638854834534522,0.6348472074360183,0.592779048143349,0.6043356347732496,0.20882818056817234,0.30120795007797235,0.5594980508851821,0.7147551290811407,0.6000102319786298,0.5745191237451232,0.7755471403312849,-0.004325402794619793,0.36260756441325,1.220271453664859,0.07759264470138816,0.05170495241993247,0.2182293052286913,69.09958560229384,0.05320249082619816,0.3161886049069912,0.33644602035710314,0.33967053592053587,0.07144569950148294,0.2608695652173913,0.1785272375079064,0.26281699240833467,0.20129704671314919,0.3332893869219473,2026-09-27,1.4,1.0
686611,Dylan,Crews,WSH,142.0,300,0.21563077226457278,0.21862641120057535,0.21421283650153156,0.5782981109901293,0.5699021665454869,0.5726124025547716,0.16870740646783106,0.24363975233381463,0.47623232848319663,0.6236859495997156,0.5990909109521882,0.5221772310609085,0.7033701432337762,0.02647850839741661,0.3430468858690593,0.9808552852090002,0.2168054468751063,0.024418228829993536,0.22150176534851457,69.93151658443954,0.08751918436350413,0.2735584370321967,0.32133985583983826,0.25002351588678495,0.10202197701510511,0.05284615384615385,0.18472899291864808,0.15889805438616453,0.22962309969638858,0.28961383306843436,2026-09-27,4.0,0.95
670623,Isaac,Paredes,HOU,160.0,500,0.22257607691055353,0.2253545512679631,0.22168696511618247,0.5908708650301033,0.5840510199820894,0.5857117152090368,0.19407040792980307,0.2576058994725075,0.5300627635436099,0.6474499405198972,0.5987735038871839,0.5788177216270113,0.7258300996453954,0.013061788678147113,0.35070865598348727,1.320050373526936,0.4489838050645342,0.16963537282547697,0.3422434413580247,82.74002760344027,0.029353788935378895,0.2549902586006509,0.2852944438633194,0.2371683075480544,0.15447239615486374,0.47279913266311846,0.1907944439243587,0.23540209790209793,0.12320637661081243,0.24851205511234023,2026-09-30,2.95,1.0
693307,Dillon,Dingler,DET,187.0,413,0.21640300551214098,0.19406754046276942,0.2265161579679097,0.5300569114513315,0.5930141029538567,0.5740833033185893,0.19182825353148128,0.2583585543627665,0.5254709305039256,0.6486993355422601,0.5986940464212593,0.5117428210258872,0.6696582497102326,0.024610743102670085,0.3437002558466894,0.8924751998546513,0.17349739583333332,0.015312499999999998,0.4523488432655039,71.8159445160801,0.09870107706310681,0.32924999431128643,0.37975130081917474,0.23872727272727273,0.2779332477535302,0.04674085850556439,0.19364975480056537,0.14629517090623612,0.22861353778093868,0.278077598919103,2026-09-26,5.0,0.65
682928,CJ,Abrams,WSH,204.0,440,0.21569002488632572,0.22617896690235031,0.2108269699516234,0.5923927922129656,0.5633808076660395,0.5727253915050827,0.20338436677099547,0.26870869651864987,0.5487981335617056,0.6655613737203024,0.5984597698050973,0.5794167588091389,0.7285885715004751,0.02573437830001457,0.342753105961666,1.3833859942093059,0.2422394600658361,0.011413043478260868,0.5854536782020016,70.73164633650444,0.16771704998070996,0.2877759394487483,0.4040895490296502,0.12326083414793093,0.2640131266334046,0.18796212704238693,0.23132963104649448,0.12964216995158795,0.31207912457912457,0.42967908218580564,2026-09-27,4.052631578947368,0.95
660670,Ronald,Acuña,ATL,156.0,329,0.21452426512394224,0.21126979247567623,0.21606741932798323,0.5642376949494947,0.5734445451022551,0.570498478794,0.1859898141498789,0.25963822105447115,0.5133637714843484,0.650816297213489,0.5976763547327277,0.5690006806867787,0.7417688863274179,0.02717787593872778,0.3409734511861643,0.9473713245181533,0.30985488756910207,0.06275193298969073,0.23994752539967132,90.04833571428571,0.11542187500000001,0.30062170982142855,0.3639457700892857,0.21975508614369502,0.19316786806465705,0.10525568181818182,0.19327601410934747,0.18224291667760756,0.21010741733985833,0.2909051384951656,2026-10-04,1.7777777777777777,0.9
681082,Bryson,Stott,PHI,149.0,465,0.23108626366629204,0.2150345697626223,0.2362297096698335,0.5714743146609471,0.6106235663272116,0.6013684501410219,0.1950431683231589,0.26112799791527946,0.5320450268292372,0.6532693483152683,0.5974612554408923,0.5618766264044965,0.7099943782232365,-0.003907194700129568,0.3592943492037986,1.1248237613816294,0.3392416504524874,0.014562975027144407,0.1978275339712722,87.3680518992043,0.025881391259680735,0.3179272839065263,0.32641186390194543,0.2758832302960815,0.1890841845720324,0.2490719696969697,0.3260537097863282,0.18341711580983971,0.18265591667795728,0.32791614626291193,2026-10-01,5.842105263157895,0.95
686765,Nick,Sogard,BOS,75.0,202,0.2146391684072425,0.23618758386619954,0.2066385191031743,0.610548394849566,0.5552162745679786,0.5707183422251296,0.17871062092533185,0.27649802012618646,0.4979618471978777,0.6778641691259384,0.597278637834519,0.5373266459034898,0.7591099372723709,0.02656029560938933,0.34087787403140024,1.4558037310972272,0.18813463300957853,0.016834010228640194,0.31275195547533097,87.48382304193649,0.08495605920444033,0.29043981074622266,0.32372950200431705,0.2362004868215059,0.1889075630252101,0.11634369466850285,0.24273107177974435,0.1644359545824789,0.20289362483684295,0.2651747702852354,2026-09-30,5.277777777777778,0.9
665742,Juan,Soto,NYM,164.0,300,0.22368073776552827,0.2387140119165339,0.21546254789631183,0.6150383851338986,0.5722914988399559,0.5877684118986315,0.20063039901268526,0.27782539963530084,0.5433150497108512,0.6799279627055717,0.5969876980405686,0.5746946734715812,0.7474886249639545,0.009219286141937122,0.3508905112003248,0.9405669761273211,0.2440822557471264,0.030145335985853224,0.27415893015030945,71.45671833267872,0.08335440396700708,0.23381803994010214,0.27713412509819324,0.26634417671346905,0.24122656279833504,0.16224110623781676,0.1559072602890875,0.24205522971652005,0.17790972254880483,0.2218464966245846,2026-09-27,2.0,1.0
543807,George,Springer,TOR,156.0,356,0.22919130398544743,0.20358036645738325,0.24041407436291373,0.549186562798639,0.6180388591339696,0.5979193998020658,0.19058845141550823,0.26273195318186077,0.5229181573672839,0.6558966172789227,0.59687566797359,0.5627429700102609,0.728959761446841,-0.0010437318284757247,0.35688354115122606,0.8630161218475877,0.13058539496527777,0.0035888671874999994,0.23883406432748538,69.85938007559973,0.05189706961174745,0.3056426020693857,0.3345869899227769,0.1730919099455715,0.3236364862434814,0.09719328703703704,0.23759808195292065,0.12463589346497811,0.2504423329182123,0.2643674525705776,2026-09-27,2.7857142857142856,0.7
605137,Josh,Bell,MIN,207.0,417,0.2216602708327563,0.2348917436970936,0.21509212962671836,0.6082309624717295,0.5715842846859305,0.5840010866336088,0.20093251185424507,0.2670860534896734,0.5439188608502623,0.6629568922249031,0.5961937491530662,0.571185889199223,0.7202457811850163,0.012192662519457387,0.3481777973495559,0.9806014623397435,0.3233636318108974,0.003926282051282051,0.4925430689102564,70.42052132327133,0.06674617799617799,0.2532037055887056,0.28521017101517104,0.30311382146546983,0.10484828134422455,0.0954483695652174,0.19349943100822914,0.16903536867929672,0.1737435636725419,0.25721061552151714,2026-09-27,4.055555555555555,0.9
696285,Jacob,Young,WSH,166.0,297,0.23817510463085942,0.23158791845215487,0.24185683158596027,0.6022779713817359,0.6205720750395494,0.6140837532228429,0.19299423515788267,0.26935000343210763,0.5278627893767609,0.6665867514177695,0.5956746188331533,0.5218241149108931,0.6873786257549217,-0.018409134389689608,0.36579410563264914,1.2712586925692249,0.07615096055473457,0.025178601096527666,0.1921103308422849,68.26271944849368,0.06315870991253644,0.26388280632491096,0.29188047649416904,0.28196528555431133,0.3281565656565657,0.19065876350540217,0.2959479034976823,0.17163651164923868,0.14336778273088932,0.29439951906640266,2026-09-27,8.0,0.7
680777,Ryan,Jeffers,MIN,137.0,228,0.21442541666908152,0.21868556055064353,0.21186559337182714,0.5784098291426407,0.5653887080446119,0.5703092713674272,0.1823082811740796,0.2673197496631888,0.5056169208404988,0.6633328845718411,0.5951471913249211,0.5642231776063374,0.7554649472055536,0.02483791995749396,0.3394179610408865,0.8280085035747873,0.21696912709473468,0.02442885550154662,0.2438232009925558,67.2148808595563,0.03213473498561218,0.2657250954353476,0.2812998351202079,0.21655999708752002,0.46385989010989015,0.22332656576842624,0.26653289473684216,0.11344897598870056,0.1934558193472294,0.2796986132790805,2026-09-27,3.8461538461538463,0.65
670231,John,Rave,KC,37.0,122,0.2043218772881159,0.1336408952193281,0.22575791283356794,0.3947388432460799,0.5916160040393033,0.5506539169283245,0.1517763788801231,0.2771159887422835,0.43793535460560284,0.6788261579830198,0.594569647956736,0.413151082194979,0.6814715893131335,0.0439157310284114,0.3274021055340717,0.9111766247379456,0.233367749825297,0.0,0.13163522012578616,56.351854395604406,0.07414148351648352,0.22847274725274724,0.25724709134615387,0.23207102451288497,0.27946230598669625,0.1787518740629685,0.24055875576036867,0.12709297701829156,0.19601029392388292,0.2966253192916364,2026-09-26,6.6875,0.8
643376,Danny,Jansen,TEX,63.0,159,0.23658214618780207,0.19389888701594232,0.25349438095401067,0.5297126221833814,0.6405687909790931,0.611252066398345,0.13520030886690326,0.23604002609417973,0.39854333697829236,0.6102850033287894,0.5942359864495464,0.40379629614730184,0.6397820947147201,-0.0170160799487985,0.3632279746455442,1.1387937201907792,0.1914311738208797,0.11640061936936935,0.40783659578696346,68.92741674002347,0.04382702464788732,0.1969518196156103,0.22884166043133802,0.23475138648358898,0.33253246753246757,0.4132211538461539,0.11488813845504434,0.33853370893812074,0.20349559201969122,0.15400219298245615,2026-09-27,8.5,0.8
806198,Cooper,Pratt,MIL,67.0,196,0.2363293417261443,0.20929467794782877,0.2455707829156705,0.5604064446896069,0.627037860915413,0.6108013137135149,0.1989051863536217,0.3026715154535355,0.5398560457241546,0.7168406414367661,0.5939690414779699,0.4941951930412878,0.7113508006027369,-0.016832272235544954,0.3627970708399012,0.8731021903740536,0.24910955120080597,0.004657794676806083,0.23781624744077212,80.48767708205945,0.010952702702702705,0.26777403436468145,0.26956081408218174,0.23285851630557983,0.2072169059011164,0.2435576923076923,0.21603133014846657,0.19260081264256884,0.2262360045709784,0.3349635838634175,2026-10-04,7.75,0.8
694374,Tim,Tawa,AZ,89.0,251,0.23157502300736185,0.22489704016576406,0.2339429133376495,0.5900245194825617,0.6065278749850396,0.6022546099775928,0.17977165398655048,0.267648093906385,0.5002282444063036,0.6638606493077488,0.593769168971088,0.43736420746636734,0.6320516863719663,-0.008485441006504835,0.35760021927540203,1.1363037025196552,0.21413173723595721,0.0,0.3139341609832339,69.73407017224649,0.1158024017467249,0.2788173241145075,0.34574363415817566,0.3840909090909091,0.17822826086956522,0.18687830687830687,0.10815873363984554,0.3093762965881135,0.23789681858616046,0.27354675727124633,2026-09-27,7.705882352941177,0.85
650490,Yandy,Díaz,TB,196.0,487,0.23626669243633505,0.1990111266231854,0.25126071892376284,0.5400689905665674,0.6367905300504023,0.61068955175787,0.23468790123712968,0.3008672171919142,0.6078655237652255,0.714268030715351,0.5935278191810835,0.6159865933477113,0.7593853560994368,-0.017161732576786437,0.362461237851522,1.0172599438750611,0.25909208760370916,0.008967789165446558,0.37149142874572966,84.21031269041666,0.03579386674510958,0.32679031251969826,0.33551127003971165,0.23610986641710263,0.5044121667805879,0.14513917004048582,0.19524403573804772,0.3046201142458306,0.0927890642930375,0.2984171455926281,2026-10-05,1.0,0.85
596019,Francisco,Lindor,NYM,153.0,316,0.20587722287414317,0.20416760837480236,0.20670497926148224,0.5503489201454491,0.5553466698014479,0.5537206576653232,0.16669571289724744,0.2390247569176513,0.47178265677234255,0.615588078106432,0.5929195072816829,0.5193615482827891,0.7031873699389528,0.039198849616359666,0.3283117795146128,0.8988546550451963,0.3012911921672135,0.027449446316803076,0.19368884377755458,72.53392493231023,0.04954746329771298,0.23718673120776326,0.27269485307988506,0.2139050882091208,0.12790376424542418,0.11971153846153845,0.10036927413671601,0.21635598448792526,0.2459451875599541,0.2683166500770614,2026-09-27,1.0,1.0
671218,Heliot,Ramos,NYY,116.0,325,0.21357694246734787,0.23556207965770376,0.20572993965479008,0.609430992482787,0.5534308958684504,0.5686827435278179,0.18802233245064973,0.2657156337807127,0.5176033353934083,0.6607459930627089,0.591329795556256,0.563422968206455,0.7361282386447988,0.022647052028438086,0.3362790504666753,1.1545284191117524,0.16111261423761425,0.006944444444444444,0.25147156084656086,77.17750565895372,0.11585345405767941,0.30780751592890676,0.35596517857142856,0.1778214830139373,0.2576315981335666,0.5742838196286473,0.24937012371222894,0.12722302889501963,0.2937114077064771,0.35063940783218595,2026-09-29,3.25,0.6
641343,Jake,Bauers,MIL,164.0,415,0.21350520422208036,0.2273866618360491,0.20801951976740357,0.5946149720346781,0.5579201989100313,0.568545019755403,0.1907927925222006,0.2584570932880798,0.5233395725924787,0.6488626740995667,0.591085491145176,0.5286181108850019,0.6849409418087682,0.022540471389772998,0.3360587122402661,0.9777914507772019,0.35927327494037337,0.08810952792170411,0.27823381857060614,87.12633793957257,0.12782790007618589,0.34223651985845466,0.38796335383335345,0.2614197098037618,0.10367567567567568,0.11892857142857144,0.20555751994315058,0.1449773784089481,0.2915624682247497,0.23552483932421964,2026-10-04,3.9285714285714284,0.7
680700,Richie,Palacios,TB,65.0,337,0.22667423858737998,0.20219135863782817,0.2313964557883321,0.5464286900692223,0.6019310166113683,0.5933051504292743,0.16976794910023071,0.24872418650913838,0.47856733590492795,0.6324656574246799,0.5908888857781905,0.44442789269674304,0.6201708295420101,-0.0024162646510837993,0.35057741926361563,1.428976644555003,0.26614496959646217,0.00609452736318408,0.8735748341625207,85.38534662628301,0.02215547703180212,0.30713281297324585,0.3122171756688541,0.24543866396761133,0.10640013495276654,0.3546212121212121,0.26004888820231353,0.21577209906951286,0.10713273732386824,0.32854895436455667,2026-10-05,7.285714285714286,0.7
805999,A. J.,Ewing,NYM,136.0,347,0.23027449385670135,0.2023359530212302,0.24122446951556037,0.5467163424127819,0.6194632457806492,0.5998935315895757,0.1925769264849426,0.2672061399837985,0.5270077270920855,0.6631501360944897,0.590455562064231,0.5189378169992731,0.6910080302766743,-0.009437969525344703,0.35421047237341946,1.1817885286712195,0.3456763225836237,0.002536231884057971,0.4575247967782833,68.25316563363796,0.09761927427088624,0.28289210773114465,0.33208930832910255,0.1704346231432239,0.19212094002239988,0.2155594405594406,0.1811371105819377,0.18703748880433207,0.25518335558158967,0.28974919110209457,2026-09-27,7.052631578947368,0.95
543510,James,McCann,AZ,59.0,104,0.23656224684736,0.21176639378928214,0.25062912502453877,0.5651972176760214,0.6357170588429222,0.6112165992184337,0.20766680246537078,0.34280464192182364,0.5572307171818647,0.7698925363881886,0.5901794630953954,0.4836276351921526,0.747847332391318,-0.02103713612303837,0.3607274843617287,1.2468899113837768,0.02254601226993865,0.003757668711656442,0.4798483299250171,71.17672807017543,0.26978070175438595,0.29120289473684213,0.41061956140350875,0.2681590909090909,0.3730363175675676,0.075,0.08798701298701299,0.2811555853707016,0.29933982683982685,0.37728974869231974,2026-09-27,7.666666666666667,0.3
682987,Spencer,Jones,NYY,65.0,237,0.20900586505263716,0.26005516504055476,0.1950050021867526,0.6515040779211131,0.5319673657434238,0.55984420751395,0.17562858346765237,0.2685278737520145,0.49133689532535285,0.6652718518308697,0.5891340639768742,0.44170066774534067,0.6454059625578509,0.029289856462924146,0.32982329316660586,0.9540567649837033,0.2407154467176229,0.0020281456953642383,0.24417446867524023,87.82391881714577,0.10315373354626403,0.33569189124201515,0.42012425580115176,0.18517769607843138,0.3617090479006505,0.09894230769230769,0.24711244637715227,0.1215896159317212,0.3934358225526876,0.36123944932683416,2026-10-05,5.277777777777778,0.9
668904,Royce,Lewis,MIN,145.0,358,0.20728130126443528,0.23655565479669688,0.1954243703644969,0.6112048495029618,0.532820198045573,0.5564762722912318,0.17550435987160237,0.24640559855653218,0.4910685702519946,0.6284803218968567,0.5875337692362195,0.5528385550024603,0.7188131347592083,0.031057496944987717,0.3269486017497882,0.690506958250497,0.06987243207422134,0.0036530815109343936,0.2781891981444665,68.65651794651794,0.04306270556270557,0.2787291041041041,0.2936157514657515,0.1295711420754892,0.23210189522290878,0.2764217374665136,0.22625938086303943,0.1208804975828322,0.29568491721967394,0.3720779212499786,2026-09-27,6.166666666666667,0.9
691718,Pete,Crow-Armstrong,CHC,232.0,490,0.22075889496400525,0.2135837369428218,0.2241561126393411,0.5686957859989814,0.588651233040296,0.5823124913971932,0.21254116314078922,0.27495022291973636,0.5666911956124131,0.6754456893133165,0.5872710152203557,0.6019119505159681,0.743652252795454,0.004958523823162531,0.34197524799832435,1.1294923103429817,0.3774550614235819,0.021634862008823225,0.2672879280581316,86.21013519670689,0.09003110859728507,0.2901799679487179,0.34970737807943686,0.16914717808477533,0.14593712240914583,0.3070005285412262,0.17695928385159865,0.17543906810035842,0.21963213236995333,0.35194122987191706,2026-09-30,1.0,1.0
621566,Matt,Olson,ATL,292.0,416,0.21013583240251,0.21339385399414612,0.20784895186222696,0.5683311863045972,0.5575868734645636,0.5620410122179135,0.19670814483078164,0.2582266651719982,0.5354239978714086,0.6484806305151709,0.5869829478296186,0.6086122182466672,0.7484439695257766,0.0249419356117051,0.32990849015281354,1.2813332340025256,0.2763752922080994,0.0025953389830508473,0.3686842238143646,91.1476304158794,0.09616433110559436,0.30450737799676975,0.3794279502766474,0.12827628063898594,0.2968038924624773,0.27698613868406124,0.21008100503061064,0.16665499533146594,0.2372313448417509,0.29225823308860177,2026-10-04,3.1,1.0
641487,J. P.,Crawford,SEA,158.0,325,0.20967894936271297,0.22038200211774864,0.20447561910026485,0.5816049886610992,0.5509577245655392,0.5611537170798897,0.15604225924861287,0.22568664952359657,0.44776687581535923,0.5914844282633844,0.5868753193205205,0.48258470038933,0.6604630219181629,0.025721602240630803,0.3293272668991573,0.8350904613052952,0.21931189021502323,0.03273550724637682,0.21312399355877618,67.62516643323998,0.05214085634253701,0.20020142923836198,0.2271848322662398,0.28954982666032225,0.23904052936311002,0.11413043478260869,0.22313339519264758,0.1547514132732788,0.1486547688291403,0.25844320210968663,2026-09-27,1.6842105263157894,0.95
643446,Jeff,McNeil,ATH,109.0,404,0.2293948306995937,0.22670225470441505,0.2301212930349266,0.5933567163189118,0.5996147417898299,0.5982908602979404,0.21034648250108542,0.2846630691793502,0.5624496758201498,0.6904097573591399,0.5868655185175968,0.49472826214174015,0.6540797932947402,-0.0114253417803436,0.3511162759530899,0.9275121046343457,0.230903541959239,0.005969785575048732,0.39935175578332527,64.1075476562022,0.0029236276849642006,0.21989910099596108,0.21449864394008938,0.23077024470915197,0.09945921028962043,0.13576388888888888,0.19537734985750516,0.16901643895138319,0.0957588315639163,0.3647344780479271,2026-09-27,2.823529411764706,0.85
681393,Connor,Norby,COL,135.0,245,0.2280000070568931,0.24374320076847344,0.21932518603214476,0.6238660602756942,0.5796165698455344,0.5957402181714486,0.17253617654521863,0.2543105203282169,0.4846271279923291,0.6419422682914607,0.5867937894154318,0.4904608112857476,0.6764508773805589,-0.008946428756016811,0.3495766601280004,0.7662606222587718,0.34697779605263157,0.09831757127192983,0.16858621162280701,68.1630056561086,0.06879336349924586,0.26478289592760185,0.30395397058823526,0.20611236236236236,0.45964524605828955,0.1642948717948718,0.18590826686004353,0.21443526734175547,0.22556831939729444,0.2695344285392046,2026-09-27,2.642857142857143,0.7
696100,Hunter,Goodman,COL,184.0,381,0.21945262068545207,0.20636992923888536,0.22577077088536884,0.5546890213734463,0.591639741056183,0.5798566976165169,0.19228319607304317,0.26099153420987903,0.5264052128345982,0.6530451623140823,0.5866501540958503,0.5253815990781174,0.6861221477771928,0.006793456479333382,0.34017302101024055,1.439535822932347,0.08681095293061433,0.01953010773374375,0.5101265022084518,67.43727374534978,0.07493432125597493,0.24106360625981166,0.29551810531217987,0.2173247203811102,0.31528310089073425,0.04361814345991561,0.1599122568563489,0.2039557787697443,0.27808893431442694,0.42734390630139407,2026-09-27,3.4,0.75
702176,Alan,Roden,MIN,18.0,73,0.21907765404946813,0.1727219940916653,0.2305078167787894,0.4850320817127344,0.6003178585074231,0.5791498600580898,0.1747271725435677,0.3507967854432411,0.48938753692819703,0.7795387245933872,0.5864176417923967,0.37772167637354503,0.7083826401947998,0.007267781734306977,0.33962369517966157,1.4907051282051285,0.5243589743589744,0.0,0.4756410256410256,67.60172174840085,0.007835820895522387,0.3473445095948827,0.3519532515991471,0.33089285714285716,0.2777714932126697,0.2625,0.28983516483516486,0.2288690476190476,0.09500785742347942,0.1507636291510824,2026-09-26,5.5,0.2
685133,Wade,Meckler,LAA,55.0,280,0.25169710403547824,0.22389058537455359,0.2571590987724456,0.5881582876518388,0.6467067590659454,0.6375308988248976,0.2240101988095904,0.3185487296655055,0.588380399496033,0.7387707406264996,0.5860588034327084,0.5375052079060171,0.7282308135452579,-0.05147209539218911,0.37363059571669854,1.108236511408475,0.20597976353862865,0.01935537828100875,0.09887770200720536,66.23329381404461,0.0323496835443038,0.27012423560880044,0.27845332655213983,0.24851355681044496,0.3462951432129514,0.34493206887274686,0.16687063959560514,0.31384229977467404,0.1346055542362925,0.17353281676368257,2026-09-27,4.235294117647059,0.85
683011,Anthony,Volpe,NYY,101.0,147,0.22751709615215948,0.2504212182640584,0.21178025034738535,0.6353632006222502,0.5652239693667997,0.5948544545236437,0.17453398051356442,0.2775022304970574,0.4889690535681108,0.6794263755972614,0.5856263433828703,0.4337876750268811,0.6623114437075629,-0.009228111140773376,0.34836243904769343,1.0354511088709677,0.16135164650537637,0.0,0.3491003024193549,88.99744089407392,0.04684918955193062,0.24926396947484342,0.29342447282159817,0.2915274918510894,0.22770429009193055,0.48530555555555555,0.28169121172169953,0.1607082947428416,0.2485635557460006,0.2959196065098146,2026-09-29,7.571428571428571,0.7
668939,Adley,Rutschman,BOS,146.0,267,0.22198226357319262,0.20771517108582221,0.2297837448584214,0.55732531219384,0.5989999931380223,0.5846031088666073,0.1785600874620698,0.2576764119858268,0.4976397098241512,0.6475671246922812,0.5851155188665115,0.47685014529009984,0.6662230260366543,0.0005124099999042064,0.3420603513754606,1.2244361416501248,0.12515562172341835,0.002966101694915254,0.24988280653534894,84.66248988208923,0.03886147088877119,0.3605628298184794,0.36795051626088027,0.3046247048319868,0.07016977867493332,0.12240478235967926,0.33575863161229014,0.14508850524475525,0.12793725176636034,0.2953799080838263,2026-09-30,3.4375,0.8
672960,Kazuma,Okamoto,TOR,168.0,465,0.21575712681866538,0.2156605929363704,0.21579200357613967,0.5726692703244733,0.5729198049214197,0.5728533225572342,0.17868746057430251,0.2418904636655611,0.49791229430573514,0.6206309832390615,0.5849908948798161,0.5474476194803585,0.6980802187147351,0.012137572322581947,0.3351139777976324,0.965000718081287,0.3648315201780842,0.005805687203791469,0.40568181818181814,71.07310498608534,0.07524860853432282,0.26443858395176256,0.3186319369975263,0.13639219307298173,0.39670356618289015,0.11289592760180996,0.1936266233766234,0.1553525889441708,0.2832474926513747,0.22810193813723345,2026-09-27,5.1,1.0
672580,Maikel,García,KC,82.0,260,0.21717897537641376,0.25360621154278234,0.20569038550855906,0.6407572122949085,0.553353055017626,0.5755576755845901,0.2002751199454088,0.29082117429255466,0.5426042487608346,0.6996378802338241,0.5844938671723328,0.5633838807286914,0.7627988331332257,0.008936191587742615,0.336409931583156,0.6504702729044833,0.7142080896686159,0.0,0.3458260233918129,70.09482267011833,0.00673076923076923,0.20198655695266268,0.19614206360946745,0.1986190476190476,0.3622994987468672,0.03409090909090909,0.3350267379679145,0.05797912713472486,0.08496209319526626,0.16609015554219003,2026-09-27,3.25,0.4
660688,Keibert,Ruiz,WSH,98.0,252,0.23124309097758655,0.23555480527122474,0.22956631319672727,0.6094179840452199,0.5986036459555255,0.6016529441098073,0.22216363234406386,0.3143519570201958,0.5849419356580383,0.7330964546672487,0.5841697061033895,0.5464746477081653,0.7301334835235594,-0.017483238006417823,0.35146742353686516,0.7858205645161291,0.026249999999999992,0.03893750000000001,0.23852217741935483,68.73459902312766,0.05638775245145788,0.22703190397335632,0.24155265154045252,0.1703332769889565,0.40805340111099464,0.14966463414634146,0.24420975134922007,0.16113596682671322,0.11510024238451155,0.45931775283515586,2026-09-26,7.636363636363637,0.55
683002,Gunnar,Henderson,BAL,224.0,473,0.19032918829670256,0.14261172672527023,0.2129268867998756,0.41639179722551733,0.5674336128444419,0.5223830928444326,0.17279342482336793,0.23220752831418498,0.48518769080340873,0.603399302929767,0.5839262322969865,0.5077856659952211,0.6600815008283498,0.06154313945255385,0.30503319122029643,1.1469322991391677,0.3151162272835964,0.07009697812051649,0.1884080882352941,70.52580484177969,0.18455626933142993,0.35011843028788964,0.45193082857482747,0.3065658175965099,0.1645042918746854,0.09200503491960371,0.13557786819207218,0.20999038488085536,0.2505393378287609,0.23708616283561407,2026-09-25,3.7777777777777777,0.9
807727,Charles,McAdoo,TOR,58.0,46,0.23686038512512786,0.2434544403366127,0.2285461415976035,0.6233631549551562,0.5967402800111884,0.6117477378040987,0.16845379493398854,0.3308111390670923,0.475672844787123,0.7548564554161779,0.5833585911452317,0.3945389925620306,0.7111651775375785,-0.028389146658867048,0.35686829846168167,1.5215745192307693,0.16631610576923075,0.0,0.4518329326923077,69.03130555555555,0.0651388888888889,0.3199138194444444,0.37177493055555555,0.3981476030277544,0.16822368421052633,0.18526999316473,0.3670888704318937,0.175,0.18706253676636952,0.25524649180060377,2026-09-27,3.8,0.25
647304,Josh,Naylor,SEA,222.0,422,0.22092291246531273,0.22813875982557325,0.21712689797721363,0.5959944648981774,0.5754588408390392,0.5826201177962127,0.21073773458483386,0.2767912040472196,0.5632079864613222,0.6783208233780561,0.5827016809670457,0.5861761421546406,0.7346627435845406,8.15631708329656e-05,0.3394937220050713,0.5113159937888199,0.21075082206795762,0.004755434782608696,0.25890154975033486,66.4168408811266,0.017773523130665988,0.199091559437988,0.20589200164378735,0.15570007437050679,0.3418244865297413,0.12209005947323705,0.1496608527131783,0.19078402366863906,0.12262710638060645,0.30610602936648534,2026-09-27,5.8,1.0
665828,Oswaldo,Cabrera,CIN,7.0,16,0.23262929536358284,0.21187884292486087,0.24170761830552367,0.5654142798190112,0.6203106420260215,0.6041612978644,0.06978653563062565,0.3713764764022614,0.22368285988752146,0.8030449139635291,0.5826808020179297,0.15821985525146964,0.7495416354723428,-0.02148049584647027,0.3520331895878219,1.1771739130434782,0.23532608695652174,0.0,0.0,66.33115384615385,0.0,0.2388865384615385,0.23856538461538465,0.478125,0.19642857142857142,0.0,0.0,0.3730519480519481,0.26156921602260114,0.2688055830039526,2026-09-27,8.0,0.2
677587,Brayan,Rocchio,CLE,197.0,392,0.22539386591666083,0.207078538260283,0.2345982525194834,0.5560790868061458,0.6077047289042532,0.5909435345558609,0.19707687993601383,0.26483659582769437,0.5361699599191623,0.6593223990120742,0.5825406327076548,0.5278598512467065,0.679894473379911,-0.008402901848206135,0.3442486205146691,1.3141152590149552,0.30836387058864945,0.028296175498168163,0.43122807694494764,87.37965173454826,0.005022075055187637,0.22950449193926015,0.2425398992686244,0.2825131643909967,0.08242222222222223,0.19598263732974108,0.1502451450491489,0.29740320450390045,0.18598377918632675,0.2811780930352816,2026-10-05,9.0,0.9
656775,Cedric,Mullins,TB,116.0,373,0.21021238581809018,0.21422320248684218,0.2089650540926874,0.5699220244673222,0.5597647186991161,0.5621895582420828,0.15221007478267604,0.22081345140483863,0.4389405527629232,0.5824148338215018,0.5822192586634933,0.4790094724543421,0.6452218836456789,0.0200297004214105,0.32731758782806225,0.949765423359493,0.11639596769964869,0.008767893660531696,0.36285692645610845,70.56742105263157,0.04283625730994152,0.2287472514619883,0.2361903216374269,0.3294826435246996,0.0691585780653725,0.22410807583221376,0.10411111111111113,0.23610920526014867,0.2157793117246899,0.3569197773374,2026-09-27,7.9,0.5
806146,George,Lombard,NYY,33.0,145,0.21141959416509043,0.25196859935433813,0.20219119988064096,0.637990972077849,0.5464283741701229,0.5645272978004173,0.16958959717875627,0.29147939866210143,0.4781751778032085,0.7006124826428084,0.5819961366394195,0.486000964233897,0.7547624540916038,0.017468838839002188,0.32855270634733397,1.403896804295433,0.06668605878681061,0.01433071941323346,0.5053676011603143,88.63592962184875,0.19690126050420165,0.38224577731092435,0.459915987394958,0.24326546633497817,0.20630370569280343,0.059375000000000004,0.2619807497467072,0.14983766233766233,0.2669705136334813,0.31121313756762675,2026-10-05,5.5,0.9
701350,Roman,Anthony,BOS,83.0,160,0.2270165559915608,0.2065210515260367,0.23764859893305146,0.5549857356714973,0.6131494579073515,0.5939348927814713,0.16708708752229978,0.2697984313687154,0.4726504470250017,0.6673024018981808,0.5814288346597603,0.4763340280042271,0.7241958426988949,-0.012506058121711017,0.3453308725737005,1.2619748904279167,0.23864030245240725,0.0025205761316872428,0.12111060925424069,71.01259050880626,0.08733284409654272,0.27417117579908673,0.3035814334637965,0.4198885558770842,0.0853927203065134,0.08546727395411606,0.30611672722215466,0.11226052249637154,0.3555463145254391,0.2942360156039754,2026-09-29,1.0,0.9
665926,Andrés,Giménez,TOR,143.0,356,0.22365760832512668,0.22368922645074085,0.22364490778590523,0.5877841881363808,0.5877018170607444,0.5877254236007943,0.1937771110848725,0.26728562499983327,0.5294639167269952,0.6632780002987181,0.5810717290867787,0.5061293117656545,0.6664732027598905,-0.00665369451401554,0.341510628119973,0.9392135147487959,0.12156145624582498,0.10643954575818304,0.29209163941918925,65.84487232888415,0.037645016836340764,0.2593754777892562,0.27109527465397926,0.1740062190062983,0.23610829959514168,0.07248858447488585,0.18175494501440717,0.1735602466793169,0.15665962864040195,0.42044649254740574,2026-09-27,7.375,0.8
543760,Marcus,Semien,NYM,152.0,389,0.20531725774299198,0.20616107552612106,0.20498753974032974,0.5542787243279996,0.5519682681656506,0.5526182786867364,0.16468011560319407,0.2314745002512631,0.4672973356234229,0.6020724692241481,0.5804012825188161,0.4638590268516675,0.6271509649765357,0.027783003832079656,0.3207403576931223,0.5811370884198981,0.23324765448148072,0.002264325323475046,0.12615860264196677,67.0215669049263,0.030708469332245344,0.1792203693743527,0.19763716486075808,0.1392041533345881,0.09274748135160035,0.53125,0.1394947178204059,0.16127476850435457,0.18335048852076716,0.31223281528782043,2026-09-27,6.0,0.85
808959,Munetaka,Murakami,CWS,176.0,385,0.19940766883250371,0.197393950319733,0.20032822586691318,0.5368107182256836,0.5427105470959822,0.5408654339385914,0.14550936708387466,0.20829160786214593,0.4232659774836509,0.5584515447268181,0.5801683938785694,0.502165638462881,0.6684050465560665,0.03930295993997801,0.3137930301125881,1.4842390445061293,0.31053802308127565,0.08717399670038078,0.6758500277369223,96.68791192851411,0.2746821301620064,0.4251977091011843,0.5998515991776828,0.20239032240614518,0.21831708752481396,0.09238095238095238,0.223129974166426,0.18059518874610542,0.43937818244706794,0.2292553268867154,2026-10-05,4.0,0.9
669257,Will,Smith,LAD,86.0,194,0.23271831328205514,0.1935966269100246,0.25006091651914086,0.5290951374512025,0.6347493841385387,0.6043219903402322,0.17350216333869006,0.26984906288295085,0.48672983098123956,0.6673831362238118,0.5801620242634966,0.4807583890640794,0.6990943553744422,-0.02415996607673554,0.3506046692227343,1.0934381565126052,0.3408031775210084,0.017120535714285713,0.22920627626050424,90.14609405255611,0.07068752825805648,0.31471736369872627,0.35602698396891225,0.2525152947719688,0.2403547601823464,0.17989819004524887,0.13490054249547923,0.381678976760944,0.1267290353437064,0.19915427314620862,2026-10-04,3.142857142857143,0.7
681624,Andy,Pages,LAD,168.0,407,0.2198070495279377,0.22956725497894315,0.2157782669339109,0.5986053632944972,0.5728936209024629,0.5805240400758223,0.2101762047533973,0.2801851100684195,0.5621193561502977,0.6835734679936465,0.5801576036699705,0.606480237432592,0.7608452029163429,-0.0003664364058517666,0.33679543596319894,1.118881852551985,0.4868162570888468,0.0731493383742911,0.3447930056710775,84.19460553162548,0.09095443210156427,0.32906510428474267,0.3743509918385853,0.19183477837868773,0.25552751639577986,0.07984848484848484,0.14060897435897435,0.2581871842525456,0.2455842004550458,0.26751628634468183,2026-10-04,7.25,0.4
682674,Victor,Bericoto,SF,67.0,49,0.21997858088586802,0.23995531632625067,0.19266345283473263,0.6172308396236077,0.5271851097428939,0.5808467388144272,0.16518201488970738,0.3174678075497547,0.46841674893451124,0.7373175908130694,0.579336170606688,0.39706297121992473,0.6985359900194876,-0.0015105682077392046,0.3365055253741333,0.8046648139745916,0.2384714660213753,0.0,0.21390936932849366,72.01445260416666,0.07228645833333333,0.23399045833333335,0.26432961458333326,0.1564265536723164,0.3905881361644759,0.10912698412698413,0.21405613327674025,0.16807692307692307,0.31853970249993635,0.3923724071261718,2026-09-27,3.0,0.35
665953,Andrés,Chaparro,WSH,146.0,82,0.2399396556649898,0.23881201556152248,0.24194740511750473,0.6152118094445764,0.6207307040279417,0.6172032346624805,0.17837806885744534,0.2867736747920741,0.4972499979711996,0.6935950506370403,0.579300457294714,0.37599641612884654,0.5886435129612428,-0.03790277736776648,0.35754611608375164,1.69229412674314,0.22037843004948265,0.01343201754385965,0.3644410706252812,71.65028703817734,0.1221243842364532,0.23713749507389165,0.31943868534482756,0.44676966292134834,0.10719576719576719,0.07516447368421053,0.40447845004404814,0.14213397925229987,0.3469234896805655,0.32429155683614214,2026-09-27,2.9166666666666665,0.6
691723,Coby,Mayo,BAL,163.0,290,0.22262153577412513,0.2541264467527409,0.20491360305166179,0.641632819681941,0.5518224158375442,0.5857964964222472,0.17269788010322018,0.24723217466002334,0.4849795427357284,0.6299046155029396,0.5790837156772066,0.4800391171053817,0.6498891193513585,-0.0067127807450405585,0.3392252117788844,1.0242489882266375,0.3315229488594555,0.006760485651214128,0.1766820732155997,70.52715608706986,0.12496676225234618,0.2963209365224192,0.40073334984358705,0.3811924990558815,0.13168808243752064,0.08929219600725953,0.14095435747734597,0.26372102575015965,0.2106816975572027,0.26918641684042116,2026-09-25,3.6315789473684212,0.95
592518,Manny,Machado,SD,156.0,524,0.21417228469442576,0.23453822218421577,0.20810914299899208,0.6075970315551836,0.5580952695843402,0.5698244759237405,0.16752007495792387,0.22707644348955974,0.4736093178373584,0.5940449928614845,0.5788509858219242,0.47863124594666584,0.6299061495152337,0.009026509898183654,0.3298434596339185,2.058091051572645,0.4667289751078885,0.000900735294117647,0.6784994970063374,92.46746040682636,0.183404042959964,0.35817705395299143,0.45190043719073325,0.2843591836734694,0.19016510572133122,0.1486196730099169,0.2603925217083112,0.18892786414127877,0.1822886427298192,0.2576197657651395,2026-10-04,2.95,1.0
691720,Kyle,Karros,COL,160.0,310,0.20608468329363855,0.22808480167896156,0.194729783481859,0.5958956070620234,0.5314070735931911,0.5541285829278564,0.1860921429505921,0.2609803005370024,0.5135778496043366,0.6530267027430992,0.5788067064202075,0.5149824068759288,0.6822241488810148,0.0246781234923511,0.3207333400177694,0.8902450729678123,0.23928342084924528,0.02133081014729951,0.1846227723222404,70.52392989820217,0.06995897047911423,0.22192104957491285,0.26127472137754437,0.21817053659337052,0.06806668508796168,0.07120445344129554,0.15627148936683224,0.13279357220634272,0.3217130324871299,0.2620392342983705,2026-09-27,5.5,0.8
800325,Luis,Lara,MIL,74.0,140,0.20711269385677916,0.21639357638687157,0.20220708451944464,0.5740653651588861,0.546459981050712,0.5561460108178375,0.16937270306905042,0.27976796717052826,0.4776979897727843,0.6829311951784592,0.5780524042874011,0.5092752370481168,0.749450871700241,0.02190639346956358,0.321481538688098,0.5089563862928349,0.48751947040498445,0.00286214953271028,0.24459696261682246,89.96742973952213,0.005912162162162162,0.4132843027810419,0.39873924427144536,0.18371459694989106,0.13434873949579834,0.11524305555555556,0.17866379310344827,0.11593485169491526,0.12060285727956231,0.24383216612783787,2026-10-03,6.5,0.7
804668,Rafael,Flores,PIT,77.0,85,0.23213416180150281,0.23994521258628237,0.22505826873764373,0.6172130299797229,0.5903229172814246,0.6032666467709953,0.1814009536353176,0.312091200875818,0.5036942345501815,0.7300035673202675,0.578022470293897,0.4117613449352105,0.6906106996500243,-0.025244176477098312,0.3487016774124865,1.5178050807217474,0.19575782156800675,0.0,0.6323412274453941,70.86156089252256,0.13889996025662865,0.25974778288763983,0.35995523391812867,0.2092749617206139,0.23398966408268734,0.2246345029239766,0.2186121323529412,0.19141768292682929,0.2963762719943162,0.2651564854678423,2026-09-27,5.333333333333333,0.75
621438,Tyrone,Taylor,CHC,116.0,120,0.24606259059813235,0.2689067476244003,0.22397990547273994,0.6658782752323018,0.5883241554720939,0.627888128611888,0.21068429434753375,0.32234056069334815,0.5631044659214184,0.743822948724743,0.5779473643331551,0.40776720835377317,0.6144942289186515,-0.04994076427873295,0.3628862890273178,1.465089107676969,0.06416375872382851,0.005190677966101695,0.20113409770687934,61.93062849162012,0.024860335195530724,0.20598234237829208,0.22442352354349562,0.1409387104123946,0.5752631578947369,0.46482494249936107,0.16036571827322613,0.3648436203749793,0.16923137626262627,0.42629617313458396,2026-09-30,5.5,0.3
669134,Luis,Campusano,SD,56.0,203,0.21817654017785099,0.2251183796585952,0.21626154997626634,0.5904341293549059,0.5738141387486022,0.5774477263371456,0.18442757203194093,0.286736525809932,0.5100871022529689,0.6935391892583238,0.5779454111265527,0.4409312201066907,0.6618417767153216,0.000497684789407149,0.3337332636020147,1.056047794117647,0.4677181041335453,0.02010135135135135,0.3404883744038156,86.5719997901649,0.0238161460561974,0.29094071582568054,0.29729878146742716,0.22234998064266356,0.20382996632996633,0.17525641025641026,0.2185675997547623,0.22549146303258144,0.2628178236164489,0.31889363142311744,2026-10-04,6.5,0.6
678662,Ezequiel,Tovar,COL,167.0,329,0.23471813763546517,0.22112415835327962,0.24161842499146813,0.5829973475196248,0.6201543071295076,0.6079197454617807,0.17240300969683434,0.2434117554710389,0.48433677649571116,0.6232887742471743,0.5779112815677948,0.4533320029803008,0.6152356051666704,-0.030008463893985926,0.3513236791901853,1.2594281334005377,0.05741599462365591,0.0024697580645161293,0.15649298555107527,61.57748735119048,0.062263257575757576,0.24515859645562774,0.2702516206709957,0.3964842511684617,0.22569354420534093,0.12741789819376026,0.1538696410767697,0.31559716599190285,0.27974091753561914,0.40253578340088364,2026-09-27,9.0,0.75
702284,Cole,Young,SEA,215.0,419,0.2189686782710851,0.21677540108162968,0.22009410690051928,0.5747913248196532,0.5810639757927778,0.5789442741207673,0.193240381659044,0.25803391987802526,0.5283666236609241,0.6481608360615643,0.577112084160666,0.545242696735383,0.6942540523261884,-0.0018321899601013714,0.3341157366507199,0.7235466079002899,0.40868071171526416,0.039951039490792054,0.22054811169608093,67.48067352207978,0.04137063746438747,0.23720551326566955,0.25550100605413106,0.2985235507246377,0.13110795454545454,0.10714753668763102,0.23073176823176827,0.13605580843063525,0.17334125100834613,0.28822721670055274,2026-09-27,7.176470588235294,0.85
663656,Kyle,Tucker,LAD,192.0,436,0.22299175595436593,0.20849962753180934,0.22937361067255602,0.5588574670410553,0.5982521426718801,0.5864864992066534,0.1756527828486394,0.2387572802539154,0.4913891546361705,0.615114958367675,0.5769938371265781,0.5019317009137154,0.6554579389549344,-0.009492662080075265,0.3383990956001808,1.7522483049106223,0.21233942851103724,0.0029259554140127386,0.4853354207553096,86.35395257421152,0.08772250566893425,0.35121144390331893,0.3859906564368172,0.23901380520186916,0.20279002844075483,0.1549648337595908,0.259385085681951,0.21321102521193264,0.14657949613985774,0.2120443275354604,2026-10-04,5.111111111111111,0.9
680869,Zack,Gelof,ATH,114.0,318,0.19758930529903476,0.15439586987044504,0.21307374441494428,0.4439871428486748,0.5677160363980764,0.5372051904811923,0.19633823368800493,0.27594693940604353,0.5346747960232392,0.677004569878534,0.5767630518802858,0.5793596907035755,0.7544504232525581,0.03955786139909345,0.3098401051478627,1.4765502663450425,0.19048471342781045,0.11837460425146991,0.4499042665460576,69.91773261627027,0.14588622935918802,0.2780443619653588,0.3597057213553502,0.2144546368346767,0.17655666658497332,0.20085714285714285,0.21057896464024942,0.13674875228588845,0.2960809979281671,0.3354384719768334,2026-09-27,4.1,1.0
687952,Christian,Encarnacion-Strand,BAL,77.0,132,0.21360055308755135,0.1525117109915933,0.24923571097686023,0.43963891217396744,0.6333407687787463,0.5687280645542179,0.20376471790679676,0.3217036726989719,0.5495516896997388,0.7429792838201261,0.576630636219045,0.44118104569962746,0.6881820086745516,0.007902571664827107,0.32794602569952475,1.266614132647867,0.2872401506668024,0.0553206123383895,0.3961053776850249,65.74346130952382,0.07095238095238096,0.2263345238095238,0.26417306547619046,0.34688679245283016,0.2770967741935484,0.19166666666666668,0.11052866052866053,0.3722033898305085,0.1969298245614035,0.43566527886200024,2026-09-25,5.352941176470588,0.85
683734,Andrew,Vaughn,MIL,133.0,197,0.23330186183651658,0.24355028647336016,0.22638287464514506,0.623530133855597,0.5927685950306097,0.605374241011387,0.22466668599897655,0.32002737166257045,0.5895979164533468,0.7407492578601202,0.5755829992233608,0.4897414310888926,0.6741311193420271,-0.02979124178802628,0.3484431212938998,1.232968142968143,0.17305442242942243,0.011136363636363633,0.14927237114737113,90.2481142486206,0.008122362869198312,0.2461564285134697,0.24398608203505356,0.5223849258289703,0.11071428571428571,0.17459239130434784,0.3828511761389843,0.13123955008359933,0.12635304134573058,0.16976673540334325,2026-10-04,4.375,0.4
677595,Ronny,Mauricio,NYM,16.0,46,0.23150760229359918,0.23468422232741226,0.23040269097749028,0.607858926161423,0.600126713896361,0.6021324545685312,0.12683989289511988,0.3263921489701932,0.3779452665683928,0.7491437122963192,0.5755447942337937,0.2992980081982123,0.7007019918017877,-0.026587660334737473,0.3465541996661344,3.040618279569893,0.23016129032258065,0.11189516129032258,0.9979301075268816,72.71070512820513,0.25544871794871793,0.35032307692307696,0.5416461538461539,0.4928571428571429,0.0075,0.04285714285714285,0.0225,0.4727272727272728,0.23231225296442687,0.3277920081967213,2026-09-27,9.0,0.15
571970,Max,Muncy,LAD,137.0,425,0.22862838126898638,0.22718754729391866,0.22909283833859645,0.5942491950053961,0.5977396002343599,0.5968907210857999,0.18998688074315126,0.2586219210044993,0.5216759856861385,0.6491357719792485,0.5754689305246169,0.47343118434916653,0.6305719895849053,-0.021421790561182985,0.34349206490331263,2.5652429198914963,0.1647182110594032,0.043121235970435254,0.6648850260060225,90.78818758468185,0.13450721553288852,0.3827330832822046,0.5064670517294271,0.2871521689301473,0.21729947238362385,0.2329411209407703,0.27462056358123776,0.23166195856873822,0.2640340779727252,0.24280885038894146,2026-10-04,5.5,0.8
669003,Garrett,Mitchell,MIL,128.0,404,0.2241175463521347,0.2133733776648983,0.22752163940155617,0.568291855972058,0.5948627942849489,0.5885796617712773,0.19738097924202677,0.2688790585134641,0.5367845177635806,0.6658339827974649,0.5753244292713244,0.4670179631024688,0.6264141224510557,-0.013255232499952863,0.33862425798926926,0.9739556866303691,0.3912741984271023,0.016557017543859652,0.20408991228070175,91.8498887617398,0.06542606109341334,0.3844105623511583,0.405002485206033,0.3322886930001632,0.14044117647058824,0.08625093697745488,0.2520042231501922,0.12777910685805421,0.22764357755280112,0.2019425339638926,2026-10-04,4.411764705882353,0.85
640902,Jhonny,Pereda,SEA,34.0,66,0.2302358498730383,0.23676079221710322,0.22687451593821695,0.6115703689747458,0.5936736741774109,0.5998232216243189,0.19269584149576344,0.36432116767945,0.5272514956344501,0.7951989754932817,0.5752888401052412,0.48780051644543837,0.8076950191632386,-0.02453438151907772,0.34507160543644344,0.9281805555555556,0.4095972222222223,0.006125,0.16992500000000005,69.30177380952382,0.004999999999999999,0.3006621428571429,0.28153392857142856,0.3810924369747899,0.14055555555555554,0.0875,0.21436764705882355,0.342,0.30928233753048145,0.17986625743357687,2026-09-27,8.25,0.2
663604,Brandon,Lockridge,MIL,48.0,64,0.14874108737844416,0.22029737364515978,0.09507387267840745,0.5814460066024526,0.29507007663316953,0.4308642690691977,0.17900299692765526,0.33757767660581667,0.4985871019724454,0.76342308808104,0.5745020440826052,0.4633693684359532,0.7683418049663429,0.14363777501340746,0.2475324033024117,1.08046875,0.060156249999999994,0.0,0.06562499999999999,37.21713235294118,0.0025735294117647054,0.14274154411764706,0.15519705882352938,0.029411764705882353,0.10384615384615384,0.6897727272727273,0.4221264367816092,0.058838383838383836,0.12255721830985916,0.47307692307692306,2026-09-26,8.0,0.05
683953,Travis,Bazzana,CLE,168.0,351,0.2228878724334788,0.20482313899951382,0.23153424057281244,0.5516439144256449,0.6021807220159967,0.5862929678459243,0.18076534962904592,0.2511848238137708,0.5023441709533607,0.6366616566134922,0.5744757837420049,0.49207231903835913,0.6619616865993871,-0.01181718410391941,0.33681111220571347,1.285221727283106,0.3769869926797057,0.022411933484124992,0.2082329595572836,89.90092517662919,0.05859595302283785,0.2857233271900468,0.3454033044916489,0.2221506435722231,0.17924863387978143,0.5166111407249467,0.17332705149387304,0.2657014675052411,0.16162319494221164,0.33055729226457553,2026-10-05,5.2105263157894735,0.95
695336,Thomas,Saggese,STL,55.0,122,0.22394888082481737,0.19926100184212803,0.23507866233340685,0.5405709724935353,0.6085658471212927,0.5882665479722556,0.16059916400364366,0.2809005857846923,0.4581327655743005,0.6846729176431343,0.5742223101016666,0.39523304210096466,0.6594700979050041,-0.01404423787058906,0.3377957761321615,0.5127169648462021,0.1541800062774639,0.0828837099811676,0.10218102636534838,68.76348003581964,0.05449325747998314,0.27198994548040456,0.29834233828487144,0.2397938340738523,0.10344662058371736,0.1716666666666667,0.13258638211382115,0.2261411592868457,0.19489789566899376,0.3460371712783842,2026-09-27,6.473684210526316,0.95
683737,Michael,Busch,CHC,202.0,507,0.21490964729454415,0.22546455556667275,0.21070433867330157,0.5910741747037311,0.5631432963846785,0.5712355767881017,0.17645361742353965,0.2357578991552205,0.4931164191540788,0.6097810508523276,0.5732928402751043,0.5530698988066063,0.7001840239378259,0.0020572634870026363,0.32748526628303826,0.792136553140297,0.5225688106695429,0.027361445283331953,0.20667313117066294,83.57046664828539,0.05107758102364829,0.30994252740872064,0.3280089317126886,0.25466861765064736,0.22880036630036632,0.10598958333333333,0.15298570618723678,0.2132372682586022,0.22523195243009486,0.216006661448166,2026-09-30,3.5789473684210527,0.95
545361,Mike,Trout,LAA,172.0,447,0.20321193844784646,0.22539465542374082,0.19467630685980655,0.5909449937929168,0.5312981499514117,0.5484562200899565,0.17068437306345566,0.23365842598132527,0.4805790391186413,0.6060162102996821,0.5728890422648657,0.5520106925393097,0.7085462184191812,0.024432822174909163,0.3142045586515436,0.9210269335621972,0.5288110485662358,0.0845363615710824,0.15355231472132475,71.87633414152299,0.15210488505747127,0.34006612877155173,0.4052449021192529,0.1299137277082285,0.14479388770433546,0.1644579831932773,0.11512723713646532,0.15159448306386525,0.26360629384792456,0.24076310696420514,2026-09-26,2.0,0.95
687093,Vaughn,Grissom,LAA,173.0,292,0.2132002165637336,0.23320108257276756,0.20135038841454572,0.6051926595095634,0.5447531004348185,0.5679591508527962,0.1841265744769687,0.2591820427760588,0.5094539798323916,0.650062686458897,0.5721682207549916,0.4945364938612456,0.6696112452874842,0.004209069902195384,0.3249681768049603,1.0430723629145364,0.14895762641572036,0.08000037702272693,0.3981855309988086,66.90289186959937,0.04573134328358209,0.2574718568342498,0.2777238896307934,0.15313691627521414,0.1895057066400142,0.33114035087719296,0.13297248759729932,0.21171374527112233,0.19999149004470151,0.34572331332475614,2026-09-27,3.8421052631578947,0.95
669397,Nick,Allen,HOU,41.0,118,0.2206348183027544,0.15041745593403583,0.24503237641391934,0.434777382229362,0.6261054400637468,0.5820796692904662,0.1961418543157063,0.3310055898447808,0.5342767073419534,0.7551056804916899,0.5720094227338848,0.40157156924985693,0.6446951257715474,-0.010070246556581397,0.3329550556159701,1.2966572931785196,0.0934687953555878,0.0038522012578616344,0.10117319787131107,77.51217339544513,0.003043478260869565,0.2549490113871636,0.23769338509316773,0.28029336734693877,0.24986559139784947,0.056249999999999994,0.0823019086176981,0.6118464052287582,0.19207138094773474,0.3698445886673506,2026-09-30,8.75,0.2
553993,Eugenio,Suárez,CIN,128.0,366,0.21842202251587645,0.184998416355564,0.2301111525391551,0.5112862206492613,0.5995962835555636,0.5779119097101781,0.15437373345281297,0.2229380703203404,0.44393619717210786,0.5863864928270315,0.5715303791936207,0.44880835644487477,0.6210449352081258,-0.006381530516557432,0.3302942128971676,1.3893284802242292,0.137764715042043,0.16984000311429462,0.5616435689816257,68.86598938679246,0.17336758760107818,0.3084923972371968,0.4368504026280324,0.22068287037037038,0.37408268814518814,0.05203754578754578,0.10511923113222386,0.2707886444051305,0.34573291561386854,0.27760864893149817,2026-09-26,5.1875,0.8
701675,Nathan,Church,STL,104.0,359,0.22482310631199626,0.21135190204764806,0.22872562788161246,0.5643964496170071,0.5970685626321292,0.5898876326551417,0.19501184789581938,0.2716165003468404,0.5319812961829824,0.6701926374689398,0.5713561286677907,0.502165638462881,0.6684050465560665,-0.018531503987350928,0.3370359141428496,0.7090510368482262,0.08750707736903315,0.019643524671872404,0.11561513540455226,63.77036526203966,0.01422096317280453,0.1890895523489141,0.19384122757318226,0.1361902966314731,0.1800680883864337,0.22949311639549438,0.1851875299732142,0.14619343625367723,0.20634728895522317,0.4247481825976738,2026-09-27,8.31578947368421,0.95
686668,Brenton,Doyle,CWS,100.0,128,0.2299116466675429,0.2512260082321478,0.21325980169519534,0.6367315937292586,0.5680736561064521,0.5992330094270573,0.17048518253171396,0.27741339155811257,0.4801422550962702,0.6792883913736141,0.5713216295150929,0.4028869302897975,0.6221627122084885,-0.02791137991196435,0.3423547794050994,1.5391812865497079,0.03223684210526315,0.0,0.3331779970760234,87.21780976709934,0.06525879130995121,0.2848860800423456,0.33094222590444633,0.2763323733432429,0.31565209665955934,0.13282828282828282,0.303422619047619,0.2164419607056937,0.3431414458442464,0.35631208990148244,2026-10-05,6.583333333333333,0.6
518692,Freddie,Freeman,LAD,220.0,435,0.22725701497487558,0.23061771041263138,0.22555735291440138,0.600517602432529,0.5912456264085643,0.5943768351611263,0.22744034573913102,0.2944476657350706,0.5947135500138071,0.7049794178799976,0.5709836878042545,0.6003054861223337,0.7459517215886956,-0.023393147356871813,0.3393794772857213,1.4785134218055604,0.2387374898863756,0.030766085059978188,0.36958560523446016,91.32335005196109,0.11141150490046767,0.43183820023531805,0.4915303442272431,0.23650137636185203,0.24629093481041822,0.0960591133004926,0.2738888713745271,0.15981148696264974,0.270533527696793,0.28785451110039845,2026-10-04,3.0625,0.8
694203,Denzer,Guzman,LAA,106.0,195,0.20791809365304972,0.2178815667589942,0.20250205186212605,0.5768894779465954,0.5470466143279918,0.557722012647,0.16413593940316937,0.25523437628571366,0.4660817284213471,0.6434924930519206,0.5704495348125728,0.48473153991475776,0.6963372173661428,0.012727522165572713,0.318152262669213,0.6338927954116907,0.24386686832181018,0.0020348837209302325,0.2901035119421747,67.11797125931884,0.011915085817524842,0.19736899537905636,0.20550037962714793,0.21675411427901758,0.22057560137457044,0.11363984674329503,0.14218282762802953,0.2006615990990991,0.31258730377728716,0.35118076662996,2026-09-27,5.9411764705882355,0.85
689414,Liam,Hicks,TB,119.0,431,0.23800504213486962,0.1931373254069742,0.25039311241472934,0.5281557258298202,0.6353153455116356,0.6137821502095256,0.2147705068695352,0.2868919353252179,0.5709695553227809,0.6937728320171471,0.5692638036588152,0.5366095891532081,0.6933664965213526,-0.04451834655071041,0.34940396144616087,1.2200258622408295,0.339972283692185,0.02796354166666667,0.45956688596491235,83.16151296710396,0.08082396640826875,0.2611764392764858,0.277891250024846,0.2220956730191984,0.23700396825396824,0.3613957688338494,0.20042164306965568,0.288121666817319,0.09534842094457685,0.21201697942371112,2026-10-05,3.769230769230769,0.65
545341,Randal,Grichuk,CWS,181.0,101,0.2589637434537764,0.27979402217038163,0.22163423407055316,0.6829713391709894,0.5839523790956056,0.6497016432777354,0.22765529017083147,0.33154091418719794,0.5951080738608079,0.7557908638662121,0.5691860537235073,0.4227567576757675,0.6024869580255549,-0.0805155895542281,0.3698011144349321,1.855345262251291,0.20472489777011052,0.0021719858156028365,0.5360584835318879,85.83927989299008,0.08893455334987593,0.34039482019618483,0.39771105982475186,0.3376797639857342,0.2663542820228867,0.1483405172413793,0.2588816337432217,0.3279720853858785,0.16735316770199127,0.38865302380244393,2026-10-05,2.9,0.5
691023,Jordan,Walker,STL,174.0,488,0.20827232016486089,0.2082306822334056,0.20828716647648637,0.5583326060887723,0.5584428750542214,0.5584138938779397,0.21636727050214885,0.28201181722908897,0.5740153174558866,0.6863750990504025,0.5691178825583408,0.6139623229698004,0.7567708651589264,0.010703988680401122,0.3178033328749711,0.6347956382321941,0.20859843203121148,0.003700906344410876,0.19035082700112915,71.46336703945325,0.09126032929481206,0.23876536719478103,0.27899677601739675,0.21681421124985678,0.10488399133238202,0.07601351351351351,0.11807530814032237,0.17643296313588888,0.36540134494449017,0.34638098037594833,2026-09-27,3.6666666666666665,0.9
656941,Kyle,Schwarber,PHI,265.0,436,0.19967652435021005,0.2204204241565505,0.1870684201101178,0.5816771536148067,0.5156169002427149,0.5414048616441416,0.17045190535232438,0.22941313563470447,0.4800692594932826,0.5983242569658214,0.5688401077566839,0.5135056984274458,0.6645816277978251,0.027435246112542333,0.307972799837646,1.2384870871603642,0.5983549197180447,0.04544194792010107,0.33009823819210726,93.45108270346182,0.09709935604676653,0.3847954084079284,0.46569080996529044,0.2384878503877457,0.20056645569620252,0.07098459845984598,0.18247787883985167,0.2050766016713092,0.2647734107424296,0.2763030899526283,2026-10-01,1.25,1.0
575929,Willson,Contreras,BOS,147.0,390,0.21169722153414028,0.23699882726034807,0.2021604624527235,0.6119941985990446,0.5463672090914269,0.5650636550387143,0.19900639061817404,0.27033902416233463,0.5400594724807615,0.6681636797110161,0.5687457739553011,0.5561413946369287,0.7182549247413781,0.003682118916586874,0.32137756581900484,1.216564603924939,0.5956116602205987,0.13491620111731845,0.28846547772525427,87.85688159282701,0.10623681434599157,0.5779494000527425,0.59844375,0.2951111528920518,0.16212998712998714,0.1050925925925926,0.20148431564094216,0.20050072707791214,0.3783285486443382,0.33685127422391775,2026-09-30,3.5714285714285716,0.35
669394,Jake,Burger,TEX,168.0,448,0.19228060846409512,0.23292954233080182,0.17703725826408012,0.6047031082124446,0.49437259118047616,0.526399902569247,0.176089739574898,0.23988995192760557,0.49233211652389075,0.6171156127403711,0.5682899569288782,0.5148691530258751,0.6677028292217584,0.041890054359631224,0.29914777795844305,0.9492452179844422,0.2886974268547544,0.003977272727272727,0.36011106031580176,68.64682230839111,0.09447389979794255,0.20103085252185238,0.26624321177672283,0.21738755475594496,0.09011444689014783,0.09882791327913279,0.12277100271002711,0.16019736842105264,0.3534157611244597,0.3384216152118794,2026-09-27,5.55,1.0
805300,Jakob,Marsee,MIA,144.0,464,0.23559190383242934,0.22158041546617446,0.23994029677368084,0.5838516865483645,0.6172043647691448,0.6094843223933464,0.16613823753742896,0.22912994073678644,0.47054481280000493,0.5978073564434543,0.5680909749233634,0.45374850912928033,0.6104192680185561,-0.04139334746998302,0.34624254290894163,0.9395800848388207,0.2770693665972806,0.11328199598006265,0.20464358266175234,66.49778420875253,0.05079347468770545,0.2304900141989735,0.2537296204640634,0.21170572479177927,0.5673319327731092,0.1706923076923077,0.2736478219099554,0.16342181862143362,0.09348752814523374,0.1808655212783728,2026-09-26,4.944444444444445,0.9
687263,Zach,Neto,LAA,191.0,511,0.21376521997426562,0.24412015845893276,0.20241924492422367,0.6245218479842587,0.5468819820177375,0.5690440511363318,0.1822674266265106,0.2425325834517629,0.5055304619671956,0.6217544342447903,0.5676111885383557,0.5527994644956893,0.7021099369771409,-0.0014328625979761478,0.32299577019617415,1.0091313805792972,0.48285013057929727,0.06020299145299146,0.2791287393162393,71.23825752887788,0.15004984873487345,0.30799534000275025,0.379778204070407,0.23003114958183485,0.18787324355971896,0.15986842105263158,0.10662918906427954,0.23634484228473998,0.30230720665021343,0.3115386604006007,2026-09-27,1.0,1.0
656811,Ryan,O'Hearn,PIT,139.0,308,0.21949304492745472,0.2069686368941533,0.22514529400741867,0.5558636986544463,0.5904839169862319,0.5799328493842552,0.20423805777697362,0.2833867036984969,0.55048822021354,0.6884720502716203,0.567507405657933,0.5156993628097574,0.6951201422160979,-0.01242544372632215,0.3291161868098715,0.933849885940286,0.20486371682292762,0.027727332543755756,0.36173450391479645,68.0903326510446,0.03880340673818935,0.24108061053077356,0.26064639704498405,0.2127264239028945,0.28342907092907094,0.06,0.1570879569497779,0.20566771407892903,0.20086269818742142,0.3451535334940208,2026-09-27,5.230769230769231,0.65
605141,Mookie,Betts,LAD,171.0,361,0.2241657179378389,0.23879248970770456,0.2172372470994815,0.6151772615318372,0.5756682467016383,0.5886690571581921,0.19914709811505352,0.2708453869288604,0.5403421963942484,0.6689689762650941,0.5674682875709469,0.5123745945370625,0.6816623267212721,-0.02120076958724515,0.3340510218115631,1.1279833749653336,0.6948514071423436,0.002302631578947368,0.291162155516866,87.42114381782588,0.05718618972746331,0.2603414505680417,0.2865151353145425,0.2826330358013852,0.11032309704184703,0.18918269230769233,0.2397498303934871,0.1652038785508475,0.1267102384121191,0.1773796205575844,2026-10-04,1.736842105263158,0.95
663886,Tyler,Stephenson,CIN,116.0,346,0.19354283340125794,0.13342307275068868,0.21369859130722912,0.39420605815329113,0.5689162143624393,0.5289851824545447,0.17930608338970877,0.25397750483291953,0.49923467401800525,0.6413822915993994,0.5673711240660304,0.4993185914156349,0.667548494224856,0.038385941611485674,0.30013091758350924,0.6028700466200465,0.2179608585858586,0.02246017871017871,0.12184343434343434,66.76655892745791,0.09251797661759434,0.22679546216550842,0.266167061444335,0.15424452872468852,0.12178894927536232,0.04703504043126684,0.12705108359133127,0.1464610658159045,0.21396450316558918,0.25696446943196455,2026-09-26,4.333333333333333,0.75
663968,Jake,Mangum,PIT,132.0,339,0.22384590315914155,0.21809034337825892,0.22608700608267107,0.577284650062653,0.5922232270168581,0.5880752946687002,0.21751877524205276,0.29600306302854273,0.5762021590713229,0.7072494676447674,0.5671034904179186,0.5239072313441495,0.6917403765486954,-0.0209718042507816,0.3334995522351659,0.6158899254681759,0.11884035576600738,0.01560509554140127,0.14404852066119775,64.90530859476277,0.014891395154553046,0.21290023744706593,0.2137084379051076,0.11240404475043031,0.34890674938327115,0.16030405405405407,0.11973188405797101,0.26024405759324765,0.15587637074030647,0.3937495191419954,2026-09-27,8.142857142857142,0.7
668804,Bryan,Reynolds,PIT,239.0,453,0.2157526869573571,0.21596340630458621,0.2156415127322186,0.573246426809106,0.5726328851588276,0.5728448587264225,0.19449769928398652,0.25652667536679935,0.5309342227586028,0.6456529119162114,0.5670823943967473,0.5719549443138812,0.7174781102511842,-0.005762464329675199,0.3248502341044462,0.9108432127421335,0.47605203662324935,0.02045963080365467,0.1700690119510256,70.52047180096855,0.05139819565637835,0.2955488434642791,0.3251528764073919,0.2007486062324772,0.12468094808615321,0.4394932741282487,0.14483396145914812,0.2050699148834787,0.2599345890992117,0.2622611544790774,2026-09-27,3.0,0.95
676480,José,Barrero,BAL,2.0,4,0.21968259315462907,0.21254175817089913,0.22325301064649405,0.5666923415902785,0.5869729217263844,0.5802897915658891,0.030053369748306635,0.5635028221864703,0.10129442663473509,0.945054131761276,0.5668341784075195,0.09453120573423068,0.9054687942657693,-0.013455613158369628,0.32892808724052147,0.4520833333333333,0.0,0.0,0.0,70.18916666666667,0.0,0.123225,0.12012500000000001,0.5,0.0,0.0,0.0,0.25,0.39278846153846153,0.5920454545454545,2026-09-25,9.0,0.1
678218,Brandon,Valenzuela,TOR,78.0,191,0.21118128310358186,0.20365062590983218,0.21425663002040116,0.5493257437522985,0.5699860564995647,0.5640665203154742,0.1539033224550514,0.2486801386342682,0.4428527851723263,0.6323902310295686,0.5667806686641235,0.4162476538774017,0.6326273302399218,0.002714148348649248,0.31970199955544987,0.9410899818892384,0.3950069106853493,0.0022769516728624534,0.43707713754646843,69.9751364379085,0.045,0.21599232026143794,0.23232176470588234,0.20690085550216805,0.13657894736842105,0.19235294117647062,0.26183473389355744,0.10081453634085213,0.29870560874759433,0.17736363390015192,2026-09-27,7.714285714285714,0.35
805805,Walker,Jenkins,MIN,24.0,68,0.22390294007688777,0.2074680464165698,0.2297034907805294,0.5568418563472051,0.5988537338624884,0.5881812332333247,0.13639137196639645,0.3001781391360337,0.40143763884002936,0.7132811364478792,0.5663070934628738,0.3507486535891947,0.7210866626878901,-0.02187413977045094,0.3330912046217728,1.0454447940503433,0.07753426275992438,0.020606884057971016,0.27665095512884286,66.08201542066531,0.05234324499030382,0.2455965669285466,0.27279371432300736,0.3903763440860215,0.09917241379310346,0.13541666666666669,0.16818339500462534,0.20275067750677506,0.17940865712338105,0.2679219116705782,2026-09-27,7.0625,0.8
665862,Jazz,Chisholm,NYY,160.0,376,0.21463749355815726,0.21715735222601884,0.21356521327396086,0.5755166402280265,0.5686602278573614,0.5707151380372221,0.17492770412535105,0.24342004433037898,0.4898216599069024,0.6233032188578109,0.5662821855030689,0.5212708088460788,0.6817514806168362,-0.004432952534153212,0.32318581566740373,0.8164446517412935,0.5249978233830845,0.001142723880597015,0.0617070895522388,82.5333314550119,0.014174454828660435,0.3411757096389958,0.3337938042880704,0.19092811676818802,0.2242436200999737,0.12649141181399248,0.25961315332899587,0.10141891891891891,0.2723941371697487,0.3580084343136206,2026-10-05,6.0,0.3
691783,Jordan,Lawlar,AZ,58.0,77,0.22301541353851256,0.22239919540903658,0.22347957784383216,0.5853817115740627,0.5873944295789731,0.5865305634153788,0.17320222425057372,0.3154231431067912,0.4860775985135404,0.7345530462045764,0.5658126542866859,0.3874647126766947,0.6794376602366395,-0.02071790912869287,0.33186641490632085,1.1764999583938514,0.04700980392156863,0.06153356481481481,0.34856523087630115,70.29503221288516,0.04151260504201681,0.27993634453781513,0.31360366946778717,0.5132047071702244,0.05461728169528681,0.15357142857142858,0.18646808510638296,0.20673971861471863,0.29933606463223184,0.2904809188839438,2026-09-27,8.454545454545455,0.55
677800,Wilyer,Abreu,BOS,218.0,457,0.20148492007128888,0.21171452596906945,0.19660515183120975,0.5650970704024479,0.5352154869718471,0.5450214443793159,0.19108163665847389,0.25356041473459084,0.5239348058269868,0.6406800586220394,0.5655544975790225,0.545242696735383,0.6942540523261884,0.020533053199706663,0.30823932914573715,0.7831073922990589,0.17359050332383663,0.0027222222222222222,0.24960328498661827,89.18982913801061,0.07143136414526624,0.2896262883503937,0.32300348533750844,0.14623311833374825,0.217647921108742,0.11371366849960723,0.17662547415836893,0.14499225162141996,0.23119017328573468,0.31992516603646604,2026-09-30,3.736842105263158,0.95
687637,Dylan,Beavers,BAL,69.0,291,0.2060851547538933,0.21150445934357553,0.20480016500582432,0.5646913016736529,0.5515985746297233,0.5541295096472685,0.16702513862025217,0.2503034948808673,0.47251315635600244,0.6351627260721826,0.5644187626588408,0.44281961379120005,0.632765134275744,0.010289253011572352,0.31276109218786147,0.9441972770467837,0.2863875182748538,0.003402777777777777,0.46652115314327497,68.99205266203703,0.15686226851851853,0.2324273827160494,0.30320129205246915,0.16509232331911955,0.21407643240572288,0.16868356235416126,0.11881904303147078,0.1894044100163645,0.2991988231752785,0.22781264172335602,2026-09-25,2.25,0.8
813841,Jonah,Cox,SF,89.0,72,0.2134785301404334,0.20142381597104064,0.2283794962664883,0.544899576923559,0.5964353126598054,0.5684938025869211,0.17706164387771578,0.3072913786682777,0.49442502796846133,0.7233522930133249,0.5635836879527383,0.3868568276805605,0.648958855545445,-0.004910114634182783,0.3203938338402129,0.5802849753886155,0.22636661703648564,0.0,0.15086716704259678,65.59379069767442,0.01017441860465116,0.28024463178294573,0.27612306201550385,0.1622222222222222,0.09364853896103895,0.3088235294117647,0.14675621118012422,0.17978896103896103,0.3436457522052697,0.3811591585126369,2026-09-27,2.05,1.0
645277,Ozzie,Albies,ATL,266.0,423,0.19237246858785628,0.20702243375011897,0.1831599609444476,0.5559691407481355,0.5074168394544191,0.5265883909589182,0.18850291193128943,0.25004107955829546,0.5186018907655683,0.6347155681171704,0.5630181396125172,0.5716560900945236,0.7151595361489149,0.03642974865359905,0.296478816219239,1.354701862602806,0.3399129172714079,0.13419811320754715,0.525399129172714,88.9000406132972,0.12138591729137037,0.25376048552693,0.3450800972309166,0.19476890756302523,0.11900900900900901,0.1147167487684729,0.2005545778390559,0.1251984126984127,0.2360574935305731,0.3189724877681134,2026-10-04,5.15,1.0
545121,Ildemaro,Vargas,AZ,168.0,312,0.2209599407656575,0.2549307338535982,0.2026679752567664,0.6429835128620206,0.5473763657334669,0.5826895445885445,0.20356262025541433,0.2797392021858763,0.5491514034795916,0.682886871585823,0.5628763459093657,0.5198870516142258,0.6832448670374967,-0.019813198679178745,0.32798216165759236,0.6902751358695651,0.2432198822463768,0.0025520833333333333,0.1010625,67.64868722316311,0.011842512376237622,0.21512918430823344,0.20860394818264721,0.18589401356873025,0.1554763349514563,0.11744263018534863,0.17444824462768616,0.1601356009070295,0.4212574747525696,0.4791814410833868,2026-09-26,4.166666666666667,0.3
669392,Samad,Taylor,SD,54.0,121,0.2369077842563636,0.2276488986821188,0.2410398488928035,0.5950963464401445,0.6191390826396677,0.6118321324128599,0.21875102242486472,0.35070004050121023,0.5785334454088694,0.7794237163780351,0.5625161740895998,0.521538260502326,0.775630507774999,-0.04931595832326019,0.34416547030996336,0.9346593690107622,0.18849089635854344,0.003499999999999999,0.21975405425328032,61.91615366972478,0.011039755351681958,0.25624243501529054,0.2489577752293578,0.2973931863209579,0.14363157894736844,0.11850198412698412,0.22491553465691397,0.5039070415400203,0.26053168351666245,0.4300438241639698,2026-10-04,7.6923076923076925,0.65
665804,Miguel,Amaya,CHC,75.0,174,0.22137651318635881,0.2429707277896137,0.21206866206426617,0.62251964506419,0.5657805147431996,0.583470035282468,0.1593580691472015,0.25924993649538974,0.4553234597342066,0.6501749210283052,0.5605827726005901,0.4028869302897975,0.6221627122084885,-0.022887262681877907,0.32708325010801004,0.9824706915898891,0.056576305220883534,0.19450645720135445,0.337147856130404,69.07191685435434,0.10608805233805234,0.22059978657228657,0.2774055178839554,0.17736359761295822,0.5261784511784512,0.7183333333333333,0.15922619047619047,0.29230182926829273,0.18500910294604433,0.4166194116042926,2026-09-27,9.0,0.35
691019,Kyle,Teel,CWS,45.0,115,0.20971751706883315,0.22284171140808517,0.20458196276216933,0.5862069507145926,0.551167783336719,0.5612286675283651,0.1292656614898936,0.24818128793194094,0.3839728528477546,0.6315352406608477,0.5602972766825877,0.367523084694493,0.6538255245328142,-0.0009313908457774245,0.3144548940123404,1.014201425670904,0.3883472369350282,0.10293641860875709,0.44800229519774015,88.09415583452042,0.11267509496676165,0.4035637212132004,0.45128564963200385,0.31832616445787804,0.14657119582926037,0.010714285714285713,0.2736949474625531,0.19376523393377326,0.3155540908425027,0.29028231516599173,2026-10-05,3.25,0.8
663993,Nathaniel,Lowe,CLE,49.0,378,0.2216544918325326,0.19996187557783318,0.224466497643327,0.5419768907334361,0.5892269213898608,0.583990276083763,0.1899598199638647,0.2692380004182054,0.5216200541674513,0.6664078332524943,0.5593783039909059,0.47274498385659425,0.6455128802476364,-0.024611972092857037,0.32667149018291625,1.0047543997107038,0.3838355834136934,0.03560963114754099,0.6106900916104147,89.64893148518148,0.03811188811188811,0.2740050616050616,0.3206898601398601,0.21115694589098846,0.18628787878787878,0.18716849451645068,0.18263706858890347,0.23381432788390494,0.20351181122594217,0.22953857003998782,2026-10-05,5.583333333333333,0.6
650968,Yohel,Pozo,BAL,25.0,36,0.22152133798782453,0.24465285892378327,0.20545778178229762,0.6254471860170914,0.5528951048451599,0.5837411348092167,0.1550665770122629,0.3668442410998929,0.44552915602592136,0.7980299538026598,0.5587385331521726,0.28413168023037194,0.6245203678902909,-0.025002601657044154,0.3261586654038864,0.8936475409836067,0.010040983606557377,0.0,0.060245901639344256,64.50963235294117,0.0034313725490196074,0.3686312254901961,0.34892982843137255,0.3517113095238095,0.04078947368421053,0.1433333333333333,0.05277777777777777,0.2937245002039984,0.34951479076479075,0.43963779187564356,2026-09-25,8.0,0.15
595879,Javier,Báez,DET,59.0,136,0.21742128991017093,0.23965458938891288,0.20777596145983435,0.6167005013437091,0.5574441800844581,0.5760173344754902,0.17717856265131265,0.294762547503768,0.49467638638287825,0.7054399886290577,0.5584887975141724,0.4413762073081303,0.6923103731606176,-0.017528536961317842,0.3216992284785353,0.9908746438746439,0.22546153846153844,0.006282051282051281,0.3351175213675213,70.28397659817352,0.047722602739726026,0.31651553652968034,0.34972106735159814,0.12566602316602316,0.2587962962962963,0.7220430107526883,0.32086038961038965,0.1108105848601651,0.3958316617974098,0.48060171110918093,2026-09-26,8.6,0.25
682663,Agustín,Ramírez,MIA,93.0,160,0.2203106333734841,0.21334922682927027,0.22435695092730842,0.5682454644657022,0.5890238047530002,0.5814709190232508,0.1638741864958826,0.2637883074217233,0.46549630690096355,0.6576191330065424,0.5584398489168196,0.4203923691451584,0.6464155215452013,-0.02303107010643113,0.3247165321688684,0.7989146982620043,0.1924116345481022,0.004841897233201581,0.21226572990146944,70.97792622655122,0.022702020202020202,0.26226145021645025,0.27283310606060607,0.255421146953405,0.10535714285714284,0.10964175143741707,0.17357262185534592,0.18298866320264526,0.2807770557615759,0.3349282458378797,2026-09-27,6.0,0.6
608324,Alex,Bregman,CHC,177.0,525,0.22764198928295448,0.2338879603510664,0.2255362047514196,0.6064290763093545,0.5912065577347587,0.5950836684587724,0.19976798027643655,0.26186749713672586,0.5415882542200696,0.6544824170072082,0.5582920267301497,0.5722922575954212,0.7199209587270914,-0.036791641728622704,0.33223046733786044,1.5144332096856135,0.2910893171109517,0.04918639053254438,0.5842083464078657,88.73008254517492,0.14196059207996922,0.3087418852364475,0.4019666278354479,0.21902163983099235,0.3077501164686699,0.17568361937752586,0.19277061109732904,0.21763861652452715,0.17160234724499152,0.240821907296051,2026-09-30,3.125,0.8
682626,Francisco,Álvarez,NYM,119.0,296,0.20737910050283648,0.2031167054660804,0.20909269850747828,0.5482673003427341,0.5600133017047195,0.5566677570877702,0.173228102268494,0.2513751815645613,0.48613389487303516,0.6369848311950579,0.558242439670682,0.5196688348455415,0.698022583016307,0.0015746825829118238,0.3107555668026834,0.9524700725980848,0.21030815569972194,0.0059036144578313255,0.41532765678097006,74.03993227946917,0.1269823380171741,0.29041270003903197,0.3646864441842311,0.11162431941923776,0.1631636172246153,0.15673552374756017,0.13009808523955846,0.14123463952909376,0.3308727760786472,0.3085029694571532,2026-09-26,7.615384615384615,0.65
663743,Nick,Fortes,TB,161.0,157,0.2196990933236779,0.2278235135098246,0.21136768154043192,0.5954166511710384,0.5644269537279774,0.5803208531210886,0.19831421072254926,0.29211812636374124,0.538666865002833,0.7015560557503626,0.557863837276181,0.48668116469928957,0.6754684294710319,-0.022457015844907557,0.32374001797351754,0.8679459691252145,0.10912277253668763,0.015408805031446541,0.26665654183342863,56.171888057594586,0.036794184076792774,0.17442922783738002,0.1925778961980049,0.18017113095238094,0.14158227848101268,0.21958973520758418,0.17551328502415459,0.168335968277006,0.23443382790188894,0.3922774772351044,2026-09-27,7.875,0.4
811965,Joshua,Kuroda-Grauer,ATH,32.0,42,0.22399495422824728,0.2387206376356224,0.21277538591786627,0.6150501115669854,0.5671421216833545,0.5883520963804731,0.252381884912968,0.4649923738264983,0.6386905206793599,0.887989198660105,0.5577721744949375,0.500436192839144,0.8618613704787786,-0.0305799218855356,0.3281664281667916,0.4795945945945945,0.1868243243243243,0.008277027027027024,0.0331081081081081,68.8227049180328,0.0028688524590163933,0.22000655737704922,0.2093836065573771,0.4961484593837535,0.1136200716845878,0.056249999999999994,0.18166666666666667,0.2358974358974359,0.19462377768981542,0.41849948792246394,2026-09-27,7.0,0.15
671732,Lawrence,Butler,ATH,147.0,388,0.22443894359578,0.22155375834119395,0.22553204213295563,0.583801805642953,0.5911988674863465,0.5891758386545054,0.1770041743563558,0.24583162472886466,0.4943014440967768,0.6274889930874139,0.5576922125213071,0.45031543996943135,0.6085691066021788,-0.03148362613319833,0.3285787770233278,1.2309491822429908,0.21155654434671062,0.012554975261132494,0.32752891927799166,69.93504117406212,0.09556067352474538,0.2696035673524746,0.31325414261221146,0.18933932507045714,0.1898573200992556,0.2645558223289316,0.24040949992036947,0.12215015631787997,0.15949149672528182,0.20443737863261066,2026-09-27,3.15,1.0
677649,Ezequiel,Duran,TEX,162.0,428,0.19384599138031114,0.15204064358716055,0.2096695108721111,0.4385480067798768,0.5611353734216811,0.5296046038906479,0.20472924957889482,0.2732458978356576,0.5514586004660136,0.6727676574097621,0.5575707375539154,0.5363553277985231,0.6896823255959073,0.0279661336632675,0.29529202960325773,0.5075720338983051,0.23942514124293787,0.01682768361581921,0.14209322033898306,70.08722050729841,0.03580820770519263,0.2198626612227806,0.22753770190236897,0.19638062239106985,0.2318605048616756,0.1606818181818182,0.15362100417190627,0.1906162535636643,0.22801976598588652,0.30750408026113674,2026-09-27,4.1,1.0
630105,Jake,Cronenworth,SD,97.0,339,0.211011532588795,0.21543927751095274,0.2097445967261127,0.5722470948573903,0.5612812872438131,0.5637380932185977,0.16261049730694385,0.23717323224906803,0.4626635604209316,0.6123045229604906,0.5573652923094425,0.4349725864921189,0.6168223413435806,-0.006372800909155152,0.31420804711275147,1.0022788708383077,0.15991798200483848,0.16924379591737881,0.5950298323868396,84.49312534979508,0.047944405348346236,0.22745508992217578,0.24989573916463137,0.2521082157723915,0.10144787644787645,0.16846479949214,0.21264039065224977,0.14001899921799799,0.16178920066082111,0.3016447047997881,2026-10-04,7.5,1.0
694376,Shay,Whitcomb,SF,46.0,74,0.18279687593253957,0.24466051848950127,0.14434109812686063,0.6254604793279468,0.4205014479416913,0.5066500781266303,0.13824476478840256,0.2803667350628196,0.40592160771669905,0.6838528244685183,0.5568415109435709,0.2768785562754973,0.555902462589681,0.05019143281694061,0.2821237950237111,0.8615540415276234,0.13977150537634409,0.0,0.23134325176121617,68.57873873744344,0.045866881374127755,0.2962763994325589,0.3096608786711142,0.38142914999047073,0.1318452380952381,0.13089574898785425,0.35107786357786364,0.11936758893280633,0.19382750638047247,0.27342651195499296,2026-09-27,6.235294117647059,0.85
671056,Iván,Herrera,STL,216.0,491,0.20449310334740395,0.22548206884306576,0.19525966842466885,0.5911065360375296,0.532485390629724,0.5509922657149477,0.17829244101805275,0.23789242714017672,0.49706658938465353,0.6135823367505704,0.5565731299383107,0.5441867952191887,0.6924041709067671,0.0055808642233629024,0.3066674899007698,1.0552280835370986,0.21501904036557504,0.11476199543031226,0.270334008097166,68.27261018343125,0.15206789106682042,0.30223931784073654,0.41019398306383725,0.17910745109321058,0.15821678321678323,0.08840116279069768,0.14571303148124923,0.15478661611786765,0.2387682929330934,0.28651677577298906,2026-09-27,2.0,0.95
682877,Juan,Brito,CIN,43.0,71,0.20126423229268214,0.20276085991318016,0.20035782401547908,0.5475608871589064,0.5427697839402995,0.5445811895163976,0.16066092236491547,0.313208455861823,0.45827228907361384,0.7315352388459095,0.5564605847191557,0.34840395448028794,0.6802974843758269,0.011879395202758158,0.3030379671453479,1.295266812865497,0.13946454678362574,0.00537280701754386,0.29753289473684214,66.2277578125,0.062031249999999996,0.25027781250000003,0.276914296875,0.21457301854889335,0.23210626185958255,0.365625,0.2118421052631579,0.2357456140350877,0.21027621172970012,0.2973366579073101,2026-09-27,6.153846153846154,0.65
682927,Ronny,Simon,PIT,23.0,44,0.21602588182526072,0.22843603815625116,0.209538754652243,0.5965388049463285,0.5608811930239714,0.5733654346299746,0.15268139048492926,0.35325763755530304,0.4400314874767459,0.7824497531006613,0.5557088741696785,0.3865815007622531,0.781193467627183,-0.017656560460296067,0.31862426016603157,0.607627248373517,0.15999330271718332,0.0,0.08739954075774971,65.6736652930403,0.016249999999999997,0.2132550251831502,0.2213840773809524,0.1258695652173913,0.16225490196078432,0.27,0.17708333333333331,0.06315789473684211,0.1886169332597904,0.3691911764705882,2026-09-27,6.875,0.4
608348,Carson,Kelly,CHC,137.0,295,0.2157775825540159,0.21645869415453783,0.2154612697090278,0.5741892355201017,0.5722890599195734,0.5728923163458063,0.1920231936596597,0.271084330270807,0.5258714258747368,0.6693484958065437,0.5555662385232395,0.5030073159832377,0.6775551970803649,-0.017326077822566788,0.31827962927110537,0.5678899819958848,0.08354001322751321,0.18152786963550854,0.16555059523809523,81.76777777777778,0.014151234567901235,0.2677636265432099,0.2743778395061729,0.12420738517380986,0.2850686498855835,0.15593971631205675,0.16145169432700196,0.16593462717058224,0.2060952824057663,0.27148947455739636,2026-09-30,8.076923076923077,0.65
682177,Daniel,Schneemann,CLE,67.0,219,0.22389526483852892,0.22563203513825814,0.22336392415322362,0.591383571447653,0.5871793047204548,0.5881669786219956,0.15083071424269898,0.24194076601375517,0.4357390819924236,0.6207190780203806,0.5553036721218426,0.40776720835377317,0.6144942289186515,-0.03286330650015301,0.32661128304960346,2.204632867132867,0.0513986013986014,0.0,0.47390734265734263,74.42642790262173,0.10688202247191012,0.35763206928838953,0.39340290262172284,0.30342455163883736,0.4002042900919306,0.3889455782312925,0.2025375939849624,0.45343137254901966,0.09880530973451328,0.3887110460743599,2026-09-27,8.0,0.05
691788,Joe,Mack,MIA,62.0,262,0.22387357390748397,0.20690951359990423,0.2278879698581326,0.5557477960889451,0.5955348409330696,0.5881266918710939,0.1775284564278799,0.2673251607604788,0.4954280740030299,0.6633415869026889,0.5552478205997933,0.4475799808888147,0.6382639219072378,-0.032878871271300625,0.326556063897991,1.32065329218107,0.18795974794238682,0.0037808641975308637,0.709886188271605,71.58366378474467,0.11167380413703944,0.27239552036199094,0.34063899321266966,0.18373705312395588,0.2715294117647059,0.1329861111111111,0.2572337962962963,0.14651204994192799,0.2638745263205954,0.33625707114970915,2026-09-25,8.076923076923077,0.65
703197,Michael,Arroyo,SEA,21.0,19,0.25128644649791454,0.2535794241770411,0.24875210274730097,0.6407120851792617,0.6325134547159661,0.6368342092603594,0.20084502231782703,0.4798225381012234,0.543744060519854,0.898484967153667,0.5549883402666637,0.24809535365737387,0.698830199745016,-0.08184586899369573,0.35343556082244004,1.12678125,0.28218750000000004,0.0,0.17215624999999998,68.65284482758622,0.015517241379310345,0.30894339080459776,0.3026508620689655,0.55,0.4239495798319328,0.2975,0.3975,0.23625,0.09642857142857142,0.29525641025641025,2026-09-27,7.0,0.35
666152,David,Hamilton,MIL,77.0,299,0.23120753007462505,0.20652978970129435,0.23756266722762326,0.555002887931042,0.6129968170934101,0.6015884472581045,0.1817641677195161,0.2653735916709578,0.5044645487894239,0.6601925649868212,0.5548067003890582,0.4143158705103379,0.5940987013901028,-0.04678174686904624,0.3337653014154459,0.902801668668497,0.16611884437199725,0.06776595744680851,0.3748621954358271,78.98723594771243,0.038634453781512604,0.26280540989729223,0.2842982348272643,0.2477854633874732,0.3011991279069768,0.06894995898277276,0.2507226056945643,0.14800303983490887,0.1886573992169509,0.29078918519275393,2026-10-04,9.0,0.5
665750,Leody,Taveras,BAL,158.0,313,0.21716300064545974,0.20673853605569387,0.22242519043837672,0.5554124980599836,0.5854302216507831,0.5755273597954307,0.16597468291109888,0.23803691981867833,0.4701812558076438,0.6138386975698135,0.5547069336006425,0.4604256517486356,0.6279126221787636,-0.02082042619478819,0.31924901695539704,1.0306382984861073,0.07349721337579618,0.0013004246284501059,0.256611309194129,66.08727267109029,0.05034998698933126,0.23893307799895916,0.2693063283892792,0.46357904727469945,0.10529777128242601,0.28427814938684504,0.1336282051282051,0.30163412246793964,0.14855468719037748,0.30239935715978083,2026-09-25,8.0,0.55
680577,DaShawn,Keirsey,ATL,0.0,5,0.21315060719555104,0.0,0.21315060719555104,0.0,0.5678637995682134,0.5678637995682134,0.036224108632430196,0.6244653702374748,0.12114707166081484,0.9675454964560062,0.5543341784075195,0.09453120573423068,0.9054687942657693,-0.013529621160693894,0.31478631278101793,0.315,0.0,0.0,0.599375,65.26374999999999,0.0,0.2108875,0.1984875,0.0,0.0,0.3375,0.675,0.0,0.46931818181818186,0.3976190476190476,2026-09-27,9.0,0.05
608070,José,Ramírez,CLE,162.0,374,0.19924366764458618,0.2151184501642533,0.1923674249489015,0.5716345642269081,0.5265780432735958,0.5405361619352438,0.17492770412535105,0.24342004433037898,0.4898216599069024,0.6233032188578109,0.554212342398197,0.5239072313441495,0.6917403765486954,0.013676180462953269,0.2995718124570626,0.6540571979844367,0.3631043500446486,0.0034281716417910437,0.1698383483224901,87.5339782964783,0.015642915642915645,0.2245693693693694,0.2306801597051597,0.18420642763034067,0.0957773993187738,0.12101478386630243,0.15543194403200167,0.14209533919171802,0.1453606140541504,0.2531516926820968,2026-10-05,2.2222222222222223,0.9
814154,Scott,Bandura,SF,12.0,18,0.21365671372197148,0.23982544126900954,0.19621089535727942,0.6170018665717805,0.5344166909861947,0.5688358522725359,0.09505107177289873,0.3730569641314826,0.2950079086703593,0.8048815717220443,0.5540292012162817,0.253781597633706,0.746218402366294,-0.014806651056254116,0.3151516728577359,0.5733333333333334,0.0525,0.0,0.11750000000000002,64.48666666666666,0.0,0.24147916666666666,0.23190416666666666,0.0,0.33333333333333337,0.3553571428571428,0.24007352941176469,0.10384615384615385,0.3363476733977173,0.38446969696969696,2026-09-27,7.1,0.5
695731,Braden,Montgomery,CWS,110.0,269,0.21524430575247808,0.1934091931869693,0.22417316219190545,0.5287119398413838,0.5886828707442386,0.5718749251140647,0.16331254471797568,0.24375271749460853,0.46423862401027505,0.6238826264419381,0.553804519655169,0.48336967940369435,0.6768843892866931,-0.01807040545889571,0.3167069182056303,1.0682296816320271,0.13874894210185693,0.004848284960422163,0.24314271897132528,87.68106499013807,0.016606673241288623,0.31261273609937074,0.3209435483939138,0.3653397546510875,0.0674078301317943,0.07339748432424265,0.2583491666750275,0.20110977960580573,0.32450840282260085,0.32661037564096096,2026-10-05,8.133333333333333,0.75
681987,Nate,Eaton,BOS,37.0,25,0.21928324500021656,0.22186087143608746,0.2154683578751277,0.5843762179829765,0.5723025847863614,0.5795375180493795,0.07829411405317005,0.25343393711554596,0.24825030070611165,0.6404669208777198,0.5537170861828425,0.1636059318135624,0.5268140225895724,-0.02582043186653693,0.3208998258279389,1.2564068100358425,0.35710125448028673,0.019758064516129034,0.10239695340501792,76.48695255102041,0.009999999999999998,0.40501245918367346,0.3833601479591836,0.09841628959276019,0.46458333333333335,0.56,0.32613636363636367,0.2725,0.270549001465032,0.2782327586206897,2026-09-30,8.857142857142858,0.35
671277,Luis,García,NYY,91.0,463,0.22978682887583035,0.22985656845488983,0.22977312196072364,0.5991326777439897,0.5989806355951072,0.599005612854322,0.22857141672219233,0.3017610893022225,0.5967865200779099,0.7155446118059565,0.5529881596228,0.5096690831978822,0.6647028208492497,-0.046017453231521954,0.33124301145603896,1.3475495972055087,0.12113125083567322,0.0,0.4460393267816553,90.14662718531468,0.09184461371961372,0.35033380494505495,0.4085226905039405,0.32108354602171446,0.2546626984126984,0.14998214285714284,0.3302741228070175,0.11332493932038835,0.2381399828191989,0.38137228015262886,2026-10-05,3.6666666666666665,0.75
657757,Gavin,Sheets,SD,71.0,349,0.19245485843894378,0.07796231249815981,0.21574703827216918,0.2473027056637821,0.5728340903079508,0.5267574016467718,0.15143157894695283,0.22569400774161827,0.4371352776050256,0.5914980153832099,0.5527781718531618,0.4139974353838816,0.5860025646161183,0.026020770206390043,0.2911799934924242,2.8333333333333335,0.46554166666666674,0.0072916666666666685,1.2057083333333336,78.1539285714286,0.23343750000000002,0.26305540178571424,0.4756009821428571,0.3380845611787316,0.035388795986622076,0.07419354838709677,0.28894389438943896,0.07320609436435124,0.10619592875318065,0.28365383092010577,2026-10-04,5.333333333333333,0.15
624641,Edmundo,Sosa,PHI,138.0,113,0.23838312009173318,0.2548265273643601,0.21830179085613566,0.6428087173180311,0.5776846087972589,0.6144524364046113,0.18683907994123905,0.29126781594818335,0.5151384505220611,0.7002994486198016,0.5523138020330431,0.40776720835377317,0.6144942289186515,-0.06213863437156819,0.33937056131909754,1.9262433598937583,0.017081673306772908,0.014641434262948207,0.2598099269588313,88.14311642380086,0.022249544626593808,0.24695042122040078,0.25555978369763205,0.3752853207398662,0.23896526237989654,0.24812499999999998,0.25581232492997197,0.3115275974025974,0.303096400633583,0.6354874092009686,2026-10-01,7.142857142857143,0.35
694671,Wyatt,Langford,TEX,154.0,315,0.1755313384202026,0.12406343693232566,0.20069342359205355,0.3709947183397301,0.5434410594956639,0.49112685296657177,0.17459829398823584,0.24804116600986859,0.48910839354121294,0.6312948275583583,0.552184290124021,0.4884056896895063,0.669708939079885,0.06105743715744927,0.27119253266619087,0.6840434609250399,0.3613661893879883,0.0052238805970149255,0.17157335928015424,64.7101156987296,0.05443086433756806,0.22578978845281308,0.2497314144736842,0.2004650451220951,0.12515527950310557,0.08,0.10905445451409576,0.17264417819616795,0.2666626425959364,0.2142482319029153,2026-09-27,4.2,1.0
624431,Jose,Trevino,CIN,39.0,114,0.21787428509295875,0.2040394743610089,0.22260724665915216,0.5500954808763283,0.5857698484224453,0.5768756904582208,0.15790572462775856,0.2873940025351913,0.4520227828955954,0.6945267707065191,0.5521774573759199,0.37242453748226834,0.6472444496631784,-0.024698233082300902,0.31853775197919865,0.6834967320261438,0.004003267973856209,0.0,0.20910947712418299,67.8727009936766,0.004268292682926829,0.24388222673893406,0.23637619692863596,0.34554029304029305,0.05193965517241379,0.06310160427807487,0.16524725274725277,0.16967657342657344,0.14044802867383513,0.34395863723684944,2026-09-25,7.8,0.25
691181,Emmanuel,Rodriguez,MIN,15.0,33,0.18017446209534754,0.14519963319771487,0.1960721115942715,0.4225339594162406,0.5341352704919619,0.5010867370314225,0.08695513576485565,0.29577828401255607,0.2726852203872939,0.7069221841836844,0.5515240738025596,0.29143795714506004,0.7679393219046169,0.05043733677113715,0.27636139853600206,1.0476562500000002,0.21015625000000004,0.0,0.219921875,68.71274784482758,0.14073275862068965,0.27176185344827586,0.3662340517241379,0.16875,0.084375,0.0421875,0.140625,0.084375,0.36944444444444446,0.428125,2026-09-25,7.083333333333333,0.6
828599,Lucas,Spence,HOU,21.0,50,0.20462958538403098,0.24169213956622793,0.1890633126275083,0.6202835147339532,0.5197644342345904,0.5512618287092838,0.11024726104284899,0.28848172274391254,0.3355800448707098,0.6961556171124611,0.5512411308773346,0.27329805161179566,0.6829219075488684,-2.069783194913466e-05,0.3038781938672131,1.9080265685019204,0.3292733674775928,0.00862676056338028,0.7397727272727272,89.07468092105265,0.20874102870813396,0.33908993421052636,0.4695140819377991,0.1973076923076923,0.10571428571428572,0.4458333333333333,0.1524193548387097,0.21464285714285714,0.3122591822591823,0.19927904781879197,2026-09-30,7.428571428571429,0.35
802139,JJ,Wetherholt,STL,218.0,397,0.20969916956166465,0.2017781232109569,0.2140487617643203,0.5456058913660792,0.5695877644469562,0.561193013089738,0.18095572660230333,0.24539169253068135,0.5027488186634637,0.6267278939387295,0.5507592623553238,0.5180822383990863,0.67932125866587,-0.010433750734414216,0.30908224992826566,0.7713071646341463,0.13352938685636853,0.015934959349593495,0.22223577235772357,66.87363122731772,0.042209151270207856,0.24517888021692513,0.27618136701996043,0.13688475452196383,0.186629798308393,0.06625,0.14062144482366326,0.14773105250653362,0.18451591932056488,0.23040848875354258,2026-09-26,1.0,0.4
572233,Christian,Walker,HOU,142.0,495,0.20374211757828553,0.2012053250613865,0.2044698439164667,0.5444636227634715,0.5509463149363167,0.5495069388022703,0.1731296738616445,0.23546039973088925,0.4859197452105203,0.6092491350599564,0.5503503340276785,0.4950411766430827,0.6479567802807,0.0008433952254082167,0.30242132732035654,1.2380586601886412,0.4746345608294854,0.009615384615384614,0.37123710049012926,84.93972801196982,0.11623601353109551,0.2771879931043456,0.35058180327868854,0.1853225806451613,0.2029584221748401,0.09802989130434783,0.09501774937877175,0.253811019866451,0.312599083478369,0.32988426383680225,2026-09-30,6.157894736842105,0.95
699115,Carlos,Jorge,CIN,5.0,45,0.22222843723985308,0.22052978635092113,0.22241717622751217,0.5818825109569192,0.5854152665321903,0.5850629540125354,0.11243750015776109,0.33037105932225413,0.3412868909529323,0.7542917419286645,0.5498381992688912,0.23098652405492354,0.6682144360118811,-0.03522475474364417,0.3216899610931906,0.9552916666666669,0.22525,0.0,0.16137500000000002,59.521604343931934,0.048951336020301536,0.2741579713390058,0.2788005840423944,0.15459722222222222,0.30714285714285716,0.5704545454545454,0.043333333333333335,0.2947478991596639,0.2596336679437708,0.28692528735632183,2026-09-27,2.3,0.5
679529,Spencer,Torkelson,DET,178.0,429,0.20222713665750608,0.13978260071331486,0.2281365245317859,0.40962388453099885,0.5959903699132283,0.5464998780767512,0.16949391651081214,0.232969693761028,0.47796470947838976,0.6047755232550718,0.5492710663225867,0.46959600192610984,0.6225181323283406,0.002771188245835554,0.3001765707763807,1.2591203120457408,0.4936214749491229,0.16495299932163968,0.5190728268243047,61.270272040543134,0.08072886785236184,0.21694870673168867,0.27784284519028496,0.3175058743868524,0.10951013513513513,0.09473684210526315,0.23223799707407902,0.1603641456582633,0.29700266553350413,0.16355924407319727,2026-09-27,6.8,0.75
687462,Spencer,Horwitz,PIT,89.0,357,0.19939083509311406,0.21746367680028028,0.19488528071793815,0.5760977037904752,0.5317236947855124,0.5408316439050677,0.17546209421265135,0.25100250805772706,0.4909772526652364,0.6363519424898954,0.5489685813997089,0.5047115802156262,0.6819799307361761,0.008136937494641283,0.2968995803306375,0.7088381556820864,0.3522042792659901,0.00961322869955157,0.31190719406419637,65.99233034188035,0.008974358974358974,0.24395433226495727,0.2433989123931624,0.18174768209289416,0.1310778587504019,0.06457023060796646,0.12224222350230415,0.1619963612321691,0.17992510245778695,0.21165758710602897,2026-09-27,7.076923076923077,0.65
645305,Ali,Sánchez,NYY,42.0,48,0.22396973372075607,0.21619575226982435,0.23077196749032136,0.5736888960954482,0.6007978615575181,0.5883052688913248,0.1579819438436464,0.330517056457328,0.452196357095519,0.754479189385591,0.5488661089466091,0.24891373465561337,0.5410093854307492,-0.039439159944715696,0.32290082380917007,0.4721759259259259,0.006805555555555554,0.11990740740740738,0.07972222222222222,64.70478832642769,0.01718158890290038,0.17692870203566924,0.17786331742028466,0.26897727272727273,0.05966666666666666,0.3125,0.22486772486772488,0.18816194581280787,0.10442115624699894,0.41112745098039216,2026-09-25,8.25,0.2
672356,Gabriel,Arias,CHC,50.0,97,0.18056477886202887,0.19565378851073734,0.17278693883692145,0.533286275607117,0.48517356271895806,0.5019176018787823,0.17049881241017126,0.30577249510941695,0.48017215098564825,0.7212233746242159,0.5488564356549515,0.41245459838218734,0.6858903373450472,0.04693883377616914,0.27548070595966945,0.8517857142857141,0.02916666666666666,0.0,0.054166666666666655,46.5669375,0.017499999999999998,0.1651246875,0.16953687499999998,0.36464544721998393,0.10495283018867924,0.08412698412698412,0.07976858345021037,0.24245798319327733,0.25883281520865414,0.45556832547982984,2026-09-27,,0.0
695681,Christian,Moore,LAA,51.0,95,0.1996715916128879,0.21971191440881743,0.18891310253296784,0.5803449876700841,0.5194530224173894,0.5413949687521036,0.11875807430501015,0.24056476761367954,0.3575593276964787,0.618304012055801,0.5480715709825901,0.37258971384496664,0.6752097667747393,0.006676602230486495,0.2967231910460357,0.7911635002174386,0.28253985241356816,0.004195205479452054,0.5117408336051315,68.93745805647842,0.10640365448504985,0.2661575332225914,0.32315696013289036,0.21175494181412402,0.13951417004048583,0.0,0.08934676434676435,0.1859424454439447,0.2656866875657188,0.32561150431014174,2026-09-27,6.944444444444445,0.9
699393,Pedro,Ramírez,CHC,47.0,218,0.2083999003859705,0.26113584354511,0.1970302245672569,0.65328223416668,0.5360756220366925,0.5586628962511069,0.19045931768010788,0.2925073325912437,0.5226517060588547,0.7021299756786243,0.5476236389314403,0.3983739722469014,0.6136972782384921,-0.011039257319666596,0.30593700818100883,0.83156857092942,0.11585097833682742,0.0524767645003494,0.23874047868623344,84.19405181558548,0.01720035778175313,0.2334563113956627,0.23283768038163388,0.2828129626156428,0.1222165300546448,0.11764275902668758,0.14348864141125706,0.20920462685803465,0.18151463645002816,0.3618059746312138,2026-09-29,7.6,0.75
669326,Bryce,Teodosio,LAA,47.0,28,0.22074782041319302,0.22622982411639364,0.21154588562567767,0.5924865454467365,0.5647713428724995,0.5822917144606414,0.12512147714196709,0.30411282834771647,0.3736499109295627,0.7188837784102291,0.5474100670076412,0.215325129609656,0.5577076558789762,-0.034881647453000264,0.318752346430894,0.7245,0.08983333333333332,0.0,0.5938333333333334,62.86889534883721,0.008139534883720928,0.36200949612403105,0.342118023255814,0.35595238095238096,0.015789473684210523,0.2159090909090909,0.039473684210526314,0.2330357142857143,0.3925638315173199,0.4412163943340633,2026-09-27,8.666666666666666,0.3
668709,JJ,Bleday,CIN,152.0,388,0.2025338919996967,0.19890576697004791,0.2039552193308993,0.5398572129819132,0.5499287752830466,0.5471099058065791,0.15640058083321573,0.22209476092880415,0.4485870616554293,0.5848132957473671,0.547154791164586,0.4790094724543421,0.6452218836456789,4.48853580068409e-05,0.29935380625567515,1.0793096958747366,0.24691213740841117,0.0034027777777777776,0.1972971870922413,68.17214422678771,0.0640097149227584,0.250982403408186,0.29583139433030736,0.27880086223328515,0.19495011737089202,0.12209039548022599,0.1198898251227209,0.19675227588465838,0.22734406628599052,0.20483889619690934,2026-09-27,5.222222222222222,0.9
695734,Daylen,Lile,WSH,177.0,468,0.21731326430682474,0.2163097689520523,0.21769279139612968,0.5739059044756951,0.5765319370811194,0.5758124591048961,0.19866547342022045,0.26345274474307767,0.539373951699883,0.6570726257954386,0.546569313190578,0.5289051905524178,0.6786124929736372,-0.02924314591431809,0.3147214202995408,0.7763443974630022,0.0510077519379845,0.005697674418604652,0.1970798449612403,67.84598745722666,0.08945211422519146,0.20889357485334856,0.25087256387485746,0.19083218891751505,0.15357237874797136,0.29656546256946714,0.2485028506525322,0.11159964942169451,0.18714918582375478,0.44182332559317217,2026-09-27,4.625,0.8
519317,Giancarlo,Stanton,NYY,30.0,67,0.16166580442702555,0.028091600438476295,0.22147514949652525,0.09491644478402594,0.5836546876327577,0.4605388986072535,0.1635147536639664,0.3307408769424596,0.46469167319201654,0.7547663568086922,0.546302674278244,0.3706733186979878,0.7333436111893266,0.08576377567099047,0.25159363191829964,0.2399484536082474,0.03788659793814433,0.0,0.08840206185567011,16.47381147540984,0.031557377049180324,0.06324959016393442,0.07763975409836066,0.028571428571428567,0.0328125,0.05217391304347826,0.02019230769230769,0.05333333333333334,0.05228571428571429,0.045,2026-10-03,,0.0
682657,Angel,Martínez,CLE,151.0,266,0.2207798860482892,0.24883902853415066,0.2048515758401498,0.6326622578345366,0.5517000307619702,0.5823518706912966,0.19908421257904868,0.2805297954759222,0.540215855681508,0.6841034767415972,0.545870484700276,0.47505894003317817,0.657870925964346,-0.036481385991020576,0.3178886979203705,1.0579051062555527,0.06718168808606366,0.01028177458033573,0.42301835621286255,88.28300944793494,0.027291937887964374,0.24338020744891603,0.2560893480783381,0.2454098006776017,0.1391758241758242,0.1153227840121044,0.14132996632996633,0.23716304786754883,0.21358746880867263,0.47470659807526683,2026-10-05,5.333333333333333,0.75
701678,Hao-Yu,Lee,DET,144.0,215,0.2223566664511591,0.23834460737716295,0.2116484641565333,0.6143841960887237,0.5649694932708827,0.5853023383120072,0.20089349731386036,0.2892419447569376,0.5438409173873852,0.6972903497114644,0.5458608194352077,0.4659852332977716,0.6492206505667493,-0.039441518876799475,0.3194936140083354,1.0808120560168464,0.3145579358448508,0.0,0.2558793511182045,67.88167503700095,0.07285236625514403,0.2585367468052848,0.289173948767237,0.27635345060250754,0.13288631750316846,0.08375,0.1920130733628074,0.16669560628500418,0.2583141321044547,0.2686458829522973,2026-09-27,3.2941176470588234,0.85
701358,Cam,Smith,HOU,147.0,422,0.20570602156026369,0.20564200855833498,0.20572831992823412,0.5532578380948727,0.5534277085068599,0.5533838272500644,0.1613398779019615,0.2259251417727632,0.45980448325061485,0.5919246454252405,0.5457444986856664,0.4309481518820816,0.5884265041231554,-0.007639328564397974,0.30200617938334184,1.5069823350556142,0.27789304843368895,0.15807118727897232,0.32194649737748054,87.07078149957967,0.1990572128520387,0.3867968228181484,0.5381994415326817,0.2374072700296736,0.11427461944703324,0.2311904761904762,0.18064123376623376,0.2143317240088497,0.3093198677952528,0.33252257502369187,2026-09-30,7.631578947368421,0.95
688363,Graham,Pauley,MIA,8.0,143,0.22270208060874536,0.1418662629127707,0.2272243641162125,0.4146138846216253,0.5943168459339379,0.5859466828728642,0.14286154428419245,0.26944055689028895,0.416986742023304,0.6667313550725185,0.545232164522653,0.32657579152922234,0.5854602451289419,-0.040714518350211226,0.31947697819764026,0.9074917218543045,0.1301117549668874,0.03661009933774834,0.321171357615894,61.027638188608776,0.04247899159663866,0.21334230625583567,0.2319573436041083,0.16941275602800104,0.07571428571428572,0.35502873563218396,0.2434891304347826,0.13567947646895015,0.14829865345528456,0.32718393024132925,2026-09-27,7.555555555555555,0.45
687597,Jordan,Beck,COL,96.0,83,0.2134790960273396,0.23756647445335455,0.18561899567917778,0.6130035807935279,0.5125874326913179,0.5684948891970631,0.13439216775161802,0.2475860732401314,0.3965738582085022,0.6305132327451015,0.5441346590450331,0.34012932293855763,0.5827595186924353,-0.024360230152030038,0.30933777270208784,0.6133554469273742,0.22327164804469274,0.0,0.03763966480446927,68.4076589506173,0.006481481481481481,0.2705405709876543,0.2703881172839506,0.29607142857142854,0.4192939244663383,0.15333781362007168,0.10090613266583229,0.2791075917546506,0.35715491938402155,0.31359085853564195,2026-09-27,7.714285714285714,0.35
800543,Josue,De Paula,LAD,13.0,30,0.19732456730644865,0.1605234310770074,0.21327172633920655,0.4579616359265566,0.5680965691927694,0.5366705581889124,0.13153678479384479,0.37744520297809003,0.3895782517140861,0.8096199030863875,0.5434181102259845,0.253781597633706,0.746218402366294,0.006747552037072113,0.29163650054494306,1.3338662790697673,0.5616279069767443,0.0,0.2563953488372093,75.50162037037038,0.05000000000000001,0.31355740740740745,0.32098379629629636,0.1396551724137931,0.16875,0.225,0.2625,0.081,0.2767307692307692,0.12397959183673471,2026-10-04,6.6,0.5
681297,Colton,Cowser,BAL,63.0,325,0.21772469928806526,0.13075933545419063,0.23458260058509325,0.3876635345279612,0.6076766506056752,0.5765923858339622,0.1618093882134423,0.2410103116104145,0.4608622117946206,0.6190872017826219,0.5433106293648895,0.3720873778212364,0.5395743482513645,-0.03328175646907272,0.3132687720344532,0.982428413742847,0.4293157042351631,0.0015786082474226802,0.19183485998885486,68.8500349025974,0.01670454545454545,0.30489560606060606,0.3058202398989899,0.14038306451612903,0.5076322788353864,0.3056186868686869,0.1465084745762712,0.29131326544976777,0.2952400728059692,0.2807184305384847,2026-09-25,7.866666666666666,0.75
664728,Kyle,Isbel,KC,74.0,238,0.21638552146561613,0.2101528906604624,0.2183233982705799,0.5620741155742319,0.57772546458919,0.5740500408854567,0.1698704610390401,0.2602233566880762,0.4787926426526936,0.6517812486906436,0.5431986557949519,0.41196037089885473,0.6080713876874436,-0.03085138509050489,0.31182321056801726,0.7693984407686331,0.048273134451019065,0.005889423076923077,0.043189102564102556,67.68474391233765,0.004772727272727272,0.2527777708633958,0.2420475091690717,0.28303879310344826,0.18125942684766216,0.09007936507936506,0.2924621662598149,0.0956487347190357,0.14462576271361802,0.3666232935153584,2026-09-27,8.5,0.7
553869,Elías,Díaz,TEX,101.0,127,0.1796288252783237,0.23296985738775122,0.13720800446688924,0.6047758183443781,0.40341631051355586,0.49992358470183174,0.17442746434460282,0.28209769452507016,0.4887382185823913,0.6865063718399386,0.543181894362903,0.41552028690262677,0.6345789980939448,0.04325830966107125,0.27154943977503415,0.9741410818713452,0.05723318713450291,0.005372807017543859,0.3334978070175439,70.17161328125,0.0662109375,0.1628209765625,0.200079921875,0.1258029051172708,0.15215635268346112,0.5881493506493507,0.11984150717703348,0.5176339285714286,0.1720519005407144,0.2584546490284195,2026-09-27,8.11111111111111,0.45
691026,Masyn,Winn,STL,138.0,387,0.2053034698011597,0.20212902388112153,0.20643544276489428,0.5463046426971223,0.5548176683228199,0.5525911104558006,0.17510876629711764,0.24437698906592853,0.4902134077785498,0.6249681843459717,0.5431000219765245,0.5132181756799004,0.6781814178294647,-0.009491088479276044,0.3001122442325774,0.5558908045977011,0.35662077807250214,0.008166666666666666,0.267656940760389,70.84887237691687,0.005932203389830509,0.2752791656577886,0.2798143563357547,0.1427770193256439,0.09161904761904763,0.05117554858934169,0.15331439393939394,0.07627147447781485,0.2726723081877276,0.1974732132746401,2026-09-25,8.083333333333334,0.6
702332,Caleb,Durbin,BOS,162.0,418,0.20897460897743855,0.21136198247176033,0.2080493589628928,0.5644159367550012,0.5579784925124889,0.559783329973631,0.1856009190145272,0.25260273191747457,0.5125495651172811,0.6390639416707955,0.5427222188904967,0.4764168824349282,0.6319728260504724,-0.01706111108313435,0.3038068509412001,0.571254991021251,0.2764240059761391,0.04859953961191447,0.08744895562971203,83.58229466449569,0.07716265523152402,0.22448850854814528,0.24649360487766872,0.1535971685971686,0.21709432048681543,0.11541666666666667,0.17966903073286053,0.14175512270290233,0.15979499745055983,0.29121768172803175,2026-09-30,6.631578947368421,0.95
669224,Austin,Wells,NYY,102.0,293,0.21034271794761533,0.20992466760674125,0.21048825083078654,0.5616310765387102,0.5627245546149795,0.5624423749346386,0.13583313079956363,0.20977150927037216,0.4000823457624061,0.5613335777683774,0.542426641341481,0.3560584549578599,0.5275193922871394,-0.02001573359315756,0.30508372838392195,1.5219981540084386,0.46942194092827005,0.0046518987341772145,0.39819963080168774,91.22442708333332,0.13786458333333332,0.40666557291666666,0.47559170138888895,0.2735863589454921,0.40996590909090913,0.0918964368964369,0.21963263772151337,0.2383613782051282,0.2689831664664849,0.21729450483890694,2026-10-05,8.0,0.8
663457,Lars,Nootbaar,AZ,49.0,279,0.21822852040884821,0.18744315349919266,0.22363526943599205,0.5163979436385358,0.5876839015791209,0.577546046344203,0.1669574025125074,0.2544530484831757,0.47236301091017796,0.6421817431820158,0.5421504547416545,0.4362945616137018,0.6391027887609749,-0.03539559160254857,0.31311685165975434,0.9781811150010334,0.42442665809735425,0.0,0.209769177604382,67.2552411498708,0.08746705426356588,0.26346695284237726,0.3151319399224807,0.19451977726574501,0.11080530651253812,0.2486386532343584,0.12951034986257445,0.21167099290047148,0.17217034862393585,0.23150706739371407,2026-09-27,1.5,0.8
656976,Pavin,Smith,AZ,7.0,114,0.218281685523582,0.14240991930571628,0.22294047818608254,0.4159108728437777,0.5863909786043497,0.5776465906402094,0.10962287422309551,0.24155420456819165,0.33394670700207163,0.6200417153686861,0.5418747266979125,0.2634832568429192,0.5540410633965382,-0.03577186394229692,0.3130120884311444,0.9569636985692705,0.2383253354660979,0.0,0.35027214964898246,66.64127976190476,0.029464285714285714,0.2660306547619048,0.28427782738095236,0.2573717521652232,0.1280769230769231,0.15000000000000002,0.1888379942140791,0.18236111111111108,0.23637326176563844,0.33023213417598446,2026-09-27,6.909090909090909,0.55
699302,Héctor,Rodríguez,CIN,41.0,111,0.2070619370838535,0.14008565474977508,0.23180092425229687,0.41035152595189606,0.6026637111768727,0.556046556083752,0.1589758302199794,0.2891812863086289,0.4544561436369007,0.6971999202079369,0.5413143391529711,0.36484508651543807,0.6574557044556735,-0.014732216930780861,0.3009959740447617,1.0826973684210528,0.02820723684210526,0.004029605263157894,0.36784539473684214,61.41186471922103,0.05225730292116847,0.18544780032012803,0.2178641512605042,0.3293287250384025,0.08836956521739131,0.3078225806451613,0.15309506263817246,0.25621405351337834,0.21686289900575617,0.4564271658100662,2026-09-27,6.5625,0.8
571771,Enrique,Hernández,LAD,55.0,41,0.2110387535015938,0.19546168584973483,0.23193481986384362,0.5328960294578529,0.6029060506812606,0.5637907711408624,0.13910828905878486,0.30000247052485923,0.40800254201459163,0.7130291557699844,0.5407203390198432,0.2954126874008022,0.6041893824430271,-0.023070432121019224,0.30485313690754595,1.196264488868464,0.10315563725490196,0.0,0.45072508169934633,69.22822994987467,0.049369391219985445,0.23171787836526797,0.2688344116339235,0.31795833333333334,0.09438725490196079,0.03333333333333333,0.11760869565217393,0.2246549344375431,0.1652257799671593,0.27056746031746026,2026-09-27,8.333333333333334,0.45
687859,Troy,Johnston,COL,109.0,334,0.2106188351516797,0.21193971820565044,0.21018776852628207,0.5655317559285067,0.5621417942040432,0.5629776392508377,0.21035467616362002,0.2905868868942427,0.5624655661136961,0.6992904355177256,0.5404672231250425,0.5228464818201277,0.6895298089950423,-0.022510416125795185,0.3042709613673921,0.706342268623025,0.16594582392776525,0.15625959367945827,0.12361300790067722,68.90720143312102,0.0039012738853503185,0.2804115445859872,0.269215724522293,0.17353820966317848,0.11304347826086958,0.0651063829787234,0.15881399892364678,0.09773809523809524,0.32753108003108006,0.49178171670132126,2026-09-27,6.333333333333333,0.45
676551,Brewer,Hicklen,ATL,9.0,38,0.19905307954077434,0.13956385174901204,0.2131426334914549,0.40909826360065316,0.5678484723727585,0.5401532984114632,0.11989707998094996,0.3490402670919841,0.3604608775646647,0.7774439335659059,0.5403375657328042,0.24809535365737387,0.698830199745016,0.00018426732134102508,0.291865118386195,0.4771941489361701,0.24026595744680848,0.0,0.03909574468085106,65.61795108695652,0.04211956521739131,0.18331195652173915,0.1930178804347826,0.19683201058201058,0.12767857142857142,0.04444444444444444,0.08333333333333334,0.19916571319603354,0.26969362745098036,0.19748636320137802,2026-09-27,8.25,0.2
691011,Drew,Romo,CWS,40.0,163,0.09462013037922595,0.21463190486603384,0.06516938817387433,0.570704446072853,0.2101125047573389,0.2938321858914651,0.08892387487328957,0.1810483982825566,0.2781593571251808,0.5029457079579907,0.5391652552977082,0.27579361833967975,0.5173365819458839,0.2453330694062431,0.15842410552085542,0.4357758620689655,0.06034482758620689,0.009051724137931035,0.04525862068965517,25.020676691729324,0.010526315789473684,0.06658214285714285,0.0754389097744361,0.3867615467239528,0.029177897574123986,0.024696356275303644,0.272140522875817,0.040361689230147504,0.2656980950084398,0.2918220522441911,2026-09-27,9.0,0.05
666023,Freddy,Fermin,SD,75.0,182,0.22990630625986835,0.20195428094804113,0.24142499800924772,0.5459567716980054,0.6198151171693493,0.5992232820083845,0.1404056307294964,0.2346937083979988,0.4111191019659537,0.6078759379248434,0.5387741652640794,0.352733326843646,0.5647598410332293,-0.06044911674430509,0.3228460235708694,1.253455867294696,0.16861176530821217,0.007149805447470818,1.0511378763055501,74.3420927495292,0.006920903954802259,0.18497709510357815,0.18615795668549906,0.2982442348008386,0.2654188316800504,0.075,0.30672010915913356,0.17656805259417202,0.23359701420192913,0.3397898198164286,2026-10-04,8.5,0.2
605170,Víctor,Caratini,MIN,126.0,247,0.209676096610016,0.18855318575694663,0.2204513466808125,0.5187062651101868,0.5817352263900863,0.5611481728273648,0.15618775527777248,0.2361296380455533,0.44810001624871787,0.6104449763743497,0.5386403639946544,0.42476730553927733,0.6116488167787049,-0.02250780883271042,0.30225705606666703,0.5683567702962811,0.054189008042895434,0.1936276594830549,0.16708051917921224,65.62344860548808,0.022407782276203325,0.18153922345928925,0.1846803924876293,0.3246137339055794,0.07820234027130579,0.06447368421052631,0.2066228728728729,0.11778502939529675,0.25118199089969706,0.24934344310532736,2026-09-26,7.333333333333333,0.45
643396,Isiah,Kiner-Falefa,BOS,55.0,125,0.20417729090921205,0.1996861209257157,0.20615340570195045,0.5414241076985775,0.5542636516760007,0.5503680673121172,0.16274157861520305,0.282432536873711,0.4629578958984596,0.6870178399678283,0.5386212978283673,0.39010383924176983,0.6433178058754173,-0.011746769483749864,0.2964399626989428,0.44152236170465337,0.39762071165716995,0.0,0.09900462962962964,62.97245024875623,0.003917910447761194,0.2031925373134329,0.19090528606965174,0.1534908026755853,0.10854166666666666,0.5987745098039217,0.19838367252160355,0.07737268518518518,0.1663870635148238,0.2317003795824593,2026-09-25,8.272727272727273,0.55
620443,Luis,Torrens,NYM,86.0,191,0.2236020023178269,0.2100691861543476,0.22969531221342487,0.5619116609809235,0.5988388266701827,0.5876220613655321,0.17214978678473347,0.2688159429217265,0.48378433741129645,0.665733005294888,0.5377915355659155,0.40776720835377317,0.6144942289186515,-0.049830525799616554,0.31601817071417815,0.6770931107099881,0.1285439229843562,0.008844765342960288,0.32294449458483754,69.78923639455783,0.02691326530612245,0.19010434948979593,0.2093101020408163,0.20014314544515888,0.14512362637362639,0.055574324324324326,0.12628143133462283,0.1826493916784298,0.20669415322390566,0.23861765164220303,2026-09-27,8.555555555555555,0.45
806956,Ethan,Salas,SD,8.0,36,0.23925867600597658,0.2125312305963956,0.2451981083192168,0.566672066048969,0.6263926343607631,0.616001499690214,0.14574213828964883,0.39440566358959156,0.4238156672844403,0.8271631600648223,0.5375865053050258,0.2455951812700563,0.6628358435795723,-0.07841499438518817,0.3311540934811171,1.3604734848484852,0.0984659090909091,0.0,0.2635416666666667,89.0286953125,0.0140625,0.35845117187500003,0.35241789062500006,0.45884615384615385,0.05357142857142857,0.0,0.22642857142857142,0.36325324180015256,0.1620510613884108,0.3447380952380953,2026-10-03,8.555555555555555,0.45
683021,Michael,Stefanic,ATH,22.0,7,0.23177619200843688,0.23547824771120454,0.22014115979973858,0.609281061052829,0.5811524317700687,0.6026189363935617,0.17275616744483213,0.4923013423309317,0.48510653123407854,0.9067559662203979,0.5375138727670412,0.26799202452413634,0.7320079754758637,-0.06510506362652047,0.3239160383036586,1.3175287356321839,0.2780890804597701,0.0,1.1908045977011494,70.581625,0.0,0.29974625,0.280313125,0.440952380952381,0.042777777777777776,0.1433333333333333,0.4239423076923077,0.1,0.05301724137931034,0.17751335072031793,2026-09-27,8.0,0.05
686780,Pedro,Pagés,STL,95.0,110,0.21495876400617103,0.21886665532676247,0.21158376695656933,0.5787517398982338,0.5648445255425011,0.5713294544935502,0.1509883120253367,0.26004817136944447,0.43610552217195586,0.6514925493166843,0.5374995900499546,0.3765217187108694,0.6093622535188515,-0.03382986444359559,0.30708934757374745,0.6021951219512196,0.6700813008130082,0.005975609756097561,0.18154471544715448,68.84779135338347,0.007894736842105263,0.36221296992481206,0.362630545112782,0.24509401852471824,0.12654977375565613,0.1880050505050505,0.1310587308730873,0.21207559681697613,0.28535859795636864,0.20666434801693495,2026-09-27,8.5,0.2
690291,Jace,Jung,DET,0.0,11,0.22059940879177145,0.0,0.22059940879177145,0.0,0.5820132085559032,0.5820132085559032,0.051367689746085105,0.47698056196084426,0.1685374479259194,0.8965304872165526,0.537340801082488,0.09677141110578041,0.700006684861608,-0.044672407473415165,0.3127394437260182,0.8113636363636363,0.11136363636363636,0.0,0.0,61.10916666666667,0.0,0.6724416666666667,0.6194291666666667,0.5625,0.0,0.0,0.20833333333333334,0.0,0.7107142857142857,0.5182971014492754,2026-09-27,,0.0
657136,Connor,Wong,BOS,69.0,164,0.21024625224085106,0.21476488080844836,0.20834512192887417,0.5709587964224202,0.5585559956846706,0.5622552619513151,0.16288660725131796,0.2671118369729062,0.4632834150774824,0.6629983898267454,0.5369111497213264,0.4477154306941805,0.6725387725484672,-0.02534411222998878,0.3018811191311461,0.9764073676680975,0.044688841201716734,0.015772532188841202,0.4654649499284693,67.18925381263617,0.008006535947712418,0.19848946078431373,0.19339384531590414,0.17372767857142857,0.21123920945024988,0.08964646464646464,0.16414610723903056,0.14890873015873016,0.237351361124763,0.4021828580244193,2026-09-27,9.0,0.15
668901,Mark,Vientos,NYM,123.0,169,0.21296208289574325,0.19995893084594368,0.22242591545269796,0.5419709901832359,0.5854315745628804,0.5675013108622426,0.15691232138010425,0.24817444130155408,0.44975690906082333,0.6315234962104472,0.5369096919145708,0.40269096786899555,0.6083172217063596,-0.030591618947671817,0.3046969539761618,0.9448202054794521,0.08675085616438356,0.006292808219178082,0.13919092465753424,69.35158866995074,0.017241379310344827,0.2141014367816092,0.2234813218390805,0.126002331002331,0.2247252747252747,0.06228448275862069,0.16497602485311003,0.12654285159303127,0.2945713141025641,0.3351364461459739,2026-09-26,4.375,0.4
670764,Taylor,Walls,TB,147.0,277,0.20433240350992582,0.21796256571693096,0.19709906833147908,0.5770428239840171,0.5362148203922257,0.5506747223691942,0.15862310499753682,0.23367515259380042,0.4536549206151551,0.606046307088244,0.53644961569842,0.4608154341968757,0.6360826491612539,-0.014225106670774257,0.29540924318978834,0.7311193759071117,0.2380761293541364,0.0043337264150943395,0.1684896211296565,78.19693028264591,0.04488847583643123,0.20041411164217854,0.2185408213843158,0.1835801343075783,0.07335858585858586,0.10609734195402298,0.09496279756301444,0.2318437980030722,0.18974212408609403,0.3280355524869227,2026-10-05,8.875,0.4
695670,Harry,Ford,WSH,59.0,59,0.1667234503467557,0.22161708978723788,0.11182981090627353,0.5839203046873436,0.33970703090835996,0.47184419224479723,0.1055728121111261,0.2378362312939548,0.3232823996363161,0.6134826005127907,0.5362383048295175,0.3046601928840721,0.6181027493151624,0.06439411258472028,0.25302092979300306,0.5411100033233632,0.3999245319596765,0.005190677966101695,0.1574651046859422,65.75211255787036,0.049638310185185185,0.24232907118055552,0.2652411921296296,0.17805555555555558,0.11672794117647059,0.06666666666666667,0.20844298245614035,0.08481195756991322,0.14600790513833992,0.16378127743634768,2026-09-27,7.444444444444445,0.45
669221,Sean,Murphy,ATL,42.0,88,0.20531488997429095,0.1957301991939473,0.20988940148309132,0.5334414350126955,0.5615625874704316,0.5526136132383237,0.11449563024308641,0.2429530948547683,0.34661752697056003,0.6224888708498932,0.5361045229033595,0.31986041515179053,0.629940619770124,-0.01650909033496417,0.29625865747503316,0.9155865384615385,0.4182275641025641,0.0,0.20000480769230772,92.90530002289378,0.14414262820512821,0.29130695398351647,0.349759065934066,0.25658082781576763,0.08791666666666667,0.04644607843137255,0.19738095238095238,0.19770833333333332,0.2693624505051508,0.26512917877202413,2026-10-04,8.071428571428571,0.7
690984,Petey,Halpin,CLE,45.0,144,0.2196526363771991,0.2117307546390803,0.22212822442036123,0.5651284067667204,0.5848758033273709,0.5802333937590851,0.15944764778291515,0.275321199815623,0.4555265748576426,0.6760265295391659,0.5357974878441878,0.3625038659495962,0.5951480507395664,-0.04443590591489732,0.31088759473942523,0.7290740740740741,0.4280555555555555,0.00648148148148148,0.3090145502645502,66.57137473103819,0.014671866594943518,0.24620101036783731,0.2505583531852763,0.1568061482535167,0.495355834641549,0.07151442307692307,0.14906250000000001,0.21026936026936027,0.16776256554295343,0.31594201756305507,2026-09-27,8.142857142857142,0.35
571912,Luke,Maile,KC,31.0,17,0.20941459417402308,0.21845878563355553,0.19292224504193445,0.5779813938408156,0.5277153610498513,0.5606397369442708,0.0724824932660371,0.27167176524746284,0.2315291388348747,0.6702802117328533,0.5354437427281218,0.23098652405492354,0.6682144360118811,-0.025195994216149042,0.30019103907155004,1.1985677083333335,0.30085720486111117,0.0,0.06380208333333333,64.42293055555555,0.005833333333333333,0.11831055555555556,0.14126625,0.12420634920634921,0.02395833333333333,0.4,0.04111721611721612,0.15584415584415584,0.23423582995951414,0.28441981059734683,2026-09-27,8.25,0.2
663728,Cal,Raleigh,SEA,193.0,332,0.1960235330223807,0.21749921181631926,0.1835391775789164,0.576165072956623,0.5082167582974266,0.5340367359895628,0.12764621930331682,0.18972953863173092,0.37995349110109167,0.5211439000936127,0.5349853781754403,0.4217096500541492,0.5936937505096255,0.0009486421858775351,0.28570184516295405,0.5854323412698413,0.4300186507936508,0.0035,0.2084416666666667,70.67228534096566,0.04492232868757259,0.21531790951136554,0.24193365722305182,0.2298468137254902,0.08588238500109005,0.24690005727376862,0.2406372276655706,0.09662124029490443,0.3137600419785573,0.35079389141398704,2026-09-27,4.0,0.95
595978,Austin,Hedges,CLE,127.0,116,0.17005918590613966,0.20009932988308854,0.1371704075865491,0.5422522564233843,0.40332531734701793,0.479207251362315,0.17079085638773203,0.27419702913794486,0.4808124276776914,0.6742641227410862,0.5348273088803537,0.44746771381455486,0.6666854250875085,0.05562005751803867,0.2562931246420581,0.57153463648834,0.5716186556927296,0.0025205761316872428,0.13471879286694105,49.92706040945791,0.046303344867358716,0.16585119953863897,0.1836951124567474,0.08516690485912617,0.26095571095571096,0.1625,0.07146269996304314,0.1966736694677871,0.2265017351051224,0.1765576977327314,2026-10-03,7.666666666666667,0.45
679822,Justin,Foscue,TEX,162.0,84,0.2097432823173042,0.25159738560232753,0.12902465455333068,0.6373618121451303,0.38337586977206717,0.5612787332602787,0.1981560366728978,0.30552921802699506,0.5383482099218729,0.7208813053929635,0.5346251089940712,0.37360956939896406,0.5674753279554245,-0.026653624266207432,0.3000737039453307,0.8118648373983741,0.08458333333333332,0.1059959349593496,0.21142276422764228,67.70454184925504,0.02719325153374233,0.27536668054338304,0.2784041695880807,0.35020833333333334,0.11350650492264416,0.24042279411764708,0.1705508474576271,0.2926635075136612,0.19897707498831096,0.34878638839973586,2026-09-27,2.4285714285714284,0.35
650559,Bryan,De La Cruz,PHI,46.0,48,0.2154427295573775,0.18659793701101923,0.24308565574763752,0.514635013898195,0.6227201813652445,0.5722536821762954,0.1689346109643276,0.34047581097178026,0.47673319426822447,0.767025949727397,0.534408595166418,0.3798593853621745,0.7015706148612388,-0.03784508700987732,0.30581728637064387,0.7266223404255319,0.3201267574965783,0.18326225581684707,0.08973404255319149,95.73748388671875,0.08989257812500001,0.442740888671875,0.5010088671874999,0.19879591836734695,0.16764705882352943,0.07272727272727272,0.13945035460992908,0.20641337386018235,0.26390423572744015,0.2366073136965795,2026-10-01,6.571428571428571,0.35
663586,Austin,Riley,ATL,191.0,454,0.19111852951242783,0.20338297162017677,0.18595881928648061,0.5487953678161964,0.5132989150542785,0.5240107942224341,0.16659305179010683,0.22771199043962428,0.4715548587720634,0.5952120997049153,0.5341135932348169,0.4542845926725054,0.605295442381188,0.010102799012382757,0.2798812881959745,1.1126182390789536,0.4099786671109254,0.16685620581727914,0.4352188346240681,90.87098088556937,0.14484340825538644,0.30860633638140444,0.4005998106007725,0.1449189865774854,0.10772030325695248,0.23423076923076924,0.21349133306131085,0.08622727272727274,0.29241092539585306,0.27610437842522173,2026-10-04,6.842105263157895,0.95
642708,Amed,Rosario,NYY,160.0,83,0.221279465769647,0.21489586515326037,0.23358520189762122,0.5712092320810441,0.6058844362698855,0.5832883003410296,0.17450192918845353,0.27858832297188496,0.4888996018310179,0.6811098631421343,0.5339395517444403,0.3966097232742094,0.6033902767257906,-0.04934874859658933,0.3114406936218658,0.7793033365609618,0.4413428951827645,0.0,0.33677075768579035,67.64935126050422,0.031932773109243695,0.2717949117647058,0.27149914705882355,0.1920536272670419,0.34029109589041096,0.2054865424430642,0.2448203842940685,0.15943152454780363,0.2030316240228699,0.42984850194662305,2026-09-29,5.0,0.25
642133,Rowdy,Tellez,ATL,2.0,11,0.18378445909050783,0.03167938528996353,0.21143992705424314,0.106556441614439,0.5645665955874207,0.5087336602096115,0.04325817835808121,0.42234631019482544,0.14339292951756277,0.8535004025936926,0.5333595499269288,0.071479212752109,0.5907245696898311,0.024625889717317273,0.27133795604207755,0.23557692307692307,1.3158653846153845,0.0,0.18846153846153846,83.05875,0.04375,0.6064281250000001,0.645959375,0.03,0.0,0.0375,0.0375,0.016666666666666666,0.3294871794871795,0.18257575757575759,2026-10-04,,0.0
695720,Tommy,White,ATH,69.0,125,0.23117153982411448,0.24104823731400288,0.22571960280969605,0.6191538155894487,0.5915452747544293,0.6015231641038468,0.19199816110089374,0.3126557138545145,0.5258200111703555,0.7307782495644018,0.5325552679460455,0.38076259846972194,0.6362322215099673,-0.0689678961578013,0.3203443298350772,0.8440538348738004,0.03717116956985425,0.0,0.144477648418059,67.62127808699238,0.050394248608534316,0.27849174654710374,0.29491844722737587,0.3945693779904306,0.0803453947368421,0.25601851851851853,0.2883036303630363,0.14618615591397852,0.19073845809054238,0.4434791429129045,2026-09-27,6.4,0.5
641680,Jonah,Heim,ATH,158.0,229,0.19955757431235313,0.22899965136259265,0.1792438268279084,0.597569386702038,0.4991017059394103,0.5411662579282734,0.15278535744165042,0.2305963320874451,0.4402719313008804,0.6004787505318245,0.5324180462479384,0.4477444255355315,0.6349446535848303,-0.008748211680335016,0.28812668174147926,0.8568077088716622,0.263744616709733,0.0031653746770025836,0.21707364341085272,65.56072280092593,0.009722222222222222,0.1936027314814815,0.19802549189814816,0.20247868217054266,0.1868750484458569,0.074875,0.2156552780799291,0.0760930938295068,0.18573382919263887,0.2630692734312609,2026-09-26,8.076923076923077,0.65
807726,John,Peck,DET,26.0,53,0.19164385147274932,0.2146910239626277,0.18033769138337502,0.5708175396925295,0.5014343225292182,0.5250918627585115,0.07956540644605792,0.23237331588651922,0.2518731102030334,0.6036989516428275,0.5322229589250151,0.2581978582556242,0.6579146575496577,0.007131096166503648,0.27946594490478294,0.2815706311533052,0.3035005713783404,0.028958992616033755,0.09102276722925456,67.85877629192045,0.025403225806451612,0.19222872387021578,0.20706207971464025,0.2063264993880049,0.05083732057416268,0.059126984126984125,0.13524436090225564,0.09782229965156794,0.2521115203579796,0.31833993471962446,2026-09-27,8.75,0.8
691002,Yohandy,Morales,WSH,21.0,26,0.219766834777892,0.21196425319586437,0.22606891990183736,0.5655790967326979,0.5921898722471863,0.5804483591468237,0.152531540350547,0.3950817553041746,0.4396848000842951,0.8278375669918296,0.5318987137924149,0.30963235060004424,0.7383489355759056,-0.048549645354408755,0.30873973565311325,1.6023153942428034,0.0,0.0,0.7490300375469338,69.78796875,0.14286458333333335,0.25100473958333336,0.3345503125,0.12961309523809522,0.18444444444444444,0.14583333333333334,0.17673913043478262,0.13333333333333336,0.47277926399582404,0.3260628134702651,2026-09-26,6.0,0.5
666160,Mickey,Moniak,COL,89.0,340,0.20422494453676926,0.20552039450774368,0.20388584145613187,0.5530184097404502,0.5497914722608515,0.5504622936522443,0.1868881898797086,0.2655672180525108,0.5152409321214493,0.6605059338380241,0.5316772310696847,0.4866297002803476,0.6635687383662602,-0.01878506258255963,0.2926682680972929,1.0487195674695675,0.06531339031339033,0.0042832167832167825,0.2691627816627816,71.9298378814554,0.08895980046948357,0.2745500366784038,0.35473827024647886,0.11090389016018307,0.11125959429824561,0.15369015957446808,0.15553818655840718,0.07612149145029437,0.2890637993308584,0.5321375247575034,2026-09-26,6.153846153846154,0.65
665877,José,Fermín,STL,162.0,197,0.22033305004586362,0.2132132963884037,0.2261878728504753,0.567984288320255,0.5924092110836616,0.5815130331315362,0.18542451411687055,0.27163863230446567,0.5121799161848173,0.6702277103648833,0.5314046622289352,0.4440648694183697,0.6226899922023449,-0.05010837090260101,0.30901873695298765,0.9273796794426421,0.12007539057769165,0.026376105122926007,0.10553788492060963,66.2292900120337,0.0037906137184115524,0.2450925330926595,0.24282503610108305,0.15768895237364827,0.14684210526315788,0.2931339977851606,0.17246738117427773,0.15715432724814066,0.1337208080113137,0.20327105728512265,2026-09-27,5.333333333333333,0.45
669016,Brandon,Marsh,PHI,127.0,434,0.19581032883019786,0.13951121234850283,0.21228495508175377,0.40897172914276725,0.5661975592947927,0.5336041065359778,0.21215820733442564,0.2832754306371247,0.5659532058345658,0.688302712231594,0.5304756674466553,0.5306606636400572,0.6820501077133266,-0.0031284390893224767,0.283063994566949,1.2152789931399557,0.29987846378220706,0.0021836007130124776,0.3205101820342462,87.31066465381488,0.04913294981204917,0.352497555369298,0.3817470759676928,0.22557002386560876,0.211218487394958,0.14757376395534288,0.18887896825396824,0.22321079526080462,0.22786385887974403,0.32542921241943107,2026-10-01,6.785714285714286,0.7
678545,Osleivis,Basabe,SF,60.0,81,0.16539033464896843,0.1834785312428909,0.15199167050532214,0.5080888934068986,0.438434507155812,0.4688808820225425,0.12905875098270114,0.2564762973063583,0.3834603529706161,0.6455688673288174,0.5303965381175403,0.3772246413134498,0.6664039876929454,0.06151565609499776,0.2486927966142554,0.5923819933908614,0.32121134147948094,0.013031914893617021,0.12776579276727487,69.78512500000001,0.02325,0.24802200000000002,0.253139,0.109375,0.10987394957983193,0.12907407407407406,0.10328282828282828,0.12050000000000001,0.3034704737926299,0.21704159407665502,2026-09-26,5.5,0.4
671976,Tristan,Peters,CWS,69.0,428,0.20611020410299974,0.20863034068017405,0.20570392040247398,0.559112399699091,0.5533796921947498,0.554178745579849,0.20400848931182672,0.27886179740554273,0.5500341795046839,0.6815327623714693,0.5301501395058899,0.4505729740072735,0.6068098128379387,-0.02402860607395918,0.293797939280356,0.8189990186215332,0.22958229770781555,0.11153652305992821,0.3453051643192488,88.25955913421708,0.015369718309859155,0.21338736019055507,0.22250880178127588,0.14639227642276423,0.24067764256740637,0.45175304878048783,0.18728694764686893,0.19215421088181445,0.17577078410378255,0.36703080938949784,2026-10-05,6.923076923076923,0.65
676391,Ernie,Clement,TOR,199.0,415,0.20049200932520828,0.2032627465873244,0.19916339073445866,0.5485569883512844,0.5403749251727281,0.5430382696340172,0.21660296788950834,0.2848872678290602,0.5744635887634362,0.6907492321299941,0.5300655336689468,0.5788177216270113,0.7258300996453954,-0.012972735965070425,0.28784587019621677,0.6256585160709169,0.05063837390448022,0.0019951140065146574,0.040899837133550485,65.68007386888272,0.007659774436090224,0.16477389196675898,0.1717790050784857,0.11256348836693504,0.1331181356532693,0.13089285714285714,0.09388746889600423,0.13951567030345166,0.09748668475269079,0.40253275315322357,2026-09-27,8.294117647058824,0.85
672275,Patrick,Bailey,CLE,56.0,288,0.22018723730935913,0.19119811606246775,0.22582401088514353,0.5241746895326991,0.5917380159687482,0.5812390411573802,0.15110604802728056,0.23367114119698307,0.4363791663532657,0.6060390893890206,0.5297302979619822,0.37932755120322104,0.5660482653198057,-0.051508743195398,0.30789993045943587,1.2181677595997837,0.14024134667387778,0.020520382639264468,0.3129580178474851,89.19278243243245,0.1945855855855856,0.4080854324324325,0.5351887507507508,0.0986113137798531,0.28832727143060904,0.28972940205334574,0.2026074278698588,0.21544941084818386,0.25471017625927966,0.3059328835333615,2026-10-05,7.636363636363637,0.55
621493,Taylor,Ward,SEA,190.0,412,0.1517338245187062,0.20131942608504078,0.12886667816529945,0.5446913253386094,0.3829843322923966,0.437836655035055,0.15698634568533654,0.21908804721639857,0.44992598296252617,0.5791694633202473,0.5291141769903144,0.4845226269394671,0.6448686236827472,0.0912775219552594,0.2316655813850653,0.4540031492248062,0.4850109011627908,0.007122093023255813,0.3329275678294574,45.1033152173913,0.009035326086956522,0.13898315217391305,0.14362982336956523,0.4479676048079742,0.04592956943256345,0.09649159663865547,0.48283521149763187,0.05340589887640449,0.11086798786279156,0.0838344709630453,2026-09-26,7.0,0.2
500743,Miguel,Rojas,LAD,160.0,84,0.22639563543456886,0.23105379383008157,0.21752295277644948,0.6013095298185427,0.5762100780649724,0.5927921049867777,0.19982677416633488,0.307923056792079,0.5417061233738882,0.7242342456593798,0.5275906402050343,0.3579461994455504,0.5475728654707694,-0.06520146478174338,0.31275156617846395,2.1404187455452597,0.2889602637205987,0.005020491803278688,0.23728528153955808,81.29881231816981,0.018249140439037297,0.39693701401745574,0.38788863891827563,0.3272350993377483,0.24779220779220779,0.07323232323232323,0.4985440687903068,0.1924330532212885,0.1615375623989313,0.2731841447925257,2026-10-04,6.555555555555555,0.45
669236,Jeremiah,Jackson,BAL,92.0,196,0.19252545547658384,0.21373644316341095,0.182569277582767,0.5689888419680618,0.5061690024636197,0.526902186818201,0.16542111055994202,0.25892387223012026,0.46894942571051224,0.6496356719142163,0.5273372319455212,0.4472633315237413,0.649676118957986,0.0004350451273201772,0.27785514070275197,0.7995054900552175,0.19732379616717377,0.004253472222222222,0.3091800396523552,67.73702083333333,0.07104967948717948,0.21523295673076925,0.2567851762820513,0.15449378966104318,0.09230769230769231,0.03157894736842105,0.09363339552238806,0.13932759269715791,0.31252240459247144,0.3308434177879061,2026-09-25,6.0,0.5
694208,Moisés,Ballesteros,LAA,60.0,288,0.19686488530429946,0.22842954104402335,0.19028891535852366,0.5965269138247249,0.522299939528889,0.5357411931243572,0.15716336054245025,0.2402925256666855,0.450330140136302,0.6178248917929291,0.5272347773031123,0.3871534918338872,0.5757550217958225,-0.008506415821244895,0.28246138864902415,0.5722040109147107,0.28112865835989564,0.011521720757268428,0.12134646962233171,67.20668794326241,0.03521276595744681,0.19282405673758862,0.210029390070922,0.14588177339901476,0.14751097747231767,0.09145220588235295,0.12198464912280702,0.1429160825793297,0.2994892544404387,0.39256912083469553,2026-09-27,4.857142857142857,0.7
686217,Sal,Frelick,MIL,97.0,278,0.20398830642569493,0.22154171267722372,0.19786355676239176,0.5837792643535962,0.5377585701730547,0.5499942461156568,0.17243313904809804,0.2547678841041589,0.4844024795135622,0.6427103224748549,0.5264068106902784,0.4524405818800455,0.6354008785473941,-0.023587435425378445,0.28952071699574694,0.7323866666666666,0.8069301851851852,0.0032666666666666664,0.4416429629629629,79.51377750275027,0.004042904290429043,0.28631107673267325,0.2730362073707371,0.13269557823129252,0.14654453336518553,0.1645633971291866,0.15252722406792174,0.13142535874919684,0.06500492890697278,0.2946483387374381,2026-10-04,7.555555555555555,0.45
642350,José,Siri,LAA,123.0,121,0.2331152464989279,0.24177262548068817,0.2243147703439154,0.6204245553516956,0.5889455762696474,0.605037955209609,0.17747050092548888,0.28186128061899846,0.49530362163222097,0.6861448927346795,0.5259370610441992,0.3254240646742609,0.5253881437468567,-0.07910089416540977,0.3182118839831336,1.2302613843351549,0.13100239071038247,0.007530737704918033,0.45046021174863393,68.25850836550836,0.06687781531531531,0.29141961792149296,0.3252143098455599,0.32503841814503576,0.17735231221598502,0.19037545372050818,0.16228233830845773,0.3490178857234315,0.3219524780845536,0.26160625105053825,2026-09-27,5.166666666666667,0.6
571657,Kyle,Farmer,ATL,11.0,7,0.10227236459691502,0.03438242680455907,0.2089565525563315,0.11525510998733912,0.5597481586938722,0.3145021751450008,0.09000928108601691,0.45214584316212625,0.2811647425296344,0.8782896912270043,0.5259061583528737,0.1516647109536757,0.6461988254921511,0.2114039832078729,0.16539863072413,0.1701388888888889,0.0,0.0,0.06805555555555556,35.348365384615384,0.1913461538461539,0.12913750000000002,0.1696480769230769,0.03333333333333333,0.049999999999999996,0.024999999999999998,0.03461538461538462,0.03,0.32054054054054054,0.21125000000000002,2026-09-27,,0.0
681508,Mickey,Gasper,BOS,27.0,196,0.19694885031019452,0.12497946866780794,0.20686299982215595,0.37329400124216294,0.5556565974521344,0.5359110492242112,0.1663681348372607,0.27376948083383845,0.4710555381187227,0.6735920444773908,0.525782808423211,0.44082635379991364,0.6737187908045056,-0.010128240801000166,0.28177281652613545,0.9157614507759427,0.2850329487039265,0.03436645521163732,0.21827202352741015,67.30472565789474,0.12064473684210526,0.17825751973684212,0.26371190350877194,0.09145021645021645,0.12708333333333333,0.12884731670445956,0.12712143928035982,0.09895833333333334,0.28800167499023777,0.18313464661439566,2026-09-25,2.0,0.45
677943,Will,Banfield,CIN,6.0,14,0.1920366208092509,0.13437199580663545,0.21675003152465755,0.39652463936400084,0.5747431173530433,0.5258990024344747,0.052368745896216595,0.36041886474075696,0.17160433877705328,0.7907647947196911,0.524891467599726,0.1205838183869109,0.6457978644196039,-0.0010075348347486912,0.27603989919706334,0.5461458333333332,0.0,0.0,0.0,63.861466346153854,0.0,0.21555360576923077,0.20769254807692308,0.11153846153846154,0.23750000000000002,0.0,0.225,0.05607142857142857,0.39891630761195984,0.4440447154471545,2026-09-27,8.0,0.25
680779,Henry,Davis,PIT,88.0,204,0.206704884612063,0.20758114922186413,0.2063268881137174,0.5570631688247105,0.5546044883526144,0.5553464841181317,0.11420412821561213,0.1962373467108555,0.34586440538218943,0.5344703142652829,0.5247409227530487,0.3122675920054905,0.5135191473881263,-0.030605561365082967,0.29141302652380974,0.9409446347031962,0.208162100456621,0.016780821917808216,0.22694063926940639,59.50195595854923,0.04620034542314335,0.19921666666666665,0.2367130829015544,0.3033852258852259,0.06566666666666666,0.41000626566416043,0.13247719261870206,0.31408033973823446,0.3032794679666576,0.3452006162261461,2026-09-26,9.0,0.4
683766,Christian,Koss,SF,65.0,149,0.21480308418342253,0.2040757058184674,0.21948281300034927,0.5501671542691283,0.5799135752649922,0.5710318501954541,0.15688042148952547,0.2647172822620321,0.4496840372378753,0.659128843442607,0.5246292769377536,0.3765217187108694,0.6093622535188515,-0.046402573257700475,0.2995800266764687,0.6947371948127219,0.06473212345142361,0.00572429906542056,0.13073842642903716,62.14333732558884,0.013430059523809523,0.20183026857718894,0.20067197228622632,0.16996268656716418,0.13393518518518518,0.04,0.15869016041429834,0.1380705943749061,0.3539261082939837,0.4262003921089408,2026-09-27,8.95,1.0
806367,Turner,Hill,SF,41.0,79,0.2048626697281595,0.18888205476425468,0.2131564066081607,0.5193886369750567,0.567874947058093,0.5517219217192875,0.1312502592495093,0.2712115600420246,0.38887308945908317,0.6695504511037201,0.524561975687547,0.3250404210813369,0.6478162455108586,-0.027159946031740434,0.2894123412871996,0.6780581597222222,0.1611169704861111,0.010208333333333333,0.12461458333333333,69.72920169698313,0.07953869047619049,0.22642261303978112,0.28786985313147,0.178941637630662,0.12052801724137932,0.15763888888888888,0.12876262626262627,0.1639957264957265,0.13435441370223977,0.2488919033939781,2026-09-27,3.642857142857143,0.7
609280,Miguel,Andújar,SD,82.0,172,0.13188610509621768,0.20981582818387423,0.0947335626939628,0.5614196788113008,0.2941417951281836,0.390437170446035,0.1953381097127283,0.30047609877573883,0.5326448680727088,0.7137081710827463,0.5244728757401864,0.4409312201066907,0.6618417767153216,0.13403570529415143,0.2047737055796933,0.2435531496062992,0.02170275590551181,0.009645669291338583,0.053051181102362205,37.37019704433497,0.007758620689655172,0.08577339901477832,0.08546527093596058,0.09889705882352941,0.11708333333333333,0.04342105263157895,0.030737704918032786,0.09204545454545454,0.05091118487907323,0.13892746913580245,2026-10-03,,0.0
660844,Leo,Rivas,SEA,47.0,97,0.21240501081395574,0.20637666074256872,0.2153259639413288,0.5547022410495592,0.5720308256066939,0.5664289207758777,0.08612287093995369,0.1968928619570039,0.27036219122636207,0.5357977931231439,0.5244345006857887,0.24523754590839625,0.5139990357661031,-0.041994420090089024,0.29705486824108757,0.6134722222222223,0.06805555555555556,0.01701388888888889,0.32545138888888886,64.63481707317074,0.002134146341463415,0.2155048780487805,0.2049981707317073,0.2492324561403509,0.06826923076923078,0.08206521739130435,0.20726132686084142,0.014634146341463414,0.23487118387555878,0.2692857142857143,2026-09-27,9.0,0.15
699912,Jose,Fernandez,AZ,68.0,149,0.216659349816693,0.21999918522097317,0.21513512963218928,0.5808854894321533,0.5716664244638545,0.5745707712169605,0.18768064105856816,0.30064007279911786,0.5168924645063535,0.7139429841361202,0.5242249020180754,0.42656606428685023,0.6569511707260848,-0.050345869198885174,0.3012043062436611,0.4912903225806451,0.03104838709677419,0.2562672811059908,0.053629032258064514,64.61312908496733,0.006862745098039216,0.26836727941176475,0.25371282679738566,0.12630636604774537,0.08698630136986302,0.1638888888888889,0.1388888888888889,0.1266826923076923,0.318737637961497,0.33566930161435504,2026-09-27,9.0,0.05
672724,Oswald,Peraza,LAA,136.0,232,0.21426989465228058,0.21339404031963463,0.21478332650245235,0.5683315441813785,0.5709940700056422,0.5700114636462351,0.1707899070161294,0.25369599974986945,0.48081034719020055,0.6409084437320857,0.5235437105700902,0.40420290969708783,0.5870894335884381,-0.046467753076144924,0.298425916744838,0.8576992753623189,0.07911005434782607,0.016644021739130436,0.10903155193236716,68.42989130434782,0.010652173913043477,0.27305889945652173,0.2616394474637681,0.12666210929703406,0.15516114982578397,0.36099071207430344,0.16667385677308025,0.20652241527241527,0.29786168577019845,0.44807463279079,2026-09-27,6.6,0.25
694378,Jacob,Gonzalez,PIT,33.0,192,0.19719022267554462,0.15135062834527463,0.20506890295105976,0.4369473212228946,0.5521287313484469,0.5363990836248425,0.15691870169470284,0.2618929040108416,0.4497714833668722,0.6545240402984533,0.5224313747965563,0.33867787511454334,0.5526808705169162,-0.01396770882828613,0.28023171069773944,0.9421932367149759,0.22542028985507248,0.010888888888888889,0.24143236714975844,63.614171836007124,0.09344741532976826,0.17061880748663102,0.23752481283422458,0.10676282051282052,0.5583333333333333,0.09099381977671452,0.08166556945358788,0.1970227216318058,0.30083119520570345,0.38213088267670187,2026-09-27,8.25,0.4
805249,Otto,Kemp,PHI,23.0,5,0.1776120398445149,0.20971217484993077,0.029951418819601883,0.5612182862871355,0.10096376341741842,0.4956075205876218,0.019812064115305714,0.22645362568399058,0.06764192773588518,0.5928989316356619,0.5221146290102551,0.04325817835808121,0.42234631019482544,0.026507108422633263,0.2587639367462985,0.04375,0.021875,0.021875,0.0,14.266,0.0,0.047191666666666666,0.04802000000000001,0.011538461538461539,0.01875,0.0,0.0075,0.01875,0.48,0.33403755868544605,2026-10-01,,0.0
663494,Bryan,Torres,STL,31.0,155,0.20714280491652853,0.2073906949562241,0.20709322690858945,0.5566904543868751,0.5561078684273204,0.55620500404184,0.15261948721057986,0.2679496514626783,0.4398882890692103,0.6643448375668067,0.5212540716651421,0.35430428496377675,0.5884231427340136,-0.034950932376697885,0.28992412303733595,0.2813760080645161,0.28491076762246115,0.12325268817204302,0.07932627688172043,64.91223097112861,0.005511811023622047,0.1864742125984252,0.18794022309711286,0.11797032828282827,0.14858156028368796,0.05818965517241379,0.09921630094043887,0.1258387445887446,0.24797404728932657,0.21096055489928017,2026-09-26,3.3333333333333335,0.6
666126,Carlos,Cortes,ATH,23.0,355,0.20529245282993033,0.14385852310137928,0.2092726792630477,0.4193567504942548,0.5603636375194122,0.5525694013928751,0.18811630311366467,0.27239277665932593,0.5177987053228756,0.6714212246683251,0.521046905673306,0.4365832905642543,0.6110957498428434,-0.03152249571956911,0.2879145767655086,1.1438372249060655,0.18040291196994096,0.006481481481481481,0.3783464170692432,67.43724060150376,0.05212875939849625,0.2057262546992481,0.23031760338345866,0.25822372427231766,0.15656723682380752,0.05685975609756098,0.18364119244600965,0.10427531508039983,0.20094457874473992,0.27938684179835066,2026-09-27,6.6,0.75
681047,Christian,Franklin,BAL,29.0,30,0.21559601493666014,0.21212718206812614,0.21894922004290968,0.5658933781110326,0.5789075580677965,0.5725461138018013,0.0823846399859648,0.2651798378377357,0.2598625811690667,0.65987878310568,0.5205150814381331,0.14547724486760422,0.5189728183535234,-0.05203103236366824,0.29801888705263124,0.7553177966101696,0.44684322033898305,0.02076271186440678,0.099364406779661,65.37230952380952,0.014999999999999998,0.31990023809523815,0.31009285714285717,0.24217171717171718,0.2575,0.3208333333333333,0.0,0.33473684210526317,0.2903597508591065,0.26252141144227475,2026-09-25,7.5,0.2
691785,Marcelo,Mayer,SF,25.0,216,0.2070326413194651,0.20110800617484784,0.20771836297972174,0.5442693467352819,0.5573315541060148,0.5559891456141974,0.14625821110889958,0.24518472213584197,0.42503303984844876,0.6263694434987537,0.5204385080885673,0.40781596889792504,0.6312254554326613,-0.03555063752563015,0.2893581614568901,0.37432572614107884,0.2821058091286307,0.007624481327800829,0.0508298755186722,63.00585798816568,0.024556213017751474,0.2560551775147929,0.25221508875739646,0.1678044871794872,0.02426470588235294,0.01607142857142857,0.08666559519982857,0.037815126050420166,0.2799026523702032,0.15805640243902438,2026-09-27,5.25,0.2
656537,Derek,Hill,PHI,139.0,79,0.2195676807639338,0.2289844757061803,0.2029988896630191,0.5975416622704459,0.5480335034914356,0.5800734235387606,0.17439995431979397,0.2846732025287131,0.4886785885276471,0.6904251067090861,0.5202165543434965,0.38360858051531044,0.5847596833504767,-0.05985686919526412,0.3017637976595697,1.4173308486238532,0.06442087155963303,0.002809633027522935,0.23219610091743118,76.08428571428571,0.05253759398496241,0.23568028195488724,0.2772808834586466,0.3783499886441063,0.08643924478772275,0.026785714285714284,0.1457504909180167,0.21258924230849363,0.34418803920035446,0.4985621346974157,2026-10-01,8.0,0.2
815873,Sean,Keys,TOR,3.0,63,0.1991618728157676,0.08491591055156583,0.20460215673311052,0.2669838973004037,0.5512076642023735,0.5403718760326426,0.10718606405608061,0.2914519267707184,0.3275447912224615,0.7005718515165908,0.5196587874811405,0.24467602609811764,0.6116533413477125,-0.020713088551502112,0.2808089938880322,0.5939393939393939,0.12992424242424244,0.11136363636363637,0.17632575757575758,64.69401126651127,0.12018259518259519,0.27028155594405595,0.31003310994560995,0.16596153846153847,0.09312500000000001,0.16375,0.13303571428571428,0.12562770562770564,0.21503962703962703,0.404225965647487,2026-09-27,5.4,0.25
670032,Nicky,Lopez,TEX,53.0,202,0.2181563594692336,0.135795504156041,0.23976589081378413,0.3999909173475106,0.6168968448864035,0.5774095503554508,0.20172704265670405,0.30762512766939487,0.5455041101933717,0.7238185259276112,0.5196012242376888,0.39989831509207535,0.6001016849079247,-0.05780832611776199,0.3000227092512257,0.7183921568627452,0.04820588235294117,0.23267647058823526,0.09400980392156863,58.07576010362695,0.0,0.24451166839378238,0.24326408290155438,0.5568248272195641,0.09964523986021391,0.11145484949832776,0.16555555555555557,0.2573611111111111,0.15619606877679623,0.3400705226976414,2026-09-27,7.25,0.6
678391,Jorbit,Vivas,WSH,52.0,304,0.21160061194958815,0.2103655499839472,0.2118118725489741,0.5624866535066588,0.5652850152876154,0.5648770654395738,0.16894205022843592,0.2530256110808614,0.47674958812557333,0.6397782009946409,0.5195838919062287,0.4149931111269609,0.5932821944656652,-0.045293173533345166,0.29350102410966317,0.42356741573033707,0.24937883043922368,0.0068820224719101115,0.1218258426966292,66.40381621447028,0.005426356589147287,0.19275901970284237,0.18993043443152455,0.13731542933580285,0.17283298097251584,0.09633489461358313,0.13900257400257401,0.13771645021645024,0.1653805598159509,0.3164280407431861,2026-09-26,6.916666666666667,0.6
696030,Alejandro,Osuna,TEX,49.0,183,0.21226468297648196,0.15949989037787318,0.22639296077610943,0.45564500737585767,0.5927871773858061,0.5661584838690228,0.17910768931871893,0.2866350997987982,0.4988108544566202,0.6933866366820569,0.5183307789786504,0.4039270123076001,0.6205104797510615,-0.04782770489037236,0.2934573679692023,0.8878661344043887,0.05016163793103449,0.16859693377742951,0.21611848550156737,64.87612275449102,0.0010479041916167664,0.32660089820359284,0.31484371257485033,0.2968438658630046,0.18481351981351982,0.3397997835497836,0.20166666666666666,0.256043956043956,0.24358024691358024,0.522129611604119,2026-09-27,6.666666666666667,0.15
703155,Lazaro,Montes,SEA,15.0,43,0.21493036008779584,0.19686785587467875,0.22123123365051112,0.5357472031651402,0.5831979578463625,0.5712751673343552,0.10934251661120264,0.3085237387049923,0.33321238538902753,0.7250710565486258,0.5179932879835296,0.24469968925375948,0.6345344563069328,-0.05328187935082562,0.29591670227086375,0.9047375760649088,0.3369637423935092,0.0,0.3402856659905342,69.35381295787546,0.12046703296703297,0.23472066735347993,0.30749930746337,0.11896551724137931,0.21558014354066984,0.11214285714285714,0.18651416122004358,0.1267543859649123,0.4093409512565357,0.26250328083989505,2026-09-26,8.0,0.5
502671,Paul,Goldschmidt,NYY,186.0,196,0.21081620144031904,0.1975259157162097,0.2234284113621779,0.537077216820067,0.5872992658230605,0.5633599549942677,0.1885258366467236,0.2723926436126503,0.518649487162337,0.6714210143802354,0.5178407322079215,0.4570972192276588,0.6439672108083394,-0.045519222786346236,0.2917307315908533,0.8886976439790575,0.8116468348405521,0.00481020942408377,0.2646989528795812,77.57758996212121,0.017234848484848485,0.19908332952688654,0.20936055639111706,0.13482476427681905,0.1449316851008458,0.12797619047619047,0.12724873624739816,0.14615767978522876,0.21840549906987206,0.28514153421076366,2026-10-05,1.0,0.25
814430,Brett,Callahan,DET,1.0,78,0.19938173259489936,0.08613479921977013,0.20083361635611896,0.27039552299039793,0.5437212683735558,0.5408133718997794,0.11858230779759435,0.2899264184181298,0.35711073694183626,0.6983094253177513,0.517693891473475,0.2916173598052002,0.622278323626455,-0.023119480426304406,0.27997577905968846,0.5241934238962643,0.33060744056807656,0.007753164556962024,0.10062905217659772,69.23462391774892,0.09979707792207793,0.20356474567099567,0.25132846320346325,0.19777568922305763,0.0667016806722689,0.114375,0.16509792626728112,0.11428571428571428,0.3505787037037037,0.3653391277899958,2026-09-27,6.8,0.5
669242,Tommy,Edman,LAD,113.0,220,0.20595154188479964,0.20100398080380544,0.2084927891673103,0.5440616172347709,0.5588441271344387,0.553866820275514,0.17537160598198387,0.26353356720630944,0.4907817078608162,0.65720431255006,0.5173663395345709,0.41832105651727897,0.6272155278439278,-0.03650048074094314,0.28655204939559475,0.9662224023283301,0.4274453197952413,0.06028238372273673,0.37485353674621535,83.79407788410421,0.049161827983785225,0.216289046156466,0.24122482532977804,0.22262853052193154,0.24107222505416082,0.12488095238095237,0.10944008875739646,0.2856722714954423,0.24651095536258427,0.263430031956961,2026-10-04,5.117647058823529,0.85
693306,Aaron,Sabato,MIN,3.0,3,0.1748597368594744,0.13986747467644278,0.209851999042506,0.4098277339694706,0.5614899411866376,0.4896745497781586,0.0,0.39033428790216546,0.0,0.8230619658834368,0.516730983683531,0.0,0.5614970317550455,0.02705643390537238,0.25303001179165807,0.0,0.0,0.0,0.0,71.48083333333334,0.0,0.1364,0.165075,0.0,0.0,0.0,0.0,0.0,0.4807692307692308,0.15,2026-09-25,7.5,0.1
596142,Gary,Sánchez,MIL,121.0,153,0.20488329962928548,0.20530651666004207,0.2045485985788178,0.5525971141919122,0.5511018872079279,0.5517626275352048,0.13151598754602756,0.22063253354216772,0.38952708759729726,0.5820753812109176,0.5164184550696687,0.3525159468245965,0.558438304085705,-0.03534417246553612,0.2849404036769115,0.9591090808682291,0.8634994477525932,0.0067062043795620445,0.3367178495966193,68.35071077165807,0.08594879518072289,0.21909404690189332,0.26260086273666094,0.11789142667990732,0.22670250896057348,0.16364468864468865,0.14075780849974398,0.14639903846153846,0.39690394799090456,0.30824051824262083,2026-10-04,5.0,0.35
655316,Andruw,Monasterio,BOS,130.0,214,0.20314577094390276,0.19570819953013707,0.2076639218027324,0.5333967663096923,0.5572250829845875,0.5483249653720466,0.17230220110215588,0.2584729552829105,0.4841168999090101,0.6488889619423363,0.5162369197951258,0.4384248649180046,0.6258888632867213,-0.0320880455769208,0.2830655911704343,0.38579305959302324,0.17773437500000003,0.00534156976744186,0.2666015625,76.32574017615178,0.011382113821138212,0.14150660823170733,0.14217756097560977,0.15020253715521298,0.08251597666018338,0.0876923076923077,0.14167587201393045,0.08255012131273146,0.19785282072487667,0.26355473312009864,2026-09-29,7.666666666666667,0.3
668952,Ryan,Kreidler,MIN,112.0,154,0.17587090657792892,0.1387549969308547,0.20286429541216472,0.40715180350716196,0.5477663052808505,0.49186002651060423,0.1556792436872655,0.2513799950996188,0.44693505739644335,0.6369930005778244,0.5161791282752375,0.34829808027402587,0.5473629403004981,0.024319101764633255,0.2538878797176789,0.7481403508771931,0.7275701754385966,0.038377192982456135,0.22246491228070175,54.55891966549934,0.048528257456828885,0.22395620999879237,0.2530291918246589,0.31698041670840427,0.05909090909090908,0.01111111111111111,0.25466457023060796,0.08742322355183735,0.22784158526784334,0.2509074294503295,2026-09-25,8.714285714285714,0.35
676609,José,Caballero,NYY,146.0,301,0.2029971908935842,0.2101219324256021,0.19954133619699083,0.5620140365188899,0.5411336787648524,0.5480301317756759,0.1771354625991599,0.2528193586094804,0.4945837379088115,0.6394299588131855,0.5156623749676871,0.4371972120523062,0.6090129896390177,-0.03236775680798887,0.28259851930529956,0.4281642869675834,0.3229075097600561,0.009591722595078296,0.1202189432820108,59.09510416666666,0.01641666666666667,0.154147625,0.15904695833333332,0.11441913619167718,0.10620805369127517,0.23048642533936653,0.08147805507745266,0.1528559012301658,0.27253529562918044,0.41772847728755264,2026-09-25,8.777777777777779,0.45
693409,César,Prieto,STL,4.0,35,0.2060484376792962,0.2135425230656801,0.20519197077799517,0.5686166687492803,0.5523713656773988,0.5540573331121406,0.026507395303779754,0.20321071167954996,0.08974243207555244,0.5484537868302195,0.5153651176114615,0.06591599071428139,0.43008880961974144,-0.03869221550067903,0.28554182264283107,1.4695512820512822,0.1391025641025641,0.0,0.0,64.7035606060606,0.0053030303030303025,0.16087348484848485,0.2054030303030303,0.02266666666666667,0.41333333333333333,0.07916666666666666,0.06666666666666667,0.1550595238095238,0.2982294188861986,0.4231520614345624,2026-09-27,8.0,0.05
596117,Garrett,Stubbs,PHI,8.0,56,0.1909576743340996,0.14369799466738625,0.19770905714363007,0.41897560951646384,0.5374468817757994,0.5236794165365359,0.07578572556030862,0.24616281741577029,0.24106540218195893,0.6280612369746585,0.5152610165761344,0.1719475260508347,0.5462654802574476,-0.008418399960401501,0.2698315885246125,0.19140624999999997,0.6316406250000001,0.019140624999999998,0.019140624999999998,36.96426136363636,0.0,0.0751846590909091,0.07090795454545454,0.07478070175438596,0.08888888888888888,0.06875,0.12166666666666667,0.038213213213213214,0.30779077553271106,0.30608388704318934,2026-09-26,9.0,0.05
641857,Ryan,McMahon,NYY,64.0,303,0.19527259374847872,0.13813256367595542,0.20734177501792259,0.4056508407286532,0.5565946830903199,0.5325116715262388,0.15630724374168337,0.23696447750674926,0.44837350011188115,0.6119330580796902,0.5140933514092002,0.3832373024605453,0.5597786787301571,-0.01841832011703859,0.2737607098794393,1.0046005560982296,0.35887250869706777,0.0033378746594005444,0.6591590192449402,75.59676544106479,0.053265835042150836,0.28339308422571585,0.30665220556125167,0.22771587914445057,0.17890383823832065,0.10757984705353127,0.2705993628036639,0.0761719991011445,0.2707805410298185,0.267510697980995,2026-10-05,8.0,0.6
664023,Ian,Happ,CHC,143.0,495,0.18811872764094292,0.18523962516209597,0.18895046835705426,0.5117922744161584,0.519530501784427,0.5178037452940134,0.15820325616436634,0.21858988409966165,0.4527001295976415,0.5782291099805421,0.5140394644160213,0.4729357239712649,0.6271634625479746,-0.0037642808779920767,0.2661715599035446,0.6900653898902821,0.4488403702978056,0.006720219435736677,0.19069908405172414,77.25363325440674,0.050398332675611675,0.22122117296435145,0.24123727497697972,0.10373635435482603,0.19098907303970944,0.07377985092342021,0.12006264996001068,0.11313188434303698,0.26199763871340054,0.22114577503006233,2026-09-30,4.9375,0.8
643217,Andrew,Benintendi,CWS,47.0,420,0.202504047903818,0.15093759775931334,0.2082745792295126,0.43598762190501417,0.5584183038387212,0.5470505822235273,0.18332224759499754,0.2581033213030131,0.5077592802734958,0.6482760077627263,0.5139394606546045,0.4397629773960765,0.6008210377229637,-0.03311112156892282,0.281150881178747,0.8745780188064426,0.5810892840517643,0.0013115631691648822,0.8136807559817524,83.14523222579493,0.06491068238656662,0.34920770453733474,0.37409568774562346,0.14615853380718064,0.3127845250869834,0.16858952702702704,0.16323770692702733,0.20346377760170864,0.32600035254715315,0.38347645614975523,2026-10-05,5.0,0.55
664954,Brett,Sullivan,COL,65.0,167,0.15940149090039402,0.2076998182627388,0.14060274072942147,0.5572952880826918,0.4115915848937095,0.4554219231685067,0.16360658543386916,0.2682151109292045,0.46489733190522853,0.6647706533694905,0.5133708572321521,0.3706911114274907,0.5912578422718215,0.05794893406364543,0.23380034309933162,0.3375287356321839,0.03432112068965517,0.0026400862068965514,0.1631667564655172,66.75746839887641,0.006882022471910112,0.16309341058052435,0.16425720973782773,0.09969070889521217,0.04989878542510122,0.2554024767801858,0.13470082177709297,0.08213885778275476,0.23352155148222564,0.3178954864154251,2026-09-26,7.5,0.4
810938,Ben,Williamson,TB,132.0,153,0.20639844665748136,0.1981907518973362,0.21347959507799874,0.5384181601569704,0.5684958474673181,0.5547450234376708,0.17357262832425702,0.26902816500595206,0.48688297478526366,0.6660724490576844,0.5131581888825463,0.40776720835377317,0.6144942289186515,-0.041586834555124574,0.28467195151888086,0.2531950067476383,0.4978879892037787,0.0042982456140350876,0.05587719298245613,70.0543961352657,0.035265700483091786,0.14762246376811594,0.15612826086956522,0.11020905923344948,0.051923076923076926,0.08532388663967612,0.07785714285714285,0.0980946065428824,0.2292614706701394,0.3661677003816794,2026-09-27,6.333333333333333,0.15
666139,Josh,Lowe,LAA,53.0,285,0.20525091654459754,0.21004581580567486,0.2043592335241165,0.5618662958743805,0.5507277497065503,0.5524875469201009,0.15384365692900026,0.23768714007388148,0.4427152607673849,0.6132179047109647,0.5124084224106453,0.3630130366510685,0.5475746818439831,-0.04007912450945561,0.2830992723188563,0.8084403824399582,0.0773067677514793,0.0956717172815872,0.08274315828402366,65.38120954692556,0.1240695792880259,0.26885766080097084,0.3205446955906148,0.14041666666666666,0.20528083028083027,0.14625046347793846,0.14682042863328043,0.1565166648091108,0.39469776045820937,0.3880837939258305,2026-09-27,6.75,0.6
669720,Austin,Hays,SD,56.0,54,0.23200300440562474,0.2587226498124453,0.2042937425022553,0.6493025916775439,0.5505983041750175,0.6030294182397363,0.18238190751253097,0.343274206179295,0.5057727061009021,0.7704674616368787,0.5123819475744668,0.3874647126766947,0.6794376602366395,-0.09064747066526957,0.30898138776237377,0.908944976076555,0.11979545454545454,0.0,0.40810167464114827,86.1059817563389,0.01634199134199134,0.30338756184291904,0.2981187306740878,0.3012165994924616,0.2100398936170213,0.20935672514619882,0.24488469687092568,0.23364576599870718,0.3062721692838716,0.3495047496721112,2026-10-04,5.5,0.3
691728,Zac,Veen,COL,9.0,68,0.20466717981187996,0.14114609992986238,0.21307438156097053,0.41289264308563,0.5677172614138276,0.5513360604159592,0.13215077794236724,0.31120414592399037,0.3910873805042443,0.7287830452324291,0.5121858794368389,0.27235596633410203,0.5919273666268756,-0.039150180979120264,0.2823865449693902,1.1380571847507333,0.13793988269794724,0.007954545454545454,0.2652932551319648,65.92089009287926,0.01381578947368421,0.23890719814241482,0.2534331656346749,0.12259778911564626,0.17083333333333334,0.14583333333333334,0.16021303258145364,0.10846153846153846,0.3609523809523809,0.3622282608695652,2026-09-25,8.555555555555555,0.45
668800,Andrew,Knizner,SF,50.0,30,0.18425000822641982,0.20341970860121839,0.15230050760175556,0.5488681911299674,0.4391499914149546,0.5097136827343524,0.12702844043960787,0.3004624372817084,0.3784152758240773,0.7136886014246536,0.5115058684149306,0.23565686541579586,0.5759095570340281,0.001792185680578262,0.26072153993000735,0.7716667434999079,0.07211206896551722,0.15074448529411763,0.09431985294117648,68.8699422611287,0.016427640156453715,0.1854097695618882,0.19783703358788104,0.07261904761904761,0.26576923076923076,0.14166666666666666,0.12215653153153154,0.1555232558139535,0.23067756213823631,0.49671875,2026-09-26,6.25,0.6
687363,Victor,Scott,STL,60.0,124,0.21526594210699462,0.20889888886120733,0.21834677432269817,0.5596358247700237,0.5777696613821851,0.5719162368414754,0.12596902088004525,0.23519437322164155,0.3757710716767505,0.6087730530078665,0.5112935516466659,0.26665980178824633,0.49749621315995507,-0.06062268519480951,0.29241708397907373,1.0361141304347825,0.05326086956521739,0.006657608695652174,0.026630434782608695,60.15286527777778,0.002916666666666667,0.30964019444444446,0.28607522222222226,0.2158805031446541,0.018421052631578946,0.1392857142857143,0.03028846153846154,0.29770833333333335,0.2701291690765375,0.289121687136393,2026-09-25,9.0,0.1
680574,Matt,McLain,CIN,123.0,367,0.1657244345274026,0.16097895916927454,0.1673148799471567,0.4589903864233488,0.47315505932914526,0.46962464672178195,0.13504493446327037,0.2007742963010476,0.3981650391344618,0.5436027180063538,0.5112351671050552,0.3781784643431,0.5471062711333948,0.041610520383273286,0.24008863474346273,0.7659333881578947,0.1436847979323308,0.007499999999999999,0.13368479793233082,64.7794658836689,0.021854026845637583,0.19543315156599556,0.20684537192393737,0.11205120359037128,0.10946847507331378,0.09951923076923078,0.11229729169258845,0.10546712442779858,0.28282151750144074,0.32149901392549196,2026-09-27,7.6,0.75
592663,J. T.,Realmuto,PHI,123.0,348,0.1971275927348186,0.17819817155203999,0.20381816401493869,0.49686461579895247,0.5496575056740999,0.5362724864458419,0.1522667331559256,0.2222613446205543,0.4390717777362352,0.5851243964649313,0.5104189492537723,0.42533066900099115,0.5979537615500091,-0.02585353719206962,0.2737236390453945,0.932897776945173,0.24853773781274718,0.0223136352913423,0.46487951514646897,90.40611860396332,0.04620415557527358,0.3045872892635315,0.3321130797101449,0.2088606440841384,0.08368686868686868,0.1182247899159664,0.13507257257257257,0.17458646616541354,0.21230079711740812,0.31644741978113644,2026-10-01,8.11111111111111,0.9
623168,Tyler,Heineman,LAA,51.0,137,0.20609415368628026,0.2037133158106232,0.20698045099765627,0.5494499038365652,0.5558868558859136,0.5541471980120823,0.11866590219385542,0.22454176118319008,0.3573241142009689,0.589366430127694,0.5094382703152533,0.27149446993737936,0.4994152408537821,-0.04470892769682899,0.2823037900553194,0.6895699188129899,0.016289893617021274,0.15970744680851065,0.022805851063829784,63.78440476190477,0.0011904761904761906,0.13488833333333333,0.13017,0.24808943089430896,0.0872562358276644,0.08766447368421051,0.08907271241830066,0.23206701913952257,0.20623235937189424,0.43232044711824125,2026-09-26,9.0,0.45
682668,Luisangel,Acuña,CWS,109.0,112,0.21401583855137438,0.2166685098550499,0.21143422094333303,0.5745881826953783,0.5645555675269022,0.5695246567978576,0.16791361485120485,0.2761390938634961,0.47447974930910464,0.6773044864182525,0.5090304194688653,0.3595509602047087,0.5705527439677377,-0.060494237328992284,0.289905374947675,1.044616907413853,0.061460146188652975,0.002771493212669683,0.21834645840584754,73.70710678642715,0.07786427145708584,0.255454630738523,0.2955987425149701,0.28042610044822436,0.2666228070175439,0.043333333333333335,0.28607558139534883,0.06541725601131541,0.20686960819240416,0.31750560029353264,2026-09-30,8.166666666666666,0.3
624424,Michael,Conforto,CHC,12.0,297,0.21289375104319794,0.22423520282076048,0.2124355105673368,0.5887979806824347,0.5664876833362408,0.5673698708741228,0.16861015926191045,0.2592150379649242,0.47601784519464274,0.6501172337561278,0.508037753103753,0.3427011480788536,0.5215232075925629,-0.05933211777036984,0.2882453143776558,0.9896941858656773,0.1758870979686447,0.0403892011582354,0.25223908229840114,68.40814286358139,0.11710415618169118,0.2415868294936414,0.29559853391873925,0.26788770053475935,0.17610251117991055,0.16321631878557874,0.09744996549344376,0.24570430970767387,0.17426945927836682,0.27373613307466776,2026-09-30,5.923076923076923,0.65
681807,David,Fry,CLE,149.0,65,0.2101276631654062,0.2037694574735247,0.2247026269821807,0.5495610741102953,0.5896644980100483,0.5620251583151153,0.12811810397600976,0.2292126779701653,0.38112660953623534,0.597958421395477,0.507854038202628,0.23466771186193952,0.42433162167204347,-0.05417112011248737,0.28542674622180264,1.1871599980529597,0.09822028329439253,0.1004086351246106,0.41780312986760126,64.0720396916996,0.05777723320158103,0.2550199743083004,0.29804532727272726,0.19211038961038962,0.1874380521439345,0.5241935483870968,0.12433656957928803,0.24764859968664316,0.2669234843578428,0.2763510036026763,2026-10-03,5.666666666666667,0.45
669357,Nolan,Gorman,STL,48.0,249,0.18937822418626357,0.2131237698953914,0.18480076959173292,0.5678122108878688,0.5108712804308844,0.5204168330969765,0.1271016532798105,0.21142036831892502,0.3785977116001302,0.5645287940696135,0.5077884975586616,0.3792074367906816,0.587024544990991,-0.012628335538314883,0.2642616817825505,0.536007511007511,0.48124190624190627,0.0,0.16738539238539235,68.20693452380952,0.048511904761904756,0.23339434523809527,0.25000282738095236,0.10075,0.1458867276887872,0.06527222777222777,0.08777401477832512,0.10997807017543859,0.3898179517241388,0.27373452633441325,2026-09-27,6.083333333333333,0.6
664702,Myles,Straw,TOR,170.0,153,0.22533766654253318,0.22604548485758236,0.2245512017480341,0.5921466501356291,0.5893839267997236,0.5908396523318504,0.178090855450631,0.26812383024719244,0.4966346191123219,0.6646242762391876,0.5077559525375979,0.320417879949689,0.48851118408451627,-0.08308369979425256,0.3000023504667419,0.8027984733207155,0.23424758087765257,0.0018962848297213624,0.07868540128602047,68.6713598937583,0.004880478087649402,0.20710923306772905,0.20053170982735724,0.30337963313735,0.1354508998435055,0.07535885167464115,0.2801266259928629,0.1611589433826181,0.11144495913656498,0.22888968097705964,2026-09-27,8.636363636363637,0.55
668942,Josh,Rojas,KC,21.0,91,0.19139907304912987,0.149184503189025,0.20114089686300024,0.43190120184834135,0.5443350124727984,0.5245883477472572,0.14844068354005335,0.299080086212486,0.43016100364164833,0.7117034826878226,0.507243242957349,0.32056233976336046,0.6125352873233052,-0.01734510478990814,0.2660938947289563,0.23807291666666663,0.07947916666666666,0.095703125,0.07109375,60.15278838951311,0.001966292134831461,0.14942792134831462,0.14705048689138578,0.11126696832579186,0.14500000000000002,0.058333333333333334,0.08164251207729468,0.14624168514412417,0.08878706556272264,0.20364537119195505,2026-09-27,7.25,0.2
683083,Nasim,Nuñez,WSH,150.0,332,0.1939840127258092,0.20086610180649872,0.19087463512911212,0.5437861808065974,0.5235082830287784,0.5298864203793936,0.15445941885187262,0.2239386274304294,0.44413337860614865,0.5882475078951311,0.507140583393643,0.41712946884811464,0.5828705311518854,-0.02274583698575061,0.2687269083635748,0.4726602120792993,0.21411940986629785,0.16995735361917932,0.13810223605348088,59.60962600401608,0.001581325301204819,0.19103586010709506,0.18034484605087014,0.17005050505050506,0.07614678899082569,0.0803776683087028,0.1687964240542716,0.09147361647361649,0.27954661051624397,0.24210524536666636,2026-09-27,8.909090909090908,0.55
680776,Jarren,Duran,BOS,139.0,460,0.20528288882887716,0.21514487374127972,0.2023028542575207,0.5716850363621047,0.5466505080878262,0.5525505548135652,0.16089253744136778,0.22368860811261077,0.4587953215651649,0.5877830389683432,0.506254481176663,0.4570141945810369,0.6131203226742222,-0.046296073636902135,0.27973119445101874,0.6810647954924876,0.576528589315526,0.022203672787979967,0.0784432387312187,79.35323768102603,0.030577288905252825,0.2532522773993618,0.2657270887027491,0.21158065262670678,0.11640151515151516,0.12412019704433497,0.20453910478088427,0.09052501547805065,0.30002612522425776,0.343560025203079,2026-09-30,7.166666666666667,0.6
676439,Hunter,Feduccia,LAD,42.0,204,0.19679885046777776,0.19230062917226595,0.19772495485214786,0.5264409877590128,0.5374789608289242,0.5356075774762292,0.15044668324509156,0.24917257647252092,0.4348454359982188,0.633232839447111,0.5058283136727032,0.37606627979227725,0.580380405056127,-0.029779263803526024,0.27092547770512276,0.24912601626016256,0.3873712737127371,0.002489837398373983,0.1246341463414634,66.86091794307958,0.013375796178343948,0.15382378108886868,0.16748553672530586,0.08303030303030304,0.0985294117647059,0.07961672473867595,0.09671217827997489,0.0958654718693285,0.15253552875978285,0.15939212102423142,2026-09-27,7.857142857142857,0.35
668723,Ryan,Vilade,TB,167.0,106,0.2088788057386678,0.22036427487996546,0.19078377416700068,0.5815716900515111,0.5233209795360747,0.559596696283476,0.1747345553243763,0.27260255721737015,0.48940352429824774,0.6717526756139567,0.5054058599703599,0.34829808027402587,0.5473629403004981,-0.05419083631311605,0.2828234495217225,0.4450858222973607,0.3011908284023669,0.12160502958579882,0.30330527378604305,61.65515603038936,0.03666975308641975,0.209800603988604,0.21573087250712253,0.2285919687059999,0.05331154987022618,0.19274193548387097,0.13127389641988182,0.1728575050709939,0.21808356108917906,0.27047883508761195,2026-09-27,4.222222222222222,0.45
661531,Brian,Serven,ATH,35.0,50,0.19521206858421825,0.21268545340011336,0.18298069921309168,0.5669690231155831,0.5070383817874708,0.5323885973801286,0.1007246206539652,0.25768303319781055,0.31035679479999223,0.6475781270015054,0.5044816327629815,0.30031285954112963,0.6650148304964323,-0.027906964617147034,0.26858026887072084,0.21617647058823525,0.7236764705882353,0.007205882352941176,0.10088235294117646,55.23906779661017,0.01483050847457627,0.15797368845843424,0.15631684826472964,0.08554443053817272,0.0,0.10909090909090907,0.05432330827067669,0.07441860465116279,0.29705950078290505,0.3071111356606275,2026-09-27,8.571428571428571,0.35
666624,Christopher,Morel,NYM,44.0,61,0.2124994207745446,0.1983009383854587,0.2227409490551967,0.5386401327907178,0.5860191442934224,0.5666107979285075,0.10361287552599628,0.2440621669689257,0.3180781060077018,0.6244210142458576,0.5042712527279881,0.2555072885938059,0.5642729098710749,-0.06233954520051943,0.2857255368806134,0.6292708333333334,0.035,0.005833333333333334,0.3177430555555556,65.18049206349205,0.031746031746031744,0.11336309523809524,0.1273820634920635,0.04102263856362217,0.2877822580645161,0.12948717948717947,0.050854700854700854,0.1801785714285714,0.2482536606064093,0.34853782802903405,2026-09-25,8.0,0.1
687221,Dalton,Rushing,LAD,66.0,186,0.1795349294345161,0.0745915553263575,0.21677290089224976,0.23762770761179663,0.5747865741100855,0.4997232286212677,0.17169321510756838,0.27327555322829244,0.48278719818082627,0.6728143898329002,0.5040832718546138,0.35532396322799065,0.5713635605960244,0.004360043233346045,0.25190212010515983,0.2503472222222222,0.05590277777777777,0.012152777777777776,0.08750000000000001,52.55825,0.01983333333333333,0.106602,0.12532216666666668,0.06768073641670408,0.08695652173913043,0.158,0.1013157894736842,0.06491754122938531,0.23825410761319452,0.2612565656565657,2026-09-27,,0.0
663757,Trent,Grisham,NYY,137.0,353,0.19759041372199232,0.22168752538074354,0.18823827690259026,0.5840520679465767,0.5180522109190768,0.5372074279890946,0.15189408176086883,0.2203740936566268,0.43820828739312023,0.5815901337459197,0.5035143944387233,0.3977266917010925,0.5709845539550584,-0.03369303355037134,0.270491672791913,0.8435416666666667,0.30863095238095234,0.0,0.07125,88.01242581602376,0.01661721068249258,0.25926980712166176,0.2694964762611276,0.20235849056603775,0.06777348466553972,0.044978567054500915,0.31232020155748974,0.05843217382637297,0.1827770945357595,0.13646097691677705,2026-10-05,7.0,0.15
622268,Donovan,Walton,ATH,18.0,247,0.20030261734335839,0.13215491248143707,0.20526884684746602,0.39109753371157163,0.5525228830116572,0.5426592905441274,0.1801445738972404,0.28050409005488885,0.5010230734340395,0.6840639724576161,0.5034358011630944,0.4355004304533109,0.6451062301792937,-0.03922348938103304,0.2731941146936792,0.9765825471698113,0.2943356918238994,0.016179245283018867,0.4058404088050314,63.611351813946925,0.020587474120082813,0.21032080392433652,0.21972165796160362,0.1549440751502607,0.1027067348678602,0.13062794348508636,0.1253196743304657,0.1490465167548501,0.3448057734947979,0.2655253519068409,2026-09-27,6.111111111111111,0.9
657041,Lane,Thomas,ATL,167.0,208,0.13307560678650196,0.20594187302133055,0.07457240264603862,0.5538478065333947,0.23757248175209322,0.3933554769560258,0.1577721032293494,0.23775340046588947,0.4517183917720997,0.6133355590569622,0.502332876601417,0.3891511237352886,0.5687760167625077,0.10897739964539122,0.19759538826624284,0.20416666666666664,0.07186666666666666,0.003266666666666667,0.062066666666666666,48.02238247863248,0.011217948717948718,0.11354487179487179,0.11294690170940172,0.07867823581864325,0.0715370018975332,0.05062611806797854,0.08501912960306074,0.06281283778165793,0.3831705594464913,0.28508727790043353,2026-10-04,9.0,0.05
669707,Jared,Triolo,PIT,143.0,214,0.21148211568076303,0.22677499034650261,0.20126304522655386,0.5934905702464823,0.5445788205898439,0.5646481263203376,0.17616809617834814,0.2612579671585902,0.4925010795953506,0.6534827688317637,0.501490340555543,0.4349725864921189,0.6168223413435806,-0.06315778576479458,0.28316558116243534,0.42513574660633485,0.092420814479638,0.00857843137254902,0.05318627450980392,61.41076923076923,0.004166666666666666,0.22204439102564102,0.2170505608974359,0.1267483435681965,0.18915882967607106,0.1173469387755102,0.13725071225071228,0.13536858974358973,0.3053391067735495,0.32757590356286403,2026-09-27,8.0,0.3
691858,Jared,Serna,MIA,18.0,13,0.21341708050214445,0.2007873077636097,0.23090445814011562,0.5436287231303898,0.6010384626118455,0.5683757960016215,0.09187008361586094,0.3628025781179547,0.2862963138272787,0.7934814653382373,0.5006185121048609,0.12680703655710507,0.5763065681945096,-0.06775728389676061,0.28453944531074765,0.6962813620071684,0.23866487455197133,0.0,0.278584229390681,67.57956026785715,0.027656250000000004,0.16844694196428572,0.17083160714285717,0.22102604997341838,0.0,0.13541666666666669,0.21391640866873063,0.10104166666666667,0.2411633064516129,0.22561057209769156,2026-09-27,8.428571428571429,0.35
694197,Angel,Genao,CLE,44.0,95,0.2019249026540733,0.20975637695356159,0.19829769350483667,0.5613041765333366,0.5386335970110396,0.5458982679039542,0.13707039050278225,0.26786427831281207,0.4030832045538518,0.6642078109174546,0.500267868618471,0.30705307810904925,0.6017090820106795,-0.04563039928548329,0.27309536296682624,0.3459607314148681,0.2793127997601918,0.004406474820143884,0.026438848920863303,69.04169837526206,0.016816037735849054,0.1899994392033543,0.18484818789308177,0.22315151515151516,0.06666666666666667,0.11547619047619047,0.10514035087719298,0.1667857142857143,0.2281340579710145,0.16984234234234236,2026-09-27,6.714285714285714,0.35
686475,Tyler,Tolbert,KC,83.0,60,0.21320450295611487,0.20075296366290024,0.2304291323117284,0.5435600796251747,0.6001747969022906,0.5679673887731824,0.19393814475156684,0.33616731351512846,0.529792779035612,0.761655455940454,0.49923819364798183,0.3137344236063191,0.5673018365358555,-0.06872919512520059,0.28355101322208465,0.4454545454545455,0.05139860139860139,0.0042832167832167825,0.03426573426573426,62.15365151515151,0.0035353535353535356,0.21030060606060602,0.19936707070707071,0.16197008478643415,0.11164596273291925,0.06933333333333333,0.09631274131274131,0.1425820707070707,0.36447951273532675,0.37227319355835975,2026-09-27,8.333333333333334,0.15
621020,Dansby,Swanson,CHC,137.0,350,0.1926822753509942,0.20988029525399388,0.1859504789889629,0.5615449013494334,0.5132814620141044,0.5272236903982901,0.1547381390601464,0.2238799574372454,0.44477443123645644,0.5881385483475695,0.49893242278124417,0.4139974353838816,0.5860025646161183,-0.028291267617045923,0.26304899319808744,0.45684588782016644,0.23666277153355664,0.002515400410677618,0.2555282746136388,86.02920626061636,0.012697160883280757,0.20774910597289145,0.21838149712275107,0.11116924333836099,0.11906064751481989,0.055464480874316935,0.10251887736535663,0.10649224806201549,0.287929624486582,0.23396908428180851,2026-09-30,8.666666666666666,0.45
677956,Rece,Hinds,BAL,32.0,37,0.20422691537253962,0.18975297274896563,0.21674491980373872,0.5211923704216829,0.5747334035411902,0.5504661903160695,0.07016627839603491,0.22968299939587294,0.22479150482779464,0.5988163831736353,0.4986543587899181,0.1720519030690798,0.5158973072689776,-0.051811831526151375,0.2744923651675886,0.3425815217391305,0.13365942028985506,0.008876811594202899,0.035507246376811595,56.52702476958525,0.0,0.16550864055299538,0.16317507200460832,0.17088235294117649,0.05926573426573427,0.0,0.1443627450980392,0.053181818181818184,0.5450606532935754,0.4582397704590818,2026-09-25,6.0,0.4
686555,Isaac,Collins,KC,152.0,361,0.1819143486126244,0.2072609271475988,0.17124210501895099,0.556436373609613,0.4818006364470666,0.5047828067834739,0.15215515694834741,0.21902531928208013,0.4388133380797655,0.5790511379662595,0.4980833830876052,0.443058468259943,0.6046119924956097,-0.006699423695868678,0.2514239281271696,0.3413854815448739,0.404004718775258,0.02487757333713688,0.04417641325536062,67.43383445025607,0.06195733899967309,0.2621704435000545,0.2888384466601286,0.17928646731838221,0.05164141414141414,0.06460597826086957,0.12259497549019607,0.08743028534370947,0.23135483162570622,0.27316420023501187,2026-09-27,8.357142857142858,0.7
665923,Esteury,Ruiz,MIA,122.0,129,0.19948066837203904,0.19723579852270534,0.20160372357838563,0.5364911929516014,0.5452583221686702,0.5410119439253134,0.14030182566989483,0.23578085437836202,0.41087016692852774,0.6098220722689052,0.49805150478315524,0.29446055347923916,0.48869017291695915,-0.042960439142158136,0.26945181277766234,0.4942985305156187,0.2806061983948265,0.09763446215139443,0.2300970032911831,57.35834776864357,0.03533348013309845,0.1630459067332159,0.1739095701213545,0.16521849846658032,0.0899037212765589,0.1375,0.14532738095238096,0.11011892908507578,0.30610346902754204,0.28446886100218016,2026-09-27,7.0,0.45
695257,Billy,Cook,PIT,32.0,26,0.1406565205608137,0.08158323556953513,0.21336210208854117,0.25759769944454525,0.5682701970829735,0.41172045091480425,0.09644292662938798,0.28908256509326224,0.29879570876796113,0.69705270554656,0.497677369755899,0.14698755102087954,0.45717132416865947,0.08595691884109474,0.2049039510859925,0.47508620689655173,0.010560344827586207,0.07219827586206898,0.19530172413793107,41.626401515151514,0.0,0.09829393939393939,0.11350568181818183,0.05555555555555555,0.3882575757575758,0.016666666666666666,0.04411764705882353,0.18140192662430826,0.5229166666666667,0.3510931994362227,2026-09-27,9.0,0.05
642086,Dominic,Smith,ATL,38.0,260,0.2244665200900324,0.20541752871985675,0.227250603444135,0.5528158205955451,0.5943650557940572,0.5892269630021918,0.19032891564421367,0.2862174785545425,0.522382529921551,0.6927579304656686,0.49685486048813265,0.3895137339402881,0.5747213534577323,-0.09237210251405914,0.2927602804983001,1.422021812080537,0.2564317673378076,0.004110738255033557,0.398839485458613,85.62267516816142,0.09709921524663677,0.44057777466367715,0.49666475616591926,0.14388316212488705,0.12817460317460316,0.3780555555555556,0.2873611111111111,0.16200262762762763,0.2504922027290448,0.2170487410953959,2026-10-01,8.5,0.1
683227,Cody,Freeman,TEX,46.0,48,0.21291413012519098,0.2219656171230413,0.20423978841891777,0.5845720006554413,0.5504916418353157,0.567409074118187,0.151019162326953,0.31750879477049726,0.4361772341835668,0.7373727975101966,0.4964575699732347,0.31451504475088465,0.6326328701993108,-0.07095150414495227,0.28169453011747814,0.243218085106383,0.42446808510638295,0.0065159574468085105,0.03909574468085105,49.35551190476191,0.0025,0.1200279761904762,0.11548249999999999,0.06104849726775956,0.2115231259968102,0.17929292929292928,0.08921052631578946,0.12374127282491944,0.13769693123504947,0.3949276193388893,2026-09-27,8.666666666666666,0.15
701162,Ben,Malgeri,DET,84.0,55,0.2219922970618012,0.22472497089517646,0.21781875884355537,0.5897058867697068,0.576770543591357,0.5846218582396308,0.15557293536416306,0.2913663450644481,0.446691291847109,0.700445250306199,0.49540705085030273,0.29868052083500907,0.5580567462609698,-0.08921480738932802,0.2896257906531192,1.6780397261138456,0.16148239303294207,0.028857440363498674,0.6036362488956204,70.0221994047619,0.11555803571428572,0.25871183035714285,0.2872476525297619,0.12725140712945593,0.47717490842490845,0.3483333333333334,0.2336981409001957,0.15413961038961038,0.29128113515720705,0.11759196569623111,2026-09-27,5.833333333333333,0.3
622761,Jorge,Mateo,TB,89.0,130,0.1983908714210435,0.1971489441966374,0.19924111390544463,0.5363156480475602,0.5405310333537252,0.5388212479643351,0.1451304388120697,0.24905769514452217,0.42237033632422516,0.6330363899738248,0.4951007795571072,0.2921286505753673,0.5026600911729452,-0.043720468407227875,0.26677081990907564,0.5850913242009133,0.030764840182648398,0.02565068493150685,0.09325342465753424,64.95117405239688,0.0661231884057971,0.18905845178372355,0.21242071488294315,0.21262531328320802,0.10098028556932666,0.07647058823529412,0.1093859649122807,0.13411996948705263,0.2961620774668805,0.5148225650850964,2026-09-27,8.545454545454545,0.55
666211,Taylor,Trammell,HOU,42.0,245,0.18537735345217393,0.18918727893345078,0.18472422336966932,0.5200213294922349,0.5107105114784636,0.5120810591153783,0.13161870294120975,0.21854271913954015,0.38977975193640746,0.5781400017426821,0.49453499492805836,0.33811568850921186,0.536677536180217,-0.01754606418731991,0.25324200397237834,0.39108231707317076,0.4246951219512195,0.008536585365853657,0.08803353658536585,69.8737169924554,0.060365226337448556,0.1829241941015089,0.20882107338820302,0.0691039029535865,0.11694444444444445,0.10936403508771929,0.10472087273088726,0.08247566099610576,0.40151741798217166,0.3942915117152036,2026-09-27,7.916666666666667,0.6
640459,Brian,Navarreto,MIA,37.0,19,0.1605071115382234,0.14100990115383527,0.1984753633394003,0.4125667121623987,0.538991359055364,0.4579247544817818,0.06189068695717119,0.2362547655819014,0.2003737069900985,0.6106682724857226,0.492325600549252,0.09244825352851854,0.40470453253188665,0.03440084606747018,0.22544807975661202,1.1519791666666668,0.021875,0.021875000000000002,0.14906250000000001,65.39971774193548,0.011290322580645157,0.1550173387096774,0.19282056451612903,0.1143944099378882,0.028054298642533938,0.18238636363636365,0.09331140350877193,0.127557082945014,0.16955807032115172,0.5275722927594864,2026-09-27,9.0,0.15
691277,Deyvison,De Los Santos,MIA,21.0,22,0.19362125271472885,0.20347164242363308,0.184218607992593,0.5489711246518745,0.5096476263926862,0.5291454669651786,0.0655572342796488,0.27263587967382863,0.2112589004719,0.6718053027345687,0.49167625079093547,0.1848123255886363,0.6135895945449727,-0.03746921617424315,0.26016825932045784,0.22079724131437717,0.0,0.0849296205630355,0.0,67.46353137185396,0.00564516129032258,0.20895717771475836,0.20141148765213282,0.1387097422701138,0.024999999999999998,0.04791666666666666,0.10904356060606062,0.047098214285714285,0.28975742254733217,0.32505997001499254,2026-09-27,7.625,0.4
680728,Adrian,Del Castillo,AZ,26.0,168,0.19101129508738468,0.08411617104494355,0.20755458809395294,0.26473927385736795,0.5570112027695548,0.5237898989319885,0.13267746014151943,0.2405580551081808,0.3923797833300938,0.6182922038381174,0.4912810700589696,0.3341971316759952,0.5746748753015569,-0.03250882887301887,0.2573280620333868,0.1768041237113402,0.04104381443298969,0.0,0.07893041237113403,66.13290666666667,0.0112,0.25160126666666666,0.24607953333333332,0.06274509803921569,0.1718045112781955,0.044920634920634916,0.13214285714285715,0.0703030303030303,0.220249343832021,0.29136028195662816,2026-09-27,,0.0
518595,Travis,d'Arnaud,LAA,45.0,39,0.1627058190749645,0.1402515260013704,0.18861461877526536,0.4107495162021991,0.5188337852989441,0.4628776113502229,0.08365020540566917,0.23330102917623077,0.26342919002516585,0.6053727409898082,0.48993410170942525,0.18569426566359173,0.4985899069191436,0.02705649035920238,0.2267795267182759,0.38906250000000003,0.043750000000000004,0.014583333333333334,0.021875,52.51732371794872,0.01682692307692308,0.10040855769230769,0.11373509615384617,0.06116557734204793,0.1493872549019608,0.08368055555555555,0.025050813008130078,0.14665697674418604,0.25304161314330564,0.38269662921348313,2026-09-25,7.75,0.2
807713,Matt,Shaw,CHC,96.0,104,0.2064220480108318,0.22395425947471997,0.19023846819801193,0.5882765356238147,0.5221957644581035,0.5547913676045875,0.15486176203836208,0.2662569805242252,0.4450585932570804,0.6616205820691965,0.48813581416780416,0.3193530887999687,0.545221634401498,-0.06665555343678331,0.2708135359189348,0.6502958333333334,0.5506166666666668,0.0091875,0.09610416666666667,70.99530014889189,0.007553956834532374,0.22692848354283607,0.23316605667114665,0.19142177144389536,0.17092532467532467,0.22291666666666668,0.15713675213675216,0.15385579937304078,0.2665354990968128,0.26603169642007196,2026-09-30,7.142857142857143,0.35
668885,Austin,Martin,MIN,175.0,180,0.1612386353176396,0.1800717907152785,0.14292862312549065,0.5008680167600763,0.41714641762536864,0.4595762064468789,0.15656488027325735,0.238711237728396,0.4489628463400942,0.6150334752013713,0.4869431463755265,0.4014766825557199,0.5893356419864622,0.027366939928647582,0.22378748396657175,0.2859154929577465,0.23973313565604154,0.03877501853224611,0.061204595997034844,46.85814102564103,0.005235042735042735,0.10327179487179489,0.10436025641025642,0.11017156862745098,0.0333578431372549,0.016666666666666666,0.09843844984802431,0.04438796824954742,0.22286569050713445,0.16202968856268202,2026-09-27,6.166666666666667,0.3
695391,Brett,Harris,SF,28.0,22,0.1977424159231296,0.1991782346346999,0.1959150102902219,0.5404047423003668,0.5338165597846143,0.5375141926681927,0.056176001509322726,0.23804817383202986,0.18319468392505978,0.6138586594881332,0.48670900274388057,0.12499753379553993,0.5087265656029747,-0.0508051899243121,0.2616129966742181,0.3857642512077295,0.18684589371980678,0.06027777777777778,0.2073403381642512,67.73402582908163,0.017299107142857144,0.2401719706632653,0.24616425382653062,0.075,0.125,0.15000000000000002,0.060770750988142296,0.1327485380116959,0.33489130651961074,0.2282060348892032,2026-09-27,5.1,0.5
687529,Grant,McCray,SF,25.0,62,0.14421216718488797,0.22039406463171918,0.11349366014987539,0.5816276456460098,0.34402625046924273,0.42019577381490136,0.07208952879445546,0.21237814880747352,0.2303890029710165,0.5663771621938253,0.4857596175586203,0.17952541633609737,0.4856667830095542,0.06556384374371893,0.204114138388075,0.4613026819923371,0.14661558109833972,0.0,0.1043742017879949,68.14351190476191,0.054478458049886616,0.14909623015873016,0.1751480725623583,0.13487179487179488,0.06980295566502463,0.0,0.08971326638477801,0.104406364749082,0.5556262348633758,0.18046836200279923,2026-09-27,7.857142857142857,0.35
687551,Drew,Gilbert,SF,49.0,337,0.21605377139972975,0.1934624129097232,0.2193385683315111,0.5288207671784244,0.5796417909964342,0.5734185530236309,0.17218152803713951,0.2532259166260823,0.4838536082906446,0.6401161722133506,0.48463936365911825,0.367806930332062,0.5357835520485328,-0.08877918936451262,0.27790120264770485,1.318198582325849,0.34814245106505465,0.03762323690270582,0.47672891479562474,65.45172681743081,0.07355818876497315,0.29235538000826106,0.3202283599235853,0.15454229882267265,0.12091822297679683,0.14382066139061617,0.1876472564389698,0.08213088939279414,0.22775800256773995,0.1995791158958023,2026-09-27,1.8888888888888888,0.45
694673,Abimelec,Ortiz,WSH,10.0,124,0.18560715936557012,0.14991524724019928,0.18848553937568066,0.433607109456127,0.5185658195489138,0.5125626378413044,0.12341461988689191,0.2526802013971032,0.3693625159685814,0.6391948662473661,0.4808500703291963,0.296827234085178,0.5777585300637058,-0.0317125675121081,0.2464657804541096,0.38069029850746267,0.056156716417910445,0.0,0.11688432835820894,69.2120153985507,0.02776268115942029,0.19083817934782607,0.2168854166666667,0.07228122209465493,0.12426900584795322,0.15617816091954023,0.12609943977591037,0.08055555555555556,0.18491606090596774,0.37673968479303865,2026-09-26,2.4444444444444446,0.45
701852,Drew,Cavanaugh,SF,18.0,144,0.2108748541125018,0.22007579113251935,0.2097247369849996,0.5810295398932475,0.5612426973170161,0.5634735242822426,0.14888703628910727,0.272246854580762,0.4312057213397896,0.6711905284761888,0.4791603845584498,0.2505491282997591,0.4907247629518832,-0.08431313972379284,0.26999419058358437,1.0011653895274586,0.15656130268199234,0.0,0.2269822264793529,66.59611512158054,0.007446808510638297,0.1792309840425532,0.19558221884498483,0.3832567185289958,0.04086206896551724,0.06830357142857142,0.24465986394557823,0.10546875,0.2699038704226736,0.23750091414363025,2026-09-27,7.0,0.4
694497,Evan,Carter,TEX,72.0,371,0.2026719443162621,0.20419727467214063,0.20237592333075466,0.5504075832688035,0.5467958353230267,0.5473842516281103,0.13931244576774632,0.20944986297592205,0.4084937600157518,0.5607083341642574,0.47805640438929836,0.34541197176462135,0.5075718875898196,-0.06932784723881197,0.26168054715266137,0.911869826937547,0.18345043265613242,0.025232787810383746,0.2711545334838224,63.14520758122744,0.017894334906970285,0.34285792835323525,0.34015024645931685,0.14068825910931176,0.18559343434343434,0.2508116883116883,0.10914190085983035,0.2119123931623932,0.2821013550316248,0.2943605471574974,2026-09-27,7.916666666666667,0.6
502054,Tommy,Pham,CWS,33.0,6,0.18569459160653143,0.1793170370142294,0.22077114186419255,0.4992580662511621,0.5823354669158771,0.5127457706851354,0.026507395303779754,0.20321071167954996,0.08974243207555244,0.5484537868302195,0.47797027123628955,0.061911266376209945,0.4102945856883413,-0.03477549944884584,0.24507723508963447,0.4115384615384616,0.6768429487179487,0.0,0.16346153846153846,92.16517857142857,0.1907738095238095,0.41763928571428577,0.57179375,0.08220238095238094,0.14375,0.0,0.0965587044534413,0.05333333333333333,0.3098786390582056,0.1734955296041522,2026-10-05,2.7142857142857144,0.35
642215,Weston,Wilson,SEA,117.0,66,0.1986943232656483,0.188148256069464,0.21738962420433855,0.5178651243131424,0.5759572863775422,0.5394319915963002,0.1313830849965913,0.24241756535970244,0.389200056539455,0.621553373853384,0.4775319772700397,0.2995846562675173,0.5358468230257744,-0.061900014326260466,0.2575960255496967,0.3679385716977577,0.2129545882796307,0.0033469945355191263,0.3742698322969663,62.31664049865229,0.006603773584905661,0.16751742756064691,0.1654872287735849,0.14550701186623516,0.11766666666666667,0.0225,0.048863636363636366,0.1825363196125908,0.25515951987277563,0.2123993037651115,2026-09-27,8.666666666666666,0.6
672016,Denzel,Clarke,ATH,37.0,47,0.20240758804049672,0.21668625503829667,0.19116693529754783,0.5746219114417047,0.5241104827182725,0.5468588029956782,0.08365020540566917,0.23330102917623077,0.26342919002516585,0.6053727409898082,0.4773574838202777,0.21487920594879498,0.5208603688021827,-0.06950131917540053,0.2610471422029859,0.32204384157509164,0.22089056776556773,0.0,0.04375,63.9566090425532,0.0037234042553191487,0.1556167996453901,0.1508288120567376,0.19631578947368422,0.015,0.0775,0.16022058823529411,0.07491176470588234,0.3622677813163482,0.25460326347784357,2026-09-27,9.0,0.2
669743,Alex,Call,LAD,75.0,118,0.17662804238622468,0.1412432967974082,0.19911834678589618,0.41312516136789323,0.5402844363729995,0.49349206782944477,0.146941674815093,0.25867134644087586,0.42664244435853926,0.6492176338597365,0.47634294995102255,0.30022017296828046,0.5142314683205054,-0.017149117878422215,0.23507146736730783,0.7331136340546581,0.19072564258864166,0.0983897185817332,0.3581784008940364,56.1484619140625,0.08604266826923078,0.1445608924278846,0.16737222806490384,0.06373195229127432,0.19755869928283723,0.18429621848739497,0.08685661764705882,0.20840015273004964,0.09236455214113329,0.26432558225782526,2026-09-27,7.75,0.2
664774,LaMonte,Wade,HOU,16.0,130,0.202607993758943,0.2142368798000977,0.2011767462461855,0.5699482248352966,0.544406577500113,0.547257180017747,0.12452458190809183,0.24814570080395848,0.3721529657721324,0.6314741929325519,0.4749038640043844,0.2542337519166027,0.5037253264773333,-0.07235331601336265,0.2598945493945711,0.5757420091324201,0.6337423896499239,0.0,0.1749334094368341,39.756625105663566,0.005769230769230768,0.11752994505494505,0.11932531699070162,0.08868705920944728,0.1325,0.1990952380952381,0.1542020592020592,0.050422932330827064,0.1621703678001388,0.14056393248368154,2026-09-27,8.75,0.2
656716,Zach,McKinstry,DET,84.0,333,0.1733443417185922,0.12926411154484818,0.1844636790597168,0.3839690148961844,0.510163011046395,0.48638671376961606,0.14378174798713797,0.21702267286577157,0.41917448643385813,0.5752609885342559,0.4732737049187137,0.3667887444174813,0.5393449925509713,-0.013113008850902386,0.23019404204898414,0.2592780614218303,0.29773741490678424,0.2840230235166705,0.03525179856115108,63.3536774573022,0.00347682119205298,0.161129439700244,0.17283886589403974,0.09845497521042315,0.05389150943396226,0.09031274131274131,0.091866576819407,0.07414634146341464,0.2203209228633835,0.228703262501796,2026-09-27,7.636363636363637,0.55
695657,Colson,Montgomery,CWS,203.0,445,0.17421357476704102,0.20361087220090354,0.1608031222297959,0.549246997135302,0.45859344716057504,0.4882744659358633,0.14997819029393053,0.2087615855462839,0.4337538774047628,0.5593682634861741,0.46968407349969044,0.43831006000970923,0.5927764523650262,-0.018590392436172887,0.22933474014664212,0.9839934796056833,0.3907575918830708,0.11637419679916985,0.3285472624654108,87.0600499704192,0.14387571839080462,0.2819965739097363,0.41436765297498307,0.16197646103896104,0.06142271601231139,0.08366606170598911,0.09067963669251743,0.15048119244576247,0.36518565300841144,0.3641066577322527,2026-10-05,7.588235294117647,0.85
678489,Jorge,Barrosa,HOU,60.0,104,0.20166254022960245,0.21342772354283956,0.19487493447196563,0.5683962363220927,0.5317026326580753,0.5453755618427987,0.120846131559082,0.23568948986102886,0.36287137147503346,0.6096587838840973,0.46843082732408203,0.26300465135235673,0.4864436436088385,-0.07694473451871664,0.25547072563635825,0.2966463414634146,0.6354420731707316,0.00746951219512195,0.041082317073170734,66.46597643097644,0.008838383838383836,0.13207382154882152,0.1382878367003367,0.07621359223300972,0.01923076923076923,0.18825757575757576,0.09322493224932249,0.08072185267307219,0.18172510685560353,0.2011395960451822,2026-09-27,9.0,0.15
669701,Josh,Smith,TOR,31.0,207,0.18622995418215552,0.12610375406037497,0.1952343609636782,0.3761077971602158,0.5324339302351859,0.513866052831804,0.1369893994699153,0.23449967134033103,0.4028870969829337,0.6075278583263116,0.46823350821276943,0.32403652422604634,0.5398946793857299,-0.04563254461903454,0.2406093046688839,0.5639705882352941,0.1016281512605042,0.025078781512605043,0.09582457983193277,61.74746023266858,0.011217948717948716,0.20193966642924976,0.2136389126305793,0.1671701998788613,0.11385941644562335,0.07583158263305323,0.14337966475822583,0.10113226744186046,0.16358272633095752,0.26964607563082366,2026-09-27,6.357142857142857,0.7
676369,Nelson,Velázquez,HOU,81.0,33,0.20371042546035303,0.20100834575718007,0.2103428029135957,0.5440703350212244,0.5624425397166006,0.549444179909061,0.11653758961213888,0.25550005536816184,0.3518757585157739,0.6439374118942174,0.4671434747737202,0.22436949222500085,0.47846173949767395,-0.08230070513534082,0.2566692633969158,4.085252192982456,0.4032483552631579,0.005372807017543859,1.9720120614035088,96.90056410256409,0.38974358974358975,0.41524570512820513,0.7431684615384615,0.2934955289193303,0.05178571428571428,0.0,0.21763820710612436,0.08454415954415954,0.30118607852633095,0.20650641025641026,2026-09-29,,0.0
677588,José,Tena,WSH,20.0,267,0.18628970058233207,0.09325748381517085,0.1932584059581494,0.2901053072791484,0.5284035022825999,0.5139909619607828,0.15656461185143636,0.24860959989443523,0.4489622325565552,0.632269419360953,0.46636376718206385,0.3074029431755071,0.48541734548169513,-0.047627194778718906,0.23970676131756352,0.3221341463414634,0.11731707317073171,0.0064024390243902435,0.1727439024390244,38.229141716566865,0.01467065868263473,0.11402320359281438,0.1195371756487026,0.08161276030128489,0.1304642857142857,0.0412828947368421,0.058962510897994765,0.11343344155844155,0.22058450786714107,0.15417520393397277,2026-09-26,6.666666666666667,0.15
823550,Sung Mun,Song,SD,11.0,138,0.21003359282116163,0.21046936124601154,0.209998857656862,0.5626879361666361,0.5617751334131875,0.5618425680201793,0.11630849695340292,0.23596149075888526,0.35128733479177676,0.6101447654074281,0.4631883759421025,0.2208329108492607,0.455759453215292,-0.0986541920780768,0.2602389466164071,0.6108389261744966,0.3136409395973155,0.0,0.3054194630872483,60.692114999999994,0.007000000000000001,0.23511310000000002,0.2283454,0.4390579178885631,0.18936781609195402,0.10277777777777777,0.24075000000000002,0.058681408681408684,0.2523739516549036,0.22019878706199464,2026-09-27,8.0,0.05
665966,Carlos,Narváez,BAL,77.0,198,0.16902832678958674,0.11970266114423643,0.18821053009611186,0.3599662709067294,0.5179945513983351,0.47693968841701295,0.10867070452585409,0.1920071759273802,0.33145040082349597,0.5258385273008365,0.46269202093185124,0.28107922931825335,0.47937753734796973,-0.014247667485161708,0.22067618829627517,0.3530439393939394,0.1795181818181818,0.017818181818181816,0.026727272727272725,63.41636115506329,0.060043512658227854,0.1756338844936709,0.1945283069620253,0.08069004524886877,0.09722222222222221,0.08103448275862069,0.12053631852018949,0.04102221747489852,0.30974460235156176,0.27386035385448637,2026-09-25,8.75,0.4
573262,Mike,Yastrzemski,ATL,42.0,374,0.18778813965101582,0.2237554584282756,0.18374902898618983,0.5879072655847337,0.5086590194262208,0.5171161902645702,0.16173263821597966,0.23804078885849095,0.46068940806865366,0.6138455604008763,0.46101562710531885,0.3779940937726433,0.5397247764509912,-0.05610056315925138,0.23839864474113423,0.7596896144943022,0.2605275106837607,0.005889423076923076,0.35087094907407407,88.0585755647698,0.0508693165570489,0.228038487274807,0.25175055118673145,0.16219686345387552,0.11160256410256411,0.11495659512900892,0.16595097782097368,0.12338994941476203,0.25103409880677324,0.3046788847127678,2026-10-04,6.916666666666667,0.6
676914,Davis,Schneider,TOR,84.0,70,0.19200373279410413,0.18255534631087625,0.2033417965739776,0.5061395449928644,0.5487137369955193,0.5258314552894594,0.07522597613265464,0.17718843462081868,0.23945541601391906,0.49469760559876863,0.4600374196586098,0.15776522530056675,0.37232070077047824,-0.06579403563084962,0.24190214586669453,0.9339015151515153,0.7529166666666666,0.18640151515151515,0.5731439393939394,64.96799657534247,0.05025684931506849,0.2589079623287671,0.2795161815068493,0.10756821829855538,0.006521739130434782,0.047368421052631574,0.01381578947368421,0.12115384615384615,0.28473108163729155,0.2411111267715919,2026-09-27,6.0,0.15
663330,Jahmai,Jones,BOS,159.0,26,0.2013035478655649,0.20038311772304723,0.20693233219865365,0.5428204016623353,0.5557925311719363,0.5446596432765123,0.12992857515078268,0.23991319188941437,0.38561278489540574,0.6171565838796449,0.4562782481421459,0.21726302757387253,0.4006692046480007,-0.08838139513436638,0.24851634786793314,0.4911351351351351,0.16872972972972974,0.036878378378378374,0.07660810810810811,85.72103385585002,0.0851708952811894,0.23004356213639301,0.30053265392695544,0.1321203830369357,0.04971590909090909,0.17687687687687687,0.13347902097902098,0.10213504728132387,0.29354876498831745,0.2847420809595508,2026-09-30,2.2222222222222223,0.45
805811,Bryce,Eldridge,SF,143.0,301,0.16042462881138153,0.1569372216678923,0.162081436856295,0.44981378626406776,0.4614744146974674,0.4577383196969137,0.1972230573906708,0.2758047399430968,0.536465444289385,0.6767824954271389,0.4424048685980766,0.5890181027627126,0.7628358011369958,-0.015333451098837103,0.2025056611778175,0.7553444069069069,0.17178115615615613,0.0,0.3178526182432433,42.17607443820225,0.05095973782771536,0.18522741104868912,0.21650395599250938,0.2136068641503424,0.14593880597014924,0.060354477611940294,0.1828770681408296,0.16041666666666665,0.19002034529742942,0.16270750712219378,2026-09-16,2.727272727272727,0.55
673490,Ha-Seong,Kim,ATL,72.0,80,0.1829440624795531,0.17939162698648098,0.18614125442331803,0.4994173376130976,0.5136805699204776,0.5069610087006042,0.06071896222537342,0.15643415657102436,0.19687260138151452,0.44866387075655745,0.43617764442842244,0.14920633673797906,0.38784372809507967,-0.07078336427218179,0.22112505859208653,0.31838053012967205,0.6093372945704182,0.004029605263157894,0.09830401411136537,68.57563535196687,0.0038043478260869562,0.14709223602484472,0.1459728778467909,0.10730322468793344,0.059313725490196076,0.12833333333333335,0.09026470588235294,0.09185858585858586,0.17810636999275628,0.30653840477847527,2026-10-03,8.833333333333334,0.6
650402,Gleyber,Torres,DET,124.0,291,0.14272565074567234,0.14666465489771294,0.1410471747496138,0.42599051260236775,0.412655922703571,0.41666316299333916,0.18661261599252324,0.2666411267368115,0.514665670029294,0.6622402233214781,0.4305660424115738,0.5742551255842591,0.7596128726599239,0.013902879418234648,0.17940100910873055,0.4286526332927728,0.42426155546796007,0.004427710843373494,0.09256593943340932,65.72061838146811,0.01892057761732852,0.22773586883273167,0.22757610499398312,0.13217896602042944,0.1423528567327017,0.1313690476190476,0.14476732033595563,0.13014789765319426,0.15271050670640834,0.1305898437700682,2026-09-22,1.9,0.5
650333,Luis,Arráez,PHI,203.0,428,0.16510656751764763,0.17768522611632603,0.15914052150005015,0.4957646079385376,0.4548299558905876,0.46824858195828634,0.2590036620164346,0.3298700695687023,0.6497676840797526,0.7536477379652435,0.4296909025449569,0.6573854995109168,0.7976283864506474,-0.03855767941332944,0.20120215579705228,0.6822074749075541,0.11886225567881673,0.02298820214826554,0.2428470021130481,67.99635855574624,0.008865694164989939,0.24291840639424783,0.2374492950349154,0.16416614965390558,0.21236153552330023,0.17375000000000002,0.21640482871326816,0.14142414047828836,0.020492003252914066,0.19953782943059253,2026-09-24,4.0,0.7
687749,Jase,Bowen,SD,51.0,50,0.19788460606889727,0.21366163337613608,0.18179203821551368,0.5688452935265049,0.504523621987975,0.5378010235469457,0.08439988610512007,0.21931068010467697,0.2655361360827536,0.5795892298112915,0.4274083378368782,0.13307826266911238,0.36539264090003465,-0.1103926857100675,0.22986064156117186,0.14554455445544556,0.07775371287128714,0.012128712871287127,0.04245049504950495,50.60127272727273,0.015909090909090907,0.16180204545454546,0.16958568181818182,0.0578125,0.0552738336713996,0.08125,0.03875,0.07732900943396226,0.36059873808564913,0.404987581096121,2026-09-27,9.0,0.05
669364,Xavier,Edwards,MIA,142.0,440,0.14948927348731594,0.1412875823399935,0.15213618290304276,0.41323108122079333,0.4387693807721701,0.43261312758631654,0.21572369260159444,0.28584794319932777,0.5727895830359111,0.6922008475433289,0.42390083096871256,0.6495387677885649,0.795395540613989,-0.008712296617603976,0.18338506427181325,0.38918220638770973,0.21167058318172632,0.0,0.09437158884172225,38.98109131545339,0.005632183908045977,0.1209513282247765,0.12273432950191572,0.11891104294478527,0.19227886056971516,0.14047911547911549,0.16410714285714287,0.13283469048906776,0.15562351479526015,0.1863018934572659,2026-09-19,5.4,0.25
646240,Rafael,Devers,SF,219.0,403,0.1597000691910891,0.13068941204492304,0.17546516575439022,0.3874911158160551,0.49098388931666404,0.4560986368804325,0.20007204976027837,0.26624646383041006,0.5421976148707721,0.6616036068648241,0.4225712963078578,0.5757819862019191,0.7271655773770127,-0.033527340572574726,0.19273419223081129,1.0892282958199355,0.17443729903536975,0.001969453376205788,0.43700763665594855,41.79187657430731,0.09857262804366079,0.2002474601175483,0.2748160789252728,0.13547128971657274,0.22515354868061876,0.19259530791788856,0.16645454314969016,0.19095568783068784,0.17871632131113316,0.2060016420361248,2026-09-12,2.0,0.3
808982,Jung Hoo,Lee,SF,177.0,397,0.15627849770310048,0.13521826236450674,0.16566807366010577,0.39858703830853803,0.46949922978305714,0.4483077153441274,0.22539911248346298,0.2969612239256219,0.5909532316565228,0.7086416445534078,0.41981257937403693,0.5691878151538632,0.7236450152016745,-0.028495135970090457,0.18820521833189963,0.9696113925753228,0.4648532774390244,0.007469512195121952,0.17909651856169295,69.21489084728807,0.003993775933609958,0.3775741872591879,0.37368662612996445,0.1434920884226259,0.1658708791208791,0.19288793103448276,0.13810311284046695,0.16849223040074776,0.07013313157762646,0.18442441492726125,2026-09-20,4.363636363636363,0.55
669065,Kyle,Stowers,MIA,110.0,394,0.13705820287920378,0.15093651738888253,0.1331835465440143,0.43598511007382,0.3936197999515034,0.40305369700249927,0.17884484523804559,0.25011079640366685,0.4982489589874982,0.6348344043822329,0.4037338906255347,0.5225718017226483,0.6937025053469227,0.0006801936230354522,0.16272643722182445,1.4531039014274691,0.29956175250771605,0.17138249903549382,0.42192925347222227,73.45808978558979,0.11905226905226905,0.27232781584031585,0.35414538235788234,0.11983075169734747,0.13933823529411765,0.14985272459499263,0.12514449011045467,0.1341427787898376,0.20703526010832865,0.23351850097657217,2026-09-24,1.6666666666666667,0.75
691176,Jasson,Domínguez,NYY,84.0,137,0.1400813043286456,0.15632534287565147,0.1301214558764668,0.44841491676438316,0.3860893517036167,0.41034108500046973,0.16386783427924587,0.2712897177748903,0.465482094202299,0.6696744693157701,0.39866228806341064,0.522539035075616,0.7663729045791028,-0.011678796937059088,0.16358751583270972,0.2797008547008547,0.09401080945198592,0.005542986425339365,0.04157239819004524,38.00840838509317,0.03796583850931678,0.11527461180124224,0.12716638198757765,0.07716981132075472,0.06409266409266409,0.38055555555555554,0.0787878787878788,0.1367581130812981,0.17420068027210883,0.17362749546279493,2026-09-10,3.0,0.05
666971,Lourdes,Gurriel,AZ,54.0,144,0.14538410083214376,0.14777394409863392,0.14448790960720995,0.42859790474337023,0.42084937371300857,0.42297000592868705,0.14756804032247517,0.2579059356330692,0.4281145671971819,0.6479483755011273,0.38994902302736384,0.4326530210930224,0.6949876389209046,-0.033020982901323215,0.1649367405817698,0.44048295454545455,0.030934343434343425,0.006186868686868686,0.09468118686868686,41.057589285714286,0.004729729729729729,0.12795156853281853,0.12142972972972972,0.09705882352941177,0.2858333333333334,0.20147058823529412,0.21045918367346939,0.14100000000000001,0.16114783653846154,0.30751401721550975,2026-09-11,6.0,0.15
676724,Jared,Young,NYM,62.0,277,0.16008395633980368,0.1531160893721698,0.16164355111234266,0.4410363228382913,0.4604887775622536,0.45696781626380834,0.19935892102534725,0.29020106217515335,0.5407675785495618,0.6987176377069176,0.3893721273888727,0.4773666401385342,0.668488933790583,-0.06759568887493561,0.17793053076688656,0.5809571837584592,0.16082660940482388,0.01084070796460177,0.11492061426340447,41.72047486772487,0.04080687830687831,0.16084317460317463,0.17540814814814817,0.16758661887694146,0.14414329377921611,0.1981576354679803,0.1600016436554898,0.17696594427244583,0.1290126050420168,0.1673748927883656,2026-09-17,5.0,0.4
605353,Vimael,Machín,COL,2.0,4,0.1600308918495408,0.15553800303560514,0.16227733625650864,0.4466111750831976,0.46191494801313204,0.4568477292540163,0.18761630648265054,0.8123836935173494,0.5167585361653548,0.9971394665090066,0.3885005432619768,0.2076596008020477,0.9385080552796037,-0.06834718599203948,0.1774855910031858,0.7874999999999999,0.0,0.0,0.0,40.5675,0.0,0.2995875,0.2813625,0.3375,0.3375,0.0,0.0,0.50625,0.3,0.18409090909090908,2026-09-13,7.5,0.1
679845,Nick,Loftin,KC,164.0,254,0.1492811788967771,0.14535078238677912,0.15181891522606716,0.42289126485033635,0.4380340000210311,0.43212709975063635,0.1763803546391824,0.2546855233545374,0.492958578120107,0.6425721004544059,0.38768262378058316,0.4442462653312848,0.6214128303282072,-0.04444447597005319,0.1675281678380205,1.2711049641148324,0.11073564593301435,0.008791866028708134,0.3552222362125409,65.97264347788678,0.053494450180691794,0.21898529620547239,0.24038009271209776,0.1867417279411765,0.1174594427244582,0.03945578231292517,0.14002158555729982,0.1642799115868997,0.1185861002830401,0.18468475883495167,2026-09-24,5.923076923076923,0.65
667472,Dane,Myers,CIN,144.0,188,0.1481452883267801,0.1520389347723527,0.14516292083655422,0.4385440467202196,0.42244715028172963,0.42946885867414153,0.18420511906380993,0.27387250887678966,0.5096192479231887,0.673754088388868,0.38276934219616937,0.45701419490094186,0.6422266497887195,-0.04669951647797216,0.16438751252844078,1.0302553965863455,0.2828815261044177,0.0055346385542168666,0.26074297188755025,64.93003390022676,0.09855555555555558,0.22730683786848074,0.2756831156462585,0.13976054260218768,0.1728047798066595,0.10909783813747229,0.172854709611321,0.11202586505790167,0.14144307948872942,0.17157324952985697,2026-09-23,1.8181818181818181,0.55
663611,Nick,Madrigal,TB,21.0,41,0.15657040652026244,0.1418728336723548,0.16409843163748344,0.41462957259724387,0.4659978688323365,0.44897548275803645,0.15245896205333748,0.36152507516027416,0.43951683068442726,0.7920286744918875,0.3818532073080513,0.29031021505169974,0.7096897849483003,-0.06712227544998517,0.1714427280938369,0.5948588709677419,0.0691532258064516,0.009879032258064514,0.019758064516129027,39.568198529411774,0.0,0.12754301470588236,0.12123002450980393,0.26785714285714285,0.02045454545454545,0.06,0.2765625,0.02,0.01,0.16918158567774938,2026-09-16,6.666666666666667,0.15
694728,Brice,Matthews,HOU,86.0,144,0.147383896386117,0.14625324871887188,0.1480591442984995,0.4250213427419358,0.42926690026434644,0.42768206128810593,0.141864567334418,0.24233359527447645,0.4146098363054731,0.6214065395422609,0.38088889297137296,0.33331457491249156,0.5525322861854451,-0.04679316831673297,0.16289934686774155,0.8236413043478261,0.4808695652173913,0.0,0.055923913043478254,57.471375,0.015000000000000001,0.44881482142857143,0.4242985714285715,0.21003649635036498,0.021052631578947368,0.012499999999999999,0.14773351648351649,0.21061151079136692,0.3506711409395973,0.21319875776397515,2026-09-22,9.0,0.1
666310,Bo,Naylor,MIL,14.0,84,0.1437897435607889,0.14816642452404366,0.1430602967335798,0.4295184031516661,0.4174597648523085,0.4191934698254569,0.08704470546990539,0.22561243033129502,0.2729349133068103,0.5913473627583747,0.37982970845868425,0.2268802210080984,0.559974557940115,-0.039363761366772665,0.15922213343158756,0.7455357142857143,0.16160714285714284,0.0,0.4357142857142857,38.31050995024876,0.09751243781094528,0.14109079601990052,0.1709455223880597,0.2,0.01111111111111111,0.555,0.008333333333333333,0.16028225806451613,0.08515625,0.2309543397778692,2026-09-17,8.0,0.05
695491,Joshua,Báez,STL,43.0,64,0.14937802191971047,0.15610051280550552,0.14486134835581693,0.44790027549085953,0.4217337066944402,0.4323533242758394,0.14772224640538784,0.301942160315581,0.4284765772678628,0.7158027107989406,0.37768964961065987,0.37547963210970914,0.7158683197696281,-0.05466367466517952,0.1632953755537458,0.6928559839044651,0.044219453097957766,0.01717289719626168,0.24240059276566286,40.80529850746269,0.04962686567164179,0.14897500000000002,0.18628656716417913,0.14203612479474548,0.1643939393939394,0.21000000000000002,0.13391544117647058,0.17451333813987024,0.2101190476190476,0.25591397849462366,2026-09-16,5.5,0.4
687605,Andrew,Pinckney,WSH,15.0,12,0.1264047108262467,0.16052364387165344,0.08375604451948832,0.45796211682132293,0.26372690779270513,0.3768594804160552,0.1317037456190719,0.4467857131455308,0.389988887532835,0.8740706807674985,0.37734201582078214,0.253781597633706,0.746218402366294,0.0004825354047269248,0.14220491602136684,0.45046296296296295,0.022685185185185183,0.022685185185185183,0.022685185185185183,28.414166666666667,0.02333333333333333,0.09426999999999999,0.09856333333333332,0.14285714285714285,0.21750000000000003,0.0,0.19166666666666668,0.10909090909090907,0.17666666666666667,0.16574074074074074,2026-09-15,8.0,0.05
663616,Trevor,Larnach,MIN,54.0,377,0.15865157841744562,0.13429758120956797,0.1621399493702981,0.3963430455327064,0.46160602304093445,0.4537196297748224,0.201135684952074,0.28143435192939487,0.5443246074259012,0.6854913605963249,0.375390613601993,0.4730239553146009,0.6471284375018274,-0.07832901617282939,0.17032209022443967,0.8811382557663436,0.16157704381056368,0.00568445475638051,0.16726149856694417,35.8230427631579,0.035526315789473684,0.13206093749999998,0.14303906249999998,0.2059775641025641,0.1376575630252101,0.06445147679324895,0.2551143790849673,0.14263731667874868,0.1826874060973434,0.20430343225419664,2026-09-13,6.4,0.25
592450,Aaron,Judge,NYY,77.0,200,0.14009009983547213,0.14506304273751078,0.13817551681818724,0.4222109338424298,0.40575450691204584,0.4103621939605986,0.16234872836078318,0.2572526343280893,0.4620754286448263,0.6468624330135757,0.37534548092146747,0.5157964063076522,0.7419301690522909,-0.03501671303913112,0.15402759504412938,0.5913257647729432,0.12060136804104121,0.004422382671480144,0.24898014440433214,41.93423245614035,0.06096491228070175,0.180978125,0.22273103070175437,0.10609022556390978,0.13271739130434784,0.15432692307692308,0.12122093023255814,0.11587837837837839,0.23896719978313907,0.2146268656716418,2026-09-16,2.8,0.25
675961,Alika,Williams,ATH,101.0,126,0.15965328112663546,0.1622308405443402,0.15758714222831657,0.46181041300886205,0.4512968491595123,0.4559926336330171,0.2031653574446198,0.3159851427858473,0.5483638214317866,0.7353149742056111,0.3745806289559469,0.4538575306835997,0.6713906818078295,-0.08141200467707022,0.1708060075055342,0.8934717242085851,0.051831267288187675,0.00539647577092511,0.04317180616740088,66.845,0.006532976827094474,0.25979669340463457,0.272074376114082,0.20086206896551723,0.1439816281279696,0.09013157894736842,0.1770099255583127,0.16473114264376398,0.13954330211512156,0.2534678951690892,2026-09-23,8.285714285714286,0.7
662139,Daulton,Varsho,HOU,135.0,388,0.13523666378608062,0.13473836567524816,0.13541004070608675,0.39741812229761997,0.39905371217871133,0.3986318275948205,0.1722291259862517,0.24125666783931463,0.4839574717666839,0.6195197604984419,0.3733799788290061,0.49397831561805383,0.6594839477996192,-0.025251848765814433,0.1488411433479221,0.4942652682487909,0.05989483747609942,0.0023422562141491394,0.08792318074457316,38.772345623342176,0.04296816976127322,0.12030650397877984,0.14042411405835545,0.1328563857975623,0.12601565851565852,0.09353023909985936,0.09911196757787666,0.1473724554940257,0.14759027389333734,0.2538885116088361,2026-09-19,5.7272727272727275,0.55
703492,Nick,Morabito,NYM,17.0,29,0.15018471122979993,0.13260074655173998,0.16049255259280062,0.39219166117384385,0.4578918503882703,0.4342352433939479,0.09085791702246311,0.307233537163785,0.28350829966061275,0.7232714338140394,0.37302450130602377,0.19824496141341577,0.642531698793754,-0.06121074208792415,0.16198038511652726,0.8294733944302358,0.1151623330491617,0.026630434782608695,0.08895460358056267,72.14458333333334,0.0,0.2699571666666667,0.27659,0.08968864468864468,0.3282967032967033,0.07142857142857142,0.07201298701298701,0.1823263453163062,0.1281089743589744,0.18801879096659702,2026-09-24,8.625,0.4
642201,Eli,White,BOS,116.0,87,0.1560630978813599,0.14317980318224444,0.17324082414684727,0.41774405338300913,0.48616156908069785,0.4478145985819928,0.17881366317944145,0.2942126796946462,0.49818226963497225,0.7046353738815301,0.3718289497176993,0.3810787954038107,0.5950666578345774,-0.07598564886429349,0.1665104318589955,0.6097270114942529,0.03318965517241379,0.003017241379310345,0.3410344827586207,37.499994292237446,0.025856164383561645,0.13243584474885844,0.13974275114155252,0.23374711921223548,0.1693944099378882,0.04006410256410256,0.1574430010604454,0.21603396159317212,0.15937309014514897,0.2428933885882733,2026-09-08,8.5,0.1
677942,Blaze,Alexander,BAL,102.0,181,0.14986750463994228,0.1475052002093477,0.15119874802071934,0.4279669984698462,0.4365945546310941,0.4334957671612655,0.23011322706669995,0.33410597432099737,0.5996000597631332,0.7590550020872473,0.36970998379266656,0.47092823305023346,0.6787698509817465,-0.06378578336859891,0.16026771305138102,0.3568639575971731,0.15833480565371025,0.008657243816254415,0.12648851590106008,38.35673160173161,0.036886724386724384,0.12692240259740262,0.14284897186147189,0.14149750712250714,0.09655172413793103,0.07542016806722689,0.11338848039215688,0.10502024291497974,0.1339534865242817,0.2224781421961437,2026-09-08,2.4,0.25
645302,Víctor,Robles,SEA,48.0,97,0.15512318591916305,0.15835088214512993,0.1535259754155918,0.45303598608316353,0.44198262126942733,0.4456591648009677,0.17292715813532156,0.30974386235796636,0.48547893335187176,0.7267652264657631,0.36918698477253825,0.36118937082703245,0.6388106291729676,-0.07647218002842943,0.16453156328911697,0.17318965517241378,0.03801724137931035,0.012672413793103448,0.03801724137931035,31.39966216216216,0.003153153153153153,0.07736148648648648,0.07547905405405406,0.09211229946524063,0.15595238095238095,0.0875,0.1108695652173913,0.11885964912280701,0.21269100372457264,0.2813507326007326,2026-09-12,,0.0
805346,Ben,Ross,MIN,7.0,14,0.14113065891325316,0.16557852908511345,0.12890672382732302,0.46929992728481384,0.3830836004890187,0.4128556984043049,0.07667565052761788,0.4000056469020493,0.24362004581345365,0.8326926307091164,0.3688051973462392,0.18877852109766458,0.733348706504507,-0.04405050105806574,0.1522633273255191,1.0041666666666667,0.0,0.0,0.16979166666666665,51.501083333333334,0.15499999999999997,0.2697225,0.3103883333333333,0.13383838383838384,0.0,0.225,0.21750000000000003,0.1265625,0.2774415204678362,0.22783687943262412,2026-09-23,9.0,0.25
672613,Eliezer,Alfonzo,LAD,14.0,14,0.11787721282092109,0.09201730521131864,0.14373712043052356,0.28670118934128963,0.41906852187056576,0.3553089464079443,0.07878501945604272,0.3559142478934295,0.24965071844998743,0.7855614200207077,0.36766513816031876,0.17709707797762567,0.6447710848733432,0.012356191752374457,0.13063471287067413,0.15312499999999998,0.0,0.0,0.109375,15.6191,0.0,0.041292999999999996,0.042105000000000004,0.08269230769230769,0.1625,0.0875,0.03611111111111111,0.16,0.054411764705882354,0.3201114488348531,2026-09-09,,0.0
657675,Rudy,Martin,TOR,1.0,2,0.14348898043101127,0.1453524736833621,0.1425572338048359,0.42289526205596195,0.41626196381100034,0.4184790814306635,0.0,0.5614970317550455,0.0,0.9441653393240941,0.3664621235128981,0.0,0.7934506856227627,-0.052016957917765394,0.15335673282680792,0.0,0.525,0.0,0.0,38.475,0.0,0.04365000000000001,0.041400000000000006,0.0,0.0,0.0,0.0,0.0,0.45,0.16875,2026-09-12,9.0,0.05
700652,Kenny,Piper,TB,4.0,7,0.10731791933020142,0.14797461446744894,0.08408552210891712,0.4290686765897649,0.2646531541409536,0.32789231760258,0.051367689746085105,0.47698056196084426,0.1685374479259194,0.8965304872165526,0.3641737581982988,0.11762077423264788,0.7692757187239871,0.036281440595718806,0.11940977758568175,0.27840909090909083,0.4613636363636364,0.0,0.11136363636363636,15.70625,0.029166666666666664,0.03287083333333333,0.049845833333333325,0.08888888888888888,0.0,0.0,0.0,0.08,0.11200000000000002,0.057142857142857134,2026-09-05,,0.0
814439,Ryan,Waldschmidt,AZ,84.0,193,0.14509971248554265,0.14086702383764912,0.14694191894369318,0.4122246602543337,0.4266430186513295,0.422297667550411,0.18529203627876184,0.28415951611781487,0.5119021829169932,0.6896463224502156,0.3636952216001777,0.45972198968550965,0.6730617656538177,-0.058602445950233284,0.15358764378098488,1.5710935619735258,0.1704933814681107,0.05576413959085439,0.042012635379061365,55.7689292929293,0.011666666666666667,0.19096222222222226,0.20705909090909091,0.10337266374577117,0.18681818181818183,0.06016504126031508,0.09428571428571428,0.13118570339128133,0.19443151529617697,0.2050926689787626,2026-09-24,9.0,0.25
699013,Esmerlyn,Valdez,PIT,111.0,173,0.1310797389033652,0.1231712998140366,0.13615393970634482,0.36874962641011877,0.4008614704236002,0.3884531491894133,0.15508344252581968,0.24736538918627765,0.44556789186811674,0.6301337952196389,0.3631255195129728,0.440873908658052,0.6646092943867861,-0.025327629676440533,0.14105725160585603,0.6170598591549294,0.24325924295774648,0.00215669014084507,0.2143133802816901,42.18484962406015,0.09529180093089867,0.16444452201933404,0.22441878804153237,0.16029611211573236,0.038409810126582275,0.03482478097622028,0.064375,0.11919463087248322,0.24957108428935626,0.13802168068781312,2026-09-11,4.8,0.25
691777,Max,Muncy,ATH,105.0,176,0.1513348564077817,0.14112117407391633,0.15742824643650818,0.41283300384423416,0.45093452666279743,0.43691069569309426,0.16641646976836622,0.26133537269566404,0.4711628711610054,0.6536098306938076,0.3627951969606313,0.4176473297995616,0.628950200752141,-0.07411549873246298,0.15850910189818257,0.5640680604982207,0.07448102016607355,0.008718861209964412,0.14497330960854093,40.358350649350655,0.03170995670995671,0.15579538961038963,0.1743378354978355,0.19470720720720722,0.14462549340521808,0.035897435897435895,0.1833620627522583,0.14035353535353534,0.18278283414011026,0.24356632413608914,2026-09-17,5.666666666666667,0.3
681351,Logan,O'Hoppe,TEX,86.0,186,0.150662090449276,0.16314191912238518,0.14489184708429004,0.4638561243333028,0.4218058875055347,0.435346816242108,0.15877390787984452,0.2539322143521103,0.453997575429938,0.6413060858496313,0.36073892373275473,0.38772115676987573,0.6004921529268207,-0.07460789250935329,0.1570465419416594,0.9510477941176471,0.038281249999999996,0.006755514705882352,0.04954044117647058,37.15875679347826,0.015217391304347825,0.16613783967391305,0.1689070652173913,0.26916666666666667,0.08781362007168458,0.05777310924369748,0.28515151515151516,0.1705952380952381,0.1672793148880105,0.22007441110953127,2026-09-11,7.0,0.1
678011,Anthony,Seigler,BOS,40.0,129,0.13296831128535408,0.0725866565298491,0.1516913050079913,0.23183115274497623,0.4377380239323444,0.3930926500623474,0.1632171092644875,0.28714624309211884,0.4640247057538269,0.6941548839780212,0.3606826510730869,0.40291074545649797,0.6742475770713254,-0.0324099989892605,0.1417816991418327,0.21745562130177512,0.06523668639053254,0.003624260355029586,0.03986686390532544,32.215696721311474,0.010040983606557375,0.058573770491803276,0.06307684426229507,0.09983835118205697,0.08529411764705883,0.047058823529411764,0.10671114599686028,0.06015741015741016,0.13558569082207686,0.24610622802611754,2026-09-12,9.0,0.05
694224,Gabriel,Gonzalez,MIN,6.0,5,0.14665760876599687,0.13929821348524846,0.155488883102895,0.40845952540579744,0.44649850524795653,0.42597392351018704,0.051367689746085105,0.47698056196084426,0.1685374479259194,0.8965304872165526,0.3582968353278483,0.09677141110578041,0.700006684861608,-0.06767708818233875,0.15262510872588692,0.5488636363636364,0.11136363636363636,0.05568181818181818,0.0,40.51875,0.0,0.11407291666666666,0.10403333333333334,0.45,0.0,0.0,0.0,0.17500000000000002,0.0927536231884058,0.23084150326797384,2026-09-06,,0.0
656577,Alex,Jackson,MIN,25.0,48,0.15668640251444257,0.14173549958270656,0.16447333112472176,0.41430161899673146,0.466835643554659,0.44924067356335873,0.19651731621782964,0.40005463236611083,0.5350376096261664,0.8327404341168021,0.3582720128829895,0.3398561575495228,0.6925677302378154,-0.09096866068036924,0.16095036038645452,0.23493150684931502,0.016780821917808216,0.016780821917808216,0.05034246575342465,22.90588888888889,0.0038888888888888883,0.07126277777777777,0.0707072222222222,0.08769841269841269,0.15714285714285714,0.1433333333333333,0.1,0.13,0.19176470588235295,0.21110538596150108,2026-09-20,,0.0
596146,Max,Kepler,AZ,12.0,130,0.1287639531641266,0.09549378103545075,0.13183504597600437,0.29621428063444777,0.3903116787266554,0.3827296376674869,0.1340947901933951,0.26251025811325784,0.39584797680207484,0.655534331872332,0.3578152955174743,0.329354701126789,0.6250263789330753,-0.02491434215001259,0.1369465184052877,0.17253521126760563,0.04313380281690141,0.0,0.056073943661971826,37.079175,0.012249999999999999,0.052334624999999996,0.05741399999999999,0.09695652173913044,0.07119932432432433,0.0375,0.07348790322580645,0.07741379310344827,0.24591607565011822,0.25173470776348916,2026-09-05,7.0,0.05
702616,Jackson,Holliday,BAL,90.0,257,0.1445598688907092,0.14571356224312632,0.14415585176340362,0.4237482050364253,0.4200622230512904,0.42101985416615084,0.16814261806713787,0.25324845503363846,0.4749857851232785,0.6401541865994556,0.3573374357656085,0.37774492218389677,0.5726722965030077,-0.06368241840054234,0.15044615509414277,0.3784872318283702,0.05648414985590777,0.0,0.10350057370050166,39.20988038277512,0.011363636363636364,0.12524137426900586,0.12640923710792132,0.15816988280905808,0.04717391304347826,0.23003246753246753,0.11931828854905778,0.1397427423864965,0.1449497525948309,0.2076653079710145,2026-09-14,3.888888888888889,0.45
690993,Colt,Keith,DET,25.0,396,0.14982093712703862,0.08490379003139528,0.15391924186792516,0.2669499152950272,0.4428894740858229,0.4333871502705199,0.19715091165804932,0.27794739767593224,0.5363196250915463,0.6801171686230518,0.3564004974816592,0.4322265049400511,0.5955818893351084,-0.07698665278886069,0.1544593959585719,0.5890973871733967,0.13709026128266036,0.03745249406175773,0.17017814726840855,37.242385185185185,0.041935185185185186,0.14139053703703705,0.1577921203703704,0.15511363636363637,0.13156717823180492,0.19173076923076926,0.13226190476190475,0.17517772511848342,0.13855143019948107,0.18747063031607686,2026-09-19,2.8,0.5
694371,Tommy,Troy,AZ,31.0,111,0.14274500705099874,0.1476417153048642,0.14137745789901832,0.4282875450393251,0.41344599892266454,0.4167092605412317,0.14009557324033284,0.2702229966957143,0.4103753297003354,0.6679789579857549,0.35637441787344215,0.3874647126766947,0.6794376602366395,-0.060334842667789546,0.14850452014785398,0.3445774647887324,0.05607394366197182,0.0,0.038820422535211264,38.14532894736843,0.016578947368421054,0.0952731140350877,0.10255561403508771,0.14341463414634148,0.013333333333333334,0.03,0.03515625,0.13,0.2614864864864865,0.24572072072072074,2026-09-13,6.0,0.1
694388,Joey,Loperfido,HOU,14.0,103,0.13048792694397152,0.02808325054809537,0.1444070091725372,0.09488922925248089,0.42065766775377944,0.3869940954044079,0.12758198294157502,0.26832070879671166,0.37979367498481875,0.6649399325107943,0.3552261350690114,0.28509392559950375,0.5780493145800893,-0.03176796033539647,0.13747041680503608,0.177991452991453,0.06805555555555555,0.005235042735042734,0.052350427350427345,15.585105633802815,0.01232394366197183,0.05808767605633802,0.06147183098591548,0.03046875,0.024324324324324326,0.028124999999999997,0.03461538461538462,0.023076923076923078,0.5679487179487179,0.3071280991735537,2026-09-16,,0.0
694377,Nick,Yorke,PIT,60.0,55,0.11616695257618165,0.14857014939885518,0.08081801058781055,0.4304641679195603,0.25543044969660245,0.35092358787925426,0.12986594771740817,0.2726994473512982,0.3854579891580625,0.6719056802934791,0.35516889698200743,0.2954126874008022,0.6041893824430271,0.00424530910275317,0.12463714363204328,0.1544565217391304,0.2990217391304348,0.010652173913043479,0.05858695652173913,28.572916666666668,0.008974358974358974,0.057473397435897425,0.06154807692307692,0.08638392857142857,0.046825396825396826,0.12083333333333332,0.12678571428571428,0.05034090909090909,0.11100396539293439,0.1464393125671321,2026-09-05,9.0,0.05
624428,Adam,Frazier,LAA,20.0,121,0.14739037422763213,0.09006087773558313,0.15686632406102866,0.2813073857622346,0.449651831002851,0.4276972800059732,0.15943347868326785,0.2951425754160097,0.4554944507280263,0.7059951629981075,0.3551249748473163,0.286175155495956,0.5330270757914608,-0.07257230515865687,0.15188598580438684,0.5052194148936171,0.039095744680851065,0.013031914893617023,0.21134197695035464,35.234972222222225,0.0038888888888888883,0.1513147222222222,0.14656416666666666,0.22770833333333335,0.1181547619047619,0.07023809523809524,0.236729986431479,0.13397683397683396,0.1518000129882781,0.2781865545329525,2026-09-19,8.666666666666666,0.15
592626,Joc,Pederson,TEX,35.0,391,0.14171353663992473,0.07475442311402412,0.14770731918060634,0.23809721382370108,0.4284415416721403,0.4142491593525732,0.1708331195086209,0.24755709188258407,0.4809050385863357,0.6304634189370466,0.35069959428923586,0.4060478486804078,0.5723447724755373,-0.06354956506333737,0.14527701211960445,0.773132876204596,0.1605680133432172,0.05368482826785273,0.25787311588831235,39.17714613970588,0.062270220588235295,0.14145926011029414,0.18524607077205885,0.13565910188314823,0.2317575083426029,0.06938405797101449,0.15333635150590927,0.13917622848590672,0.18914445329268847,0.20961679781770765,2026-09-12,1.0,0.25
641584,Jake,Fraley,TB,10.0,87,0.12082428302915377,0.034955467251301726,0.13069426185419422,0.1170914116913111,0.38750307570365794,0.36281595154348845,0.1291394035682155,0.28578377693725787,0.3836601588281766,0.6921040419860713,0.34930007601373114,0.37772167637354503,0.7083826401947998,-0.013515875529757304,0.1267316394531347,0.20206185567010304,0.18015463917525773,0.0,0.03788659793814433,35.71724576271187,0.014830508474576272,0.09835593220338984,0.10117838983050848,0.026612903225806454,0.03214285714285714,0.039473684210526314,0.02608695652173913,0.03235294117647059,0.1532085561497326,0.19798209798994976,2026-09-19,1.0,0.05
543877,Christian,Vázquez,HOU,60.0,199,0.13660325148700408,0.14104479135857598,0.13526409373678142,0.4126502185903941,0.3986985880090419,0.4019514650634616,0.1496103710938066,0.24546223003466672,0.43289582757795897,0.6268500011581322,0.34681314285205306,0.3662334782927035,0.5761903355411505,-0.05513832221140852,0.13940205087264632,0.5508614864864865,0.0402027027027027,0.0,0.056756756756756746,59.86275793650793,0.0037037037037037034,0.20472142857142855,0.19164847883597882,0.14441674975074775,0.015671641791044775,0.01,0.12874493927125508,0.09650239940937616,0.16465965461442555,0.2675792841771435,2026-09-24,9.0,0.2
683090,Matthew,Lugo,KC,8.0,7,0.1396303213422057,0.12966960210436224,0.1510140004711697,0.38497250266299576,0.4361652358223783,0.4092580153955303,0.03736125910306534,0.3788198283232237,0.12477104927233407,0.8110871302087748,0.3447821045837184,0.08221892400405661,0.6410655481673807,-0.06447591081181192,0.14110483986582675,0.17150000000000004,0.13066666666666668,0.0,0.0,38.317421874999994,0.0,0.0746359375,0.07110234375,0.0,0.16928571428571426,0.0,0.12166666666666667,0.04444444444444444,0.2780952380952381,0.2618518518518519,2026-09-13,7.5,0.2
660821,Jesús,Sánchez,AZ,35.0,274,0.13550371593147537,0.14292903503811996,0.1345552262645682,0.41714739805261003,0.39697161005111914,0.39928156763961853,0.18932806998202573,0.2832482291376822,0.5203129715848249,0.6882613063321665,0.3412365060803665,0.4476593463255317,0.6365776165476932,-0.05804506155925204,0.13624944708363496,0.3521511099755862,0.2803487480838017,0.015857605177993526,0.0634304207119741,73.23201555023924,0.1341806220095694,0.3202780203349283,0.36236818181818187,0.1721162377994676,0.03611708996986655,0.0663563829787234,0.10547929764797236,0.11644757051733796,0.2017517006802721,0.27303591315766507,2026-09-23,7.5,0.3
690976,Alex,Freeland,LAD,35.0,229,0.14758259789884745,0.13522496699109332,0.14947131877994524,0.39860335772796973,0.4325712041064722,0.4281487491728546,0.16029025675783287,0.25727563954937827,0.4574345019721522,0.6469007137642401,0.3399487860731771,0.32277092325066287,0.5247924737187519,-0.08819996309967754,0.1455486475400611,0.5079640151515152,0.28892992424242425,0.0023200757575757573,0.12492424242424242,40.30971178343949,0.023320063694267517,0.145028949044586,0.1563669347133758,0.14010099729546993,0.22762141967621422,0.013636363636363636,0.10942540322580646,0.16928571428571426,0.13839875100250698,0.1298862587801066,2026-09-19,8.571428571428571,0.35
690924,Braxton,Fulford,COL,59.0,24,0.13607891738402877,0.1320298282950688,0.14603292806105544,0.3907903103624656,0.4245018421892044,0.4006793340916134,0.09388012275121073,0.24975135495472323,0.2918099817701074,0.6342214203688443,0.33637717603988126,0.19084603675596176,0.4745575989060954,-0.06430215805173212,0.13477938289927704,0.4048192771084337,0.2870983935742971,0.007379518072289155,0.036897590361445784,52.76625,0.013125,0.14069500000000001,0.136865,0.14539007092198583,0.05178571428571428,0.01875,0.1000968992248062,0.02625,0.26761006289308176,0.18393704634282523,2026-09-24,8.0,0.05
683357,Owen,Caissie,MIA,40.0,282,0.12993786144628572,0.14946073552814704,0.12716865944885858,0.432546491626141,0.3787646477288287,0.3856357353881307,0.1588338942714305,0.24578453365318967,0.4541338340253567,0.6274075767905734,0.3356293618857271,0.397407007851655,0.5843849309893538,-0.050006373502403556,0.12943067578865142,0.4944508009153317,0.18445366132723112,0.007608695652173912,0.31883581235697944,41.007254464285715,0.08742559523809525,0.17288125000000001,0.2286352678571429,0.13670995670995673,0.02723909657320872,0.1259033613445378,0.12448013415892673,0.04045943708609272,0.2560348262435549,0.21309654583783633,2026-09-12,6.0,0.25
700337,Edgar,Quero,CWS,87.0,123,0.14156323851290564,0.13308723512292683,0.1475584604228906,0.3933839563936139,0.42809207227928914,0.4138900742959707,0.13476772174141538,0.23859981540974629,0.3974896733627089,0.6148362359995436,0.3328206051415519,0.28503000494619546,0.5145159919960708,-0.08106946915441882,0.13775114498926683,0.14,0.18541666666666667,0.5783333333333335,0.04083333333333333,26.673790509259263,0.00486111111111111,0.07278807870370371,0.0729796875,0.09666666666666666,0.019354838709677417,0.07386363636363637,0.09278579356270811,0.06564685314685315,0.12876895628902765,0.12728211009174312,2026-09-11,5.0,0.05
665561,Rafael,Marchán,PHI,30.0,65,0.13367591682920157,0.13723704330075076,0.13203231999617887,0.40348658443897545,0.3907964313914112,0.39482447346708593,0.05064423402767533,0.17033043673589754,0.16631598664688185,0.47980274824477465,0.32943471090128207,0.16095800156300613,0.4659232933074994,-0.06538976256580387,0.13006888627338037,0.09671052631578946,0.012894736842105263,0.012894736842105261,0.038684210526315786,32.24365131578947,0.004605263157894737,0.053259210526315784,0.05274440789473684,0.015789473684210523,0.012499999999999999,0.010714285714285713,0.007142857142857142,0.01981132075471698,0.02258064516129032,0.3404761904761905,2026-09-12,9.0,0.05
681230,B. J.,Murray,CHC,7.0,4,0.14007366207020697,0.1410685673474679,0.13833257783500033,0.4127071193285917,0.40613345924252486,0.4103227433646158,0.016232172885884855,0.3773584364515957,0.055669201789321776,0.8095270193077111,0.328894337128701,0.030053369748306635,0.5635028221864703,-0.08142840623591485,0.13495282668773542,0.05568181818181818,0.0,0.0,0.0,39.299285714285716,0.0,0.04029999999999999,0.05956428571428571,0.05,0.0,0.0,0.06666666666666667,0.0,0.05448717948717949,0.19333333333333333,2026-09-11,8.0,0.05
677008,Heston,Kjerstad,BAL,0.0,19,0.14834730810541524,0.0,0.14834730810541524,0.0,0.429942279123547,0.429942279123547,0.0850767663291625,0.4333427844381418,0.2674347781511194,0.8630312534537233,0.32860791269230305,0.09746059290024889,0.5656453011761292,-0.10133436643124394,0.14128243492096032,0.4442724458204334,0.0,0.0,0.17770897832817337,37.32275,0.0,0.210495,0.19865062500000003,0.08928571428571429,0.084375,0.5416666666666667,0.1125,0.16730769230769232,0.2105855855855856,0.29389051808406647,2026-09-18,7.0,0.2
694212,Samuel,Basallo,BAL,99.0,295,0.13049052756672963,0.12221621774789626,0.13326732984491438,0.36633979388065985,0.3938249118736449,0.3870005124159537,0.16628097738255998,0.24554502814829382,0.47086195605851777,0.6269932962699095,0.3230761580139364,0.42626984959636616,0.6082601022941003,-0.06392435440201727,0.12503063870077102,0.45485406091370556,0.30728109137055837,0.028204314720812182,0.15649587563451778,66.81947145669291,0.04279527559055118,0.1743799212598425,0.20108960629921258,0.1121911663216011,0.06674868766404199,0.15458603896103895,0.09559772565742715,0.1187260278581522,0.18536039018361583,0.2617618698927939,2026-09-21,5.8,0.5
801126,Brock,Rodden,SEA,18.0,53,0.13142746475304456,0.14734818564312543,0.1260204274696209,0.42759815905976584,0.37589956245893763,0.38930927496916024,0.09941454752428261,0.2725912799863349,0.3068340104913586,0.6717348637912607,0.31518297693248093,0.2340330237774797,0.5926054264103301,-0.0741262980366793,0.12270365623220571,0.25719122426868907,0.3855498374864572,0.0,0.025880281690140845,54.839527027027025,0.04810810810810811,0.09399391891891892,0.1274558108108108,0.12577220077220078,0.054545454545454536,0.03333333333333333,0.11653846153846155,0.07111111111111111,0.2908834586466166,0.21392857142857144,2026-09-22,9.0,0.3
670770,TJ,Friedl,CIN,38.0,228,0.129381727438786,0.1547332754255884,0.12515646944098563,0.444763249473337,0.37373758843730653,0.38426020515352177,0.11569667009361191,0.202421454511305,0.34971398928101316,0.5468863755551427,0.31016272712038373,0.27331684253954924,0.47916266109107675,-0.07409747803313804,0.11918319315425445,0.44492481203007517,0.16851503759398492,0.01151315789473684,0.09868421052631579,34.31576349431818,0.004971590909090908,0.16423629261363637,0.15731097301136365,0.09538250211327134,0.36150000000000004,0.04401595744680851,0.2581521739130435,0.05519301470588235,0.17030236582988878,0.08984806827619785,2026-09-17,8.5,0.1
663647,Ke'Bryan,Hayes,CIN,61.0,181,0.11595818483876022,0.12451624293909852,0.11307397741267936,0.37213203450766785,0.3429386966705381,0.3503868215749937,0.09524609732350608,0.18071003776506206,0.2955395304138786,0.5022265610824703,0.3057796620992406,0.28455217113432496,0.49982523316177774,-0.044607159475753055,0.10714116390522849,0.18773685279367097,0.03290289256198347,0.00506198347107438,0.06769707565162111,68.0070251396648,0.011731843575418992,0.14378946927374303,0.14867053072625697,0.07073183240166163,0.032675438596491226,0.20833333333333334,0.08176691729323307,0.06326923076923077,0.15562405364481938,0.22524030907492046,2026-09-24,8.8,0.5
602104,Ramón,Urías,STL,40.0,59,0.13143079246435974,0.14290330927753703,0.12365281496390057,0.41708616378619723,0.3699620845467705,0.38931746389314004,0.07837241241376691,0.21179712779786347,0.24847378936976305,0.5652565516522081,0.3021836705387292,0.1748947864983201,0.45783135911135653,-0.08713379335441085,0.11764538024405823,0.1732323232323232,0.05568181818181818,0.024747474747474744,0.04949494949494949,36.76485294117647,0.01801470588235294,0.09611139705882353,0.1032125,0.05480769230769231,0.021428571428571425,0.0875,0.031069518716577538,0.07386363636363637,0.11106547619047619,0.17389251373626374,2026-09-15,,0.0
668670,Jake,Rogers,CWS,44.0,123,0.12192845077610151,0.13021514173517384,0.1189641060427748,0.3863207340207223,0.35808487658550703,0.36561242312546416,0.09355742548296511,0.19818357909956422,0.2909268595736435,0.5384037077846884,0.29970937955748644,0.2382301110811472,0.4851516927976368,-0.06590304356797771,0.10957747249344207,0.15037425149700598,0.21115269461077843,0.0036676646706586833,0.040344311377245506,38.139293478260875,0.017119565217391303,0.07992989130434783,0.08516358695652174,0.058333333333333334,0.026932367149758454,0.05150375939849623,0.07051282051282051,0.028189028420356907,0.18784869617950273,0.16972046462149581,2026-09-17,7.333333333333333,0.15
677347,Kyren,Paris,LAA,14.0,4,0.1205943266420024,0.11582775246642918,0.13727733625650865,0.3500513037864741,0.4035840835247143,0.36223244635880647,1.3877787807814457e-17,0.1758792236466577,0.0,0.4918779747135168,0.2977504753542297,2.7755575615628914e-17,0.3543304350666875,-0.06448197100457675,0.10785488309206015,0.0,0.2625,0.0,0.0,0.0,0.0,0.0,0.0,0.0,0.0,0.0,0.0,0.0,0.25540540540540546,0.08653846153846154,2026-09-14,7.4,0.25
801501,Nate,Furman,SF,0.0,37,0.12481142159348754,0.0,0.12481142159348754,0.0,0.37287264555167865,0.37287264555167865,0.04285189940411471,0.24708531544126022,0.14211910447639609,0.6296518441892945,0.28945078428961785,0.05520471638534141,0.37565475270329085,-0.0834218612620608,0.10792827969507807,0.06621621621621622,0.5640202702702704,0.0,0.04966216216216216,14.163863636363635,0.0,0.040838636363636355,0.03915227272727272,0.02222222222222222,0.03076923076923077,0.13333333333333333,0.028571428571428567,0.05217391304347826,0.19386401326699834,0.23645833333333333,2026-09-15,,0.0
650489,Willi,Castro,COL,165.0,309,0.09173593863232146,0.0908422255121274,0.09221316408485228,0.283465016241081,0.2872395683533737,0.2859272575246171,0.19828394825912168,0.27434448247199905,0.5386059108530813,0.674495680428547,0.2719322066353514,0.5837018144109374,0.7500617243292349,-0.013995050889265725,0.07775283007586352,0.2300105485232068,0.05297995780590717,0.007753164556962026,0.07236286919831222,15.101677852348995,0.014093959731543624,0.05889337248322147,0.06661803691275167,0.10629707576428887,0.09959901800327331,0.054911764705882354,0.11061732385261797,0.0784584980237154,0.11503042035398231,0.15212232620320854,2026-08-31,,0.0
691016,Tyler,Soderstrom,ATH,145.0,303,0.09069394699898432,0.08351228460690935,0.09413071613050536,0.2630410997759137,0.29249523586878146,0.2830559129757114,0.1808749286114001,0.25698099398822183,0.5025771106339267,0.6464101985657431,0.2678725354827961,0.5487844359404759,0.7259372871210739,-0.015183377492915318,0.0758229050922015,0.2556640625,0.0669921875,0.0041015625,0.0751953125,15.822581967213114,0.016639344262295082,0.05570622950819672,0.06344696721311474,0.11546094750320102,0.03666310541310541,0.08792372881355932,0.0808845029239766,0.10375615763546797,0.09150451505648544,0.10654943934760447,2026-08-14,,0.0
694384,Nolan,Schanuel,LAA,117.0,323,0.09388247276623593,0.08843793818822732,0.09585464163814617,0.2768109410415932,0.29719652560732446,0.2918164101483002,0.20755999375653217,0.2877552915816658,0.5570217791402212,0.6950684862190817,0.25727537867493505,0.6050536120416237,0.7773156722971892,-0.034541031473365125,0.07507717742446408,0.21019886363636364,0.05846590909090909,0.008352272727272726,0.06542613636363637,15.275770958083829,0.0036676646706586824,0.058775898203592816,0.05974258982035928,0.09246961805555555,0.11102941176470588,0.08229166666666667,0.1005,0.09058139534883722,0.04799432096630056,0.09779146456879215,2026-08-20,,0.0
805779,Jacob,Wilson,ATH,114.0,221,0.09230901497506253,0.0875407271297936,0.09476867476854964,0.2743165615737868,0.29423761256009895,0.2875029385183627,0.21010688997856075,0.30293971130138,0.5619848422898167,0.7172216237450388,0.25681178124896475,0.6053965378701002,0.8001307570773007,-0.030691157269397973,0.07383414175521233,0.22671641791044775,0.021940298507462687,0.005485074626865672,0.06764925373134328,14.490062277580071,0.004359430604982206,0.05181681494661921,0.051930160142348754,0.10760275599904967,0.06566985645933013,0.07584841628959277,0.10536700414173952,0.07939529675251959,0.0500963357233977,0.18352040816326531,2026-08-16,,0.0
642715,Willy,Adames,SF,137.0,367,0.08372912310103475,0.09146172420196862,0.0808425662867897,0.28517242159055844,0.25550006578347817,0.26365118794355813,0.17884484523804559,0.25011079640366685,0.4982489589874982,0.6348344043822329,0.24927262508213996,0.5225718017226483,0.6937025053469227,-0.01437856286141817,0.06572102372471539,0.2394097222222222,0.04496527777777778,0.002430555555555555,0.061979166666666655,15.237990797546011,0.015567484662576684,0.055225383435582816,0.06495774539877301,0.11050819844439771,0.04973707274320771,0.049999999999999996,0.08901911287414353,0.0803196853569988,0.10812913661039636,0.12095159075303273,2026-08-23,,0.0
691458,Blaze,Jordan,STL,76.0,119,0.09196731138406007,0.09625415767509492,0.08922949358474369,0.29828284620159273,0.27900649195506977,0.2865637192413466,0.1817686446644982,0.30023073005905704,0.5044740382836743,0.7133565426040183,0.24636229011258853,0.48429732915809565,0.7293727611385934,-0.04020142912875807,0.070598494135479,0.22301282051282054,0.021987179487179487,0.006282051282051281,0.07538461538461537,15.331009615384612,0.016826923076923073,0.05525961538461538,0.06142499999999998,0.11024144547489606,0.08232954545454546,0.07647058823529412,0.06574074074074074,0.11436699857752489,0.07547008547008546,0.14598849018280297,2026-08-27,,0.0
680977,Brendan,Donovan,SEA,52.0,106,0.09631141977896165,0.08061052698584335,0.10401374454539705,0.2548420422982334,0.31914486613738324,0.2984384487583439,0.18053233679427208,0.3127989727631345,0.5018485803409733,0.7309745911753267,0.24335061898183336,0.45899061456925083,0.7510862653443866,-0.055087829776510555,0.07262518123332115,0.2170886075949367,0.05814873417721518,0.023259493670886075,0.05427215189873418,14.721030701754383,0.0046052631578947355,0.051812280701754386,0.052955921052631576,0.09920212765957447,0.10210084033613445,0.09772727272727272,0.09126794258373205,0.10475195094760312,0.05083653364501586,0.10150535939470365,2026-08-21,,0.0
650859,Luis,Rengifo,SD,131.0,217,0.09334340533065869,0.09373455174514725,0.09310727546753424,0.29141169646498055,0.2896936251730281,0.2903407192159756,0.17554688551287884,0.2616996497201819,0.4911604377363997,0.6542073478030944,0.24212166246528571,0.47353237624438765,0.6695562506909143,-0.04821905675068988,0.07029777761793873,0.17424568965517243,0.058081896551724146,0.005280172413793104,0.06512212643678161,15.193127376425856,0.007319391634980989,0.05241615969581749,0.05347148288973384,0.09279250161603103,0.07803825956489122,0.14870689655172414,0.07833202409007593,0.1147457627118644,0.07279330228432024,0.12217150238124527,2026-08-29,,0.0
696135,Kahlil,Watson,CLE,17.0,74,0.09329768614720481,0.08891007129959327,0.09430565172030475,0.2781210786638171,0.2929733209756954,0.29021546252159225,0.1561815982722814,0.32716671153557714,0.4480859215400228,0.7501518458753043,0.24190240217128453,0.4072670096806468,0.7548524292560443,-0.04831306035030772,0.07020381753122357,0.2019230769230769,0.02019230769230769,0.0,0.07403846153846154,15.439374999999998,0.012499999999999997,0.057396875,0.06343750000000001,0.1348214285714286,0.04285714285714285,0.0,0.1315340909090909,0.027906976744186046,0.15550351288056205,0.13243562795585917,2026-07-21,,0.0
669477,Casey,Schmitt,SF,104.0,300,0.0905749821414687,0.09178479782754927,0.09015557937029409,0.2860616934917338,0.28156914370252173,0.2827275660451435,0.2195375806604135,0.3047873848274837,0.5800167350229996,0.7198363708877575,0.2413654647308819,0.5610358669448852,0.7463773771963067,-0.04136210131426157,0.06824067037071717,0.2835086633663366,0.015160891089108909,0.010612623762376237,0.07883663366336634,15.658725490196076,0.021160130718954246,0.06360220588235294,0.07510988562091503,0.09558936825885977,0.0800125313283208,0.04285714285714285,0.09064028457092041,0.0835064935064935,0.07477611940298506,0.1415773397879207,2026-07-27,,0.0
682848,Endy,Rodríguez,PIT,28.0,130,0.09202530380699045,0.0882142021051744,0.09284615648122774,0.2761894957257208,0.2889775599354074,0.2867231816556336,0.16936427786008817,0.2992514858220699,0.4776794472112069,0.7119501525637894,0.23996051866845702,0.4117613449352105,0.6906106996500243,-0.04676266298717657,0.06880224338435606,0.2442246835443038,0.08916139240506328,0.0,0.07753164556962025,16.06872340425532,0.01861702127659574,0.06166143617021276,0.06952154255319148,0.11833333333333333,0.024999999999999998,0.09711538461538462,0.08400383141762452,0.10892857142857143,0.08828943192637258,0.12015789001525073,2026-08-07,,0.0
672569,Gustavo,Campero,LAA,5.0,6,0.09349626929536742,0.09441590473105957,0.09272990643229065,0.2932745151450481,0.2886586022158749,0.2907594054627315,0.1516647109536757,0.6461988254921511,0.43767632830133063,0.973657472261232,0.23607693918437503,0.30064184258240184,0.9544127391902995,-0.05468246627835646,0.06864159048071031,0.27840909090909083,0.0,0.0,0.05568181818181818,15.3525,0.0,0.054075,0.052575,0.2,0.4,0.0,0.1,0.17142857142857143,0.13793103448275862,0.14666666666666667,2026-08-25,,0.0
807799,Masataka,Yoshida,BOS,30.0,263,0.0974949941478068,0.09354779195865795,0.09794524534808993,0.29090048352406683,0.30286778874552134,0.30164914679674415,0.1999381714564452,0.29811038081804403,0.5419293917080222,0.7103050879926803,0.2330434352855117,0.4698388741794011,0.6732675903002129,-0.06860571151123246,0.07029735342045686,0.21949658703071673,0.0564419795221843,0.006271331058020478,0.0564419795221843,15.53208695652174,0.00608695652173913,0.05235239130434782,0.05462054347826087,0.11728323699421965,0.09583333333333333,0.07894736842105263,0.10078630897317298,0.10742636746143057,0.05370979532163743,0.10645758842028172,2026-08-15,,0.0
624585,Jorge,Soler,LAA,92.0,265,0.07507404797979053,0.08021874560000752,0.07328796427767746,0.25373007508874934,0.23386233772907872,0.23901801020936475,0.14296188165742105,0.22241037698375557,0.41722557520965387,0.5854025783312069,0.23286703943456855,0.5459355200216183,0.7434631645199017,-0.006150970774796205,0.05565941640899625,0.20245098039215684,0.060049019607843146,0.010294117647058823,0.07892156862745096,15.471944444444443,0.019444444444444445,0.05748219696969697,0.06749166666666667,0.08197940503432494,0.0401,0.05267857142857142,0.060981585981585984,0.06228571428571428,0.14741308433168898,0.10745949268722671,2026-08-01,,0.0
682989,Victor,Mederos,ATL,0.0,1,0.09397793647467209,0.0,0.09397793647467209,0.0,0.29207751231694123,0.29207751231694123,0.2065493143772374,1.0,0.5550412114241001,1.0,0.23254735524411058,0.2065493143772374,1.0,-0.05953015707283066,0.06792185301558382,0.6124999999999999,0.0,0.0,1.2249999999999999,18.1475,0.0,0.10202499999999999,0.095025,0.0,0.0,0.4,0.4,0.0,0.0,0.0,2026-07-17,,0.0
673357,Luis,Robert,BAL,68.0,160,0.08258395243695191,0.08362994490287615,0.08213940563893411,0.2633721888928381,0.25917003918778947,0.2604250989343716,0.15090505310226085,0.25386059708833336,0.4359119529777591,0.6411855590569873,0.23064498112012388,0.4572808102264011,0.6993572144165839,-0.02978011781424772,0.06006574202692453,0.22297149122807014,0.06447368421052631,0.0,0.06716008771929824,15.713708053691274,0.01761744966442953,0.05717449664429529,0.06691812080536913,0.09120352914561496,0.05339861751152074,0.056108597285067875,0.06694054054054054,0.09599514563106795,0.1047491750553444,0.13209752006165842,2026-09-04,3.0,0.05
678760,Eddys,Leonard,SF,5.0,3,0.08837633562991248,0.0871431774583323,0.09043159924921276,0.273209352400239,0.2823316818053979,0.27663987292097103,0.071479212752109,0.5907245696898311,0.22861585470671442,0.9561413905359668,0.2302225441552455,0.2076596008020477,0.9385080552796037,-0.04641732876572552,0.06368873535864976,0.22968749999999996,0.0,0.0,0.0,13.501249999999999,0.029166666666666664,0.0700875,0.06979583333333333,0.16,0.0,0.0,0.13333333333333333,0.08,0.12727272727272726,0.18181818181818182,2026-08-08,,0.0
641933,Tyler,O'Neill,BAL,123.0,137,0.08461417220670182,0.09433630404875991,0.07588554288864968,0.29305706759534556,0.24135224701666413,0.26613758616330785,0.14559076684953415,0.2404041381055103,0.42345824581171676,0.6180213711296447,0.22982299964943032,0.41217757092124274,0.6223681407784449,-0.036314586513877534,0.06116453837151013,0.2049519230769231,0.06360576923076922,0.004711538461538461,0.05653846153846154,15.64114779874214,0.015408805031446541,0.05435125786163522,0.06547751572327044,0.10719696969696971,0.0638136511375948,0.05,0.07122844827586207,0.09090909090909091,0.10934691745036573,0.11551369542862483,2026-08-22,,0.0
621439,Byron,Buxton,MIN,114.0,290,0.0817098652602943,0.08535530137748254,0.08027683175215825,0.2682150469863027,0.25389501196089737,0.25795590164225046,0.19410624925286427,0.27627618654809355,0.5301359061935946,0.6775183403867968,0.22712126989481657,0.5549092077246491,0.7445493129663152,-0.030834631747433894,0.05858727195785032,0.2865408415841584,0.04245049504950495,0.009096534653465346,0.06670792079207921,15.789342592592593,0.02787037037037037,0.059519444444444444,0.07456425925925925,0.09054054054054055,0.062241735537190084,0.04136191677175284,0.054044117647058826,0.097,0.11233285790693529,0.1338398014147576,2026-08-25,,0.0
669699,Braden,Shewmake,MIL,11.0,76,0.09629560936462096,0.08329864353003016,0.09817674915646964,0.2624396547100526,0.3034937812134275,0.29839548841149244,0.17333211159075584,0.3533157366689819,0.48636011762539333,0.7825181469512044,0.22540138030254275,0.3907078562746876,0.734914528758763,-0.07299410810894968,0.0672587549640018,0.2534482758620689,0.014080459770114942,0.0,0.06336206896551723,15.320615942028986,0.012681159420289854,0.052403623188405794,0.05970543478260869,0.17034883720930233,0.09784946236559139,0.06923076923076923,0.14591836734693878,0.02763157894736842,0.11530054644808743,0.22175324675324676,2026-07-19,,0.0
681146,Jonah,Bride,TEX,3.0,3,0.08665801434355239,0.08288442943789201,0.09043159924921276,0.2612725552125913,0.2823316818053979,0.2718564982213818,0.030053369748306635,0.5635028221864703,0.10129442663473509,0.945054131761276,0.22393449023506942,0.09453120573423068,0.9054687942657693,-0.04792200798631238,0.06087804634629619,0.10208333333333332,0.10208333333333332,0.0,0.0,16.741666666666664,0.0,0.031674999999999995,0.039316666666666666,0.1,0.0,0.0,0.1,0.0,0.11428571428571427,0.11428571428571427,2026-08-10,,0.0
678225,Jihwan,Bae,MIL,1.0,2,0.08764488600704809,0.09397793647467209,0.08447836077323609,0.29207751231694123,0.26575643664127013,0.27460645347775914,0.06149194472039626,0.7923403991979523,0.1991834941344356,0.9959193245820501,0.22393449023506942,0.09453120573423068,0.9054687942657693,-0.050671963242689716,0.0614938561748023,0.20416666666666664,0.0,0.20416666666666664,0.0,0.0,0.0,0.0,0.0,0.2,0.0,0.0,0.4,0.0,0.11428571428571427,0.2,2026-08-11,,0.0
676566,Shawn,Ross,PIT,0.0,5,0.0871431774583323,0.0,0.0871431774583323,0.0,0.273209352400239,0.273209352400239,0.036224108632430196,0.6244653702374748,0.12114707166081484,0.9675454964560062,0.22393449023506942,0.09453120573423068,0.9054687942657693,-0.0492748621651696,0.06118099705720097,0.48999999999999994,0.0,0.0,0.24499999999999997,14.962499999999999,0.05833333333333333,0.06597499999999999,0.12483333333333334,0.13333333333333333,0.0,0.0,0.08,0.0,0.2,0.10909090909090907,2026-07-26,,0.0
677950,Alek,Thomas,LAD,18.0,101,0.08280666915591983,0.08688319120468138,0.08208016027594253,0.2724846166236765,0.25900266084555135,0.2610533090168752,0.11841874530971616,0.25475704778800945,0.3566930923158522,0.6426921385967379,0.22377600344407678,0.3406932564568249,0.6593067435431751,-0.0372773055727984,0.0584174661776479,0.19044117647058822,0.020588235294117643,0.010294117647058822,0.06691176470588235,15.195697674418604,0.012209302325581393,0.052351453488372085,0.05842965116279069,0.023529411764705882,0.12093023255813953,0.09755555555555556,0.10892857142857143,0.05512820512820513,0.0925099700897308,0.15323785803237858,2026-08-29,,0.0
691907,Tsung-Che,Cheng,BOS,5.0,38,0.07942617577138344,0.03267869154687461,0.08557716053776618,0.10977939692386907,0.2688361230318955,0.2514769531247534,0.13153678479384479,0.37744520297809003,0.3895782517140861,0.8096199030863875,0.22227745144107572,0.29143795714506004,0.7679393219046169,-0.02919950168367766,0.055897656236737044,0.1566860465116279,0.05697674418604651,0.0,0.05697674418604651,13.914599999999997,0.013999999999999999,0.064813,0.07351399999999998,0.059920634920634916,0.1625,0.04285714285714285,0.059151193633952256,0.06428571428571428,0.11959051724137931,0.1242595818815331,2026-07-22,,0.0
671289,Tyler,Freeman,COL,100.0,181,0.0816587955942871,0.08626547277197247,0.07911367008175375,0.2707605991433909,0.25058722604983275,0.25781145380310233,0.17934350325258405,0.2764941383543159,0.49931458353749736,0.6778581198934587,0.22147087499733453,0.5248220271273843,0.7349456750683153,-0.0363405788057678,0.057097728258107966,0.17437722419928828,0.02397686832740213,0.03269572953736655,0.05231316725978648,15.10218325791855,0.0023755656108597283,0.05328393665158371,0.05377963800904977,0.08524096385542168,0.04821428571428571,0.06958525345622119,0.07103844771828961,0.06846153846153846,0.04611105466368624,0.12611136057476427,2026-08-08,,0.0
668715,Spencer,Steer,CIN,94.0,287,0.07863794042522804,0.09830098831804576,0.07219777839761526,0.30382956160972563,0.23070319576097487,0.2492313382191672,0.17448910793969113,0.25644538474438117,0.4888718176909862,0.6455172895471752,0.22106041390962106,0.5295376612248861,0.7183762453405913,-0.028170924309546153,0.05509518278597786,0.2298884514435695,0.05626640419947506,0.009645669291338583,0.06269685039370079,14.70943897637795,0.020669291338582675,0.054981003937007875,0.06618169291338583,0.07270114942528735,0.032038834951456305,0.035869565217391305,0.032887700534759354,0.059773988897700234,0.08541701826037061,0.11224828620394173,2026-07-26,,0.0
682818,Yohendrick,Pinango,TOR,32.0,148,0.08927635672983317,0.0857554572756129,0.09003763228750242,0.26933497679340257,0.28124312428886467,0.27913632759978635,0.18743271646074586,0.31213609358807853,0.5163762022796254,0.730065231878267,0.22089544705996794,0.4498014139559942,0.6981240331724828,-0.05824088053981841,0.06165994387583247,0.2279861111111111,0.03743055555555555,0.0,0.0748611111111111,15.91016,0.013999999999999999,0.06209699999999999,0.0670572,0.07001404494382023,0.02608695652173913,0.15047619047619046,0.12083333333333332,0.07158385093167702,0.09376855728968406,0.14940781049935978,2026-07-29,,0.0
695490,Edwin,Arroyo,CIN,42.0,115,0.08376200249645271,0.08252535709796954,0.08421364690285527,0.26025975753095376,0.2650131210613329,0.26374366459480125,0.1537658358131434,0.2804596389666726,0.4425358527027773,0.6839956513648389,0.22024240219978541,0.42247433694294984,0.6979073722198006,-0.04350126239501584,0.05808753825533352,0.15214968152866237,0.02340764331210191,0.011703821656050953,0.015605095541401274,14.798318181818178,0.004772727272727272,0.06184659090909091,0.061324772727272714,0.07464285714285715,0.04636524822695035,0.11103896103896102,0.06039783001808317,0.08846153846153845,0.12109603462393262,0.1533459595959596,2026-09-04,,0.0
663662,Daz,Cameron,TOR,20.0,4,0.0826092336186426,0.07989821086011824,0.09616434741126438,0.25281944140302104,0.2980387484694227,0.2604964279590726,0.09244825352851854,0.40470453253188665,0.28788540142890007,0.8372338782613273,0.2195827647377841,0.2152160622138775,0.7847839377861225,-0.04091366322128848,0.05720052585557016,0.22968749999999996,0.0,0.0,0.05104166666666666,14.720588235294116,0.020588235294117643,0.06058088235294117,0.07003088235294117,0.1,0.0,0.1,0.06666666666666667,0.1,0.0816326530612245,0.12093023255813953,2026-08-29,,0.0
671286,Johnathan,Rodríguez,BAL,12.0,2,0.08739223519256051,0.0865958296470633,0.09217066846554378,0.27168296921508817,0.2871227805953199,0.2739031401449058,0.04009392127146488,0.39941379496970353,0.1334360924435516,0.8321142890765282,0.2189820928548708,0.036224108632430196,0.6244653702374748,-0.054921047290035,0.059979882868452454,0.13124999999999998,0.13125,0.0,0.04374999999999999,15.512,0.0,0.05327,0.060655,0.20416666666666666,0.0,0.0,0.0,0.155,0.16666666666666666,0.10655391120507399,2026-07-22,,0.0
681190,Randy,Vásquez,SD,0.0,1,0.08613479921977013,0.0,0.08613479921977013,0.0,0.27039552299039793,0.27039552299039793,0.0,0.7934506856227627,0.0,0.9959951786088325,0.21716273985949516,0.0,0.7934506856227627,-0.05323278313090277,0.05871983261833593,0.0,0.0,0.0,0.0,11.567499999999999,0.0,0.008575,0.007699999999999999,0.0,0.0,0.0,0.0,0.0,0.0,0.0,2026-07-19,,0.0
542303,Marcell,Ozuna,PIT,102.0,177,0.0823861511550377,0.0766245935011609,0.08570637081998364,0.24347364641139002,0.2691976627970252,0.2598668472775383,0.14185555536351185,0.2323521695647907,0.41458831923646755,0.6036607402390697,0.21690618468789136,0.4337876750268811,0.6623114437075629,-0.042960662589646925,0.056366726369841774,0.1800179211469534,0.05707885304659498,0.00439068100358423,0.06586021505376344,15.325394736842103,0.01330409356725146,0.05610643274853801,0.06568640350877192,0.07434823091247672,0.0801470588235294,0.01875,0.067629179331307,0.06970108695652175,0.1009469696969697,0.11928319581258406,2026-08-01,,0.0
682988,Tyler,Locklear,AZ,12.0,29,0.09249586238052329,0.08375604451948832,0.09611233873681363,0.26372690779270513,0.2978973649663207,0.28801614061219805,0.13825002738090336,0.3934333622257569,0.4059343053943534,0.8261899762691053,0.21657003170120195,0.26799202452413634,0.7320079754758637,-0.07144610891099609,0.06237566470284157,0.2390243902439024,0.0597560975609756,0.0149390243902439,0.07469512195121951,14.59824074074074,0.02592592592592592,0.05873518518518518,0.06785462962962963,0.06956521739130435,0.16666666666666669,0.06666666666666667,0.12631578947368421,0.07272727272727272,0.07529411764705882,0.10823529411764704,2026-08-14,,0.0
676694,Jake,Meyers,HOU,55.0,97,0.05237336406631424,0.08898449317194179,0.03161447642910274,0.27832743956076855,0.10634681019960046,0.17161846850380702,0.14189553702057575,0.2677609132193307,0.4146837755217524,0.6640418531510428,0.21625209598439452,0.3495702375287849,0.629955353554168,0.044633627480587496,0.03711285352358006,0.18536184210526316,0.04029605263157895,0.004029605263157894,0.04029605263157895,14.949295454545455,0.011136363636363635,0.04603613636363637,0.04999590909090909,0.12246376811594202,0.017045454545454544,0.134375,0.03,0.12926829268292683,0.08502923976608187,0.09892473118279571,2026-08-08,,0.0
516782,Starling,Marte,KC,124.0,42,0.08495434859564722,0.08688155960082136,0.07926448753275216,0.27248006674745406,0.2510167088702626,0.26709165766012366,0.16625487254849705,0.29206348718058006,0.47080396577180883,0.701475422136667,0.2162470547352237,0.4241321478993947,0.6761327874521665,-0.05084460292489995,0.057757784313350394,0.17710843373493976,0.033207831325301196,0.01475903614457831,0.04796686746987952,15.003125,0.0171875,0.054571875000000006,0.060399999999999995,0.042261904761904764,0.10196078431372549,0.11013824884792625,0.1032142857142857,0.05590277777777777,0.08669691097016678,0.14088083791208791,2026-08-15,,0.0
543309,Kyle,Higashioka,TEX,54.0,132,0.08197920357493463,0.08761187086413176,0.07967493059299034,0.27451457566511595,0.252184637177847,0.25871737856816357,0.14320836306153872,0.2562905624725651,0.41781197852491925,0.6452588870556076,0.21595454585163382,0.39660081278706294,0.6561775652180385,-0.04276283271652975,0.055871193992612984,0.2008736559139785,0.06256720430107526,0.006586021505376344,0.06256720430107526,15.250360169491525,0.014830508474576268,0.05350402542372881,0.05958898305084745,0.09077669902912622,0.011194029850746268,0.028124999999999997,0.03148148148148148,0.05839285714285714,0.05334689349112426,0.1061147186147186,2026-07-20,,0.0
649966,Luis,Urías,TOR,34.0,24,0.0858278088604586,0.07955838621755196,0.09470949093790967,0.25185313892925276,0.2940761002818346,0.26953733884449493,0.13593660611409739,0.3466111763891869,0.40033372755907326,0.7745236711229431,0.21583991170171682,0.30722106273725014,0.6927789372627499,-0.053697427142778115,0.058176915416511515,0.26400862068965514,0.06336206896551723,0.0,0.07392241379310344,15.046249999999999,0.0125,0.0514,0.0549375,0.0667487684729064,0.07023809523809524,0.15625,0.10661764705882354,0.05208333333333333,0.053975155279503105,0.12523243801652892,2026-08-06,,0.0
678554,Curtis,Mead,BOS,141.0,188,0.08869259529869036,0.09408436486642854,0.08464876812288674,0.2923685228496401,0.2662346556703763,0.2775178081822608,0.17755279515166392,0.26662702350589756,0.4954803319066782,0.662217488660692,0.21444248764683732,0.45281790637182373,0.6560653815071656,-0.06307532053542347,0.05951160915290183,0.2643617021276596,0.07260638297872339,0.00930851063829787,0.09122340425531913,15.194256756756756,0.018918918918918916,0.057570270270270264,0.0677391891891892,0.11504362510554461,0.022727272727272728,0.1418604651162791,0.03264705882352941,0.11635220125786164,0.08007225151337628,0.09707770270270269,2026-07-27,,0.0
669384,Raynel,Delgado,HOU,9.0,31,0.08657001570139414,0.08580453539985058,0.0867922519179713,0.26947224905832945,0.27223099312100596,0.27161092564043987,0.1231609132354074,0.37503096742310027,0.36872345459283373,0.8070233581770755,0.21384512094915525,0.24809535365737387,0.698830199745016,-0.05776580469128462,0.05808267124469188,0.19906249999999998,0.04593749999999999,0.0,0.06124999999999999,15.066916666666666,0.005833333333333333,0.049221666666666664,0.0497175,0.05971428571428571,0.049999999999999996,0.049999999999999996,0.06534090909090909,0.03333333333333333,0.07267080745341614,0.0888937664618086,2026-08-21,,0.0
680716,Jonathan,Ornelas,MIL,17.0,5,0.08430925059164315,0.08347574268967577,0.0871431774583323,0.2629382513524131,0.273209352400239,0.2652816378464894,0.07306884583422055,0.3851660743712655,0.2332281215117019,0.8177563599319732,0.21312444812784928,0.18877852109766458,0.733348706504507,-0.05215718971864011,0.056538002664485026,0.11136363636363636,0.02784090909090909,0.0,0.02784090909090909,15.345749999999999,0.0,0.05703249999999999,0.0561925,0.12,0.0,0.08,0.11428571428571427,0.05333333333333333,0.13076923076923078,0.18181818181818182,2026-08-18,,0.0
663853,Romy,Gonzalez,BOS,40.0,32,0.077281108748467,0.07188375158229914,0.08402780520617684,0.22979148510151948,0.2644909572292853,0.24535457630388668,0.09799371242561684,0.26910706930535505,0.302998878261336,0.6661985916410136,0.21261135439004353,0.31707809245113155,0.7267019483882042,-0.03274322191384316,0.05216516877376463,0.17013888888888887,0.042534722222222224,0.01701388888888889,0.05954861111111111,15.336761363636363,0.007954545454545454,0.05979431818181818,0.06296420454545454,0.06350267379679145,0.008823529411764706,0.06363636363636364,0.06169354838709677,0.025609756097560978,0.10405343685773008,0.12147022332506202,2026-07-29,,0.0
666163,Ben,Rortvedt,LAD,13.0,14,0.08463208534498995,0.09512499619378216,0.07488866812825432,0.2952094535659705,0.2384840525876042,0.2661878481395278,0.08180707142976532,0.36698683618548433,0.2582307886439046,0.7981891111680536,0.21239531212074655,0.2127127162245977,0.719908462590678,-0.05379253601878123,0.05653705108834489,0.11342592592592592,0.0,0.0,0.022685185185185183,14.468611111111112,0.0,0.05766249999999999,0.05361805555555556,0.1,0.0,0.2,0.03636363636363636,0.1,0.11200000000000002,0.1446808510638298,2026-08-30,,0.0
701762,Nick,Kurtz,ATH,156.0,269,0.08045492150344911,0.07419687648830509,0.0840841223300754,0.236489092227964,0.2646492207636396,0.25440053932424156,0.1755923012212026,0.2531009956588487,0.49125853550736565,0.6399054223577703,0.21088000656352085,0.5075800287258732,0.6966177747748907,-0.04352053276072071,0.0536479874024593,0.24499999999999997,0.10088235294117648,0.004323529411764706,0.10232352941176469,16.294656398104262,0.03151658767772511,0.07102677725118482,0.08916706161137439,0.03200836820083682,0.03681818181818182,0.149,0.033783783783783786,0.06080665024630542,0.14381273525721455,0.11396740850121295,2026-07-31,,0.0
683679,Jesus,Rodriguez,SF,17.0,40,0.08705713854974674,0.08410237899190096,0.0883129113618312,0.26470052078711115,0.27646371578013296,0.27296956808734163,0.12474548303034583,0.3328612108319051,0.37270725811076477,0.757474910596668,0.20871195258305042,0.2834400610153417,0.6763046541715557,-0.06425761550429121,0.056972011551261,0.22565789473684209,0.0537280701754386,0.010745614035087718,0.08596491228070174,14.964127906976742,0.004069767441860465,0.05546686046511628,0.05598779069767441,0.07803030303030303,0.09999999999999999,0.049999999999999996,0.07625482625482626,0.0775,0.12139204545454546,0.1450892857142857,2026-07-31,,0.0
677592,Everson,Pereira,STL,43.0,66,0.08729872998150731,0.08524733583529681,0.08863524434949294,0.26791267026899246,0.2773586587601198,0.2736427228164131,0.14492357564133826,0.2967709871690607,0.421880972100252,0.7083656137394991,0.20843126380933485,0.31451504475088465,0.6326328701993108,-0.06521145900707825,0.057035698548852494,0.24162844036697245,0.03371559633027523,0.02809633027522936,0.061811926605504594,15.498975409836062,0.022950819672131143,0.05776434426229507,0.07170983606557377,0.06535087719298245,0.1261904761904762,0.03529411764705882,0.06648351648351648,0.09793233082706766,0.14380440348182283,0.1342060810810811,2026-08-21,,0.0
669398,Gage,Workman,SD,0.0,41,0.08616071694919868,0.0,0.08616071694919868,0.0,0.27046794239503014,0.27046794239503014,0.08525251977594996,0.31262612400404177,0.2679271908567684,0.7307376828343718,0.20782887554563953,0.1627877475083369,0.562505327040549,-0.0626390668493906,0.05621104833910192,0.25396341463414634,0.0,0.0,0.1195121951219512,16.463854166666664,0.036458333333333336,0.06649270833333333,0.08933749999999999,0.026470588235294117,0.1625,0.012499999999999999,0.006818181818181818,0.1307017543859649,0.13,0.18875,2026-08-05,,0.0
681481,Kerry,Carpenter,DET,26.0,228,0.0770781819666633,0.07939918991286808,0.07681350562192066,0.25140015214650235,0.2440152263371974,0.24477354393326978,0.14560095508985568,0.24161939061151197,0.4234823074716121,0.6201559998804264,0.20768982302514022,0.39950784707317927,0.6122788432301243,-0.03708372090812956,0.05083697402073718,0.231496062992126,0.04340551181102362,0.012057086614173226,0.0795767716535433,15.513525641025641,0.016826923076923076,0.054424999999999994,0.06536698717948718,0.06613372093023256,0.01381578947368421,0.06938775510204082,0.08315555555555555,0.042227662178702566,0.06165606653620352,0.15653721920422847,2026-07-26,,0.0
681546,James,Outman,DET,28.0,142,0.08124647950300463,0.09302395510868239,0.07892416036949071,0.2894651921717316,0.25004730992734714,0.2566445038568863,0.1115080275089608,0.2212173143805923,0.33886936887959296,0.583171883374723,0.20761676812855173,0.27584645167113864,0.5115215646098165,-0.049027735728334576,0.05328370244872237,0.1801470588235294,0.03602941176470588,0.010808823529411763,0.06124999999999999,15.129767441860466,0.012209302325581393,0.051694186046511624,0.05922325581395349,0.08499999999999999,0.06632653061224489,0.08647450110864745,0.07771739130434782,0.08502024291497975,0.1473502029123896,0.13232436915057458,2026-08-12,,0.0
676572,Eric,Wagaman,NYM,43.0,9,0.0874228406881478,0.08860911959971357,0.0817550636662225,0.2772861540335333,0.2580837261824156,0.2739883637013686,0.09382474391310203,0.297308641244808,0.2916584829656502,0.7091452604428437,0.20678160605317003,0.21159367559548778,0.5729003755732573,-0.06720675764819856,0.05665575388604907,0.1766826923076923,0.047115384615384615,0.011778846153846154,0.058894230769230754,14.843499999999999,0.01,0.05324999999999999,0.05945000000000002,0.07787356321839081,0.12142857142857143,0.0,0.06875,0.1,0.11517857142857144,0.13863172226004083,2026-08-25,,0.0
682729,Jonatan,Clase,TOR,8.0,17,0.08502180476793111,0.0863735967777226,0.08438566735155864,0.27106257764190345,0.26549621497379416,0.2672807424616457,0.11496313693401441,0.43429683355429083,0.3478240788983854,0.8638366794575651,0.20667069857183107,0.18877852109766458,0.733348706504507,-0.06061004388981461,0.05523909775934598,0.29400000000000004,0.0735,0.0,0.14700000000000002,15.18375,0.0,0.0470625,0.0511375,0.045,0.049999999999999996,0.0,0.0,0.047368421052631574,0.08673469387755102,0.11352941176470588,2026-07-19,,0.0
642851,Austin,Wynns,TEX,36.0,51,0.0851152326331496,0.07605750009028703,0.0915089261928173,0.2418462184186404,0.2853023961121357,0.2675425703472806,0.080697782912214,0.22578627384042485,0.2550895337896024,0.5916683594706843,0.20641952636856878,0.2268802210080984,0.559974557940115,-0.061123043978711794,0.05522601065451515,0.10560344827586204,0.03520114942528735,0.0,0.007040229885057469,14.863836206896552,0.006034482758620689,0.04948879310344827,0.052503017241379304,0.12210526315789473,0.04771428571428571,0.0,0.11117936117936118,0.07100000000000001,0.07352484472049689,0.15399786780383795,2026-08-16,,0.0
681909,Justin,Dean,CHC,1.0,9,0.09147439401779978,0.08613479921977013,0.09206768232869195,0.27039552299039793,0.28683969425023204,0.28520731061668414,0.10779126740630104,0.6032218525388546,0.32913884786425407,0.960652503187071,0.20537092414430524,0.1205838183869109,0.6457978644196039,-0.0798363864723789,0.058573288954060346,0.30625,0.12249999999999998,0.0,0.18375,15.001874999999998,0.0,0.092925,0.09008125,0.1225,0.049999999999999996,0.0,0.024999999999999998,0.2,0.175,0.08839285714285713,2026-07-28,,0.0
656484,Tristan,Gray,MIN,19.0,165,0.07498123213329944,0.030396058479392803,0.08011528243284019,0.10240525166387604,0.25343622470438765,0.23875070214370753,0.15910559179264078,0.2765887396638492,0.45475068858370926,0.6780055205249886,0.20523370793335932,0.3860261849109117,0.6293960467628898,-0.033516994210348205,0.048999691872646134,0.18641304347826088,0.033288043478260865,0.003328804347826087,0.08987771739130435,15.132699115044245,0.01084070796460177,0.057990044247787614,0.06202743362831858,0.036,0.02578125,0.03409090909090909,0.04285714285714285,0.02096774193548387,0.14794117647058824,0.14223385689354276,2026-08-06,,0.0
682622,Noelvi,Marte,CIN,53.0,147,0.07951099424591371,0.07916057619021857,0.07963733544966772,0.2507208194063445,0.25207771320283057,0.2517183074232442,0.13294625859420173,0.23911475028724888,0.3930386205716575,0.6157471672987203,0.20499847868427143,0.38435143059389654,0.6315616309225985,-0.04671982873897276,0.05160187007874481,0.1868125,0.030624999999999996,0.0,0.042875,15.052916666666665,0.008876811594202897,0.045784057971014494,0.0506016304347826,0.07810407790626903,0.055984555984555984,0.1,0.059562969924812026,0.08579545454545455,0.11570403280929596,0.1908805992967436,2026-08-17,,0.0
806068,Colt,Emerson,SEA,80.0,158,0.0755185154803999,0.08337211435178757,0.07154200972273524,0.26264653023685347,0.228798432981962,0.2402971399032512,0.1332894101257764,0.2299297800372364,0.3938789588901689,0.5992660376467922,0.2045058977407438,0.3567310642119894,0.5875907791127207,-0.0357912421625074,0.049142182320447494,0.19044117647058822,0.03860294117647058,0.005147058823529412,0.05661764705882352,15.046322463768114,0.008876811594202897,0.05496394927536231,0.05971938405797101,0.07798507462686567,0.04646504320502749,0.06576576576576576,0.06482544237207077,0.07203416149068323,0.1186125078566939,0.164735552185452,2026-08-12,,0.0
687231,Darell,Hernaiz,ATH,58.0,96,0.08443449612455384,0.08926629507480663,0.0815152842587761,0.2791084529131661,0.2574054320884027,0.26563330200158675,0.15121020041618508,0.27859740100595565,0.4366211601715074,0.6811239077927742,0.20447044991306174,0.33703503693175146,0.6061913601633808,-0.06116285208852501,0.054314160772156644,0.15113636363636362,0.06363636363636363,0.003977272727272727,0.03579545454545455,14.901084905660376,0.001650943396226415,0.04878537735849056,0.047410141509433956,0.10155038759689922,0.032432432432432434,0.019354838709677417,0.16890243902439023,0.03229166666666666,0.12402555910543131,0.15079389869332083,2026-09-03,,0.0
678577,Junior,Perez,CWS,27.0,9,0.08409285710368128,0.08107227594194209,0.09315460058889882,0.25615107386488334,0.28982334944622745,0.2646737652240858,0.07870447595018111,0.3189079431127947,0.24942107793266444,0.7392523794239065,0.20305534889677612,0.14164643854782027,0.5559564416525933,-0.06161841632730969,0.053743423741400155,0.2552083333333333,0.017013888888888887,0.0,0.10208333333333333,15.921666666666665,0.024999999999999994,0.05998333333333333,0.087925,0.021428571428571425,0.15833333333333333,0.024999999999999998,0.275,0.024999999999999998,0.14037558685446008,0.1431818181818182,2026-07-26,,0.0
700932,Kyle,Manzardo,CLE,72.0,282,0.08326905566816746,0.0794053267354958,0.08425553965097725,0.25141761786187233,0.26513079152909336,0.26235633095500144,0.15187829659990462,0.23332429919479683,0.4381716898106869,0.6054146599496999,0.20287631704381892,0.4047444724091258,0.5952555275908742,-0.05948001391118252,0.053225886177279955,0.20416666666666666,0.06228813559322034,0.01038135593220339,0.06401836158192091,15.551578282828281,0.02121212121212121,0.06014343434343434,0.06987537878787879,0.09955165692007797,0.06729920564872022,0.02,0.08850574712643677,0.05791666666666667,0.12641138929798723,0.1322346327931085,2026-08-02,,0.0
623205,Andrew,Velazquez,KC,4.0,11,0.07931246810472649,0.08134953259644957,0.07857171738046355,0.25693629071359836,0.2490424555901657,0.25115330626324583,0.011866895493268553,0.2981652987378003,0.04092168286584441,0.7103844132874895,0.2015410412115625,0.036224108632430196,0.6244653702374748,-0.04961226505168334,0.050617698848021,0.04083333333333333,0.0,0.0,0.0,12.679423076923076,0.0,0.03378846153846153,0.032375,0.0,0.0,0.13333333333333333,0.13333333333333333,0.0,0.057142857142857134,0.20952380952380953,2026-07-31,,0.0
665506,Cristian,Pache,NYM,4.0,4,0.08505323630015327,0.08875694000385698,0.08134953259644957,0.2776963355397255,0.25693629071359836,0.2673688355446734,0.022417491450056642,0.47088818221285356,0.07628716508085465,0.892250288541914,0.2015410412115625,0.036224108632430196,0.6244653702374748,-0.0658277943331109,0.05388579350319649,0.07656249999999999,0.0,0.0,0.0,14.306249999999999,0.0,0.05263125,0.0480375,0.0,0.0,0.4,0.0,0.057142857142857134,0.12,0.10909090909090907,2026-08-31,,0.0
701649,James,Triantos,CHC,3.0,6,0.08243999451412182,0.09043159924921276,0.07844419214657636,0.2823316818053979,0.24867863007689828,0.26001883840428175,0.019890887638544935,0.4349997055766561,0.0679043215627575,0.8644278887076391,0.2015410412115625,0.036224108632430196,0.6244653702374748,-0.058477797192719255,0.05240446742661996,0.06805555555555555,0.06805555555555555,0.0,0.0,13.57125,0.0,0.02280833333333333,0.02149583333333333,0.0,0.0,0.13333333333333333,0.0,0.13333333333333333,0.08,0.14545454545454545,2026-08-16,,0.0
669911,Michael,Toglia,CIN,6.0,22,0.0750083581436594,0.0855870492894335,0.07212326055844828,0.26886379699174767,0.23048691872036053,0.23882883152926127,0.03711836682929999,0.2719585154867216,0.12399787560289188,0.670734337302868,0.20135974224549633,0.1205838183869109,0.6457978644196039,-0.03746908928376494,0.04809051195752512,0.10937499999999999,0.04374999999999999,0.0,0.021875,16.02125,0.0,0.0594625,0.06033749999999999,0.05,0.057142857142857134,0.0,0.034782608695652174,0.08,0.12173913043478261,0.096,2026-08-20,,0.0
700246,Carson,Williams,TB,17.0,22,0.0821978797249634,0.07638975399686317,0.08668597687849539,0.24280001393121742,0.2719345192226794,0.2593352120576724,0.04061331344668381,0.23578854462856527,0.13507608374015967,0.6098358142021825,0.2007030412777363,0.12680703655710507,0.5763065681945096,-0.0586321707799361,0.05204936577038152,0.12564102564102564,0.03141025641025641,0.0,0.07852564102564102,14.778749999999999,0.007291666666666666,0.04489479166666667,0.051559375000000005,0.0225,0.0553030303030303,0.0,0.0,0.05193050193050193,0.174390243902439,0.20958904109589038,2026-08-11,,0.0
690022,Ryan,Ritter,COL,9.0,11,0.0850259753304538,0.07608830055965866,0.09233861832474073,0.24193467285982584,0.2875842657987805,0.2672924317229639,0.052368745896216595,0.36041886474075696,0.17160433877705328,0.7907647947196911,0.20016863232883397,0.09746059290024889,0.5656453011761292,-0.06712379939412993,0.05350356048983392,0.091875,0.030624999999999996,0.0,0.030624999999999996,15.613181818181818,0.0,0.055697727272727274,0.055570454545454534,0.0,0.12083333333333332,0.0875,0.0,0.08368055555555555,0.12364793213149523,0.10228690228690229,2026-09-02,,0.0
682634,Kevin,Alcántara,CHC,18.0,9,0.0878351675421847,0.08751342760378274,0.08847864741898864,0.27424056865675783,0.2769239732730815,0.27513582581568463,0.10607239452360037,0.4075692886663258,0.3246044086765486,0.8399589197239129,0.19883363028664258,0.1627877475083369,0.562505327040549,-0.07630219552904205,0.05470625506884593,0.20416666666666664,0.045370370370370366,0.0,0.1134259259259259,15.985,0.012499999999999999,0.07247500000000001,0.078125,0.10604395604395604,0.0,0.075,0.06071428571428571,0.175,0.1364795918367347,0.11005176876617773,2026-08-23,,0.0
670042,Luke,Raley,SEA,26.0,257,0.08458741398830358,0.08236908120798445,0.08481183675985338,0.259818656912547,0.2666920715083354,0.2660625014428787,0.16521278704143688,0.25955655879032374,0.46848532702540524,0.6506814756638133,0.19868121076009326,0.34829808027402587,0.5473629403004981,-0.06738129068278542,0.0528616199245302,0.24889575971731445,0.030300353356890457,0.015150176678445228,0.08440812720848055,15.709201183431952,0.027958579881656807,0.06832352071005918,0.08463062130177515,0.06810154525386314,0.11249999999999999,0.06071428571428571,0.09542682926829268,0.05083333333333333,0.1520512398055853,0.14968106166141212,2026-07-30,,0.0
663837,Matt,Vierling,DET,117.0,168,0.08429513131870053,0.08960060538985451,0.08060024759057546,0.2800342100329455,0.25481288209832353,0.2652419862374179,0.15137160076495715,0.24275969633309613,0.4369960206557405,0.622151220779694,0.19851702974707192,0.3840835367193851,0.5931481711000114,-0.06672495649034599,0.05265505127206593,0.19127192982456137,0.04083333333333333,0.0,0.06017543859649123,15.30282258064516,0.008870967741935484,0.054797580645161284,0.05849758064516129,0.08875,0.05909090909090909,0.15337837837837837,0.06966666666666667,0.0925,0.07608034083992696,0.11767834793491866,2026-07-29,,0.0
672284,Jarred,Kelenic,TEX,10.0,73,0.08353935743020793,0.0914752167820597,0.08245225340940632,0.28520957623058607,0.2600534401742849,0.2631172905133249,0.12228902945885584,0.2904338716464535,0.36652374105939356,0.6990633612755076,0.19651443687101727,0.2551963484266544,0.5773997512461714,-0.06660285364230761,0.051706346176253894,0.15496987951807226,0.07379518072289155,0.0,0.04427710843373493,16.208333333333332,0.033333333333333326,0.07019166666666665,0.08543333333333333,0.0875,0.08260869565217391,0.08,0.023076923076923078,0.1278409090909091,0.16241186839012925,0.13277747402952433,2026-08-22,,0.0
663698,Joey,Bart,CWS,66.0,61,0.08129506863046237,0.0785932140123416,0.08421838674187174,0.24910377241320458,0.26502643523583835,0.25678209040502464,0.1304088018483327,0.2658070404997563,0.38679883205542054,0.6608937811027773,0.19572578982400718,0.27756549454252133,0.5663289686596987,-0.061056300581017464,0.05025887745718306,0.19291338582677162,0.03375984251968503,0.03858267716535432,0.0578740157480315,15.01931818181818,0.013636363636363634,0.051699999999999996,0.06130681818181817,0.05994623655913979,0.05110565110565111,0.11547619047619047,0.04291497975708502,0.08477443609022556,0.12027130594727162,0.1348617213750323,2026-08-06,,0.0
691373,Jhostynxon,Garcia,PIT,17.0,34,0.08097633702200101,0.0789836289044823,0.08197269108076037,0.2502167666140487,0.2586989729443089,0.2558792278745238,0.08169223220048706,0.2801044677298777,0.2579060297386163,0.6834493759203175,0.19564533321237398,0.20305246572163624,0.6138095839776211,-0.06023389466214979,0.05006157679963618,0.10808823529411764,0.012009803921568626,0.012009803921568626,0.024019607843137253,14.643671874999999,0.00546875,0.05645937499999999,0.059128125,0.0732142857142857,0.008333333333333333,0.0,0.01,0.05694444444444444,0.15091743119266054,0.18863524791359843,2026-08-13,,0.0
691740,Daniel,Susac,SF,50.0,105,0.08251431212238174,0.10194322996816832,0.07326244648153099,0.31362213571440467,0.23378849832806958,0.26022858841280627,0.1670785345297909,0.2977966899168002,0.47263149346921507,0.7098516847503041,0.19287549017643013,0.31410966265495277,0.5875454016178128,-0.06735309823637614,0.0501917165480405,0.2133870967741935,0.03161290322580644,0.011854838709677417,0.07112903225806452,15.08337962962963,0.008101851851851851,0.05818587962962962,0.06198078703703702,0.05517241379310345,0.03068181818181818,0.18125,0.05595238095238095,0.0983695652173913,0.08384146341463415,0.1713891506259254,2026-08-09,,0.0
699625,Jimmy,Crooks,STL,21.0,127,0.07893359224501487,0.07708819219632523,0.07923873713495566,0.24480221332508412,0.25094339191780923,0.25007418805563986,0.11146109406542372,0.2299572459803766,0.33874712900065884,0.5993160605646148,0.1928082295332581,0.28159733871858866,0.5393242451513849,-0.057265958522381755,0.04821636145097496,0.18623310810810811,0.03724662162162162,0.020692567567567564,0.053800675675675674,15.893052325581396,0.020348837209302327,0.05355203488372092,0.06784302325581394,0.07305097451274363,0.06929824561403508,0.05527950310559006,0.0566003616636528,0.08058645096056623,0.12484009024724957,0.15322772236672333,2026-08-29,,0.0
641598,Mitch,Garver,SEA,64.0,85,0.07669705398182447,0.08016549835811781,0.07408551939261537,0.2535788555274112,0.23616761675776665,0.24368141142262634,0.09957267613587964,0.21344094719533516,0.307259898585418,0.5684216318317861,0.19137135520004545,0.25790681096421997,0.5257343304358643,-0.05231005622258089,0.04663364194100784,0.1520973154362416,0.09043624161073824,0.004110738255033557,0.06166107382550334,15.856136363636361,0.015909090909090907,0.055545454545454544,0.06531136363636364,0.08991935483870968,0.015,0.009375,0.038432835820895524,0.057046070460704604,0.11772030651340996,0.11541071428571428,2026-08-01,,0.0
687282,Gabriel,Rincones,PHI,5.0,83,0.07238430320509134,0.03267869154687461,0.07477620752185139,0.10977939692386907,0.23815999704079271,0.23124436614860044,0.09719902329030118,0.24950124943576169,0.30084724891432435,0.6337944621934637,0.1912720186749688,0.2268802210080984,0.559974557940115,-0.03997234747363165,0.044230576720456424,0.16704545454545455,0.013920454545454547,0.013920454545454547,0.04176136363636363,14.901727272727271,0.015909090909090907,0.03859227272727272,0.04659136363636363,0.04555335968379447,0.021428571428571425,0.15357142857142858,0.060412757973733584,0.02553191489361702,0.11262626262626263,0.1810549313358302,2026-07-31,,0.0
621550,Patrick,Wisdom,SEA,23.0,26,0.07904533801408196,0.07751918438070021,0.08039539699745812,0.24603584188548333,0.2542315996914205,0.25039257894259137,0.04437954674476263,0.21756361549195896,0.14690179627025768,0.5762871533658485,0.19122470986244955,0.12499753379553993,0.5087265656029747,-0.05916786908014182,0.04788124826000753,0.11249999999999999,0.025,0.0,0.05,16.2225,0.03365384615384616,0.050043269230769225,0.06839807692307692,0.005,0.03214285714285714,0.03,0.023684210526315787,0.01,0.19261363636363635,0.17001329787234043,2026-09-04,,0.0
701305,Zach,Dezenzo,HOU,30.0,53,0.08299319424498353,0.08593404585731251,0.0813285612568728,0.2698344033452159,0.25687691862039175,0.2615791411448415,0.12228902945885584,0.2904338716464535,0.36652374105939356,0.6990633612755076,0.19030650366256802,0.23900183324508897,0.5495898265556931,-0.07127263748227347,0.04978021178233217,0.16972891566265058,0.05165662650602409,0.0,0.022138554216867466,14.853124999999999,0.015909090909090907,0.05763068181818182,0.06259034090909091,0.10367647058823529,0.012499999999999999,0.0,0.06772983114446529,0.07023809523809524,0.1379632562559392,0.1821353065539112,2026-08-03,,0.0
593871,Jorge,Polanco,NYM,32.0,112,0.0683787082636008,0.07550294991165861,0.06634321064987,0.2402523698385256,0.2135784445791572,0.2195628766702894,0.09174177752213594,0.20480196041450174,0.28594332416820234,0.5516021180351152,0.19025957970794183,0.28671719277157304,0.5908581890983191,-0.02930329696234757,0.041773940634755924,0.13185763888888888,0.038281249999999996,0.0,0.025520833333333333,15.04699494949495,0.007070707070707069,0.04503510101010101,0.04841489898989899,0.04651924651924652,0.08870967741935484,0.015384615384615384,0.03907563025210084,0.05875706214689265,0.09552379322149948,0.11479335881509795,2026-08-17,,0.0
695508,Cam,Cauley,TEX,36.0,28,0.08149935797672551,0.07295294523365929,0.09248760293209637,0.23289250732866862,0.28799346048084884,0.25736036373465077,0.11064643172948806,0.2997436056410153,0.3366227378714205,0.7126575493565046,0.18977951198431203,0.24514757074395555,0.5927329903193531,-0.06758085175033873,0.04884172423366706,0.19140625,0.0478515625,0.009570312499999997,0.009570312499999997,14.955581395348837,0.0,0.04527616279069767,0.044132558139534886,0.07254901960784313,0.04542483660130719,0.09711538461538462,0.09184782608695652,0.043849206349206346,0.1209918400183887,0.12079112911824288,2026-08-13,,0.0
669087,Sam,Huff,BAL,12.0,22,0.07792809171624585,0.08132754806081126,0.07607384280102833,0.2568740500687534,0.24189315321059313,0.24720492571553598,0.046714466648823366,0.26620842770371833,0.15417501751396356,0.6615422069189016,0.18929384004733962,0.12680703655710507,0.5763065681945096,-0.05791108566819636,0.04679436966731114,0.10808823529411765,0.01801470588235294,0.0,0.01801470588235294,15.9525,0.024999999999999998,0.041037500000000005,0.049562499999999995,0.03157894736842105,0.0,0.0,0.03,0.007894736842105262,0.19443478260869565,0.19224137931034482,2026-07-26,,0.0
682997,Tyler,Callihan,PIT,7.0,98,0.06988115325979093,0.03942680763294919,0.0720564636617082,0.13132641059034234,0.23029301366572974,0.22395919841593948,0.12682500088293122,0.2759760943588987,0.37790813310991234,0.6770500880190906,0.18658905751212623,0.27140562051446065,0.5779974842512834,-0.03737014090381324,0.04178833575360142,0.2158333333333333,0.05249999999999999,0.005833333333333332,0.0875,14.640438596491226,0.012280701754385963,0.05395219298245614,0.0601969298245614,0.03055555555555555,0.11954022988505747,0.013636363636363636,0.0325,0.05458333333333333,0.1713519313304721,0.1474547803617571,2026-07-28,,0.0
608701,Rob,Refsnyder,SEA,104.0,20,0.07103230843622133,0.07934256545670865,0.027818971929687193,0.2512389822746385,0.09402754065233332,0.22731561644587672,0.08100831296864845,0.19935033712282207,0.25596984062243777,0.5407503458500874,0.18536350791721856,0.16768960295166513,0.40252219833627134,-0.04195210852865816,0.042136020068772685,0.1432459677419355,0.034576612903225806,0.014818548387096776,0.03951612903225807,14.89181818181818,0.013636363636363636,0.04357727272727273,0.05262272727272728,0.10593607305936073,0.01764705882352941,0.008823529411764706,0.01,0.08368055555555555,0.12581168831168832,0.1363019233877485,2026-07-30,,0.0
680474,Max,Schuemann,NYY,45.0,42,0.07713196819768339,0.07752023476980567,0.07671596829898092,0.2460388466538096,0.24373563749428517,0.2449275790712333,0.09834644398625847,0.25217037106780016,0.303952385460185,0.638332622107098,0.18507841131178504,0.2218717823524236,0.5338382169773361,-0.05984916775944826,0.04533080722094547,0.18304597701149425,0.08448275862068966,0.02112068965517241,0.05632183908045977,15.061323529411766,0.017156862745098037,0.05011519607843137,0.056765196078431376,0.04049865229110512,0.03409090909090909,0.012499999999999999,0.021428571428571425,0.041048728813559324,0.09276315789473685,0.11614583333333334,2026-08-01,,0.0
687515,Colby,Thomas,ATH,102.0,17,0.08481804009072526,0.08551103992573177,0.08066004108068624,0.2686510633441431,0.2549824905924475,0.26670946814514995,0.13238557850806792,0.2733525110521135,0.3916637898305735,0.6729356415112874,0.18481529040733002,0.24138749651846733,0.498589831238873,-0.08189417773781993,0.04929198780963043,0.19558823529411762,0.020588235294117643,0.005147058823529411,0.05661764705882352,15.600909090909088,0.015909090909090907,0.047281818181818175,0.05912727272727272,0.08061224489795918,0.12170542635658915,0.01111111111111111,0.09012474012474013,0.023333333333333334,0.14160951996772891,0.17548879351454458,2026-07-30,,0.0
666397,Edouard,Julien,COL,26.0,250,0.07196845233148919,0.07939918991286808,0.07119565562302578,0.25140015214650235,0.22779104555648244,0.23003747183904943,0.13697377446105086,0.22695178270933292,0.4028492580856817,0.593815786430593,0.18408167791734706,0.3092912327785101,0.512617269042093,-0.045955793921702376,0.04234568379999669,0.153125,0.08654891304347827,0.0022192028985507247,0.04438405797101449,15.81851515151515,0.012727272727272726,0.06176439393939394,0.06936363636363636,0.04070891514500537,0.075,0.026470588235294117,0.03908227848101266,0.05447269303201506,0.09922975641869652,0.06709179246920007,2026-08-07,,0.0
656555,Rhys,Hoskins,CLE,121.0,192,0.07489221814731607,0.07624156822585376,0.07404184648323764,0.24237472556696382,0.23604151156661402,0.2384942803739687,0.11483886295334432,0.19396371353038616,0.3475035052051859,0.5298449803856605,0.1831473557453488,0.3008989325900031,0.4946887432167085,-0.0553469246286199,0.0436795968108822,0.19373003194888178,0.09197284345047922,0.005870607028753994,0.06849041533546325,15.612254601226994,0.02254601226993865,0.04915460122699386,0.06233328220858894,0.0667032967032967,0.08118628359592216,0.012857142857142857,0.06748251748251749,0.05865546218487395,0.11679623567921439,0.09948592617562785,2026-08-18,,0.0
677870,Leo,Jimenez,MIA,95.0,97,0.07502977380846991,0.07682864354796201,0.0732679941666993,0.24405861228883285,0.23380455178275172,0.23889050971035664,0.12508221625120627,0.23154022335510113,0.3735515275033472,0.6021915619919973,0.18289904709319177,0.29456909249719604,0.5285479187139549,-0.05599146261716487,0.04369284658563111,0.13717447916666667,0.057421875000000004,0.025520833333333333,0.04147135416666667,15.612187499999997,0.00546875,0.05448515625,0.0561626953125,0.06514687882496939,0.057754010695187166,0.051470588235294115,0.052730646871686104,0.06723404255319149,0.09107917490483076,0.10834781529294937,2026-08-31,,0.0
805347,Jim,Jarvis,ATL,23.0,97,0.0785924899997943,0.076459149339205,0.0790983336615835,0.24299911767830373,0.2505435426784397,0.24910170730372794,0.1312502592495093,0.2712115600420246,0.38887308945908317,0.6695504511037201,0.1817865547262161,0.27852501157758713,0.5780765465632945,-0.06731515257751183,0.045283341147163,0.16843750000000002,0.04083333333333333,0.005104166666666667,0.06124999999999999,15.57002840909091,0.00596590909090909,0.05163892045454545,0.05147982954545455,0.06592632719393283,0.04734299516908212,0.0930161943319838,0.08215892053973013,0.042599620493358636,0.06587185696986965,0.10670538161881403,2026-08-22,,0.0
671155,Ivan,Johnson,CIN,10.0,9,0.0795779272951988,0.07648308734291195,0.0830166383532953,0.2430677900708782,0.26164521342304803,0.2519087287972215,0.00935199406230039,0.24638731166898795,0.032351129737968165,0.628448767115865,0.17975991305979205,0.016232172885884855,0.3773584364515957,-0.07214881573742943,0.045283091187591266,0.03223684210526315,0.09671052631578946,0.0,0.0,14.779722222222219,0.0,0.04157222222222222,0.0428361111111111,0.058333333333333334,0.0,0.0,0.06041666666666666,0.0,0.21504934210526316,0.12910714285714286,2026-08-30,,0.0
644433,Chadwick,Tromp,BAL,18.0,31,0.07665614143784491,0.08389239956510602,0.07245444317040298,0.2641103379545847,0.23144779510224556,0.24356410841765375,0.08512698370728838,0.29036338433916836,0.26757549753425025,0.6989587170949314,0.17958741549093107,0.1381386295212213,0.49956380716085597,-0.06397669292672267,0.04374104873707937,0.11250000000000002,0.0,0.0,0.0375,14.514791666666667,0.0,0.0405125,0.039579166666666665,0.03214285714285714,0.042777777777777776,0.0,0.06349206349206349,0.01607142857142857,0.08100408788962699,0.15999999999999998,2026-07-29,,0.0
671083,Buddy,Kennedy,SF,29.0,20,0.07455104606733648,0.06494178673129417,0.08848447210459781,0.2094392064308528,0.2769401449173985,0.2375108976846747,0.04437954674476263,0.21756361549195896,0.14690179627025768,0.5762871533658485,0.17843831613392347,0.10123039985248514,0.43439953175221724,-0.059072581550751235,0.042381044646309936,0.075,0.0625,0.012499999999999999,0.012499999999999999,14.765,0.01875,0.044974999999999994,0.049749999999999996,0.04027777777777777,0.055714285714285716,0.04625,0.03804347826086957,0.05576923076923077,0.10390625,0.09716020368194281,2026-08-26,,0.0
694362,Blake,Dunn,CIN,42.0,112,0.036698719433864255,0.03584052212041417,0.037020543426408044,0.11992220850613633,0.12368634679094193,0.12266090636317994,0.19693131889166887,0.3342438200554246,0.5358755878979811,0.7592295287526505,0.1140871027650293,0.5494506513681738,0.836734637635653,-0.008573803598150645,0.013994027429507746,0.21874999999999997,0.039772727272727265,0.007954545454545454,0.02386363636363636,14.086857798165138,0.004816513761467889,0.05292064220183486,0.05298967889908257,0.0375,0.0375,0.052941176470588235,0.023376623376623374,0.05454545454545454,0.03093385214007782,0.043097014925373135,2026-06-26,,0.0
621043,Carlos,Correa,HOU,46.0,93,0.03466174709459062,0.03903466703206358,0.032498797448098624,0.13008459354466273,0.10919981770713583,0.1161505291654098,0.18064682425908687,0.3222986049868801,0.5020921256053764,0.743767432308523,0.1078109853666975,0.4831108797896222,0.7958956207556682,-0.008339543798712296,0.012522303000186167,0.2247302158273381,0.07491007194244605,0.0,0.07491007194244603,15.609270833333332,0.018229166666666664,0.06425963541666667,0.07122682291666667,0.03614457831325301,0.04333333333333333,0.013636363636363636,0.02826086956521739,0.045,0.03148854961832061,0.04798136645962733,2026-05-04,,0.0
807747,Rikuu,Nishida,CWS,4.0,25,0.033870508794200685,0.033283852501446366,0.03396437380104138,0.11172711539428304,0.11391374393705878,0.11361236883871806,0.12218422442520083,0.4210760161781134,0.3662589557878595,0.852369735777287,0.10264517127504882,0.35380117450784887,0.8483352890463243,-0.010967197563669234,0.011661761058414235,0.14784482758620687,0.0,0.0,0.021120689655172414,14.972708333333332,0.0,0.05460729166666667,0.052295833333333326,0.03157894736842105,0.049999999999999996,0.0,0.03529411764705882,0.0375,0.019565217391304346,0.04642857142857143,2026-06-07,,0.0
678009,Parker,Meadows,DET,1.0,38,0.03401541774685908,0.0323005497074138,0.03406054585316027,0.10856079497264592,0.1142224504128575,0.11407760148674762,0.12645804125142845,0.38336257228341764,0.37699261339764023,0.8158784659465719,0.09987097745680426,0.31951131254954973,0.8067396863412435,-0.014206624029943354,0.011393041566409272,0.18846153846153843,0.03141025641025641,0.015705128205128205,0.03141025641025641,14.924134615384613,0.00673076923076923,0.05147692307692307,0.051295192307692306,0.03529411764705882,0.049999999999999996,0.023076923076923078,0.049999999999999996,0.027777777777777776,0.02837837837837838,0.04186046511627907,2026-04-09,,0.0
683079,Omar,Martinez,LAA,0.0,3,0.03391184971845479,0.0,0.03391184971845479,0.0,0.11374511236325646,0.11374511236325646,0.06149194472039626,0.7923403991979523,0.1991834941344356,0.9959193245820501,0.09797133947784287,0.09453120573423068,0.9054687942657693,-0.015773772885413595,0.01114376101728598,0.20416666666666664,0.0,0.0,0.0,15.548749999999998,0.0,0.030537499999999995,0.029224999999999994,0.049999999999999996,0.0,0.0,0.0,0.049999999999999996,0.0,0.04285714285714285,2026-05-12,,0.0
669717,Will,Wilson,SEA,2.0,4,0.03185871670730536,0.03456400067457892,0.030506074723668588,0.11583725638417397,0.10276166109903195,0.1071354326356917,0.030053369748306635,0.5635028221864703,0.10129442663473509,0.945054131761276,0.09797133947784287,0.09453120573423068,0.9054687942657693,-0.00916409315784883,0.010496201840856917,0.40833333333333327,0.10208333333333332,0.0,0.20416666666666664,15.364999999999998,0.04375,0.0462875,0.08793749999999999,0.049999999999999996,0.0,0.0,0.0,0.024999999999999998,0.057692307692307696,0.049999999999999996,2026-04-29,,0.0
664068,Scott,Kingery,CHC,2.0,2,0.033121692982271224,0.03456400067457892,0.03167938528996353,0.11583725638417397,0.106556441614439,0.11120550170001442,0.0455872608097006,0.6993581574175982,0.15066935103547419,0.9851004557037495,0.09797133947784287,0.09453120573423068,0.9054687942657693,-0.013234162222171553,0.010894951958855944,0.15312499999999998,0.0,0.0,0.0,13.496875,0.0,0.0291375,0.0273,0.0375,0.0,0.0,0.075,0.0,0.01875,0.06666666666666667,2026-04-21,,0.0
663609,Luken,Baker,AZ,3.0,2,0.03301886394705829,0.03391184971845479,0.03167938528996353,0.11374511236325646,0.106556441614439,0.110874621270596,0.036224108632430196,0.6244653702374748,0.12114707166081484,0.9675454964560062,0.09797133947784287,0.09453120573423068,0.9054687942657693,-0.01290328179275313,0.010862535159978818,0.12249999999999998,0.0,0.0,0.0,0.0,0.0,0.0,0.0,0.075,0.0,0.0,0.0,0.03,0.075,0.056249999999999994,2026-04-14,,0.0
682515,Logan,Porter,LAA,5.0,1,0.03261566790696448,0.03267869154687461,0.0323005497074138,0.10977939692386907,0.10856079497264592,0.10957637928051522,0.030053369748306635,0.5635028221864703,0.10129442663473509,0.945054131761276,0.09797133947784287,0.09453120573423068,0.9054687942657693,-0.011605039802672357,0.010735344653244225,0.20416666666666664,0.20416666666666664,0.0,0.0,0.0,0.0,0.0,0.0,0.0,0.15,0.0,0.0,0.049999999999999996,0.03333333333333333,0.028124999999999997,2026-06-17,,0.0
669899,Ryan,Ward,LAD,3.0,57,0.032161201120410925,0.031081661039209504,0.03221801901942153,0.10462468708024852,0.10829467281007554,0.1081114291678017,0.11828505322897494,0.31781805805627905,0.3563515756364152,0.7377890847029239,0.09767169257559463,0.34208534245034233,0.7418021417443759,-0.010439736592207066,0.010559426273585701,0.2552083333333333,0.05104166666666665,0.0,0.12249999999999998,15.080855263157895,0.01842105263157895,0.059352631578947365,0.06990328947368421,0.02727272727272727,0.03333333333333333,0.03333333333333333,0.03409090909090909,0.02763157894736842,0.03134328358208955,0.04813432835820895,2026-06-27,,0.0
671655,George,Valera,CLE,2.0,36,0.03303325077499555,0.03167938528996353,0.033108465524163994,0.106556441614439,0.11116294368073243,0.1109209201011927,0.11074791842995876,0.363457794753274,0.3368876497045731,0.7942237657354668,0.09724279383951995,0.29143795714506004,0.7679393219046169,-0.013678126261672752,0.010786260165890146,0.17730263157894735,0.016118421052631574,0.0,0.09671052631578946,15.777758620689657,0.0,0.04318275862068966,0.04128189655172414,0.049999999999999996,0.04,0.0,0.02608695652173913,0.04,0.02426470588235294,0.06052631578947368,2026-04-28,,0.0
808975,Hyeseong,Kim,LAD,15.0,113,0.03572206927163066,0.027651200539663134,0.03679342352808652,0.09348021288301256,0.12296275468940066,0.11954372022705495,0.1693935769120727,0.31483543110822865,0.47774392779708297,0.7337545844131999,0.09723424870618089,0.3982909179893205,0.6929469218909509,-0.022309471520874063,0.011623743823819567,0.1818359375,0.05742187499999999,0.0,0.043066406249999994,14.966823529411762,0.006176470588235294,0.062234117647058815,0.06202617647058824,0.053389830508474574,0.031818181818181815,0.008333333333333333,0.026785714285714284,0.041666666666666664,0.0375,0.0438,2026-05-27,,0.0
694410,LuJames,Groover,AZ,21.0,33,0.02913872187130095,0.02953983147997329,0.028883470302145824,0.09962795526966595,0.09749480058207438,0.09832478920073706,0.07703063137605337,0.26600115283605885,0.24463734797757297,0.6612074729177534,0.09675565414754395,0.30116980025498397,0.7519046463426261,-0.0015691350531931159,0.009513479298036679,0.1474537037037037,0.05671296296296296,0.011342592592592592,0.045370370370370366,15.332837837837836,0.01891891891891892,0.04778918918918919,0.051729054054054056,0.02,0.02727272727272727,0.0,0.01875,0.024999999999999998,0.022413793103448276,0.0296875,2026-07-03,,0.0
606115,Orlando,Arcia,MIN,20.0,30,0.03532183474924637,0.03210468621540148,0.03746660043847629,0.10792913603179843,0.12510621977934167,0.11826400460821618,0.15871527493552381,0.39553157264848826,0.45386436770178207,0.8282852207505621,0.09631490871194662,0.30963235060004424,0.7383489355759056,-0.02194909589626956,0.011390586807749575,0.20825,0.024499999999999997,0.0,0.03675,15.040812499999998,0.0043749999999999995,0.04692625,0.04741187499999999,0.048214285714285716,0.03214285714285714,0.01875,0.03333333333333333,0.042187499999999996,0.031395348837209305,0.052247191011235955,2026-06-13,,0.0
664731,P. J.,Higgins,CIN,3.0,25,0.03365551171941654,0.031081661039209504,0.03396437380104138,0.10462468708024852,0.11391374393705878,0.11292179559618543,0.10212460332897877,0.3953858565372187,0.31410719115612895,0.8281402966766837,0.09557789045433593,0.23659309051256394,0.7634069094874361,-0.017343905141849497,0.010792827009399123,0.153125,0.04375,0.0,0.065625,14.582361111111108,0.0,0.06966944444444442,0.06659722222222222,0.026470588235294117,0.045,0.0,0.046153846153846156,0.02,0.03235294117647059,0.027049180327868853,2026-06-10,,0.0
670156,Miles,Mastrobuoni,SEA,1.0,27,0.029402351513365007,0.03524172617800203,0.02918607837763771,0.11800770482877831,0.09847871597550828,0.09918144787715599,0.07878501945604272,0.3559142478934295,0.24965071844998743,0.7855614200207077,0.09557789045433593,0.23659309051256394,0.7634069094874361,-0.003603557422820064,0.009479553560305245,0.10937499999999999,0.04375,0.0,0.0,15.934843749999999,0.0,0.041212500000000006,0.04218593749999999,0.03409090909090909,0.0,0.0,0.0375,0.0225,0.027906976744186046,0.041176470588235294,2026-07-11,,0.0
640492,José,Azócar,ATL,12.0,6,0.03575605588552132,0.03624722637222748,0.034773714912109,0.12122085198170329,0.11650928343661793,0.11965232836710549,0.1627877475083369,0.562505327040549,0.4630615380411084,0.9446134017162781,0.09557789045433593,0.23659309051256394,0.7634069094874361,-0.02407443791276956,0.01143611713327744,0.2722222222222222,0.034027777777777775,0.0,0.0,14.533076923076923,0.0,0.06445384615384614,0.06281153846153846,0.0375,0.056249999999999994,0.075,0.057692307692307696,0.03,0.04125,0.07307692307692307,2026-07-07,,0.0
650391,Eloy,Jiménez,TOR,13.0,21,0.03488873612120712,0.03329092119171593,0.035877859648987376,0.11174984806491173,0.12004148772227285,0.11687771271154035,0.14601190677211748,0.4311714128294467,0.4244522579605169,0.8611854626663713,0.09514124772707454,0.253781597633706,0.746218402366294,-0.02173646498446581,0.011119891418862509,0.16213235294117648,0.05404411764705882,0.0,0.03602941176470588,15.576458333333331,0.007291666666666667,0.048285416666666664,0.04892708333333333,0.03214285714285714,0.056249999999999994,0.0,0.023076923076923078,0.049999999999999996,0.04477611940298507,0.05886075949367088,2026-04-28,,0.0
694025,Felix,Reyes,PHI,21.0,17,0.03049475832675483,0.03165250753631132,0.02906459753847916,0.10646964075483423,0.09808381905581565,0.10272500508120774,0.07443863415158929,0.30416811779223135,0.23718668686400124,0.7189619437491253,0.09514124772707454,0.253781597633706,0.746218402366294,-0.007583757354133205,0.009773385156196177,0.16118421052631582,0.0,0.0,0.032236842105263154,15.602155172413791,0.012068965517241381,0.05250603448275862,0.053344827586206886,0.04411764705882353,0.01,0.0,0.021428571428571425,0.024999999999999998,0.03913043478260869,0.07928571428571428,2026-05-14,,0.0
695020,Tanner,Murray,CWS,23.0,7,0.03157359352649447,0.03078531554901512,0.03416364973821234,0.10366583781963545,0.1145533223176961,0.10621475563839988,0.09505107177289873,0.3730569641314826,0.2950079086703593,0.8048815717220443,0.09514124772707454,0.253781597633706,0.746218402366294,-0.011073507911325345,0.010105404378463691,0.18375,0.020416666666666666,0.020416666666666666,0.04083333333333333,15.344999999999999,0.016666666666666666,0.04453333333333333,0.0571,0.03529411764705882,0.024999999999999998,0.021428571428571425,0.03529411764705882,0.023076923076923078,0.048,0.048214285714285716,2026-04-26,,0.0
667670,Brent,Rooker,ATH,47.0,152,0.02924519425601598,0.02780750551626911,0.029689742747911398,0.09399014079914436,0.10011465684087661,0.09867083887088668,0.1336301810625026,0.24026507319977194,0.39471264467428735,0.6177765541982302,0.09507258563752442,0.392323832201948,0.6666831292343927,-0.0035982532333622558,0.009380891778478747,0.2154522613065326,0.05540201005025125,0.006155778894472361,0.0831030150753769,15.564804347826085,0.027391304347826082,0.056356086956521736,0.07351065217391303,0.03272727272727272,0.023809523809523808,0.012499999999999999,0.025280898876404494,0.028636363636363637,0.054281767955801107,0.046538461538461535,2026-06-08,,0.0
675448,Blake,Hunt,SD,2.0,1,0.03188644009578029,0.03167938528996353,0.0323005497074138,0.106556441614439,0.10856079497264592,0.10722491669119583,0.0,0.5614970317550455,0.0,0.9441653393240941,0.09500869868852913,0.0,0.7934506856227627,-0.012216218002666701,0.01018729980181646,0.0,0.0,0.0,0.0,0.0,0.0,0.0,0.0,0.0,0.0,0.0,0.0,0.0,0.0857142857142857,0.06666666666666667,2026-06-20,,0.0
668974,Maverick,Handley,BAL,0.0,1,0.0323005497074138,0.0,0.0323005497074138,0.0,0.10856079497264592,0.10856079497264592,0.0,0.7934506856227627,0.0,0.9959951786088325,0.09500869868852913,0.0,0.7934506856227627,-0.013552096284116799,0.010314219858943305,0.0,0.0,0.0,0.0,0.0,0.0,0.0,0.0,0.0,0.0,0.0,0.0,0.0,0.09999999999999999,0.09999999999999999,2026-05-16,,0.0
672279,Michael,Siani,BAL,0.0,1,0.0323005497074138,0.0,0.0323005497074138,0.0,0.10856079497264592,0.10856079497264592,0.0,0.7934506856227627,0.0,0.9959951786088325,0.09500869868852913,0.0,0.7934506856227627,-0.013552096284116799,0.010314219858943305,0.0,0.0,0.0,0.0,13.9825,0.0,0.052849999999999994,0.05109999999999999,0.0,0.0,0.0,0.0,0.0,0.0,0.0375,2026-06-21,,0.0
673995,Davis,Wendzel,PIT,3.0,1,0.031386383206260575,0.031081661039209504,0.0323005497074138,0.10462468708024852,0.10856079497264592,0.1056098754929583,0.0,0.4898908364545974,0.0,0.9051972493648356,0.09500869868852913,0.0,0.7934506856227627,-0.01060117680442918,0.010033856839243552,0.0,0.0,0.0,0.0,16.130625,0.0,0.03924375,0.040162500000000004,0.0,0.0,0.0,0.0,0.0,0.021428571428571425,0.05357142857142857,2026-06-09,,0.0
656305,Matt,Chapman,SF,94.0,254,0.03139989555904042,0.032273111354709054,0.03107673695749376,0.10847232564897968,0.10460876081316128,0.10565354395247373,0.1676490301641603,0.2525443697729326,0.47389465428741795,0.6389652863661544,0.09491033179726384,0.4298471593763718,0.6384577171654381,-0.010743212155209889,0.01002761291208608,0.19888649425287355,0.06336206896551723,0.008800287356321839,0.06864224137931034,15.206725663716814,0.011615044247787611,0.04933064159292036,0.05348727876106195,0.030147058823529412,0.03402061855670103,0.02872340425531915,0.033962264150943396,0.028571428571428567,0.03161648177496038,0.03959497206703911,2026-06-30,,0.0
670224,Kameron,Misner,KC,13.0,30,0.032868083899865466,0.03090996881076355,0.033716600438476296,0.10406925262623912,0.11311805238089345,0.11038928631594402,0.11422834220995605,0.3520564271073645,0.34592698800654653,0.7810322518030814,0.09474938886927585,0.26799202452413634,0.7320079754758637,-0.015639897446668174,0.010459317416151212,0.14244186046511628,0.028488372093023254,0.0,0.05697674418604651,14.311354166666664,0.0,0.055402083333333324,0.05543124999999999,0.0225,0.0375,0.04285714285714285,0.03888888888888888,0.01875,0.05204081632653061,0.04516129032258064,2026-07-06,,0.0
669208,Ryan,Bliss,SEA,3.0,6,0.030914997942795685,0.03391184971845479,0.029416572054966134,0.11374511236325646,0.09922764067999967,0.10408552566203944,0.019890887638544935,0.4349997055766561,0.0679043215627575,0.8644278887076391,0.09447236306791991,0.06149194472039626,0.7923403991979523,-0.009613162594119526,0.009833205570459485,0.06805555555555555,0.06805555555555555,0.0,0.0,16.128,0.0,0.05677,0.05999,0.0,0.0,0.15,0.0,0.021428571428571425,0.056249999999999994,0.04772727272727272,2026-06-09,,0.0
672642,Steward,Berroa,PHI,5.0,2,0.031269299349595325,0.029951418819601883,0.03456400067457892,0.10096376341741842,0.11583725638417397,0.10523142671377683,0.02567962434474355,0.5131278292743189,0.08703054607454652,0.9194709956626135,0.09447236306791991,0.06149194472039626,0.7923403991979523,-0.010759063645856923,0.009941461550659132,0.0875,0.0,0.0,0.0875,15.866666666666664,0.0,0.09216666666666665,0.08621666666666666,0.075,0.0,0.0,0.0,0.0375,0.011538461538461539,0.075,2026-06-05,,0.0
641820,Trey,Mancini,LAA,4.0,9,0.033945889258930675,0.03606163027922414,0.033005559916578026,0.12062839677930559,0.11083180550153404,0.11385440087031695,0.12680703655710507,0.5763065681945096,0.37786333668375105,0.9504913527190669,0.09400753886339193,0.11762077423264788,0.7692757187239871,-0.019846862006925023,0.010703172014584525,0.2826923076923077,0.0,0.0,0.14134615384615384,15.6275,0.017499999999999998,0.054915,0.0554925,0.0375,0.075,0.0,0.046153846153846156,0.0,0.028124999999999997,0.06136363636363636,2026-06-14,,0.0
805672,Collin,Price,HOU,2.0,11,0.03024894888796692,0.03456400067457892,0.02946439401767383,0.11583725638417397,0.099382969081242,0.10192851634538025,0.04325817835808121,0.42234631019482544,0.14339292951756277,0.8535004025936926,0.09400753886339193,0.11762077423264788,0.7692757187239871,-0.00792097748198832,0.009582048961626214,0.14134615384615384,0.047115384615384615,0.0,0.0,16.283749999999998,0.0,0.09050416666666666,0.0940625,0.04285714285714285,0.0,0.0,0.0,0.0375,0.08076923076923076,0.048214285714285716,2026-06-14,,0.0
605244,Aramis,Garcia,AZ,3.0,16,0.028733789604461143,0.03674203839770007,0.027232242955728844,0.12279898517329257,0.09211239839203789,0.09700783767506349,0.05520471638534141,0.37565475270329085,0.180248899832679,0.8076966564574546,0.09360081768442993,0.15821985525146964,0.7495416354723428,-0.0034070199906335585,0.00908001292818439,0.19342105263157894,0.0,0.0,0.06447368421052631,15.067499999999999,0.01346153846153846,0.050574999999999995,0.06625769230769232,0.013636363636363636,0.024999999999999998,0.075,0.045,0.0,0.03529411764705882,0.05909090909090908,2026-06-11,,0.0
672012,Tyler,Black,MIL,1.0,27,0.038689702817523035,0.0323005497074138,0.03892633811789745,0.10856079497264592,0.12974131794669264,0.1289911250879422,0.1793324692249496,0.5066115681914239,0.4992910214946955,0.9156351829261816,0.09324194605593406,0.18877852109766458,0.733348706504507,-0.03574917903200814,0.012027383527144149,0.284375,0.021875,0.0,0.15312499999999998,14.625625,0.0,0.04010125,0.04076625,0.05357142857142857,0.024999999999999998,0.056249999999999994,0.049999999999999996,0.04285714285714285,0.03461538461538462,0.048,2026-05-09,,0.0
686894,Joey,Wiemer,WSH,43.0,40,0.03448305017380318,0.03868094661374305,0.029970311500867815,0.1289633568811347,0.10102504567855919,0.1155777537178837,0.16174743841159034,0.34309736055955287,0.46072273400095387,0.7702510559258925,0.09304365031179916,0.3206059352575904,0.6793940647424096,-0.02253410340608454,0.010753776100750017,0.2656626506024096,0.08855421686746988,0.007379518072289155,0.08855421686746988,14.914695121951219,0.01707317073170732,0.06396036585365852,0.07124634146341463,0.04642857142857143,0.006,0.056249999999999994,0.026785714285714284,0.0409090909090909,0.04555555555555555,0.03951612903225806,2026-05-18,,0.0
669289,Santiago,Espinal,LAD,34.0,23,0.034656578509157446,0.030325333750929804,0.04105928815175484,0.10217607791916428,0.1364824878307238,0.11613396607240989,0.16645786597973067,0.38976579263483824,0.4712547836430523,0.8224838292697958,0.09304365031179916,0.3206059352575904,0.6793940647424096,-0.023090315760610727,0.010805528128563653,0.22565789473684203,0.01074561403508772,0.0,0.06447368421052631,14.829427083333332,0.003645833333333333,0.05818385416666666,0.058220312499999996,0.041379310344827586,0.05526315789473684,0.0,0.02222222222222222,0.05499999999999999,0.022767857142857142,0.05135135135135135,2026-06-13,,0.0
680737,Michael,Helman,TEX,15.0,18,0.030286907972172265,0.032266585155047746,0.0286371769864427,0.10845128233755952,0.0966934238786119,0.10205154695285112,0.06650457281607568,0.30919875880442127,0.21405404703007347,0.7260092619385581,0.09292294905282661,0.2127127162245977,0.719908462590678,-0.009128597900024515,0.009482930698261928,0.16704545454545452,0.018560606060606055,0.03712121212121211,0.01856060606060606,13.559583333333332,0.0,0.03222916666666666,0.033877083333333335,0.01,0.049999999999999996,0.016666666666666666,0.028124999999999997,0.01764705882352941,0.03134328358208955,0.065,2026-06-13,,0.0
664056,Harrison,Bader,SF,23.0,87,0.027197835661263093,0.034894904590111006,0.025162978358234334,0.11689746809278334,0.0853350241484061,0.09199999984735119,0.10608807657526534,0.24388511626168144,0.3246458770760321,0.624113044498384,0.09264047574366832,0.3315412564053376,0.6684587435946624,0.0006404758963171331,0.008522923754276027,0.2115909090909091,0.02227272727272727,0.0,0.07238636363636364,15.581319444444443,0.012152777777777776,0.055329166666666665,0.06372916666666667,0.021052631578947368,0.0225,0.046153846153846156,0.016981132075471698,0.03157894736842105,0.04466666666666666,0.058064516129032254,2026-05-29,,0.0
657656,Ramón,Laureano,SD,55.0,149,0.0293231335136764,0.027117409857886705,0.030137326809437703,0.09173723355488839,0.10156666409116322,0.09892409186964857,0.1345461650015767,0.23997708585689778,0.396949511649474,0.6172692102929267,0.09224648930643278,0.37883529114679954,0.6387575015215676,-0.006677602563215784,0.00912540018280211,0.20416666666666664,0.06004901960784313,0.006004901960784313,0.05704656862745097,15.384743589743588,0.025427350427350427,0.06037499999999999,0.07271175213675214,0.02975206611570248,0.018,0.031818181818181815,0.032547169811320754,0.021428571428571425,0.04521028037383178,0.04911504424778761,2026-05-30,,0.0
666185,Dylan,Carlson,CHC,3.0,1,0.031386383206260575,0.031081661039209504,0.0323005497074138,0.10462468708024852,0.10856079497264592,0.1056098754929583,0.0,0.4898908364545974,0.0,0.9051972493648356,0.09148985799636139,0.0,0.657619772493347,-0.014120017496596915,0.009662232511864162,0.0,0.0,0.0,0.0,14.778749999999999,0.0,0.023362499999999998,0.024325,0.0,0.0,0.0,0.0,0.0,0.049999999999999996,0.016666666666666666,2026-04-06,,0.0
669360,Trei,Cruz,DET,1.0,4,0.030864969720417634,0.0323005497074138,0.030506074723668588,0.10856079497264592,0.10276166109903195,0.1039236372281539,0.0,0.43448246478317487,0.0,0.863992998707612,0.09148985799636139,0.0,0.657619772493347,-0.012433779231792508,0.009507958812469176,0.0,0.0,0.0,0.0,16.9225,0.0,0.041999999999999996,0.04235,0.0,0.0,0.0,0.0,0.0,0.06,0.021428571428571425,2026-06-21,,0.0
669256,Nick,Solak,SD,6.0,3,0.030914997942795685,0.029416572054966134,0.03391184971845479,0.09922764067999967,0.11374511236325646,0.10408552566203944,0.019890887638544935,0.4349997055766561,0.0679043215627575,0.8644278887076391,0.09121469537592268,0.0455872608097006,0.6993581574175982,-0.012870830286116755,0.00949412951630571,0.06805555555555555,0.06805555555555555,0.06805555555555555,0.0,15.6425,0.024999999999999998,0.045524999999999996,0.056575,0.03,0.0,0.0,0.0,0.016666666666666666,0.0,0.05454545454545454,2026-06-20,,0.0
666931,Jared,Oliva,SF,2.0,5,0.032393175473471446,0.03167938528996353,0.03267869154687461,0.106556441614439,0.10977939692386907,0.10885940138554506,0.02567962434474355,0.5131278292743189,0.08703054607454652,0.9194709956626135,0.09121469537592268,0.0455872608097006,0.6993581574175982,-0.017644706009622382,0.009929577136187789,0.0875,0.0,0.0,0.0,16.38875,0.0,0.06574166666666667,0.06285416666666666,0.024999999999999998,0.0,0.0,0.049999999999999996,0.0,0.046875,0.0625,2026-04-14,,0.0
663624,Ryan,Mountcastle,BAL,4.0,11,0.03408947365706235,0.033283852501446366,0.03438242680455907,0.11172711539428304,0.11525510998733912,0.11431529188424405,0.10897453325692366,0.5195043405598057,0.33224767423331913,0.9231023370827113,0.09076442926975024,0.13684428582359737,0.6942576053973728,-0.02355086261449381,0.010375762224678323,0.20416666666666664,0.04083333333333333,0.0,0.04083333333333333,15.757291666666667,0.0,0.056977083333333324,0.05557708333333333,0.06,0.0375,0.0,0.04285714285714285,0.0375,0.013235294117647059,0.06724137931034482,2026-04-11,,0.0
692216,CJ,Kayfus,CLE,3.0,22,0.031197141975659738,0.031081661039209504,0.03121288937608477,0.10462468708024852,0.10504905259341624,0.10499813631888155,0.06403451456676437,0.34653621607178864,0.20675120852073658,0.7744331205933395,0.09076442926975024,0.13684428582359737,0.6942576053973728,-0.014233707049131308,0.009530095917370718,0.19599999999999998,0.048999999999999995,0.024499999999999997,0.048999999999999995,16.23625,0.037500000000000006,0.04656249999999999,0.06851249999999999,0.02,0.01875,0.075,0.049999999999999996,0.0,0.054310344827586204,0.05172413793103448,2026-04-07,,0.0
624512,Reese,McGuire,CWS,3.0,30,0.02862071400938343,0.03391184971845479,0.028091600438476295,0.11374511236325646,0.09491644478402594,0.09663983936261622,0.06650457281607568,0.30919875880442127,0.21405404703007347,0.7260092619385581,0.09057789045433595,0.1681803297062361,0.6873262302663417,-0.006061948908280268,0.008753432783311676,0.09280303030303029,0.03712121212121212,0.03712121212121212,0.03712121212121212,12.99725,0.0,0.047258749999999995,0.04493125,0.03260869565217391,0.0,0.0,0.0409090909090909,0.013636363636363636,0.03,0.056249999999999994,2026-04-23,,0.0
592206,Nick,Castellanos,SD,33.0,86,0.03001792320231348,0.030690699217808478,0.029759764963809582,0.10335954479459597,0.10034192640245809,0.10117947069859012,0.12537708035320616,0.26407986097574737,0.37429015435723023,0.6580934603535451,0.09055040884221496,0.33865175329861996,0.6380063711554202,-0.01062906185637516,0.009161842438196245,0.20073529411764704,0.020588235294117647,0.0,0.0926470588235294,15.342962962962961,0.015123456790123455,0.060610493827160494,0.06841203703703704,0.03387096774193548,0.025609756097560978,0.009375,0.02027027027027027,0.04,0.047977941176470584,0.06022727272727272,2026-05-31,,0.0
695238,Will,Wagner,SD,1.0,43,0.03223095225590126,0.0323005497074138,0.03222933371051724,0.10856079497264592,0.10833116065627235,0.10833638008718693,0.1115325307008129,0.3450057806110166,0.33893318192981003,0.7725787013885208,0.09012746746101849,0.23098652405492354,0.6682144360118811,-0.018208912626168444,0.009764083571152472,0.13920454545454544,0.12528409090909093,0.0,0.0,13.811249999999998,0.0,0.05300625,0.04916249999999999,0.036,0.015,0.03333333333333333,0.0375,0.024999999999999998,0.025352112676056335,0.036,2026-06-28,,0.0
670242,Matt,Wallner,MIN,47.0,88,0.026843502466890934,0.02626111376369179,0.02715455097882684,0.08893618364672606,0.09185858736202113,0.09084191886616921,0.09799599310880738,0.2177703434961176,0.3030050464201277,0.5766788470004722,0.08932586721867386,0.31451504475088465,0.6326328701993108,-0.0015160516474953534,0.008114533182528975,0.15879629629629627,0.045370370370370366,0.022685185185185183,0.045370370370370366,15.468694029850745,0.018283582089552237,0.06260559701492538,0.07136343283582089,0.024999999999999998,0.011842105263157893,0.03,0.022388059701492536,0.022058823529411766,0.06143344709897611,0.04742268041237113,2026-05-13,,0.0
669288,Daniel,Johnson,HOU,4.0,13,0.029647801387842974,0.033283852501446366,0.028529016429811167,0.11172711539428304,0.09634133597928252,0.09997850905747196,0.03287977376379267,0.3433635059488588,0.11042692073595584,0.7705766822849016,0.08813206768442994,0.08221892400405661,0.6410655481673807,-0.011846441373042027,0.00881131272724151,0.07205882352941176,0.07205882352941176,0.03602941176470588,0.0,15.197954545454545,0.0,0.062443181818181814,0.058465909090909096,0.012499999999999999,0.0,0.075,0.0375,0.011538461538461539,0.03260869565217391,0.042187499999999996,2026-05-03,,0.0
694876,Cooper,Ingle,CLE,4.0,20,0.02826682239535076,0.030506074723668588,0.027818971929687193,0.10276166109903195,0.09402754065233332,0.09548742628145834,0.023158815297043348,0.2584880219321069,0.07873649824135642,0.6489139303690773,0.08813206768442994,0.08221892400405661,0.6410655481673807,-0.007355358597028405,0.008415504316049502,0.05104166666666666,0.07656249999999999,0.0,0.05104166666666666,15.917222222222223,0.0,0.04332222222222222,0.04096944444444444,0.011538461538461539,0.0,0.075,0.012499999999999999,0.0,0.03260869565217391,0.04038461538461538,2026-07-05,,0.0
663584,Hayden,Senger,NYM,0.0,15,0.02995889284735544,0.0,0.02995889284735544,0.0,0.10098800730602198,0.10098800730602198,0.03736125910306534,0.3788198283232237,0.12477104927233407,0.8110871302087748,0.08813206768442994,0.08221892400405661,0.6410655481673807,-0.012855939621592039,0.008900281895210034,0.20416666666666664,0.0,0.0,0.04083333333333333,13.185454545454544,0.0,0.03568409090909091,0.043225,0.0,0.03,0.049999999999999996,0.01875,0.021428571428571425,0.03529411764705882,0.06999999999999999,2026-06-02,,0.0
600869,Jeimer,Candelario,LAA,7.0,13,0.02958008545617263,0.03153207079084392,0.028529016429811167,0.10608062010625674,0.09634133597928252,0.09975866219517937,0.027866481213768196,0.3010336452284873,0.09418248932313678,0.7145060238713774,0.08813206768442994,0.08221892400405661,0.6410655481673807,-0.011626594510749433,0.00879193716869373,0.12250000000000001,0.030624999999999996,0.030624999999999996,0.0,16.06675,0.0,0.052465,0.0511875,0.01875,0.0,0.049999999999999996,0.012499999999999999,0.01875,0.07173913043478261,0.052702702702702706,2026-04-08,,0.0
608841,Joey,Meneses,ATH,15.0,9,0.03063692102960465,0.032266585155047746,0.02792081415386616,0.10845128233755952,0.09435966973371479,0.10318542013537568,0.04344334080123441,0.31003881270500083,0.1439730293993079,0.7271736499118242,0.08809488723240463,0.1205838183869109,0.6457978644196039,-0.015090532902971049,0.009090107950854215,0.07656249999999999,0.07656249999999998,0.02552083333333333,0.02552083333333333,16.19625,0.0,0.058887499999999995,0.05597812499999999,0.028124999999999997,0.0,0.0,0.04285714285714285,0.008823529411764706,0.03088235294117647,0.049999999999999996,2026-07-12,,0.0
682641,Luis,Matos,MIL,13.0,8,0.031436373291217116,0.028529016429811167,0.03616082819100179,0.09634133597928252,0.12094508935116699,0.10577142302466458,0.07667565052761788,0.4000056469020493,0.24362004581345365,0.8326926307091164,0.08809488723240463,0.1205838183869109,0.6457978644196039,-0.017676535792259945,0.009317921583768794,0.11666666666666664,0.02916666666666666,0.0,0.0,14.725576923076924,0.0,0.0266,0.02723269230769231,0.023076923076923078,0.0,0.049999999999999996,0.06,0.01875,0.04431818181818182,0.07857142857142857,2026-04-23,,0.0
672820,Lenyn,Sosa,TOR,44.0,71,0.030555073558204512,0.031886468458277695,0.02972998376097606,0.10722500823485215,0.10024527122040872,0.10292036554305051,0.12986594771740817,0.2726994473512982,0.3854579891580625,0.6719056802934791,0.08781603384221497,0.31566885606727846,0.6143055172948425,-0.015104331700835541,0.009038058303581658,0.17043478260869563,0.005326086956521739,0.005326086956521738,0.03728260869565218,15.516136363636363,0.009943181818181816,0.04982130681818181,0.05452244318181818,0.036,0.016666666666666666,0.0375,0.017857142857142856,0.034931506849315064,0.028658536585365855,0.075,2026-05-26,,0.0
686452,Drew,Millas,WSH,20.0,127,0.027492429969319575,0.029961829072544337,0.027103548220780246,0.10099753156306457,0.09169193948109067,0.09296203139263681,0.11223750811999306,0.23144425699949095,0.3407672535169678,0.6020176587451693,0.08779744361620231,0.3251105770412182,0.6108435952768603,-0.005164587776434498,0.00816182870964266,0.14166666666666666,0.05833333333333332,0.012499999999999999,0.041666666666666664,14.102553763440858,0.00564516129032258,0.04905645161290323,0.05044516129032257,0.024999999999999998,0.014634146341463414,0.0409090909090909,0.023239436619718307,0.025657894736842105,0.03206106870229007,0.04321192052980132,2026-07-11,,0.0
666969,Adolis,García,PHI,67.0,189,0.0277073413228792,0.033310496026308575,0.02572103780367407,0.11181279790713738,0.08716635894773317,0.09366338964314969,0.13404604842154844,0.2271028584796026,0.39572894149511495,0.594093548682485,0.08771984962936694,0.3625038659495962,0.5951480507395664,-0.00594354001378275,0.008216138455273895,0.1818359375,0.05024414062499999,0.009570312499999999,0.04306640625,16.105357142857144,0.016666666666666663,0.060557142857142865,0.06830119047619047,0.02666666666666667,0.025280898876404494,0.028124999999999997,0.03,0.021982758620689654,0.04704684317718941,0.04466437177280551,2026-06-10,,0.0
694514,Sterlin,Thompson,COL,15.0,62,0.03214775060706431,0.032266585155047746,0.03211900031319735,0.10845128233755952,0.10797530976230629,0.10806804592423958,0.13215077794236724,0.31120414592399037,0.3910873805042443,0.7287830452324291,0.08618090521375996,0.2554444331365656,0.6105138625340829,-0.02188714071047962,0.00931340202243315,0.20681818181818185,0.03977272727272727,0.02386363636363636,0.07954545454545454,15.153177083333329,0.010937500000000001,0.05501927083333333,0.062084895833333334,0.033,0.015,0.06428571428571428,0.03,0.031914893617021274,0.041346153846153845,0.04421965317919075,2026-06-21,,0.0
666464,Jerar,Encarnacion,SF,18.0,17,0.031066655078731218,0.030843059339383874,0.03130340350862841,0.10385272992346428,0.10534167299172326,0.10457615172752144,0.08102640053701589,0.3268228229904497,0.2560210932933441,0.7497046149010318,0.08585917477809166,0.1848123255886363,0.6135895945449727,-0.01871697694942978,0.008978822088793494,0.12249999999999998,0.017499999999999995,0.0,0.0,15.313173076923075,0.01346153846153846,0.04342692307692308,0.04479999999999999,0.045,0.02,0.015,0.0375,0.01,0.02710843373493976,0.06506024096385542,2026-05-03,,0.0
467793,Carlos,Santana,AZ,4.0,22,0.026243037549217325,0.033283852501446366,0.024962889376084773,0.11172711539428304,0.0846777709963854,0.08887698771068064,0.0213550884722762,0.24141553771629065,0.07276888208258836,0.6197985222281774,0.08546139896671993,0.071479212752109,0.5907245696898311,-0.0034155887439607097,0.007595551705702743,0.07067307692307692,0.047115384615384615,0.0,0.0,15.361718749999998,0.0,0.03714375,0.037909374999999995,0.0,0.0,0.04285714285714285,0.009375,0.015,0.041666666666666664,0.05357142857142857,2026-04-05,,0.0
686554,Oliver,Dunn,TB,4.0,8,0.030029422501379865,0.033283852501446366,0.028402207501346616,0.11172711539428304,0.09592841844854638,0.10121676498066512,0.014865094404917095,0.35387991114111705,0.05106825418438676,0.7831814905640582,0.08532987631941154,0.030053369748306635,0.5635028221864703,-0.01588688866125358,0.0086368140372511,0.05104166666666666,0.05104166666666666,0.0,0.05104166666666666,13.4575,0.0,0.04184687499999999,0.039003125,0.016666666666666666,0.0,0.0,0.0375,0.0,0.045,0.04285714285714285,2026-06-02,,0.0
660644,Vidal,Bruján,NYM,4.0,8,0.03082763450648842,0.030506074723668588,0.030988414397898338,0.10276166109903195,0.10432305923898555,0.10380280902097361,0.014865094404917095,0.35387991114111705,0.05106825418438676,0.7831814905640582,0.08532987631941154,0.030053369748306635,0.5635028221864703,-0.01847293270156207,0.008857480855367174,0.05104166666666666,0.05104166666666666,0.0,0.05104166666666666,13.280749999999998,0.0,0.0315175,0.0325675,0.021428571428571425,0.0,0.0,0.0,0.024999999999999998,0.03409090909090909,0.03571428571428571,2026-06-15,,0.0
665861,Sebastián,Rivero,LAA,13.0,42,0.03535740733662737,0.028529016429811167,0.037470956903022865,0.09634133597928252,0.125120079015404,0.11837779867081522,0.1436665586973318,0.36348366189167736,0.41890095050371534,0.7942530316689691,0.08398241286140358,0.19149512745135072,0.5896046683519693,-0.034395385809411635,0.009941653161596516,0.16704545454545452,0.0334090909090909,0.0,0.08909090909090907,14.351280487804877,0.0,0.05785243902439024,0.05491158536585365,0.03888888888888888,0.03409090909090909,0.024999999999999998,0.02045454545454545,0.045454545454545456,0.031985294117647056,0.06707317073170731,2026-06-09,,0.0
672761,Wenceel,Pérez,DET,54.0,121,0.02719998813358205,0.033147384952674074,0.024545777982912884,0.11128815887790422,0.08330655717516089,0.09200703163486335,0.11792928459112029,0.22785999284200648,0.35544213313388584,0.5954835441765243,0.08327213033207381,0.30950396559750293,0.5673464857239271,-0.008734901302789533,0.007661621529765579,0.19599999999999998,0.048999999999999995,0.0,0.05949999999999999,15.267159090909088,0.013257575757575756,0.04338143939393939,0.050083143939393934,0.026886792452830186,0.015,0.02692307692307692,0.026470588235294117,0.023333333333333334,0.024920127795527155,0.04363636363636363,2026-06-16,,0.0
675659,Greg,Jones,MIL,7.0,16,0.0285408862098943,0.03153207079084392,0.027232242955728844,0.10608062010625674,0.09211239839203789,0.09637997967621903,0.024180004484220335,0.2679598107574366,0.08210290482914984,0.6643611409017438,0.08294782840887523,0.06322510711784671,0.5474110308930111,-0.013432151267343803,0.007994510016233898,0.05326086956521739,0.0,0.0,0.026630434782608695,14.30826923076923,0.0,0.05375192307692307,0.050642307692307695,0.009375,0.0375,0.0,0.011538461538461539,0.015,0.05113636363636363,0.058333333333333334,2026-07-08,,0.0
596103,Austin,Slater,TB,64.0,9,0.030894156848795824,0.030239719605948276,0.03554793279793396,0.10189860115470506,0.11898709691511722,0.10401808762626297,0.1286697211101815,0.3117365301514135,0.38249593428052153,0.7295160383579087,0.08292879558305204,0.23565686541579586,0.5759095570340281,-0.02108929204321093,0.008626094725698356,0.15102739726027395,0.06712328767123286,0.0,0.016780821917808216,14.497954545454546,0.003977272727272727,0.04639488636363636,0.04607670454545454,0.023333333333333334,0.05357142857142857,0.023076923076923078,0.013636363636363636,0.045,0.03860294117647058,0.043000000000000003,2026-06-17,,0.0
606992,Eric,Haase,SF,28.0,53,0.028335819910716077,0.02688882096253979,0.029100272185224305,0.09099009387619117,0.09819979919378885,0.09571219223506322,0.08682708209959754,0.24133157061210203,0.2723281395961086,0.6196512071615821,0.08274953266474035,0.22428594435712795,0.574651499148845,-0.012962659570322874,0.007920139177769271,0.20416666666666666,0.045370370370370366,0.0075617283950617275,0.06805555555555555,14.855978260869565,0.03043478260869565,0.05181141304347826,0.0648641304347826,0.03837209302325582,0.005,0.0,0.019354838709677417,0.024,0.05225806451612903,0.0543859649122807,2026-07-08,,0.0
663967,César,Salazar,HOU,5.0,17,0.02642600967742928,0.03267869154687461,0.024586985598180653,0.10977939692386907,0.08344208854416357,0.08947605749402188,0.008069427621263836,0.2179804583865734,0.027959263905650844,0.5770766927694535,0.08266331768442993,0.02567962434474355,0.5131278292743189,-0.006812739809591947,0.007396387765778648,0.02784090909090909,0.08352272727272728,0.02784090909090909,0.02784090909090909,15.081499999999998,0.0,0.04968833333333333,0.051239999999999994,0.0,0.03,0.0,0.0,0.016666666666666666,0.017857142857142856,0.041666666666666664,2026-05-29,,0.0
656582,Connor,Joe,SEA,26.0,19,0.029696364851186114,0.027596421514185576,0.03256997152287107,0.09330145379297139,0.10942915713353529,0.10013615181095259,0.07745423484758265,0.2878390887239627,0.24585002907282683,0.6951940332540516,0.08186572478841297,0.1627877475083369,0.562505327040549,-0.018270427022539615,0.008197718645526186,0.16333333333333333,0.08166666666666667,0.0,0.04083333333333333,16.191875,0.014583333333333334,0.07301145833333332,0.08001145833333331,0.019565217391304346,0.0375,0.0,0.015,0.04,0.03705882352941176,0.03644859813084112,2026-06-20,,0.0
805904,Zach,Cole,HOU,6.0,47,0.029360992527652435,0.029416572054966134,0.029353897268846428,0.09922764067999967,0.09902404050854119,0.09904709123437672,0.0785241785084626,0.2705424927619534,0.24890684338719182,0.6684874349863151,0.08186572478841297,0.1627877475083369,0.562505327040549,-0.01718136644596374,0.008108561912086315,0.2080188679245283,0.011556603773584905,0.011556603773584905,0.09245283018867924,16.181666666666665,0.029166666666666667,0.06225916666666666,0.08093166666666665,0.02222222222222222,0.026470588235294117,0.016666666666666666,0.026470588235294117,0.015789473684210523,0.06494845360824743,0.04227272727272727,2026-05-25,,0.0
663697,Jonathan,India,KC,23.0,35,0.0289128607024431,0.024620931987371284,0.03173327100091886,0.08355372707229014,0.10673044568006818,0.09759039564908689,0.07158487019718122,0.2492590943383795,0.2289230294131931,0.6333807372094763,0.08159088209516482,0.14164643854782027,0.5559564416525933,-0.015999513553922068,0.007962486465025134,0.1584051724137931,0.08448275862068966,0.021120689655172414,0.08448275862068966,14.990499999999997,0.009999999999999998,0.041444999999999996,0.047174999999999995,0.024999999999999998,0.0,0.021428571428571425,0.027777777777777776,0.014516129032258063,0.030645161290322583,0.02692307692307692,2026-04-17,,0.0
641555,J. C.,Escarra,NYY,20.0,71,0.0282921678052171,0.03639040050111577,0.026010975496513253,0.12167769400540351,0.0881167875027199,0.09556999599558336,0.1112252917944124,0.26668389756607036,0.3381327289930841,0.662309163980624,0.08139307714632885,0.2268802210080984,0.559974557940115,-0.01417691884925451,0.0077787360569428554,0.15480769230769229,0.04038461538461538,0.0,0.047115384615384615,15.23231343283582,0.00783582089552239,0.045163059701492536,0.04853768656716417,0.03559322033898305,0.0,0.03,0.02727272727272727,0.02553191489361702,0.040312499999999994,0.03708791208791209,2026-06-20,,0.0
642020,Chuckie,Robinson,LAD,8.0,15,0.029417437074830632,0.028402207501346616,0.02995889284735544,0.09592841844854638,0.10098800730602198,0.09923045048266865,0.024180004484220335,0.2679598107574366,0.08210290482914984,0.6643611409017438,0.08015836866368962,0.022417491450056642,0.47088818221285356,-0.019072081818979028,0.007954151032453753,0.05326086956521739,0.0,0.0,0.0,13.929027777777778,0.0,0.03564166666666667,0.033376388888888886,0.01,0.024999999999999998,0.0,0.0,0.01764705882352941,0.04444444444444444,0.0409090909090909,2026-07-01,,0.0
660162,Yoán,Moncada,LAA,26.0,104,0.028871774437214143,0.023649053093132942,0.03017745477323444,0.0803536928270937,0.1016967614017722,0.09745675665917264,0.10815119417236142,0.23435447802079223,0.33008558486943074,0.6072672543147628,0.07985191160457208,0.25656145060123525,0.5427314306587621,-0.017604845054600554,0.007782108318016546,0.15548076923076926,0.08009615384615384,0.009423076923076925,0.047115384615384615,15.328939393939391,0.013257575757575756,0.04890454545454545,0.056084848484848474,0.02291666666666667,0.021428571428571425,0.03260869565217391,0.01607142857142857,0.030405405405405407,0.04046511627906977,0.031636363636363636,2026-05-21,,0.0
693459,Kyler,Fedko,MIN,11.0,7,0.027742366487270655,0.02700537762423121,0.0289004918434755,0.09137111256195407,0.09755016564257413,0.09377765673834448,1.3877787807814457e-17,0.1758792236466577,0.0,0.4918779747135168,0.07968471502908896,0.0,0.39033428790216546,-0.014092941709255527,0.007472645853290704,0.0,0.06805555555555556,0.0,0.0,15.340937499999999,0.0,0.033818749999999995,0.035525,0.0,0.0,0.0,0.0,0.0,0.05581395348837209,0.060714285714285714,2026-07-07,,0.0
686823,Will,Brennan,SF,2.0,21,0.02444065659341443,0.0374486160591943,0.023201803310959206,0.12504900434998667,0.07887838812712455,0.0829607493063168,0.024180004484220335,0.2679598107574366,0.08210290482914984,0.6643611409017438,0.07833961571949327,0.051367689746085105,0.47698056196084426,-0.004621133586823534,0.006499113220458076,0.05326086956521739,0.0,0.0,0.0,13.787374999999999,0.0,0.03352125,0.03418625,0.0,0.0375,0.0,0.01875,0.01,0.009,0.0846153846153846,2026-05-27,,0.0
669369,Bryce,Johnson,SD,13.0,35,0.03150737549061828,0.026148064048858787,0.03349797688327181,0.08856592362220106,0.1124155478741421,0.1060008373002681,0.08695513576485565,0.29577828401255607,0.2726852203872939,0.7069221841836844,0.07822724813115017,0.14547724486760422,0.5189728183535234,-0.02777358916911793,0.008292153801597752,0.12760416666666666,0.038281249999999996,0.0,0.02552083333333333,13.156759259259257,0.0,0.042777777777777776,0.04005555555555556,0.018,0.03214285714285714,0.03333333333333333,0.015,0.041666666666666664,0.04516129032258064,0.059375,2026-06-10,,0.0
680718,Addison,Barger,TOR,4.0,23,0.025492804985341254,0.030506074723668588,0.024620931987371284,0.10276166109903195,0.08355372707229014,0.08641770414119543,0.006568145980785131,0.1828346593357585,0.022800390389415948,0.506729908665945,0.07780076958534582,0.019890887638544935,0.4349997055766561,-0.008616934555849609,0.00672336388798373,0.045370370370370366,0.11342592592592592,0.0,0.022685185185185183,15.4385,0.0,0.033576666666666664,0.034685,0.0075,0.0,0.0,0.0,0.021428571428571425,0.028846153846153848,0.053289473684210525,2026-05-09,,0.0
660710,Rodolfo,Durán,SD,19.0,71,0.026996802273715002,0.026048232392436286,0.027250644918000857,0.08823886598031161,0.0921725081291852,0.09134308400042834,0.07794682040686313,0.21873930500697653,0.2472584408241285,0.5785113204862617,0.0767313848345774,0.19230498083676129,0.5121994835545616,-0.014611699165850936,0.007008881330413997,0.17013888888888887,0.04763888888888888,0.006805555555555554,0.054444444444444434,15.054224137931035,0.015086206896551723,0.043921982758620685,0.05198405172413793,0.016304347826086956,0.029166666666666667,0.0,0.019565217391304346,0.02045454545454545,0.03633540372670808,0.047872340425531915,2026-07-12,,0.0
656413,Stuart,Fairchild,CLE,22.0,5,0.028089272494132272,0.027046222709418106,0.03267869154687461,0.09150460638214375,0.10977939692386907,0.0949088571692015,0.038520348283098374,0.28057800818279827,0.1284539455087228,0.6841775608765219,0.07622232880815562,0.04696514218385381,0.4480308622529735,-0.01868652836104588,0.007234174117957154,0.06805555555555555,0.15879629629629627,0.022685185185185183,0.022685185185185183,14.5635,0.0,0.059045,0.068075,0.008333333333333333,0.021428571428571425,0.075,0.021428571428571425,0.011538461538461539,0.09999999999999999,0.03529411764705882,2026-06-23,,0.0
457705,Andrew,McCutchen,TEX,50.0,32,0.0294846737895154,0.028473280350781036,0.03106497603753785,0.09615986374477858,0.10457072091149133,0.09944883313363473,0.10451594667058835,0.266417390881429,0.32047960301407097,0.6618794282264948,0.07371332525647996,0.19633266528144178,0.485363327580278,-0.02573550787715477,0.007330704183157018,0.14192073170731706,0.06722560975609757,0.0,0.0298780487804878,15.232892156862743,0.010294117647058823,0.04110098039215686,0.04581911764705882,0.024999999999999998,0.0225,0.0375,0.012499999999999999,0.03103448275862069,0.0459375,0.03068181818181818,2026-05-25,,0.0
669004,MJ,Melendez,NYM,13.0,129,0.026633617520583776,0.03329092119171593,0.0259627264529503,0.11174984806491173,0.08795867405713287,0.0901554463866493,0.11042234546060642,0.23132861632846952,0.3360375353358135,0.6018080310019573,0.07244032707377197,0.23362709542089732,0.47746096492438395,-0.017715119312877323,0.006530890023730788,0.18116197183098592,0.0733274647887324,0.021566901408450707,0.04313380281690141,16.5085,0.02,0.04992749999999999,0.061459999999999994,0.023684210526315787,0.02045454545454545,0.03409090909090909,0.029032258064516127,0.020625,0.045993031358885016,0.044196428571428574,2026-06-25,,0.0
506702,Sandy,León,ATL,20.0,24,0.02699875654109691,0.027818971929687193,0.02631524371727167,0.09402754065233332,0.08911343183533249,0.09134947158416262,0.035922193227316226,0.21159239166598615,0.1201831016629813,0.564861186327939,0.0720505946795854,0.0850767663291625,0.4333427844381418,-0.019298876904577225,0.006581783751304805,0.05568181818181818,0.0,0.0,0.0,14.323076923076922,0.0,0.03991346153846154,0.03918653846153846,0.019354838709677417,0.0,0.0,0.019565217391304346,0.007142857142857142,0.03861386138613861,0.06,2026-06-17,,0.0
670097,Zack,Short,NYM,24.0,35,0.02699099674600959,0.030369297771325725,0.0246744474715071,0.10231854218856551,0.08372970220271103,0.0913241082633498,0.058675827757903046,0.22523640399981698,0.1907415576583612,0.5906524251356484,0.07184135032452567,0.11999366228595007,0.4489944400515401,-0.019482757938824133,0.006560847254822222,0.0934322033898305,0.08305084745762711,0.010381355932203387,0.0,14.814596774193546,0.01129032258064516,0.04495806451612902,0.05156854838709678,0.02027027027027027,0.012499999999999999,0.015,0.012499999999999999,0.021428571428571425,0.0430327868852459,0.040624999999999994,2026-07-12,,0.0
628451,Andy,Ibáñez,NYM,22.0,2,0.027432319591130225,0.027046222709418106,0.03167938528996353,0.09150460638214375,0.106556441614439,0.09276579319997347,0.023158815297043348,0.2584880219321069,0.07873649824135642,0.6489139303690773,0.07149259907842588,0.014865094404917095,0.35387991114111705,-0.021273194121547587,0.006632067661437869,0.05104166666666666,0.02552083333333333,0.0,0.07656249999999998,15.054374999999999,0.0,0.030563749999999997,0.030904999999999995,0.0,0.024999999999999998,0.024999999999999998,0.0,0.015,0.02596153846153846,0.07714285714285714,2026-05-10,,0.0
664059,Sam,Haggerty,TEX,36.0,11,0.02882319532699849,0.02787590738462911,0.03192341041111645,0.0942132299615338,0.10734423751026645,0.09729872787507732,0.0740671999643172,0.27685622423593553,0.23611472135944134,0.6784220341440492,0.07106204165195688,0.1317037456190719,0.4467857131455308,-0.026236686223120434,0.006914246252941163,0.10425531914893617,0.02606382978723404,0.01303191489361702,0.013031914893617021,13.921249999999999,0.0,0.04278125000000001,0.04020625,0.02045454545454545,0.024999999999999998,0.021428571428571425,0.03333333333333333,0.015517241379310345,0.04431818181818182,0.050625,2026-05-30,,0.0
663368,Blake,Perkins,MIL,59.0,41,0.027433524759651558,0.03162686270713856,0.02139920917668246,0.10638681597076849,0.07291518361098481,0.09276972792814286,0.08526343659939131,0.2213718821096384,0.26795776898564394,0.583461364226316,0.07082427113286205,0.19071102858794878,0.4602599393608908,-0.021945456795280815,0.006570348363704635,0.14087499999999997,0.06124999999999999,0.0061249999999999985,0.06737499999999999,14.803432835820894,0.007835820895522387,0.04560708955223881,0.0487936567164179,0.022131147540983605,0.014285714285714284,0.024999999999999998,0.019565217391304346,0.02222222222222222,0.028846153846153848,0.043348623853211005,2026-07-03,,0.0
666181,Will,Benson,CIN,1.0,111,0.02704934562980053,0.0323005497074138,0.027002037484957168,0.10856079497264592,0.09136019537911455,0.09151481243316906,0.10414537208810222,0.23978554199303836,0.3194948825698022,0.6169315034856708,0.07076703008196886,0.20395378749637438,0.46167343103102854,-0.0207477823512002,0.006476231484403812,0.17500000000000002,0.08203125000000001,0.0054687500000000005,0.038281249999999996,14.946810344827586,0.02112068965517241,0.05296163793103449,0.06474396551724138,0.03421052631578947,0.008823529411764706,0.021428571428571425,0.02222222222222222,0.02586206896551724,0.04682926829268293,0.03313253012048192,2026-06-14,,0.0
664238,Dylan,Moore,PHI,12.0,3,0.027472177821752916,0.02656980701738877,0.031081661039209504,0.08994666746076563,0.10462468708024852,0.09289591899478666,0.0,0.20388330103584867,0.0,0.5497864440472612,0.07057789045433593,0.0,0.27753279986288926,-0.02231802854045073,0.006556397994468918,0.0,0.12249999999999998,0.0,0.0,15.977500000000001,0.0,0.03362916666666667,0.040775000000000006,0.0,0.0,0.0,0.0,0.0,0.04411764705882353,0.03913043478260869,2026-05-01,,0.0
677060,Chad,Stevens,COL,18.0,15,0.025782588761970704,0.02422541228056035,0.027651200539663134,0.08225238978631522,0.09348021288301256,0.0873681848389567,0.00536941053687183,0.15318725382118925,0.018667141541946597,0.4412007014175954,0.06782631194619891,0.012722215247890939,0.3146870442415113,-0.019541872892757786,0.005925861759060244,0.01856060606060606,0.09280303030303029,0.0,0.03712121212121212,14.085166666666666,0.011666666666666665,0.03808,0.04202333333333333,0.0,0.013636363636363636,0.0,0.0,0.0075,0.03851351351351351,0.056666666666666664,2026-06-12,,0.0
