provider_event_id,sportsbook,captured_at_utc,game_datetime,date,home_team,away_team,home_moneyline,away_moneyline,market_home_win_probability,source_status,game_pk,match_method,snapshot_id,snapshot_role
401816789,DraftKings,2026-09-04T04:03:51Z,2026-09-03T16:35Z,2026-09-03 00:00:00,PIT,SF,-175,144,0.6082621082621081,post_start,823337,unique_matchup,odds_99bb19ec3fb3,raw
401816790,DraftKings,2026-09-04T04:03:51Z,2026-09-03T17:10Z,2026-09-03 00:00:00,CLE,TOR,-110,-110,0.5,post_start,824388,unique_matchup,odds_0dd5d783b25b,raw
401816791,DraftKings,2026-09-04T04:03:51Z,2026-09-03T18:10Z,2026-09-03 00:00:00,HOU,CWS,-157,130,0.5842096748099014,post_start,824144,unique_matchup,odds_291a4104f2c7,raw
401816788,DraftKings,2026-09-04T04:03:51Z,2026-09-03T23:15Z,2026-09-03 00:00:00,BAL,BOS,100,-120,0.4782608695652174,post_start,824796,unique_matchup,odds_b482a1ffce9e,raw
401816793,DraftKings,2026-09-04T04:03:51Z,2026-09-03T23:15Z,2026-09-03 00:00:00,CHC,MIL,100,-121,0.4773218142548596,post_start,824632,unique_matchup,odds_463277a5cc9b,raw
401816792,DraftKings,2026-09-04T04:03:51Z,2026-09-03T23:40Z,2026-09-03 00:00:00,KC,MIA,-125,104,0.53125,post_start,824069,unique_matchup,odds_d447265f0822,raw
401816794,DraftKings,2026-09-04T04:03:51Z,2026-09-04T00:05Z,2026-09-03 00:00:00,TEX,TB,104,-125,0.4687499999999999,post_start,822853,unique_matchup,odds_d08ac91b7d01,raw
401816795,DraftKings,2026-09-04T04:03:51Z,2026-09-04T01:40Z,2026-09-03 00:00:00,SEA,ATH,-223,181,0.6598675273527584,post_start,823095,unique_matchup,odds_68fee597f7dd,raw
401816796,DraftKings,2026-09-04T04:03:51Z,2026-09-04T02:10Z,2026-09-03 00:00:00,LAD,STL,-298,237,0.7161724644502446,post_start,823907,unique_matchup,odds_bf9ae6a4dec5,raw
401816789,DraftKings,2026-09-04T04:45:21Z,2026-09-03T16:35Z,2026-09-03 00:00:00,PIT,SF,-175,144,0.6082621082621081,post_start,823337,provider_map,odds_ce86fec0527f,intraday
401816790,DraftKings,2026-09-04T04:45:21Z,2026-09-03T17:10Z,2026-09-03 00:00:00,CLE,TOR,-110,-110,0.5,post_start,824388,provider_map,odds_8f32c7aa9bda,intraday
401816791,DraftKings,2026-09-04T04:45:21Z,2026-09-03T18:10Z,2026-09-03 00:00:00,HOU,CWS,-157,130,0.5842096748099014,post_start,824144,provider_map,odds_e98decdfbd77,intraday
401816788,DraftKings,2026-09-04T04:45:21Z,2026-09-03T23:15Z,2026-09-03 00:00:00,BAL,BOS,100,-120,0.4782608695652174,post_start,824796,provider_map,odds_30d9416cae68,intraday
401816793,DraftKings,2026-09-04T04:45:21Z,2026-09-03T23:15Z,2026-09-03 00:00:00,CHC,MIL,100,-121,0.4773218142548596,post_start,824632,provider_map,odds_c0b4f33e086d,intraday
401816792,DraftKings,2026-09-04T04:45:21Z,2026-09-03T23:40Z,2026-09-03 00:00:00,KC,MIA,-125,104,0.53125,post_start,824069,provider_map,odds_26e838112c8a,intraday
401816794,DraftKings,2026-09-04T04:45:21Z,2026-09-04T00:05Z,2026-09-03 00:00:00,TEX,TB,104,-125,0.4687499999999999,post_start,822853,provider_map,odds_0496ca3ec54b,intraday
401816795,DraftKings,2026-09-04T04:45:21Z,2026-09-04T01:40Z,2026-09-03 00:00:00,SEA,ATH,-223,181,0.6598675273527584,post_start,823095,provider_map,odds_f4a0eee0c50d,intraday
401816796,DraftKings,2026-09-04T04:45:21Z,2026-09-04T02:10Z,2026-09-03 00:00:00,LAD,STL,-298,237,0.7161724644502446,post_start,823907,provider_map,odds_871f25703bf4,intraday
401877193,DraftKings,2026-09-04T16:05:15Z,2026-09-04T18:10Z,2026-09-04 00:00:00,CLE,DET,-130,108,0.5403677058353318,ok,824424,start_time,odds_7235f666c10b,intraday
401816802,DraftKings,2026-09-04T16:05:15Z,2026-09-04T22:10Z,2026-09-04 00:00:00,CIN,MIL,136,-164,0.4055050380928974,ok,824471,unique_matchup,odds_8bc31ceb2061,intraday
401816797,DraftKings,2026-09-04T16:05:15Z,2026-09-04T22:40Z,2026-09-04 00:00:00,PIT,LAA,-198,163,0.6360260888682611,ok,823338,unique_matchup,odds_95b663a61788,intraday
401816798,DraftKings,2026-09-04T16:05:15Z,2026-09-04T22:40Z,2026-09-04 00:00:00,PHI,ATL,-120,-101,0.5205006473888649,ok,823418,unique_matchup,odds_b4507ed87a7a,intraday
401816799,DraftKings,2026-09-04T16:05:15Z,2026-09-04T23:05Z,2026-09-04 00:00:00,BAL,BOS,100,-120,0.4782608695652174,ok,824797,unique_matchup,odds_3c2c7d6c0692,intraday
401816800,DraftKings,2026-09-04T16:05:15Z,2026-09-04T23:10Z,2026-09-04 00:00:00,MIA,CHC,134,-162,0.4086853434828726,ok,823824,unique_matchup,odds_aa98d7ea3a5d,intraday
401816801,DraftKings,2026-09-04T16:05:15Z,2026-09-04T23:10Z,2026-09-04 00:00:00,CLE,DET,-143,119,0.5630832299476779,ok,824387,start_time,odds_622e420e7278,intraday
401816803,DraftKings,2026-09-04T16:05:15Z,2026-09-04T23:10Z,2026-09-04 00:00:00,NYM,SF,-193,158,0.6295547070574253,ok,823579,unique_matchup,odds_5413e96f2df6,intraday
401816805,DraftKings,2026-09-04T16:05:15Z,2026-09-04T23:40Z,2026-09-04 00:00:00,CWS,MIN,-117,-103,0.5151837230488916,ok,824554,unique_matchup,odds_9cfba2963ee7,intraday
401816806,DraftKings,2026-09-04T16:05:15Z,2026-09-05T00:05Z,2026-09-04 00:00:00,TEX,TB,-115,-104,0.5120034919249236,ok,822852,unique_matchup,odds_928f9fd87e88,intraday
401816804,DraftKings,2026-09-04T16:05:15Z,2026-09-05T00:10Z,2026-09-04 00:00:00,HOU,AZ,-136,113,0.551057677674631,ok,824146,unique_matchup,odds_605fad68e73f,intraday
401816807,DraftKings,2026-09-04T16:05:15Z,2026-09-05T00:10Z,2026-09-04 00:00:00,KC,TOR,-119,-102,0.5183284457478006,ok,824067,unique_matchup,odds_b60aa296c403,intraday
401816808,DraftKings,2026-09-04T16:05:15Z,2026-09-05T00:40Z,2026-09-04 00:00:00,COL,STL,105,-127,0.4657843439006873,ok,824311,unique_matchup,odds_886b13ee96ae,intraday
401816810,DraftKings,2026-09-04T16:05:15Z,2026-09-05T01:40Z,2026-09-04 00:00:00,SD,NYY,-102,-119,0.4816715542521994,ok,823256,unique_matchup,odds_8bbc6f5c2246,intraday
401816809,DraftKings,2026-09-04T16:05:15Z,2026-09-05T02:10Z,2026-09-04 00:00:00,SEA,ATH,-229,186,0.6656300180905339,ok,823093,unique_matchup,odds_ea03569cd3c6,intraday
401816811,DraftKings,2026-09-04T16:05:15Z,2026-09-05T02:10Z,2026-09-04 00:00:00,LAD,WSH,-293,234,0.7134774937664952,ok,823905,unique_matchup,odds_2937c1a98e09,intraday
401877193,DraftKings,2026-09-04T16:33:15Z,2026-09-04T18:10Z,2026-09-04 00:00:00,CLE,DET,-130,108,0.5403677058353318,ok,824424,provider_map,odds_4ac7bb31b020,morning
401816802,DraftKings,2026-09-04T16:33:15Z,2026-09-04T22:10Z,2026-09-04 00:00:00,CIN,MIL,135,-163,0.4070892345793669,ok,824471,provider_map,odds_9cdb245b8616,morning
401816797,DraftKings,2026-09-04T16:33:15Z,2026-09-04T22:40Z,2026-09-04 00:00:00,PIT,LAA,-198,163,0.6360260888682611,ok,823338,provider_map,odds_1f40d30bf764,morning
401816798,DraftKings,2026-09-04T16:33:15Z,2026-09-04T22:40Z,2026-09-04 00:00:00,PHI,ATL,-120,-101,0.5205006473888649,ok,823418,provider_map,odds_b56f2d0644cf,morning
401816799,DraftKings,2026-09-04T16:33:15Z,2026-09-04T23:05Z,2026-09-04 00:00:00,BAL,BOS,100,-120,0.4782608695652174,ok,824797,provider_map,odds_1baa50bf8faa,morning
401816800,DraftKings,2026-09-04T16:33:15Z,2026-09-04T23:10Z,2026-09-04 00:00:00,MIA,CHC,134,-162,0.4086853434828726,ok,823824,provider_map,odds_f00e2370c692,morning
401816801,DraftKings,2026-09-04T16:33:15Z,2026-09-04T23:10Z,2026-09-04 00:00:00,CLE,DET,-143,119,0.5630832299476779,ok,824387,provider_map,odds_74b621921482,morning
401816803,DraftKings,2026-09-04T16:33:15Z,2026-09-04T23:10Z,2026-09-04 00:00:00,NYM,SF,-193,158,0.6295547070574253,ok,823579,provider_map,odds_e8762ce2293f,morning
401816805,DraftKings,2026-09-04T16:33:15Z,2026-09-04T23:40Z,2026-09-04 00:00:00,CWS,MIN,-117,-103,0.5151837230488916,ok,824554,provider_map,odds_5a2d79209e32,morning
401816806,DraftKings,2026-09-04T16:33:15Z,2026-09-05T00:05Z,2026-09-04 00:00:00,TEX,TB,-115,-104,0.5120034919249236,ok,822852,provider_map,odds_3ae6b5e82c4b,morning
401816804,DraftKings,2026-09-04T16:33:15Z,2026-09-05T00:10Z,2026-09-04 00:00:00,HOU,AZ,-131,109,0.5423839616474178,ok,824146,provider_map,odds_fecebd095644,morning
401816807,DraftKings,2026-09-04T16:33:15Z,2026-09-05T00:10Z,2026-09-04 00:00:00,KC,TOR,-119,-102,0.5183284457478006,ok,824067,provider_map,odds_c3bc55494eb0,morning
401816808,DraftKings,2026-09-04T16:33:15Z,2026-09-05T00:40Z,2026-09-04 00:00:00,COL,STL,105,-127,0.4657843439006873,ok,824311,provider_map,odds_9b2fa5237c91,morning
401816810,DraftKings,2026-09-04T16:33:15Z,2026-09-05T01:40Z,2026-09-04 00:00:00,SD,NYY,-102,-119,0.4816715542521994,ok,823256,provider_map,odds_bd64a243da7f,morning
401816809,DraftKings,2026-09-04T16:33:15Z,2026-09-05T02:10Z,2026-09-04 00:00:00,SEA,ATH,-229,186,0.6656300180905339,ok,823093,provider_map,odds_43297583076b,morning
401816811,DraftKings,2026-09-04T16:33:15Z,2026-09-05T02:10Z,2026-09-04 00:00:00,LAD,WSH,-292,233,0.7126858014013896,ok,823905,provider_map,odds_7fdbb102d8fa,morning
401877193,DraftKings,2026-09-04T18:22:40Z,2026-09-04T18:10Z,2026-09-04 00:00:00,CLE,DET,-130,108,0.5403677058353318,post_start,824424,provider_map,odds_ed7489827726,intraday
401816802,DraftKings,2026-09-04T18:22:40Z,2026-09-04T22:10Z,2026-09-04 00:00:00,CIN,MIL,135,-163,0.4070892345793669,ok,824471,provider_map,odds_6564ca608c33,intraday
401816797,DraftKings,2026-09-04T18:22:40Z,2026-09-04T22:40Z,2026-09-04 00:00:00,PIT,LAA,-198,163,0.6360260888682611,ok,823338,provider_map,odds_b516851f0f6c,intraday
401816798,DraftKings,2026-09-04T18:22:40Z,2026-09-04T22:40Z,2026-09-04 00:00:00,PHI,ATL,-118,-102,0.5173641257162701,ok,823418,provider_map,odds_9e5b5c9c3a81,intraday
401816799,DraftKings,2026-09-04T18:22:40Z,2026-09-04T23:05Z,2026-09-04 00:00:00,BAL,BOS,100,-120,0.4782608695652174,ok,824797,provider_map,odds_916ce200b0a3,intraday
401816800,DraftKings,2026-09-04T18:22:40Z,2026-09-04T23:10Z,2026-09-04 00:00:00,MIA,CHC,138,-167,0.4018300574902929,ok,823824,provider_map,odds_33ee7803d11a,intraday
401816801,DraftKings,2026-09-04T18:22:40Z,2026-09-04T23:10Z,2026-09-04 00:00:00,CLE,DET,-143,119,0.5630832299476779,ok,824387,provider_map,odds_fc9ee4d7a77e,intraday
401816803,DraftKings,2026-09-04T18:22:40Z,2026-09-04T23:10Z,2026-09-04 00:00:00,NYM,SF,-193,158,0.6295547070574253,ok,823579,provider_map,odds_fd7a338d7929,intraday
401816805,DraftKings,2026-09-04T18:22:40Z,2026-09-04T23:40Z,2026-09-04 00:00:00,CWS,MIN,-117,-103,0.5151837230488916,ok,824554,provider_map,odds_60b5b3518298,intraday
401816806,DraftKings,2026-09-04T18:22:40Z,2026-09-05T00:05Z,2026-09-04 00:00:00,TEX,TB,-115,-104,0.5120034919249236,ok,822852,provider_map,odds_e0f7b86b57bc,intraday
401816804,DraftKings,2026-09-04T18:22:40Z,2026-09-05T00:10Z,2026-09-04 00:00:00,HOU,AZ,-131,109,0.5423839616474178,ok,824146,provider_map,odds_8faed9589340,intraday
401816807,DraftKings,2026-09-04T18:22:40Z,2026-09-05T00:10Z,2026-09-04 00:00:00,KC,TOR,-119,-102,0.5183284457478006,ok,824067,provider_map,odds_07f092633bae,intraday
401816808,DraftKings,2026-09-04T18:22:40Z,2026-09-05T00:40Z,2026-09-04 00:00:00,COL,STL,105,-127,0.4657843439006873,ok,824311,provider_map,odds_058b3f0a30e9,intraday
401816810,DraftKings,2026-09-04T18:22:40Z,2026-09-05T01:40Z,2026-09-04 00:00:00,SD,NYY,-102,-118,0.4826358742837298,ok,823256,provider_map,odds_9e6cc63e8eda,intraday
401816809,DraftKings,2026-09-04T18:22:40Z,2026-09-05T02:10Z,2026-09-04 00:00:00,SEA,ATH,-229,186,0.6656300180905339,ok,823093,provider_map,odds_9bb643a49ce1,intraday
401816811,DraftKings,2026-09-04T18:22:40Z,2026-09-05T02:10Z,2026-09-04 00:00:00,LAD,WSH,-300,239,0.7177134791813692,ok,823905,provider_map,odds_50786032fef7,intraday
401877193,DraftKings,2026-09-04T18:55:34Z,2026-09-04T18:10Z,2026-09-04 00:00:00,CLE,DET,-130,108,0.5403677058353318,post_start,824424,provider_map,odds_7c8895dea247,intraday
401816802,DraftKings,2026-09-04T18:55:34Z,2026-09-04T22:10Z,2026-09-04 00:00:00,CIN,MIL,135,-163,0.4070892345793669,ok,824471,provider_map,odds_ac2e45e7a427,intraday
401816797,DraftKings,2026-09-04T18:55:34Z,2026-09-04T22:40Z,2026-09-04 00:00:00,PIT,LAA,-204,167,0.6417966724796154,ok,823338,provider_map,odds_c08ae3558162,intraday
401816798,DraftKings,2026-09-04T18:55:34Z,2026-09-04T22:40Z,2026-09-04 00:00:00,PHI,ATL,-118,-102,0.5173641257162701,ok,823418,provider_map,odds_9194dc7843d6,intraday
401816799,DraftKings,2026-09-04T18:55:34Z,2026-09-04T23:05Z,2026-09-04 00:00:00,BAL,BOS,100,-120,0.4782608695652174,ok,824797,provider_map,odds_66345eafde03,intraday
401816800,DraftKings,2026-09-04T18:55:34Z,2026-09-04T23:10Z,2026-09-04 00:00:00,MIA,CHC,138,-167,0.4018300574902929,ok,823824,provider_map,odds_39f79016a798,intraday
401816801,DraftKings,2026-09-04T18:55:34Z,2026-09-04T23:10Z,2026-09-04 00:00:00,CLE,DET,-143,119,0.5630832299476779,ok,824387,provider_map,odds_c982fb60fbba,intraday
401816803,DraftKings,2026-09-04T18:55:34Z,2026-09-04T23:10Z,2026-09-04 00:00:00,NYM,SF,-193,158,0.6295547070574253,ok,823579,provider_map,odds_5ed3e9c0f10d,intraday
401816805,DraftKings,2026-09-04T18:55:34Z,2026-09-04T23:40Z,2026-09-04 00:00:00,CWS,MIN,-117,-103,0.5151837230488916,ok,824554,provider_map,odds_6a6d035bdab0,intraday
401816806,DraftKings,2026-09-04T18:55:34Z,2026-09-05T00:05Z,2026-09-04 00:00:00,TEX,TB,-115,-104,0.5120034919249236,ok,822852,provider_map,odds_09751877f58e,intraday
401816804,DraftKings,2026-09-04T18:55:34Z,2026-09-05T00:10Z,2026-09-04 00:00:00,HOU,AZ,-131,109,0.5423839616474178,ok,824146,provider_map,odds_486f9113a9dd,intraday
401816807,DraftKings,2026-09-04T18:55:34Z,2026-09-05T00:10Z,2026-09-04 00:00:00,KC,TOR,-119,-102,0.5183284457478006,ok,824067,provider_map,odds_9c6c11b176aa,intraday
401816808,DraftKings,2026-09-04T18:55:34Z,2026-09-05T00:40Z,2026-09-04 00:00:00,COL,STL,105,-127,0.4657843439006873,ok,824311,provider_map,odds_fb9acaa18ac0,intraday
401816810,DraftKings,2026-09-04T18:55:34Z,2026-09-05T01:40Z,2026-09-04 00:00:00,SD,NYY,-102,-118,0.4826358742837298,ok,823256,provider_map,odds_d1f137736c41,intraday
401816809,DraftKings,2026-09-04T18:55:34Z,2026-09-05T02:10Z,2026-09-04 00:00:00,SEA,ATH,-229,186,0.6656300180905339,ok,823093,provider_map,odds_1f165ac113f1,intraday
401816811,DraftKings,2026-09-04T18:55:34Z,2026-09-05T02:10Z,2026-09-04 00:00:00,LAD,WSH,-300,239,0.7177134791813692,ok,823905,provider_map,odds_1750dfdb38f2,intraday
401877193,DraftKings,2026-09-04T21:02:37Z,2026-09-04T18:10Z,2026-09-04 00:00:00,CLE,DET,-130,108,0.5403677058353318,post_start,824424,provider_map,odds_78df8ef0e41e,intraday
401816802,DraftKings,2026-09-04T21:02:37Z,2026-09-04T22:10Z,2026-09-04 00:00:00,CIN,MIL,130,-157,0.4157903251900987,ok,824471,provider_map,odds_6957e6559f43,intraday
401816797,DraftKings,2026-09-04T21:02:37Z,2026-09-04T22:40Z,2026-09-04 00:00:00,PIT,LAA,-198,163,0.6360260888682611,ok,823338,provider_map,odds_fca0fd89fd19,intraday
401816798,DraftKings,2026-09-04T21:02:37Z,2026-09-04T22:40Z,2026-09-04 00:00:00,PHI,ATL,-114,-106,0.5086640097036909,ok,823418,provider_map,odds_5f2e76d5e6f8,intraday
401816799,DraftKings,2026-09-04T21:02:37Z,2026-09-04T23:05Z,2026-09-04 00:00:00,BAL,BOS,-102,-118,0.4826358742837298,ok,824797,provider_map,odds_ec42b34d72bc,intraday
401816800,DraftKings,2026-09-04T21:02:37Z,2026-09-04T23:10Z,2026-09-04 00:00:00,MIA,CHC,133,-161,0.4102934934683162,ok,823824,provider_map,odds_2f8ee3ccc1d7,intraday
401816801,DraftKings,2026-09-04T21:02:37Z,2026-09-04T23:10Z,2026-09-04 00:00:00,CLE,DET,-143,119,0.5630832299476779,ok,824387,provider_map,odds_f138acf34ca5,intraday
401816803,DraftKings,2026-09-04T21:02:37Z,2026-09-04T23:10Z,2026-09-04 00:00:00,NYM,SF,-205,168,0.6430243445692884,ok,823579,provider_map,odds_432924cc6ff2,intraday
401816805,DraftKings,2026-09-04T21:02:37Z,2026-09-04T23:40Z,2026-09-04 00:00:00,CWS,MIN,-126,104,0.532129844319311,ok,824554,provider_map,odds_de02f63c79a0,intraday
401816806,DraftKings,2026-09-04T21:02:37Z,2026-09-05T00:05Z,2026-09-04 00:00:00,TEX,TB,-114,-105,0.5098167539267016,ok,822852,provider_map,odds_dad51259366d,intraday
401816804,DraftKings,2026-09-04T21:02:37Z,2026-09-05T00:10Z,2026-09-04 00:00:00,HOU,AZ,-131,109,0.5423839616474178,ok,824146,provider_map,odds_9629078983ca,intraday
401816807,DraftKings,2026-09-04T21:02:37Z,2026-09-05T00:10Z,2026-09-04 00:00:00,KC,TOR,-119,-102,0.5183284457478006,ok,824067,provider_map,odds_0efbef4339d1,intraday
401816808,DraftKings,2026-09-04T21:02:37Z,2026-09-05T00:40Z,2026-09-04 00:00:00,COL,STL,105,-127,0.4657843439006873,ok,824311,provider_map,odds_50ebe8c1119c,intraday
401816810,DraftKings,2026-09-04T21:02:37Z,2026-09-05T01:40Z,2026-09-04 00:00:00,SD,NYY,-103,-117,0.4848162769511084,ok,823256,provider_map,odds_41b1220378dc,intraday
401816809,DraftKings,2026-09-04T21:02:37Z,2026-09-05T02:10Z,2026-09-04 00:00:00,SEA,ATH,-229,186,0.6656300180905339,ok,823093,provider_map,odds_ba167456378c,intraday
401816811,DraftKings,2026-09-04T21:02:37Z,2026-09-05T02:10Z,2026-09-04 00:00:00,LAD,WSH,-300,239,0.7177134791813692,ok,823905,provider_map,odds_7a3b83e8761e,intraday
401877193,DraftKings,2026-09-04T23:02:36Z,2026-09-04T18:10Z,2026-09-04 00:00:00,CLE,DET,-130,108,0.5403677058353318,post_start,824424,provider_map,odds_53b32bcc40ba,intraday
401816802,DraftKings,2026-09-04T23:02:36Z,2026-09-04T22:10Z,2026-09-04 00:00:00,CIN,MIL,128,-155,0.4191321499013807,post_start,824471,provider_map,odds_1ac249fa2204,intraday
401816797,DraftKings,2026-09-04T23:02:36Z,2026-09-04T22:40Z,2026-09-04 00:00:00,PIT,LAA,-198,163,0.6360260888682611,post_start,823338,provider_map,odds_01b55c87f651,intraday
401816798,DraftKings,2026-09-04T23:02:36Z,2026-09-04T22:40Z,2026-09-04 00:00:00,PHI,ATL,-123,102,0.5270012302210156,post_start,823418,provider_map,odds_6dafc2720c29,intraday
401816799,DraftKings,2026-09-04T23:02:36Z,2026-09-04T23:05Z,2026-09-04 00:00:00,BAL,BOS,-102,-118,0.4826358742837298,ok,824797,provider_map,odds_00a3529bcc30,intraday
401816800,DraftKings,2026-09-04T23:02:36Z,2026-09-04T23:10Z,2026-09-04 00:00:00,MIA,CHC,133,-161,0.4102934934683162,ok,823824,provider_map,odds_8cc8dc099174,intraday
401816803,DraftKings,2026-09-04T23:02:36Z,2026-09-04T23:10Z,2026-09-04 00:00:00,NYM,SF,-205,168,0.6430243445692884,ok,823579,provider_map,odds_95446fb15735,intraday
401816805,DraftKings,2026-09-04T23:02:36Z,2026-09-04T23:40Z,2026-09-04 00:00:00,CWS,MIN,-126,104,0.532129844319311,ok,824554,provider_map,odds_0acb82285245,intraday
401816801,DraftKings,2026-09-04T23:02:36Z,2026-09-04T23:45Z,2026-09-04 00:00:00,CLE,DET,-155,128,0.5808678500986193,ok,824387,provider_map,odds_062d4755e820,intraday
401816806,DraftKings,2026-09-04T23:02:36Z,2026-09-05T00:05Z,2026-09-04 00:00:00,TEX,TB,-123,102,0.5270012302210156,ok,822852,provider_map,odds_3564ac74a132,intraday
401816804,DraftKings,2026-09-04T23:02:36Z,2026-09-05T00:10Z,2026-09-04 00:00:00,HOU,AZ,-131,109,0.5423839616474178,ok,824146,provider_map,odds_4bfe719c9e58,intraday
401816807,DraftKings,2026-09-04T23:02:36Z,2026-09-05T00:10Z,2026-09-04 00:00:00,KC,TOR,-119,-102,0.5183284457478006,ok,824067,provider_map,odds_929f0f27f3dc,intraday
401816808,DraftKings,2026-09-04T23:02:36Z,2026-09-05T00:40Z,2026-09-04 00:00:00,COL,STL,110,-133,0.4548116338083154,ok,824311,provider_map,odds_3ef715cf98de,intraday
401816810,DraftKings,2026-09-04T23:02:36Z,2026-09-05T01:40Z,2026-09-04 00:00:00,SD,NYY,-103,-117,0.4848162769511084,ok,823256,provider_map,odds_0b92ddf023a1,intraday
401816809,DraftKings,2026-09-04T23:02:36Z,2026-09-05T02:10Z,2026-09-04 00:00:00,SEA,ATH,-237,192,0.6725103008629402,ok,823093,provider_map,odds_a1d92f537316,intraday
401816811,DraftKings,2026-09-04T23:02:36Z,2026-09-05T02:10Z,2026-09-04 00:00:00,LAD,WSH,-280,224,0.7047855811062772,ok,823905,provider_map,odds_03460b19952d,intraday
401877193,DraftKings,2026-09-05T00:56:13Z,2026-09-04T18:10Z,2026-09-04 00:00:00,CLE,DET,-130,108,0.5403677058353318,post_start,824424,provider_map,odds_ed7e228d7850,intraday
401816802,DraftKings,2026-09-05T00:56:13Z,2026-09-04T22:10Z,2026-09-04 00:00:00,CIN,MIL,128,-155,0.4191321499013807,post_start,824471,provider_map,odds_44742fe73c17,intraday
401816797,DraftKings,2026-09-05T00:56:13Z,2026-09-04T22:40Z,2026-09-04 00:00:00,PIT,LAA,-198,163,0.6360260888682611,post_start,823338,provider_map,odds_581625337282,intraday
401816798,DraftKings,2026-09-05T00:56:13Z,2026-09-04T22:40Z,2026-09-04 00:00:00,PHI,ATL,-123,102,0.5270012302210156,post_start,823418,provider_map,odds_b9a3764d8172,intraday
401816799,DraftKings,2026-09-05T00:56:13Z,2026-09-04T23:05Z,2026-09-04 00:00:00,BAL,BOS,-102,-118,0.4826358742837298,post_start,824797,provider_map,odds_bea4a057ef47,intraday
401816800,DraftKings,2026-09-05T00:56:13Z,2026-09-04T23:10Z,2026-09-04 00:00:00,MIA,CHC,133,-161,0.4102934934683162,post_start,823824,provider_map,odds_ecdb79c596d6,intraday
401816803,DraftKings,2026-09-05T00:56:13Z,2026-09-04T23:10Z,2026-09-04 00:00:00,NYM,SF,-205,168,0.6430243445692884,post_start,823579,provider_map,odds_b71a9fa64005,intraday
401816805,DraftKings,2026-09-05T00:56:13Z,2026-09-04T23:40Z,2026-09-04 00:00:00,CWS,MIN,-131,109,0.5423839616474178,post_start,824554,provider_map,odds_8031e63fcfd9,intraday
401816801,DraftKings,2026-09-05T00:56:13Z,2026-09-04T23:45Z,2026-09-04 00:00:00,CLE,DET,-161,133,0.5897065065316837,post_start,824387,provider_map,odds_03b2935c3895,intraday
401816806,DraftKings,2026-09-05T00:56:13Z,2026-09-05T00:05Z,2026-09-04 00:00:00,TEX,TB,-120,100,0.5217391304347826,post_start,822852,provider_map,odds_400442b542e5,intraday
401816804,DraftKings,2026-09-05T00:56:13Z,2026-09-05T00:10Z,2026-09-04 00:00:00,HOU,AZ,-131,109,0.5423839616474178,post_start,824146,provider_map,odds_be0b49a687c2,intraday
401816807,DraftKings,2026-09-05T00:56:13Z,2026-09-05T00:10Z,2026-09-04 00:00:00,KC,TOR,-119,-102,0.5183284457478006,post_start,824067,provider_map,odds_f4f66195a232,intraday
401816808,DraftKings,2026-09-05T00:56:13Z,2026-09-05T00:40Z,2026-09-04 00:00:00,COL,STL,110,-133,0.4548116338083154,post_start,824311,provider_map,odds_472a3550088a,intraday
401816810,DraftKings,2026-09-05T00:56:13Z,2026-09-05T01:40Z,2026-09-04 00:00:00,SD,NYY,-105,-114,0.4901832460732984,ok,823256,provider_map,odds_27645002223e,intraday
401816809,DraftKings,2026-09-05T00:56:13Z,2026-09-05T02:10Z,2026-09-04 00:00:00,SEA,ATH,-237,192,0.6725103008629402,ok,823093,provider_map,odds_b3aee0ac77b1,intraday
401816811,DraftKings,2026-09-05T00:56:13Z,2026-09-05T02:10Z,2026-09-04 00:00:00,LAD,WSH,-280,224,0.7047855811062772,ok,823905,provider_map,odds_c75ab0831f74,intraday
401877193,DraftKings,2026-09-05T04:26:49Z,2026-09-04T18:10Z,2026-09-04 00:00:00,CLE,DET,-130,108,0.5403677058353318,post_start,824424,provider_map,odds_0b3d18a04a9a,intraday
401816802,DraftKings,2026-09-05T04:26:49Z,2026-09-04T22:10Z,2026-09-04 00:00:00,CIN,MIL,128,-155,0.4191321499013807,post_start,824471,provider_map,odds_1c59ea73e2a9,intraday
401816797,DraftKings,2026-09-05T04:26:49Z,2026-09-04T22:40Z,2026-09-04 00:00:00,PIT,LAA,-198,163,0.6360260888682611,post_start,823338,provider_map,odds_c714fe4b5565,intraday
401816798,DraftKings,2026-09-05T04:26:49Z,2026-09-04T22:40Z,2026-09-04 00:00:00,PHI,ATL,-123,102,0.5270012302210156,post_start,823418,provider_map,odds_b0d8fcb40da7,intraday
401816799,DraftKings,2026-09-05T04:26:49Z,2026-09-04T23:05Z,2026-09-04 00:00:00,BAL,BOS,-102,-118,0.4826358742837298,post_start,824797,provider_map,odds_3d00b1aeab19,intraday
401816800,DraftKings,2026-09-05T04:26:49Z,2026-09-04T23:10Z,2026-09-04 00:00:00,MIA,CHC,133,-161,0.4102934934683162,post_start,823824,provider_map,odds_f6cc62d591ba,intraday
401816803,DraftKings,2026-09-05T04:26:49Z,2026-09-04T23:10Z,2026-09-04 00:00:00,NYM,SF,-205,168,0.6430243445692884,post_start,823579,provider_map,odds_d212f694e90f,intraday
401816805,DraftKings,2026-09-05T04:26:49Z,2026-09-04T23:40Z,2026-09-04 00:00:00,CWS,MIN,-131,109,0.5423839616474178,post_start,824554,provider_map,odds_65fb643bb4a7,intraday
401816801,DraftKings,2026-09-05T04:26:49Z,2026-09-04T23:45Z,2026-09-04 00:00:00,CLE,DET,-161,133,0.5897065065316837,post_start,824387,provider_map,odds_c303561e42f5,intraday
401816806,DraftKings,2026-09-05T04:26:49Z,2026-09-05T00:05Z,2026-09-04 00:00:00,TEX,TB,-120,100,0.5217391304347826,post_start,822852,provider_map,odds_5a9a7c169020,intraday
401816804,DraftKings,2026-09-05T04:26:49Z,2026-09-05T00:10Z,2026-09-04 00:00:00,HOU,AZ,-131,109,0.5423839616474178,post_start,824146,provider_map,odds_7f1d372afbb4,intraday
401816807,DraftKings,2026-09-05T04:26:49Z,2026-09-05T00:10Z,2026-09-04 00:00:00,KC,TOR,-119,-102,0.5183284457478006,post_start,824067,provider_map,odds_99f5d7a1e727,intraday
401816808,DraftKings,2026-09-05T04:26:49Z,2026-09-05T00:40Z,2026-09-04 00:00:00,COL,STL,110,-133,0.4548116338083154,post_start,824311,provider_map,odds_5e90001f997d,intraday
401816810,DraftKings,2026-09-05T04:26:49Z,2026-09-05T01:40Z,2026-09-04 00:00:00,SD,NYY,-105,-114,0.4901832460732984,post_start,823256,provider_map,odds_701509247e53,intraday
401816809,DraftKings,2026-09-05T04:26:49Z,2026-09-05T02:10Z,2026-09-04 00:00:00,SEA,ATH,-250,202,0.6832579185520362,post_start,823093,provider_map,odds_263b0983b00f,intraday
401816811,DraftKings,2026-09-05T04:26:49Z,2026-09-05T02:10Z,2026-09-04 00:00:00,LAD,WSH,-280,224,0.7047855811062772,post_start,823905,provider_map,odds_50f8adc8e83c,intraday
401816815,DraftKings,2026-09-05T13:35:44Z,2026-09-05T20:10Z,2026-09-05 00:00:00,MIA,CHC,114,-137,0.4470179938888678,ok,823823,unique_matchup,odds_ebad2a2839a4,morning
401816818,DraftKings,2026-09-05T13:35:44Z,2026-09-05T20:10Z,2026-09-05 00:00:00,NYM,SF,-186,153,0.6219831346321605,ok,823577,unique_matchup,odds_8e311f72d5a4,morning
401816813,DraftKings,2026-09-05T13:35:44Z,2026-09-05T22:05Z,2026-09-05 00:00:00,PHI,ATL,-163,135,0.592910765420633,ok,823419,unique_matchup,odds_b95d461d67da,morning
401816816,DraftKings,2026-09-05T13:35:44Z,2026-09-05T22:10Z,2026-09-05 00:00:00,CLE,DET,-157,130,0.5842096748099014,ok,824389,unique_matchup,odds_95ba799cfef2,morning
401816812,DraftKings,2026-09-05T13:35:44Z,2026-09-05T22:40Z,2026-09-05 00:00:00,PIT,LAA,-186,153,0.6219831346321605,ok,823335,unique_matchup,odds_5d63cae57cef,morning
401816817,DraftKings,2026-09-05T13:35:44Z,2026-09-05T22:40Z,2026-09-05 00:00:00,CIN,MIL,130,-157,0.4157903251900987,ok,824468,unique_matchup,odds_57c090b2ef57,morning
401816814,DraftKings,2026-09-05T13:35:44Z,2026-09-05T23:05Z,2026-09-05 00:00:00,BAL,BOS,123,-149,0.4283723570801864,ok,824795,unique_matchup,odds_7baf63650602,morning
401816821,DraftKings,2026-09-05T13:35:44Z,2026-09-05T23:05Z,2026-09-05 00:00:00,TEX,TB,-108,-111,0.4967303165053623,ok,822850,unique_matchup,odds_bdba682c76b7,morning
401816820,DraftKings,2026-09-05T13:35:44Z,2026-09-05T23:10Z,2026-09-05 00:00:00,CWS,MIN,-122,101,0.524849107486837,ok,824553,unique_matchup,odds_9290150ed5e7,morning
401816822,DraftKings,2026-09-05T13:35:44Z,2026-09-05T23:10Z,2026-09-05 00:00:00,KC,TOR,-114,-105,0.5098167539267016,ok,824066,unique_matchup,odds_2fa5f7728575,morning
401816819,DraftKings,2026-09-05T13:35:44Z,2026-09-05T23:15Z,2026-09-05 00:00:00,HOU,AZ,-112,-108,0.5043297540699688,ok,824145,unique_matchup,odds_410a3718f7a4,morning
401816825,DraftKings,2026-09-05T13:35:44Z,2026-09-05T23:15Z,2026-09-05 00:00:00,SD,NYY,-113,-106,0.50763258897418,ok,823257,unique_matchup,odds_c54479322592,morning
401816823,DraftKings,2026-09-05T13:35:44Z,2026-09-06T00:10Z,2026-09-05 00:00:00,COL,STL,104,-126,0.4678701556806889,ok,824310,unique_matchup,odds_3c5728c3d373,morning
401816826,DraftKings,2026-09-05T13:35:44Z,2026-09-06T01:10Z,2026-09-05 00:00:00,LAD,WSH,-231,187,0.6669919615280139,ok,823904,unique_matchup,odds_e7b7637f8eb1,morning
401816824,DraftKings,2026-09-05T13:35:44Z,2026-09-06T01:40Z,2026-09-05 00:00:00,SEA,ATH,-250,202,0.6832579185520362,ok,823094,unique_matchup,odds_65f0b9a7fa7c,morning
401816815,DraftKings,2026-09-05T17:19:48Z,2026-09-05T20:10Z,2026-09-05 00:00:00,MIA,CHC,104,-126,0.4678701556806889,ok,823823,provider_map,odds_06857bb7d294,intraday
401816818,DraftKings,2026-09-05T17:19:48Z,2026-09-05T20:10Z,2026-09-05 00:00:00,NYM,SF,-167,138,0.5981699425097071,ok,823577,provider_map,odds_dbaf3426dc9e,intraday
401816813,DraftKings,2026-09-05T17:19:48Z,2026-09-05T22:05Z,2026-09-05 00:00:00,PHI,ATL,-163,135,0.592910765420633,ok,823419,provider_map,odds_d8e18c15b188,intraday
401816816,DraftKings,2026-09-05T17:19:48Z,2026-09-05T22:10Z,2026-09-05 00:00:00,CLE,DET,-162,134,0.5913146565171273,ok,824389,provider_map,odds_286bba0c27f6,intraday
401816812,DraftKings,2026-09-05T17:19:48Z,2026-09-05T22:40Z,2026-09-05 00:00:00,PIT,LAA,-191,157,0.62781536572576,ok,823335,provider_map,odds_cd2f5fbbbe34,intraday
401816817,DraftKings,2026-09-05T17:19:48Z,2026-09-05T22:40Z,2026-09-05 00:00:00,CIN,MIL,130,-157,0.4157903251900987,ok,824468,provider_map,odds_4a67aca842b0,intraday
401816814,DraftKings,2026-09-05T17:19:48Z,2026-09-05T23:05Z,2026-09-05 00:00:00,BAL,BOS,108,-130,0.4596322941646683,ok,824795,provider_map,odds_3d65e5e4aa31,intraday
401816821,DraftKings,2026-09-05T17:19:48Z,2026-09-05T23:05Z,2026-09-05 00:00:00,TEX,TB,-110,-110,0.5,ok,822850,provider_map,odds_3cec3eba6b97,intraday
401816820,DraftKings,2026-09-05T17:19:48Z,2026-09-05T23:10Z,2026-09-05 00:00:00,CWS,MIN,-123,102,0.5270012302210156,ok,824553,provider_map,odds_86a8d574d003,intraday
401816822,DraftKings,2026-09-05T17:19:48Z,2026-09-05T23:10Z,2026-09-05 00:00:00,KC,TOR,-110,-110,0.5,ok,824066,provider_map,odds_7f1569fc94f2,intraday
401816819,DraftKings,2026-09-05T17:19:48Z,2026-09-05T23:15Z,2026-09-05 00:00:00,HOU,AZ,-112,-108,0.5043297540699688,ok,824145,provider_map,odds_fd553e9e1a9b,intraday
401816825,DraftKings,2026-09-05T17:19:48Z,2026-09-05T23:15Z,2026-09-05 00:00:00,SD,NYY,-131,109,0.5423839616474178,ok,823257,provider_map,odds_622fe0eae34a,intraday
401816823,DraftKings,2026-09-05T17:19:48Z,2026-09-06T00:10Z,2026-09-05 00:00:00,COL,STL,104,-126,0.4678701556806889,ok,824310,provider_map,odds_0538af9ee703,intraday
401816826,DraftKings,2026-09-05T17:19:48Z,2026-09-06T01:10Z,2026-09-05 00:00:00,LAD,WSH,-225,183,0.6620743436443982,ok,823904,provider_map,odds_a62b78b65bad,intraday
401816824,DraftKings,2026-09-05T17:19:48Z,2026-09-06T01:40Z,2026-09-05 00:00:00,SEA,ATH,-249,201,0.6822911451173884,ok,823094,provider_map,odds_881187738546,intraday
401816815,DraftKings,2026-09-05T19:29:34Z,2026-09-05T20:10Z,2026-09-05 00:00:00,MIA,CHC,104,-126,0.4678701556806889,ok,823823,provider_map,odds_74f90aa2d559,intraday
401816818,DraftKings,2026-09-05T19:29:34Z,2026-09-05T20:10Z,2026-09-05 00:00:00,NYM,SF,-167,138,0.5981699425097071,ok,823577,provider_map,odds_c796fd1fad75,intraday
401816813,DraftKings,2026-09-05T19:29:34Z,2026-09-05T22:05Z,2026-09-05 00:00:00,PHI,ATL,-166,137,0.5966152073033878,ok,823419,provider_map,odds_fcd2074ac7fb,intraday
401816816,DraftKings,2026-09-05T19:29:34Z,2026-09-05T22:10Z,2026-09-05 00:00:00,CLE,DET,-164,136,0.5944949619071024,ok,824389,provider_map,odds_332599cbc223,intraday
401816812,DraftKings,2026-09-05T19:29:34Z,2026-09-05T22:40Z,2026-09-05 00:00:00,PIT,LAA,-191,157,0.62781536572576,ok,823335,provider_map,odds_83c586faabf2,intraday
401816817,DraftKings,2026-09-05T19:29:34Z,2026-09-05T22:40Z,2026-09-05 00:00:00,CIN,MIL,130,-157,0.4157903251900987,ok,824468,provider_map,odds_1938ceab37a1,intraday
401816814,DraftKings,2026-09-05T19:29:34Z,2026-09-05T23:05Z,2026-09-05 00:00:00,BAL,BOS,104,-126,0.4678701556806889,ok,824795,provider_map,odds_4fec02a430f8,intraday
401816821,DraftKings,2026-09-05T19:29:34Z,2026-09-05T23:05Z,2026-09-05 00:00:00,TEX,TB,-111,-108,0.5032696834946377,ok,822850,provider_map,odds_a08442c5ca60,intraday
401816820,DraftKings,2026-09-05T19:29:34Z,2026-09-05T23:10Z,2026-09-05 00:00:00,CWS,MIN,-123,102,0.5270012302210156,ok,824553,provider_map,odds_c8b80a39d623,intraday
401816822,DraftKings,2026-09-05T19:29:34Z,2026-09-05T23:10Z,2026-09-05 00:00:00,KC,TOR,-110,-110,0.5,ok,824066,provider_map,odds_94cef8014d55,intraday
401816819,DraftKings,2026-09-05T19:29:34Z,2026-09-05T23:15Z,2026-09-05 00:00:00,HOU,AZ,-112,-108,0.5043297540699688,ok,824145,provider_map,odds_6e430b6d0bf8,intraday
401816825,DraftKings,2026-09-05T19:29:34Z,2026-09-05T23:15Z,2026-09-05 00:00:00,SD,NYY,-131,109,0.5423839616474178,ok,823257,provider_map,odds_df489f9e69cd,intraday
401816823,DraftKings,2026-09-05T19:29:34Z,2026-09-06T00:10Z,2026-09-05 00:00:00,COL,STL,104,-126,0.4678701556806889,ok,824310,provider_map,odds_343d46496564,intraday
401816826,DraftKings,2026-09-05T19:29:34Z,2026-09-06T01:10Z,2026-09-05 00:00:00,LAD,WSH,-225,183,0.6620743436443982,ok,823904,provider_map,odds_7be1c3c8ddd1,intraday
401816824,DraftKings,2026-09-05T19:29:34Z,2026-09-06T01:40Z,2026-09-05 00:00:00,SEA,ATH,-249,201,0.6822911451173884,ok,823094,provider_map,odds_fdbfd5c4f72c,intraday
401816815,DraftKings,2026-09-05T21:42:13Z,2026-09-05T20:10Z,2026-09-05 00:00:00,MIA,CHC,105,-126,0.466652901094363,post_start,823823,provider_map,odds_edae5dc5a122,intraday
401816818,DraftKings,2026-09-05T21:42:13Z,2026-09-05T20:10Z,2026-09-05 00:00:00,NYM,SF,-171,141,0.6032849760653483,post_start,823577,provider_map,odds_590194d6ef1f,intraday
401816813,DraftKings,2026-09-05T21:42:13Z,2026-09-05T22:05Z,2026-09-05 00:00:00,PHI,ATL,-166,137,0.5966152073033878,ok,823419,provider_map,odds_dcb24c5ea26c,intraday
401816816,DraftKings,2026-09-05T21:42:13Z,2026-09-05T22:10Z,2026-09-05 00:00:00,CLE,DET,-163,134,0.5918810713509823,ok,824389,provider_map,odds_315ba27c1c36,intraday
401816812,DraftKings,2026-09-05T21:42:13Z,2026-09-05T22:40Z,2026-09-05 00:00:00,PIT,LAA,-187,153,0.6224230703450817,ok,823335,provider_map,odds_94809eae6290,intraday
401816817,DraftKings,2026-09-05T21:42:13Z,2026-09-05T22:40Z,2026-09-05 00:00:00,CIN,MIL,129,-156,0.4174548300828387,ok,824468,provider_map,odds_26790984cfca,intraday
401816814,DraftKings,2026-09-05T21:42:13Z,2026-09-05T23:05Z,2026-09-05 00:00:00,BAL,BOS,105,-126,0.466652901094363,ok,824795,provider_map,odds_606956b3a0e4,intraday
401816821,DraftKings,2026-09-05T21:42:13Z,2026-09-05T23:05Z,2026-09-05 00:00:00,TEX,TB,-112,-107,0.5054504229528212,ok,822850,provider_map,odds_7f21f81d264f,intraday
401816820,DraftKings,2026-09-05T21:42:13Z,2026-09-05T23:10Z,2026-09-05 00:00:00,CWS,MIN,-126,104,0.532129844319311,ok,824553,provider_map,odds_1fbb1ab66d8e,intraday
401816822,DraftKings,2026-09-05T21:42:13Z,2026-09-05T23:10Z,2026-09-05 00:00:00,KC,TOR,-108,-111,0.4967303165053623,ok,824066,provider_map,odds_447ddcf9a873,intraday
401816819,DraftKings,2026-09-05T21:42:13Z,2026-09-05T23:15Z,2026-09-05 00:00:00,HOU,AZ,-108,-112,0.4956702459300312,ok,824145,provider_map,odds_0b5938466a80,intraday
401816825,DraftKings,2026-09-05T21:42:13Z,2026-09-05T23:15Z,2026-09-05 00:00:00,SD,NYY,-126,105,0.533347098905637,ok,823257,provider_map,odds_88be9429d666,intraday
401816823,DraftKings,2026-09-05T21:42:13Z,2026-09-06T00:10Z,2026-09-05 00:00:00,COL,STL,104,-126,0.4678701556806889,ok,824310,provider_map,odds_54218478126b,intraday
401816826,DraftKings,2026-09-05T21:42:13Z,2026-09-06T01:10Z,2026-09-05 00:00:00,LAD,WSH,-218,177,0.6550452346343263,ok,823904,provider_map,odds_08bd527e5e8c,intraday
401816824,DraftKings,2026-09-05T21:42:13Z,2026-09-06T01:40Z,2026-09-05 00:00:00,SEA,ATH,-245,198,0.6790996186401266,ok,823094,provider_map,odds_215ba2a2e09d,intraday
401816815,DraftKings,2026-09-05T23:17:34Z,2026-09-05T20:10Z,2026-09-05 00:00:00,MIA,CHC,105,-126,0.466652901094363,post_start,823823,provider_map,odds_1a7d5fe49a45,intraday
401816818,DraftKings,2026-09-05T23:17:34Z,2026-09-05T20:10Z,2026-09-05 00:00:00,NYM,SF,-171,141,0.6032849760653483,post_start,823577,provider_map,odds_f845368f90a6,intraday
401816813,DraftKings,2026-09-05T23:17:34Z,2026-09-05T22:05Z,2026-09-05 00:00:00,PHI,ATL,-166,137,0.5966152073033878,post_start,823419,provider_map,odds_02f6005481ee,intraday
401816816,DraftKings,2026-09-05T23:17:34Z,2026-09-05T22:10Z,2026-09-05 00:00:00,CLE,DET,-163,134,0.5918810713509823,post_start,824389,provider_map,odds_12168f90327e,intraday
401816812,DraftKings,2026-09-05T23:17:34Z,2026-09-05T22:40Z,2026-09-05 00:00:00,PIT,LAA,-188,154,0.6237851395130107,post_start,823335,provider_map,odds_b079d3136436,intraday
401816817,DraftKings,2026-09-05T23:17:34Z,2026-09-05T22:40Z,2026-09-05 00:00:00,CIN,MIL,129,-156,0.4174548300828387,post_start,824468,provider_map,odds_813b89adcdd7,intraday
401816814,DraftKings,2026-09-05T23:17:34Z,2026-09-05T23:05Z,2026-09-05 00:00:00,BAL,BOS,105,-126,0.466652901094363,post_start,824795,provider_map,odds_2c14a72d0cfa,intraday
401816821,DraftKings,2026-09-05T23:17:34Z,2026-09-05T23:05Z,2026-09-05 00:00:00,TEX,TB,-112,-107,0.5054504229528212,post_start,822850,provider_map,odds_874220d4bde7,intraday
401816820,DraftKings,2026-09-05T23:17:34Z,2026-09-05T23:10Z,2026-09-05 00:00:00,CWS,MIN,-126,104,0.532129844319311,post_start,824553,provider_map,odds_881dec774138,intraday
401816822,DraftKings,2026-09-05T23:17:34Z,2026-09-05T23:10Z,2026-09-05 00:00:00,KC,TOR,-108,-111,0.4967303165053623,post_start,824066,provider_map,odds_28bdb26677aa,intraday
401816819,DraftKings,2026-09-05T23:17:34Z,2026-09-05T23:15Z,2026-09-05 00:00:00,HOU,AZ,-106,-113,0.4923674110258199,post_start,824145,provider_map,odds_cea3da90d1c9,intraday
401816825,DraftKings,2026-09-05T23:17:34Z,2026-09-05T23:15Z,2026-09-05 00:00:00,SD,NYY,-126,105,0.533347098905637,post_start,823257,provider_map,odds_4eef3887108a,intraday
401816823,DraftKings,2026-09-05T23:17:34Z,2026-09-06T00:10Z,2026-09-05 00:00:00,COL,STL,104,-126,0.4678701556806889,ok,824310,provider_map,odds_9c27fb2ab4c9,intraday
401816826,DraftKings,2026-09-05T23:17:34Z,2026-09-06T01:10Z,2026-09-05 00:00:00,LAD,WSH,-211,172,0.6485558016543868,ok,823904,provider_map,odds_a97cc212148e,intraday
401816824,DraftKings,2026-09-05T23:17:34Z,2026-09-06T01:40Z,2026-09-05 00:00:00,SEA,ATH,-245,198,0.6790996186401266,ok,823094,provider_map,odds_66ff2532b636,intraday
401816815,DraftKings,2026-09-06T01:01:19Z,2026-09-05T20:10Z,2026-09-05 00:00:00,MIA,CHC,105,-126,0.466652901094363,post_start,823823,provider_map,odds_1c5c4a9ba751,intraday
401816818,DraftKings,2026-09-06T01:01:19Z,2026-09-05T20:10Z,2026-09-05 00:00:00,NYM,SF,-171,141,0.6032849760653483,post_start,823577,provider_map,odds_18f8cf67e82a,intraday
401816813,DraftKings,2026-09-06T01:01:19Z,2026-09-05T22:05Z,2026-09-05 00:00:00,PHI,ATL,-166,137,0.5966152073033878,post_start,823419,provider_map,odds_d7f00fd661ab,intraday
401816816,DraftKings,2026-09-06T01:01:19Z,2026-09-05T22:10Z,2026-09-05 00:00:00,CLE,DET,-163,134,0.5918810713509823,post_start,824389,provider_map,odds_fcbb1fde5d86,intraday
401816812,DraftKings,2026-09-06T01:01:19Z,2026-09-05T22:40Z,2026-09-05 00:00:00,PIT,LAA,-188,154,0.6237851395130107,post_start,823335,provider_map,odds_d60e5cd62bf2,intraday
401816817,DraftKings,2026-09-06T01:01:19Z,2026-09-05T22:40Z,2026-09-05 00:00:00,CIN,MIL,129,-156,0.4174548300828387,post_start,824468,provider_map,odds_9efdf6769910,intraday
401816814,DraftKings,2026-09-06T01:01:19Z,2026-09-05T23:05Z,2026-09-05 00:00:00,BAL,BOS,105,-126,0.466652901094363,post_start,824795,provider_map,odds_bc76104c2ae6,intraday
401816821,DraftKings,2026-09-06T01:01:19Z,2026-09-05T23:05Z,2026-09-05 00:00:00,TEX,TB,-112,-107,0.5054504229528212,post_start,822850,provider_map,odds_1c5861d1ea9d,intraday
401816820,DraftKings,2026-09-06T01:01:19Z,2026-09-05T23:10Z,2026-09-05 00:00:00,CWS,MIN,-126,104,0.532129844319311,post_start,824553,provider_map,odds_99f7b2ccfcd4,intraday
401816822,DraftKings,2026-09-06T01:01:19Z,2026-09-05T23:10Z,2026-09-05 00:00:00,KC,TOR,-108,-111,0.4967303165053623,post_start,824066,provider_map,odds_907c0134d6f5,intraday
401816819,DraftKings,2026-09-06T01:01:19Z,2026-09-05T23:15Z,2026-09-05 00:00:00,HOU,AZ,-106,-113,0.4923674110258199,post_start,824145,provider_map,odds_491bdfc15646,intraday
401816825,DraftKings,2026-09-06T01:01:19Z,2026-09-05T23:15Z,2026-09-05 00:00:00,SD,NYY,-126,105,0.533347098905637,post_start,823257,provider_map,odds_b631731d47ce,intraday
401816823,DraftKings,2026-09-06T01:01:19Z,2026-09-06T00:10Z,2026-09-05 00:00:00,COL,STL,108,-130,0.4596322941646683,post_start,824310,provider_map,odds_efed4f5b9c9e,intraday
401816826,DraftKings,2026-09-06T01:01:19Z,2026-09-06T01:10Z,2026-09-05 00:00:00,LAD,WSH,-187,153,0.6224230703450817,ok,823904,provider_map,odds_ef5ea3b25fd6,intraday
401816824,DraftKings,2026-09-06T01:01:19Z,2026-09-06T01:40Z,2026-09-05 00:00:00,SEA,ATH,-245,198,0.6790996186401266,ok,823094,provider_map,odds_062fbfa307c8,intraday
401816815,DraftKings,2026-09-06T04:37:13Z,2026-09-05T20:10Z,2026-09-05 00:00:00,MIA,CHC,105,-126,0.466652901094363,post_start,823823,provider_map,odds_966fb310af08,intraday
401816818,DraftKings,2026-09-06T04:37:13Z,2026-09-05T20:10Z,2026-09-05 00:00:00,NYM,SF,-171,141,0.6032849760653483,post_start,823577,provider_map,odds_eeb1443872b2,intraday
401816813,DraftKings,2026-09-06T04:37:13Z,2026-09-05T22:05Z,2026-09-05 00:00:00,PHI,ATL,-166,137,0.5966152073033878,post_start,823419,provider_map,odds_58a1e754f810,intraday
401816816,DraftKings,2026-09-06T04:37:13Z,2026-09-05T22:10Z,2026-09-05 00:00:00,CLE,DET,-163,134,0.5918810713509823,post_start,824389,provider_map,odds_a4b018b4b9be,intraday
401816812,DraftKings,2026-09-06T04:37:13Z,2026-09-05T22:40Z,2026-09-05 00:00:00,PIT,LAA,-188,154,0.6237851395130107,post_start,823335,provider_map,odds_e662acca0ec3,intraday
401816817,DraftKings,2026-09-06T04:37:13Z,2026-09-05T22:40Z,2026-09-05 00:00:00,CIN,MIL,129,-156,0.4174548300828387,post_start,824468,provider_map,odds_5aea0cd40de7,intraday
401816814,DraftKings,2026-09-06T04:37:13Z,2026-09-05T23:05Z,2026-09-05 00:00:00,BAL,BOS,105,-126,0.466652901094363,post_start,824795,provider_map,odds_031095b9213b,intraday
401816821,DraftKings,2026-09-06T04:37:13Z,2026-09-05T23:05Z,2026-09-05 00:00:00,TEX,TB,-112,-107,0.5054504229528212,post_start,822850,provider_map,odds_370fbd9b12b7,intraday
401816820,DraftKings,2026-09-06T04:37:13Z,2026-09-05T23:10Z,2026-09-05 00:00:00,CWS,MIN,-126,104,0.532129844319311,post_start,824553,provider_map,odds_52bb3c21943d,intraday
401816822,DraftKings,2026-09-06T04:37:13Z,2026-09-05T23:10Z,2026-09-05 00:00:00,KC,TOR,-108,-111,0.4967303165053623,post_start,824066,provider_map,odds_b79dd302248a,intraday
401816819,DraftKings,2026-09-06T04:37:13Z,2026-09-05T23:15Z,2026-09-05 00:00:00,HOU,AZ,-106,-113,0.4923674110258199,post_start,824145,provider_map,odds_3643945b0579,intraday
401816825,DraftKings,2026-09-06T04:37:13Z,2026-09-05T23:15Z,2026-09-05 00:00:00,SD,NYY,-126,105,0.533347098905637,post_start,823257,provider_map,odds_91c86c0cf959,intraday
401816823,DraftKings,2026-09-06T04:37:13Z,2026-09-06T00:10Z,2026-09-05 00:00:00,COL,STL,108,-130,0.4596322941646683,post_start,824310,provider_map,odds_3ddf95bccad0,intraday
401816826,DraftKings,2026-09-06T04:37:13Z,2026-09-06T01:10Z,2026-09-05 00:00:00,LAD,WSH,-188,154,0.6237851395130107,post_start,823904,provider_map,odds_195c25d0618f,intraday
401816824,DraftKings,2026-09-06T04:37:13Z,2026-09-06T01:40Z,2026-09-05 00:00:00,SEA,ATH,-249,201,0.6822911451173884,post_start,823094,provider_map,odds_1b173824c8fd,intraday
401816832,DraftKings,2026-09-06T13:50:38Z,2026-09-06T16:10Z,2026-09-06 00:00:00,CIN,MIL,123,-149,0.4283723570801864,ok,824469,unique_matchup,odds_dd18038d9a66,morning
401816828,DraftKings,2026-09-06T13:50:38Z,2026-09-06T17:10Z,2026-09-06 00:00:00,PHI,ATL,-110,-110,0.5,ok,823417,unique_matchup,odds_4506bfb45b5c,morning
401816827,DraftKings,2026-09-06T13:50:38Z,2026-09-06T17:35Z,2026-09-06 00:00:00,PIT,LAA,-204,167,0.6417966724796154,ok,823336,unique_matchup,odds_d261bc0e8ca8,morning
401816829,DraftKings,2026-09-06T13:50:38Z,2026-09-06T17:35Z,2026-09-06 00:00:00,BAL,BOS,119,-144,0.4362128146453089,ok,824794,unique_matchup,odds_f92170d6fd88,morning
401816830,DraftKings,2026-09-06T13:50:38Z,2026-09-06T17:40Z,2026-09-06 00:00:00,MIA,CHC,124,-150,0.4266211604095563,ok,823822,unique_matchup,odds_d247ff413ae8,morning
401816831,DraftKings,2026-09-06T13:50:38Z,2026-09-06T17:40Z,2026-09-06 00:00:00,CLE,DET,-173,143,0.6062821788603816,ok,824385,unique_matchup,odds_66190853ebb1,morning
401816833,DraftKings,2026-09-06T13:50:38Z,2026-09-06T17:40Z,2026-09-06 00:00:00,NYM,SF,-157,130,0.5842096748099014,ok,823578,unique_matchup,odds_d5a2aee7265b,morning
401816834,DraftKings,2026-09-06T13:50:38Z,2026-09-06T18:10Z,2026-09-06 00:00:00,HOU,AZ,-112,-108,0.5043297540699688,ok,824142,unique_matchup,odds_0e41269abd1c,morning
401816837,DraftKings,2026-09-06T13:50:38Z,2026-09-06T18:10Z,2026-09-06 00:00:00,KC,TOR,101,-122,0.4751508925131629,ok,824065,unique_matchup,odds_c045d81d2f3b,morning
401816836,DraftKings,2026-09-06T13:50:38Z,2026-09-06T18:35Z,2026-09-06 00:00:00,TEX,TB,-111,-108,0.5032696834946377,ok,822848,unique_matchup,odds_672f3e66c1d4,morning
401816838,DraftKings,2026-09-06T13:50:38Z,2026-09-06T19:10Z,2026-09-06 00:00:00,COL,STL,112,-135,0.4508825786646201,ok,824309,unique_matchup,odds_3368883c6304,morning
401816839,DraftKings,2026-09-06T13:50:38Z,2026-09-06T20:10Z,2026-09-06 00:00:00,SEA,ATH,-205,167,0.6421657769695547,ok,823091,unique_matchup,odds_a9a5ac772a64,morning
401816840,DraftKings,2026-09-06T13:50:38Z,2026-09-06T20:10Z,2026-09-06 00:00:00,SD,NYY,-103,-117,0.4848162769511084,ok,823253,unique_matchup,odds_6249efe3d0a0,morning
401816835,DraftKings,2026-09-06T13:50:38Z,2026-09-06T22:20Z,2026-09-06 00:00:00,CWS,MIN,-150,124,0.5733788395904437,ok,824552,unique_matchup,odds_47c140199308,morning
401816841,DraftKings,2026-09-06T13:50:38Z,2026-09-07T02:10Z,2026-09-06 00:00:00,LAD,WSH,-217,177,0.654717947042229,ok,823903,unique_matchup,odds_cfabfdaf44c2,morning
401816832,DraftKings,2026-09-06T17:36:37Z,2026-09-06T16:10Z,2026-09-06 00:00:00,CIN,MIL,123,-149,0.4283723570801864,post_start,824469,provider_map,odds_723891f19454,intraday
401816828,DraftKings,2026-09-06T17:36:37Z,2026-09-06T17:10Z,2026-09-06 00:00:00,PHI,ATL,-112,-107,0.5054504229528212,post_start,823417,provider_map,odds_0f0a379882e4,intraday
401816827,DraftKings,2026-09-06T17:36:37Z,2026-09-06T17:35Z,2026-09-06 00:00:00,PIT,LAA,-179,147,0.6131072067449697,post_start,823336,provider_map,odds_8ad4ccefb068,intraday
401816829,DraftKings,2026-09-06T17:36:37Z,2026-09-06T17:35Z,2026-09-06 00:00:00,BAL,BOS,112,-135,0.4508825786646201,post_start,824794,provider_map,odds_f200fe50c490,intraday
401816830,DraftKings,2026-09-06T17:36:37Z,2026-09-06T17:40Z,2026-09-06 00:00:00,MIA,CHC,114,-137,0.4470179938888678,ok,823822,provider_map,odds_c33c8f47ba0a,intraday
401816831,DraftKings,2026-09-06T17:36:37Z,2026-09-06T17:40Z,2026-09-06 00:00:00,CLE,DET,-173,143,0.6062821788603816,ok,824385,provider_map,odds_703c2fabd5f9,intraday
401816833,DraftKings,2026-09-06T17:36:37Z,2026-09-06T17:40Z,2026-09-06 00:00:00,NYM,SF,-157,130,0.5842096748099014,ok,823578,provider_map,odds_d05cf4443dc8,intraday
401816834,DraftKings,2026-09-06T17:36:37Z,2026-09-06T18:10Z,2026-09-06 00:00:00,HOU,AZ,-115,-105,0.5108342361863488,ok,824142,provider_map,odds_1631a827a56a,intraday
401816837,DraftKings,2026-09-06T17:36:37Z,2026-09-06T18:10Z,2026-09-06 00:00:00,KC,TOR,102,-123,0.4729987697789844,ok,824065,provider_map,odds_5229200310ac,intraday
401816836,DraftKings,2026-09-06T17:36:37Z,2026-09-06T18:35Z,2026-09-06 00:00:00,TEX,TB,-108,-111,0.4967303165053623,ok,822848,provider_map,odds_8c6b6ed2deb2,intraday
401816838,DraftKings,2026-09-06T17:36:37Z,2026-09-06T19:10Z,2026-09-06 00:00:00,COL,STL,113,-136,0.448942322325369,ok,824309,provider_map,odds_6466976ab28b,intraday
401816839,DraftKings,2026-09-06T17:36:37Z,2026-09-06T20:10Z,2026-09-06 00:00:00,SEA,ATH,-205,167,0.6421657769695547,ok,823091,provider_map,odds_c5f72f64318e,intraday
401816840,DraftKings,2026-09-06T17:36:37Z,2026-09-06T20:10Z,2026-09-06 00:00:00,SD,NYY,-112,-108,0.5043297540699688,ok,823253,provider_map,odds_c38a73a4470e,intraday
401816835,DraftKings,2026-09-06T17:36:37Z,2026-09-06T22:20Z,2026-09-06 00:00:00,CWS,MIN,-150,124,0.5733788395904437,ok,824552,provider_map,odds_13fe3e9d3579,intraday
401816841,DraftKings,2026-09-06T17:36:37Z,2026-09-07T02:10Z,2026-09-06 00:00:00,LAD,WSH,-199,163,0.6364166980799397,ok,823903,provider_map,odds_01f27354bd56,intraday
401816832,DraftKings,2026-09-06T19:30:35Z,2026-09-06T16:10Z,2026-09-06 00:00:00,CIN,MIL,123,-149,0.4283723570801864,post_start,824469,provider_map,odds_9232ebacff93,intraday
401816828,DraftKings,2026-09-06T19:30:35Z,2026-09-06T17:10Z,2026-09-06 00:00:00,PHI,ATL,-112,-107,0.5054504229528212,post_start,823417,provider_map,odds_de3e86d93cef,intraday
401816827,DraftKings,2026-09-06T19:30:35Z,2026-09-06T17:35Z,2026-09-06 00:00:00,PIT,LAA,-179,148,0.614065180102916,post_start,823336,provider_map,odds_6b3e6561e199,intraday
401816829,DraftKings,2026-09-06T19:30:35Z,2026-09-06T17:35Z,2026-09-06 00:00:00,BAL,BOS,112,-135,0.4508825786646201,post_start,824794,provider_map,odds_f879daeab025,intraday
401816830,DraftKings,2026-09-06T19:30:35Z,2026-09-06T17:40Z,2026-09-06 00:00:00,MIA,CHC,118,-142,0.4387555297701066,post_start,823822,provider_map,odds_afaf6c3e3cf2,intraday
401816831,DraftKings,2026-09-06T19:30:35Z,2026-09-06T17:40Z,2026-09-06 00:00:00,CLE,DET,-173,143,0.6062821788603816,post_start,824385,provider_map,odds_dfa5ba9c0f9d,intraday
401816833,DraftKings,2026-09-06T19:30:35Z,2026-09-06T17:40Z,2026-09-06 00:00:00,NYM,SF,-157,130,0.5842096748099014,post_start,823578,provider_map,odds_cc49615f0844,intraday
401816834,DraftKings,2026-09-06T19:30:35Z,2026-09-06T18:10Z,2026-09-06 00:00:00,HOU,AZ,-121,101,0.5239223627237674,post_start,824142,provider_map,odds_a70271eeaf35,intraday
401816837,DraftKings,2026-09-06T19:30:35Z,2026-09-06T18:10Z,2026-09-06 00:00:00,KC,TOR,102,-123,0.4729987697789844,post_start,824065,provider_map,odds_d62d3b35738c,intraday
401816836,DraftKings,2026-09-06T19:30:35Z,2026-09-06T18:35Z,2026-09-06 00:00:00,TEX,TB,-101,-120,0.4794993526111351,post_start,822848,provider_map,odds_f80bca342041,intraday
401816838,DraftKings,2026-09-06T19:30:35Z,2026-09-06T19:10Z,2026-09-06 00:00:00,COL,STL,113,-136,0.448942322325369,post_start,824309,provider_map,odds_188a99e8460f,intraday
401816839,DraftKings,2026-09-06T19:30:35Z,2026-09-06T20:10Z,2026-09-06 00:00:00,SEA,ATH,-205,168,0.6430243445692884,ok,823091,provider_map,odds_49ee6c8548ef,intraday
401816840,DraftKings,2026-09-06T19:30:35Z,2026-09-06T20:10Z,2026-09-06 00:00:00,SD,NYY,-118,-102,0.5173641257162701,ok,823253,provider_map,odds_0a880c89f675,intraday
401816835,DraftKings,2026-09-06T19:30:35Z,2026-09-06T22:20Z,2026-09-06 00:00:00,CWS,MIN,-150,124,0.5733788395904437,ok,824552,provider_map,odds_65f04aba83d2,intraday
401816841,DraftKings,2026-09-06T19:30:35Z,2026-09-07T02:10Z,2026-09-06 00:00:00,LAD,WSH,-204,167,0.6417966724796154,ok,823903,provider_map,odds_04eb5a8cc9eb,intraday
401816832,DraftKings,2026-09-06T21:42:56Z,2026-09-06T16:10Z,2026-09-06 00:00:00,CIN,MIL,123,-149,0.4283723570801864,post_start,824469,provider_map,odds_8d8b8167867e,intraday
401816828,DraftKings,2026-09-06T21:42:56Z,2026-09-06T17:10Z,2026-09-06 00:00:00,PHI,ATL,-112,-107,0.5054504229528212,post_start,823417,provider_map,odds_0cdfd47c79bb,intraday
401816827,DraftKings,2026-09-06T21:42:56Z,2026-09-06T17:35Z,2026-09-06 00:00:00,PIT,LAA,-179,148,0.614065180102916,post_start,823336,provider_map,odds_8ad7336326c1,intraday
401816829,DraftKings,2026-09-06T21:42:56Z,2026-09-06T17:35Z,2026-09-06 00:00:00,BAL,BOS,112,-135,0.4508825786646201,post_start,824794,provider_map,odds_57952725b585,intraday
401816830,DraftKings,2026-09-06T21:42:56Z,2026-09-06T17:40Z,2026-09-06 00:00:00,MIA,CHC,118,-142,0.4387555297701066,post_start,823822,provider_map,odds_8b12732a32ff,intraday
401816831,DraftKings,2026-09-06T21:42:56Z,2026-09-06T17:40Z,2026-09-06 00:00:00,CLE,DET,-173,143,0.6062821788603816,post_start,824385,provider_map,odds_fb543d32fe25,intraday
401816833,DraftKings,2026-09-06T21:42:56Z,2026-09-06T17:40Z,2026-09-06 00:00:00,NYM,SF,-157,130,0.5842096748099014,post_start,823578,provider_map,odds_27fb521b4e5b,intraday
401816834,DraftKings,2026-09-06T21:42:56Z,2026-09-06T18:10Z,2026-09-06 00:00:00,HOU,AZ,-121,101,0.5239223627237674,post_start,824142,provider_map,odds_51b917fe544d,intraday
401816837,DraftKings,2026-09-06T21:42:56Z,2026-09-06T18:10Z,2026-09-06 00:00:00,KC,TOR,102,-123,0.4729987697789844,post_start,824065,provider_map,odds_18aee23c6dd5,intraday
401816836,DraftKings,2026-09-06T21:42:56Z,2026-09-06T18:35Z,2026-09-06 00:00:00,TEX,TB,-101,-120,0.4794993526111351,post_start,822848,provider_map,odds_20802929b15a,intraday
401816838,DraftKings,2026-09-06T21:42:56Z,2026-09-06T19:10Z,2026-09-06 00:00:00,COL,STL,113,-136,0.448942322325369,post_start,824309,provider_map,odds_0940c27ef856,intraday
401816839,DraftKings,2026-09-06T21:42:56Z,2026-09-06T20:10Z,2026-09-06 00:00:00,SEA,ATH,-217,177,0.654717947042229,post_start,823091,provider_map,odds_43cb27e68a1d,intraday
401816840,DraftKings,2026-09-06T21:42:56Z,2026-09-06T20:10Z,2026-09-06 00:00:00,SD,NYY,-120,100,0.5217391304347826,post_start,823253,provider_map,odds_d2ce8654ecb0,intraday
401816835,DraftKings,2026-09-06T21:42:56Z,2026-09-06T22:20Z,2026-09-06 00:00:00,CWS,MIN,-144,120,0.5649072753209701,ok,824552,provider_map,odds_fd2e8a590bcc,intraday
401816841,DraftKings,2026-09-06T21:42:56Z,2026-09-07T02:10Z,2026-09-06 00:00:00,LAD,WSH,-204,167,0.6417966724796154,ok,823903,provider_map,odds_e5518f2314f9,intraday
401816832,DraftKings,2026-09-06T23:09:55Z,2026-09-06T16:10Z,2026-09-06 00:00:00,CIN,MIL,123,-149,0.4283723570801864,post_start,824469,provider_map,odds_4773ca9cfc79,intraday
401816828,DraftKings,2026-09-06T23:09:55Z,2026-09-06T17:10Z,2026-09-06 00:00:00,PHI,ATL,-112,-107,0.5054504229528212,post_start,823417,provider_map,odds_c53a9e27ccd3,intraday
401816827,DraftKings,2026-09-06T23:09:55Z,2026-09-06T17:35Z,2026-09-06 00:00:00,PIT,LAA,-179,148,0.614065180102916,post_start,823336,provider_map,odds_41502d8e92cc,intraday
401816829,DraftKings,2026-09-06T23:09:55Z,2026-09-06T17:35Z,2026-09-06 00:00:00,BAL,BOS,112,-135,0.4508825786646201,post_start,824794,provider_map,odds_d882662bdb7b,intraday
401816830,DraftKings,2026-09-06T23:09:55Z,2026-09-06T17:40Z,2026-09-06 00:00:00,MIA,CHC,118,-142,0.4387555297701066,post_start,823822,provider_map,odds_cf00870212c1,intraday
401816831,DraftKings,2026-09-06T23:09:55Z,2026-09-06T17:40Z,2026-09-06 00:00:00,CLE,DET,-173,143,0.6062821788603816,post_start,824385,provider_map,odds_032bbeb5a938,intraday
401816833,DraftKings,2026-09-06T23:09:55Z,2026-09-06T17:40Z,2026-09-06 00:00:00,NYM,SF,-157,130,0.5842096748099014,post_start,823578,provider_map,odds_969764892f83,intraday
401816834,DraftKings,2026-09-06T23:09:55Z,2026-09-06T18:10Z,2026-09-06 00:00:00,HOU,AZ,-121,101,0.5239223627237674,post_start,824142,provider_map,odds_e7e811b7f624,intraday
401816837,DraftKings,2026-09-06T23:09:55Z,2026-09-06T18:10Z,2026-09-06 00:00:00,KC,TOR,102,-123,0.4729987697789844,post_start,824065,provider_map,odds_36d7841aa519,intraday
401816836,DraftKings,2026-09-06T23:09:55Z,2026-09-06T18:35Z,2026-09-06 00:00:00,TEX,TB,-101,-120,0.4794993526111351,post_start,822848,provider_map,odds_6eaf22c17bbc,intraday
401816838,DraftKings,2026-09-06T23:09:55Z,2026-09-06T19:10Z,2026-09-06 00:00:00,COL,STL,113,-136,0.448942322325369,post_start,824309,provider_map,odds_dede1eac8f3d,intraday
401816839,DraftKings,2026-09-06T23:09:55Z,2026-09-06T20:10Z,2026-09-06 00:00:00,SEA,ATH,-217,177,0.654717947042229,post_start,823091,provider_map,odds_cdb32b10e046,intraday
401816840,DraftKings,2026-09-06T23:09:55Z,2026-09-06T20:10Z,2026-09-06 00:00:00,SD,NYY,-120,100,0.5217391304347826,post_start,823253,provider_map,odds_4d97f977f28e,intraday
401816835,DraftKings,2026-09-06T23:09:55Z,2026-09-06T22:20Z,2026-09-06 00:00:00,CWS,MIN,-144,120,0.5649072753209701,post_start,824552,provider_map,odds_603f2239eefd,intraday
401816841,DraftKings,2026-09-06T23:09:55Z,2026-09-07T02:10Z,2026-09-06 00:00:00,LAD,WSH,-204,167,0.6417966724796154,ok,823903,provider_map,odds_36ef232d7aa2,intraday
401816832,DraftKings,2026-09-07T01:00:02Z,2026-09-06T16:10Z,2026-09-06 00:00:00,CIN,MIL,123,-149,0.4283723570801864,post_start,824469,provider_map,odds_6c67d74ce53b,intraday
401816828,DraftKings,2026-09-07T01:00:02Z,2026-09-06T17:10Z,2026-09-06 00:00:00,PHI,ATL,-112,-107,0.5054504229528212,post_start,823417,provider_map,odds_a270a91cbe9d,intraday
401816827,DraftKings,2026-09-07T01:00:02Z,2026-09-06T17:35Z,2026-09-06 00:00:00,PIT,LAA,-179,148,0.614065180102916,post_start,823336,provider_map,odds_c88dfea794b0,intraday
401816829,DraftKings,2026-09-07T01:00:02Z,2026-09-06T17:35Z,2026-09-06 00:00:00,BAL,BOS,112,-135,0.4508825786646201,post_start,824794,provider_map,odds_3f9e8879adae,intraday
401816830,DraftKings,2026-09-07T01:00:02Z,2026-09-06T17:40Z,2026-09-06 00:00:00,MIA,CHC,118,-142,0.4387555297701066,post_start,823822,provider_map,odds_a7044d550b95,intraday
401816831,DraftKings,2026-09-07T01:00:02Z,2026-09-06T17:40Z,2026-09-06 00:00:00,CLE,DET,-173,143,0.6062821788603816,post_start,824385,provider_map,odds_0d808941e578,intraday
401816833,DraftKings,2026-09-07T01:00:02Z,2026-09-06T17:40Z,2026-09-06 00:00:00,NYM,SF,-157,130,0.5842096748099014,post_start,823578,provider_map,odds_2a65a36c1281,intraday
401816834,DraftKings,2026-09-07T01:00:02Z,2026-09-06T18:10Z,2026-09-06 00:00:00,HOU,AZ,-121,101,0.5239223627237674,post_start,824142,provider_map,odds_942050a525ad,intraday
401816837,DraftKings,2026-09-07T01:00:02Z,2026-09-06T18:10Z,2026-09-06 00:00:00,KC,TOR,102,-123,0.4729987697789844,post_start,824065,provider_map,odds_01e5fe69ce20,intraday
401816836,DraftKings,2026-09-07T01:00:02Z,2026-09-06T18:35Z,2026-09-06 00:00:00,TEX,TB,-101,-120,0.4794993526111351,post_start,822848,provider_map,odds_291272484ab9,intraday
401816838,DraftKings,2026-09-07T01:00:02Z,2026-09-06T19:10Z,2026-09-06 00:00:00,COL,STL,113,-136,0.448942322325369,post_start,824309,provider_map,odds_382919df00f9,intraday
401816839,DraftKings,2026-09-07T01:00:02Z,2026-09-06T20:10Z,2026-09-06 00:00:00,SEA,ATH,-217,177,0.654717947042229,post_start,823091,provider_map,odds_ae105256fce3,intraday
401816840,DraftKings,2026-09-07T01:00:02Z,2026-09-06T20:10Z,2026-09-06 00:00:00,SD,NYY,-120,100,0.5217391304347826,post_start,823253,provider_map,odds_ba53dd591c24,intraday
401816835,DraftKings,2026-09-07T01:00:02Z,2026-09-06T22:20Z,2026-09-06 00:00:00,CWS,MIN,-144,120,0.5649072753209701,post_start,824552,provider_map,odds_ecfe6cb81f80,intraday
401816841,DraftKings,2026-09-07T01:00:02Z,2026-09-07T02:10Z,2026-09-06 00:00:00,LAD,WSH,-199,163,0.6364166980799397,ok,823903,provider_map,odds_dad9dbe69f2f,intraday
401816832,DraftKings,2026-09-07T04:39:34Z,2026-09-06T16:10Z,2026-09-06 00:00:00,CIN,MIL,123,-149,0.4283723570801864,post_start,824469,provider_map,odds_e31725ab2e8f,intraday
401816828,DraftKings,2026-09-07T04:39:34Z,2026-09-06T17:10Z,2026-09-06 00:00:00,PHI,ATL,-112,-107,0.5054504229528212,post_start,823417,provider_map,odds_6c1b99daee9d,intraday
401816827,DraftKings,2026-09-07T04:39:34Z,2026-09-06T17:35Z,2026-09-06 00:00:00,PIT,LAA,-179,148,0.614065180102916,post_start,823336,provider_map,odds_b0cd1dcc4a89,intraday
401816829,DraftKings,2026-09-07T04:39:34Z,2026-09-06T17:35Z,2026-09-06 00:00:00,BAL,BOS,112,-135,0.4508825786646201,post_start,824794,provider_map,odds_4eb34e944bde,intraday
401816830,DraftKings,2026-09-07T04:39:34Z,2026-09-06T17:40Z,2026-09-06 00:00:00,MIA,CHC,118,-142,0.4387555297701066,post_start,823822,provider_map,odds_f3bcba3be278,intraday
401816831,DraftKings,2026-09-07T04:39:34Z,2026-09-06T17:40Z,2026-09-06 00:00:00,CLE,DET,-173,143,0.6062821788603816,post_start,824385,provider_map,odds_6360aa1e69ac,intraday
401816833,DraftKings,2026-09-07T04:39:34Z,2026-09-06T17:40Z,2026-09-06 00:00:00,NYM,SF,-157,130,0.5842096748099014,post_start,823578,provider_map,odds_4ebcee5e748a,intraday
401816834,DraftKings,2026-09-07T04:39:34Z,2026-09-06T18:10Z,2026-09-06 00:00:00,HOU,AZ,-121,101,0.5239223627237674,post_start,824142,provider_map,odds_61083030adbf,intraday
401816837,DraftKings,2026-09-07T04:39:34Z,2026-09-06T18:10Z,2026-09-06 00:00:00,KC,TOR,102,-123,0.4729987697789844,post_start,824065,provider_map,odds_ac75d5606b68,intraday
401816836,DraftKings,2026-09-07T04:39:34Z,2026-09-06T18:35Z,2026-09-06 00:00:00,TEX,TB,-101,-120,0.4794993526111351,post_start,822848,provider_map,odds_8b844fbfd827,intraday
401816838,DraftKings,2026-09-07T04:39:34Z,2026-09-06T19:10Z,2026-09-06 00:00:00,COL,STL,113,-136,0.448942322325369,post_start,824309,provider_map,odds_7904eb61df63,intraday
401816839,DraftKings,2026-09-07T04:39:34Z,2026-09-06T20:10Z,2026-09-06 00:00:00,SEA,ATH,-217,177,0.654717947042229,post_start,823091,provider_map,odds_b32e34928d39,intraday
401816840,DraftKings,2026-09-07T04:39:34Z,2026-09-06T20:10Z,2026-09-06 00:00:00,SD,NYY,-120,100,0.5217391304347826,post_start,823253,provider_map,odds_fa4b848a1c07,intraday
401816835,DraftKings,2026-09-07T04:39:34Z,2026-09-06T22:20Z,2026-09-06 00:00:00,CWS,MIN,-144,120,0.5649072753209701,post_start,824552,provider_map,odds_03a1a79a2252,intraday
401816841,DraftKings,2026-09-07T04:39:34Z,2026-09-07T02:10Z,2026-09-06 00:00:00,LAD,WSH,-194,159,0.6308665846370188,post_start,823903,provider_map,odds_2493232db613,intraday
401816843,DraftKings,2026-09-07T16:02:02Z,2026-09-07T17:05Z,2026-09-07 00:00:00,PHI,ATL,-185,152,0.6206070287539937,ok,823415,unique_matchup,odds_aa0f82ea30e3,morning
401816846,DraftKings,2026-09-07T16:02:02Z,2026-09-07T17:10Z,2026-09-07 00:00:00,MIA,NYM,-136,113,0.551057677674631,ok,823820,unique_matchup,odds_a15cb0e689bc,morning
401816842,DraftKings,2026-09-07T16:02:02Z,2026-09-07T17:35Z,2026-09-07 00:00:00,BOS,LAA,-175,144,0.6082621082621081,ok,824715,unique_matchup,odds_bc8e139e7cf8,morning
401816844,DraftKings,2026-09-07T16:02:02Z,2026-09-07T17:35Z,2026-09-07 00:00:00,BAL,CLE,-137,114,0.552982006111132,ok,824793,unique_matchup,odds_aa3a4dafa2c5,morning
401816847,DraftKings,2026-09-07T16:02:02Z,2026-09-07T18:10Z,2026-09-07 00:00:00,KC,AZ,-112,-107,0.5054504229528212,ok,824062,unique_matchup,odds_4b7005fbf33f,morning
401816848,DraftKings,2026-09-07T16:02:02Z,2026-09-07T18:10Z,2026-09-07 00:00:00,MIL,CHC,-126,104,0.532129844319311,ok,823742,unique_matchup,odds_0b05e88e5ea9,morning
401816845,DraftKings,2026-09-07T16:02:02Z,2026-09-07T19:10Z,2026-09-07 00:00:00,DET,MIN,-122,101,0.524849107486837,ok,824229,unique_matchup,odds_075c09daa913,morning
401816852,DraftKings,2026-09-07T16:02:02Z,2026-09-07T21:10Z,2026-09-07 00:00:00,SD,WSH,-192,157,0.6282338561825219,ok,823254,unique_matchup,odds_e7dfb86026a3,morning
401816850,DraftKings,2026-09-07T16:02:02Z,2026-09-08T00:10Z,2026-09-07 00:00:00,SF,STL,-131,109,0.5423839616474178,ok,823175,unique_matchup,odds_6f7f550b849d,morning
401816849,DraftKings,2026-09-07T16:02:02Z,2026-09-08T01:10Z,2026-09-07 00:00:00,LAD,CIN,-172,142,0.6047890270835755,ok,823902,unique_matchup,odds_270b958d00a8,morning
401816851,DraftKings,2026-09-07T16:02:02Z,2026-09-08T02:05Z,2026-09-07 00:00:00,ATH,TOR,169,-206,0.355756039714465,ok,824958,unique_matchup,odds_ca2f4487a98a,morning
401816843,DraftKings,2026-09-07T19:08:36Z,2026-09-07T17:05Z,2026-09-07 00:00:00,PHI,ATL,-187,153,0.6224230703450817,post_start,823415,provider_map,odds_8653387b9c69,intraday
401816846,DraftKings,2026-09-07T19:08:36Z,2026-09-07T17:10Z,2026-09-07 00:00:00,MIA,NYM,-141,117,0.5593908258222572,post_start,823820,provider_map,odds_93e217beabe2,intraday
401816842,DraftKings,2026-09-07T19:08:36Z,2026-09-07T17:35Z,2026-09-07 00:00:00,BOS,LAA,-181,149,0.6159575776626715,post_start,824715,provider_map,odds_984a30e15b7f,intraday
401816844,DraftKings,2026-09-07T19:08:36Z,2026-09-07T17:35Z,2026-09-07 00:00:00,BAL,CLE,-142,118,0.5612444702298934,post_start,824793,provider_map,odds_e3223a0b41c1,intraday
401816847,DraftKings,2026-09-07T19:08:36Z,2026-09-07T18:10Z,2026-09-07 00:00:00,KC,AZ,0,0,0.5,post_start,824062,provider_map,odds_211dc20f5ec7,intraday
401816848,DraftKings,2026-09-07T19:08:36Z,2026-09-07T18:10Z,2026-09-07 00:00:00,MIL,CHC,0,0,0.5,post_start,823742,provider_map,odds_0d4869d255e1,intraday
401816845,DraftKings,2026-09-07T19:08:36Z,2026-09-07T19:10Z,2026-09-07 00:00:00,DET,MIN,-120,100,0.5217391304347826,ok,824229,provider_map,odds_13885042091e,intraday
401816852,DraftKings,2026-09-07T19:08:36Z,2026-09-07T21:10Z,2026-09-07 00:00:00,SD,WSH,-192,157,0.6282338561825219,ok,823254,provider_map,odds_beb516ddc94a,intraday
401816850,DraftKings,2026-09-07T19:08:36Z,2026-09-08T00:10Z,2026-09-07 00:00:00,SF,STL,-131,109,0.5423839616474178,ok,823175,provider_map,odds_65342a3dc874,intraday
401816849,DraftKings,2026-09-07T19:08:36Z,2026-09-08T01:10Z,2026-09-07 00:00:00,LAD,CIN,-180,148,0.6145374449339207,ok,823902,provider_map,odds_b7bcc22f8944,intraday
401816851,DraftKings,2026-09-07T19:08:36Z,2026-09-08T02:05Z,2026-09-07 00:00:00,ATH,TOR,169,-206,0.355756039714465,ok,824958,provider_map,odds_52ac18c7234d,intraday
401816843,DraftKings,2026-09-07T22:00:21Z,2026-09-07T17:05Z,2026-09-07 00:00:00,PHI,ATL,-187,153,0.6224230703450817,post_start,823415,provider_map,odds_5264969a8ab8,intraday
401816846,DraftKings,2026-09-07T22:00:21Z,2026-09-07T17:10Z,2026-09-07 00:00:00,MIA,NYM,-141,117,0.5593908258222572,post_start,823820,provider_map,odds_bbd04892d399,intraday
401816842,DraftKings,2026-09-07T22:00:21Z,2026-09-07T17:35Z,2026-09-07 00:00:00,BOS,LAA,-181,149,0.6159575776626715,post_start,824715,provider_map,odds_881438d3add8,intraday
401816844,DraftKings,2026-09-07T22:00:21Z,2026-09-07T17:35Z,2026-09-07 00:00:00,BAL,CLE,-142,118,0.5612444702298934,post_start,824793,provider_map,odds_e7f86e9924f3,intraday
401816847,DraftKings,2026-09-07T22:00:21Z,2026-09-07T18:10Z,2026-09-07 00:00:00,KC,AZ,-119,-101,0.5195490681610843,post_start,824062,provider_map,odds_f9d34e3c4c99,intraday
401816848,DraftKings,2026-09-07T22:00:21Z,2026-09-07T18:10Z,2026-09-07 00:00:00,MIL,CHC,-126,105,0.533347098905637,post_start,823742,provider_map,odds_c47dc7816fa9,intraday
401816845,DraftKings,2026-09-07T22:00:21Z,2026-09-07T19:10Z,2026-09-07 00:00:00,DET,MIN,-122,101,0.524849107486837,post_start,824229,provider_map,odds_b8c2643227bf,intraday
401816852,DraftKings,2026-09-07T22:00:21Z,2026-09-07T21:10Z,2026-09-07 00:00:00,SD,WSH,-200,164,0.6376811594202898,post_start,823254,provider_map,odds_b3aa2bd67141,intraday
401816850,DraftKings,2026-09-07T22:00:21Z,2026-09-08T00:10Z,2026-09-07 00:00:00,SF,STL,-136,113,0.551057677674631,ok,823175,provider_map,odds_b2aca4eb729d,intraday
401816849,DraftKings,2026-09-07T22:00:21Z,2026-09-08T01:10Z,2026-09-07 00:00:00,LAD,CIN,-180,148,0.6145374449339207,ok,823902,provider_map,odds_0032ac2d11b0,intraday
401816851,DraftKings,2026-09-07T22:00:21Z,2026-09-08T02:05Z,2026-09-07 00:00:00,ATH,TOR,177,-217,0.345282052957771,ok,824958,provider_map,odds_d2a494303b7b,intraday
401816843,DraftKings,2026-09-08T00:23:17Z,2026-09-07T17:05Z,2026-09-07 00:00:00,PHI,ATL,-187,153,0.6224230703450817,post_start,823415,provider_map,odds_72bd724c8232,intraday
401816846,DraftKings,2026-09-08T00:23:17Z,2026-09-07T17:10Z,2026-09-07 00:00:00,MIA,NYM,-141,117,0.5593908258222572,post_start,823820,provider_map,odds_eb0f20e7fcb6,intraday
401816842,DraftKings,2026-09-08T00:23:17Z,2026-09-07T17:35Z,2026-09-07 00:00:00,BOS,LAA,-181,149,0.6159575776626715,post_start,824715,provider_map,odds_fba0e6adb273,intraday
401816844,DraftKings,2026-09-08T00:23:17Z,2026-09-07T17:35Z,2026-09-07 00:00:00,BAL,CLE,-142,118,0.5612444702298934,post_start,824793,provider_map,odds_bb712c788562,intraday
401816847,DraftKings,2026-09-08T00:23:17Z,2026-09-07T18:10Z,2026-09-07 00:00:00,KC,AZ,-119,-101,0.5195490681610843,post_start,824062,provider_map,odds_7fa016fd1be6,intraday
401816848,DraftKings,2026-09-08T00:23:17Z,2026-09-07T18:10Z,2026-09-07 00:00:00,MIL,CHC,-126,105,0.533347098905637,post_start,823742,provider_map,odds_77b1212d09a6,intraday
401816845,DraftKings,2026-09-08T00:23:17Z,2026-09-07T19:10Z,2026-09-07 00:00:00,DET,MIN,-122,101,0.524849107486837,post_start,824229,provider_map,odds_80a8783a15e6,intraday
401816852,DraftKings,2026-09-08T00:23:17Z,2026-09-07T21:10Z,2026-09-07 00:00:00,SD,WSH,-200,164,0.6376811594202898,post_start,823254,provider_map,odds_31abdfec9a86,intraday
401816850,DraftKings,2026-09-08T00:23:17Z,2026-09-08T00:10Z,2026-09-07 00:00:00,SF,STL,-131,109,0.5423839616474178,post_start,823175,provider_map,odds_9c4b0d267fc7,intraday
401816849,DraftKings,2026-09-08T00:23:17Z,2026-09-08T01:10Z,2026-09-07 00:00:00,LAD,CIN,-181,149,0.6159575776626715,ok,823902,provider_map,odds_48d58c8a9778,intraday
401816851,DraftKings,2026-09-08T00:23:17Z,2026-09-08T02:05Z,2026-09-07 00:00:00,ATH,TOR,170,-208,0.3541858325666973,ok,824958,provider_map,odds_41102f7ffc47,intraday
401816843,DraftKings,2026-09-08T04:33:54Z,2026-09-07T17:05Z,2026-09-07 00:00:00,PHI,ATL,-187,153,0.6224230703450817,post_start,823415,provider_map,odds_9b2286dda665,intraday
401816846,DraftKings,2026-09-08T04:33:54Z,2026-09-07T17:10Z,2026-09-07 00:00:00,MIA,NYM,-141,117,0.5593908258222572,post_start,823820,provider_map,odds_42364434d7a8,intraday
401816842,DraftKings,2026-09-08T04:33:54Z,2026-09-07T17:35Z,2026-09-07 00:00:00,BOS,LAA,-181,149,0.6159575776626715,post_start,824715,provider_map,odds_fb6ecd7844ff,intraday
401816844,DraftKings,2026-09-08T04:33:54Z,2026-09-07T17:35Z,2026-09-07 00:00:00,BAL,CLE,-142,118,0.5612444702298934,post_start,824793,provider_map,odds_1910fd27936c,intraday
401816847,DraftKings,2026-09-08T04:33:54Z,2026-09-07T18:10Z,2026-09-07 00:00:00,KC,AZ,-119,-101,0.5195490681610843,post_start,824062,provider_map,odds_01353244ea1b,intraday
401816848,DraftKings,2026-09-08T04:33:54Z,2026-09-07T18:10Z,2026-09-07 00:00:00,MIL,CHC,-126,105,0.533347098905637,post_start,823742,provider_map,odds_78627bf378f5,intraday
401816845,DraftKings,2026-09-08T04:33:54Z,2026-09-07T19:10Z,2026-09-07 00:00:00,DET,MIN,-122,101,0.524849107486837,post_start,824229,provider_map,odds_6c0ba92c28d4,intraday
401816852,DraftKings,2026-09-08T04:33:54Z,2026-09-07T21:10Z,2026-09-07 00:00:00,SD,WSH,-200,164,0.6376811594202898,post_start,823254,provider_map,odds_eb2a738ce355,intraday
401816850,DraftKings,2026-09-08T04:33:54Z,2026-09-08T00:10Z,2026-09-07 00:00:00,SF,STL,-131,109,0.5423839616474178,post_start,823175,provider_map,odds_78f6eb14704b,intraday
401816849,DraftKings,2026-09-08T04:33:54Z,2026-09-08T01:10Z,2026-09-07 00:00:00,LAD,CIN,-188,154,0.6237851395130107,post_start,823902,provider_map,odds_9b4d8a814e7d,intraday
401816851,DraftKings,2026-09-08T04:33:54Z,2026-09-08T02:05Z,2026-09-07 00:00:00,ATH,TOR,178,-219,0.3438166885818369,post_start,824958,provider_map,odds_2c23655fe821,intraday
401816854,DraftKings,2026-09-08T14:46:24Z,2026-09-08T22:35Z,2026-09-08 00:00:00,BAL,CLE,-123,102,0.5270012302210156,ok,824792,unique_matchup,odds_523e8e0f27b6,morning
401816856,DraftKings,2026-09-08T14:46:24Z,2026-09-08T22:40Z,2026-09-08 00:00:00,PHI,HOU,-143,119,0.5630832299476779,ok,823414,unique_matchup,odds_b4afa12534a4,morning
401816857,DraftKings,2026-09-08T14:46:24Z,2026-09-08T22:40Z,2026-09-08 00:00:00,DET,MIN,-137,114,0.552982006111132,ok,824228,unique_matchup,odds_a4be5b292e4e,morning
401816858,DraftKings,2026-09-08T14:46:24Z,2026-09-08T22:40Z,2026-09-08 00:00:00,MIA,NYM,-127,105,0.5342156560993125,ok,823821,unique_matchup,odds_876017c27293,morning
401816853,DraftKings,2026-09-08T14:46:24Z,2026-09-08T22:45Z,2026-09-08 00:00:00,BOS,LAA,-145,120,0.5656028368794326,ok,824714,unique_matchup,odds_91dce767ece4,morning
401816855,DraftKings,2026-09-08T14:46:24Z,2026-09-08T23:05Z,2026-09-08 00:00:00,NYY,COL,-358,279,0.747633374108727,ok,823500,unique_matchup,odds_0582ee0b2b02,morning
401816859,DraftKings,2026-09-08T14:46:24Z,2026-09-08T23:15Z,2026-09-08 00:00:00,ATL,TB,-117,-103,0.5151837230488916,ok,824875,unique_matchup,odds_f1d3a65cc30d,morning
401816860,DraftKings,2026-09-08T14:46:24Z,2026-09-08T23:40Z,2026-09-08 00:00:00,KC,AZ,-101,-120,0.4794993526111351,ok,824063,unique_matchup,odds_c66a8218047f,morning
401816861,DraftKings,2026-09-08T14:46:24Z,2026-09-08T23:40Z,2026-09-08 00:00:00,MIL,CHC,-223,181,0.6598675273527584,ok,823738,unique_matchup,odds_78775891b432,morning
401816862,DraftKings,2026-09-08T14:46:24Z,2026-09-08T23:40Z,2026-09-08 00:00:00,CWS,PIT,-145,120,0.5656028368794326,ok,824551,unique_matchup,odds_c21905ccb89b,morning
401816865,DraftKings,2026-09-08T14:46:24Z,2026-09-09T01:40Z,2026-09-08 00:00:00,SEA,TEX,-136,113,0.551057677674631,ok,823092,unique_matchup,odds_11107e72bf03,morning
401816866,DraftKings,2026-09-08T14:46:24Z,2026-09-09T01:40Z,2026-09-08 00:00:00,ATH,TOR,153,-191,0.3758573033852989,ok,824957,unique_matchup,odds_c1865bad9007,morning
401816867,DraftKings,2026-09-08T14:46:24Z,2026-09-09T01:40Z,2026-09-08 00:00:00,SD,WSH,-193,158,0.6295547070574253,ok,823250,unique_matchup,odds_594862c65c17,morning
401816864,DraftKings,2026-09-08T14:46:24Z,2026-09-09T01:45Z,2026-09-08 00:00:00,SF,STL,-111,-108,0.5032696834946377,ok,823174,unique_matchup,odds_352b3a415513,morning
401816863,DraftKings,2026-09-08T14:46:24Z,2026-09-09T02:10Z,2026-09-08 00:00:00,LAD,CIN,-338,266,0.7385199512859087,ok,823901,unique_matchup,odds_30307ba2b34a,morning
401816854,DraftKings,2026-09-08T18:37:58Z,2026-09-08T22:35Z,2026-09-08 00:00:00,BAL,CLE,-120,100,0.5217391304347826,ok,824792,provider_map,odds_a13a1f3a0081,intraday
401816856,DraftKings,2026-09-08T18:37:58Z,2026-09-08T22:40Z,2026-09-08 00:00:00,PHI,HOU,-143,119,0.5630832299476779,ok,823414,provider_map,odds_ed88bc845fa4,intraday
401816857,DraftKings,2026-09-08T18:37:58Z,2026-09-08T22:40Z,2026-09-08 00:00:00,DET,MIN,-137,114,0.552982006111132,ok,824228,provider_map,odds_22bc2b18f50d,intraday
401816858,DraftKings,2026-09-08T18:37:58Z,2026-09-08T22:40Z,2026-09-08 00:00:00,MIA,NYM,-124,103,0.5291347851677457,ok,823821,provider_map,odds_573b085b6347,intraday
401816853,DraftKings,2026-09-08T18:37:58Z,2026-09-08T22:45Z,2026-09-08 00:00:00,BOS,LAA,-149,123,0.5716276429198135,ok,824714,provider_map,odds_46cfa5b8a5d8,intraday
401816855,DraftKings,2026-09-08T18:37:58Z,2026-09-08T23:05Z,2026-09-08 00:00:00,NYY,COL,-340,267,0.739305604929494,ok,823500,provider_map,odds_ff208ed43cc1,intraday
401816859,DraftKings,2026-09-08T18:37:58Z,2026-09-08T23:15Z,2026-09-08 00:00:00,ATL,TB,-114,-105,0.5098167539267016,ok,824875,provider_map,odds_1aeb190c6d1e,intraday
401816860,DraftKings,2026-09-08T18:37:58Z,2026-09-08T23:40Z,2026-09-08 00:00:00,KC,AZ,-101,-120,0.4794993526111351,ok,824063,provider_map,odds_388a27a79fd9,intraday
401816861,DraftKings,2026-09-08T18:37:58Z,2026-09-08T23:40Z,2026-09-08 00:00:00,MIL,CHC,-219,178,0.656183311418163,ok,823738,provider_map,odds_b339f996bb1e,intraday
401816862,DraftKings,2026-09-08T18:37:58Z,2026-09-08T23:40Z,2026-09-08 00:00:00,CWS,PIT,-145,120,0.5656028368794326,ok,824551,provider_map,odds_3ff4f01e3b84,intraday
401816865,DraftKings,2026-09-08T18:37:58Z,2026-09-09T01:40Z,2026-09-08 00:00:00,SEA,TEX,-136,113,0.551057677674631,ok,823092,provider_map,odds_5d3b451e9574,intraday
401816866,DraftKings,2026-09-08T18:37:58Z,2026-09-09T01:40Z,2026-09-08 00:00:00,ATH,TOR,153,-186,0.3780168653678394,ok,824957,provider_map,odds_54f5d160d4f9,intraday
401816867,DraftKings,2026-09-08T18:37:58Z,2026-09-09T01:40Z,2026-09-08 00:00:00,SD,WSH,-188,155,0.6247068021892103,ok,823250,provider_map,odds_8445006ed7b7,intraday
401816864,DraftKings,2026-09-08T18:37:58Z,2026-09-09T01:45Z,2026-09-08 00:00:00,SF,STL,-110,-110,0.5,ok,823174,provider_map,odds_ee5f2799fc90,intraday
401816863,DraftKings,2026-09-08T18:37:58Z,2026-09-09T02:10Z,2026-09-08 00:00:00,LAD,CIN,-329,266,0.737315845549065,ok,823901,provider_map,odds_129df8dfb76a,intraday
401816854,DraftKings,2026-09-08T21:24:45Z,2026-09-08T22:35Z,2026-09-08 00:00:00,BAL,CLE,-123,102,0.5270012302210156,ok,824792,provider_map,odds_7b7429bd12f8,intraday
401816856,DraftKings,2026-09-08T21:24:45Z,2026-09-08T22:40Z,2026-09-08 00:00:00,PHI,HOU,-143,119,0.5630832299476779,ok,823414,provider_map,odds_6f5b64cdec1c,intraday
401816857,DraftKings,2026-09-08T21:24:45Z,2026-09-08T22:40Z,2026-09-08 00:00:00,DET,MIN,-136,113,0.551057677674631,ok,824228,provider_map,odds_bbbdacd90ef1,intraday
401816858,DraftKings,2026-09-08T21:24:45Z,2026-09-08T22:40Z,2026-09-08 00:00:00,MIA,NYM,-115,-105,0.5108342361863488,ok,823821,provider_map,odds_e805367fcc5c,intraday
401816853,DraftKings,2026-09-08T21:24:45Z,2026-09-08T22:45Z,2026-09-08 00:00:00,BOS,LAA,-149,123,0.5716276429198135,ok,824714,provider_map,odds_2e43a4487527,intraday
401816855,DraftKings,2026-09-08T21:24:45Z,2026-09-08T23:05Z,2026-09-08 00:00:00,NYY,COL,-345,270,0.7415045018878884,ok,823500,provider_map,odds_a5e541a80ec3,intraday
401816859,DraftKings,2026-09-08T21:24:45Z,2026-09-08T23:15Z,2026-09-08 00:00:00,ATL,TB,-117,-103,0.5151837230488916,ok,824875,provider_map,odds_1b7af4869b88,intraday
401816860,DraftKings,2026-09-08T21:24:45Z,2026-09-08T23:40Z,2026-09-08 00:00:00,KC,AZ,-106,-114,0.4913359902963091,ok,824063,provider_map,odds_c4741556008c,intraday
401816861,DraftKings,2026-09-08T21:24:45Z,2026-09-08T23:40Z,2026-09-08 00:00:00,MIL,CHC,-219,178,0.656183311418163,ok,823738,provider_map,odds_77ae57dea565,intraday
401816862,DraftKings,2026-09-08T21:24:45Z,2026-09-08T23:40Z,2026-09-08 00:00:00,CWS,PIT,-144,119,0.5637871853546911,ok,824551,provider_map,odds_1e3a7b2c736b,intraday
401816865,DraftKings,2026-09-08T21:24:45Z,2026-09-09T01:40Z,2026-09-08 00:00:00,SEA,TEX,-143,119,0.5630832299476779,ok,823092,provider_map,odds_cedca4cb842f,intraday
401816866,DraftKings,2026-09-08T21:24:45Z,2026-09-09T01:40Z,2026-09-08 00:00:00,ATH,TOR,153,-186,0.3780168653678394,ok,824957,provider_map,odds_9f0f5346aca4,intraday
401816867,DraftKings,2026-09-08T21:24:45Z,2026-09-09T01:40Z,2026-09-08 00:00:00,SD,WSH,-193,158,0.6295547070574253,ok,823250,provider_map,odds_4ba2fce77048,intraday
401816864,DraftKings,2026-09-08T21:24:45Z,2026-09-09T01:45Z,2026-09-08 00:00:00,SF,STL,-110,-110,0.5,ok,823174,provider_map,odds_d7bfbe49114e,intraday
401816863,DraftKings,2026-09-08T21:24:45Z,2026-09-09T02:10Z,2026-09-08 00:00:00,LAD,CIN,-328,258,0.7328739764329939,ok,823901,provider_map,odds_d622895413f9,intraday
401816854,DraftKings,2026-09-08T23:40:02Z,2026-09-08T22:35Z,2026-09-08 00:00:00,BAL,CLE,-125,104,0.53125,post_start,824792,provider_map,odds_36603d6f32e1,intraday
401816856,DraftKings,2026-09-08T23:40:02Z,2026-09-08T22:40Z,2026-09-08 00:00:00,PHI,HOU,-135,112,0.54911742133538,post_start,823414,provider_map,odds_6310536c2937,intraday
401816857,DraftKings,2026-09-08T23:40:02Z,2026-09-08T22:40Z,2026-09-08 00:00:00,DET,MIN,-136,113,0.551057677674631,post_start,824228,provider_map,odds_ce295aaaa25b,intraday
401816858,DraftKings,2026-09-08T23:40:02Z,2026-09-08T22:40Z,2026-09-08 00:00:00,MIA,NYM,-115,-105,0.5108342361863488,post_start,823821,provider_map,odds_781b56221d9f,intraday
401816853,DraftKings,2026-09-08T23:40:02Z,2026-09-08T22:45Z,2026-09-08 00:00:00,BOS,LAA,-149,123,0.5716276429198135,post_start,824714,provider_map,odds_5e9c98efcbcf,intraday
401816855,DraftKings,2026-09-08T23:40:02Z,2026-09-08T23:05Z,2026-09-08 00:00:00,NYY,COL,-354,277,0.7461673506356998,post_start,823500,provider_map,odds_8d4545942da4,intraday
401816859,DraftKings,2026-09-08T23:40:02Z,2026-09-08T23:15Z,2026-09-08 00:00:00,ATL,TB,-117,-103,0.5151837230488916,post_start,824875,provider_map,odds_df2a7e602aef,intraday
401816860,DraftKings,2026-09-08T23:40:02Z,2026-09-08T23:40Z,2026-09-08 00:00:00,KC,AZ,-117,-103,0.5151837230488916,post_start,824063,provider_map,odds_c733a5bae9d0,intraday
401816861,DraftKings,2026-09-08T23:40:02Z,2026-09-08T23:40Z,2026-09-08 00:00:00,MIL,CHC,-205,168,0.6430243445692884,post_start,823738,provider_map,odds_fb81af942c93,intraday
401816862,DraftKings,2026-09-08T23:40:02Z,2026-09-08T23:40Z,2026-09-08 00:00:00,CWS,PIT,-144,119,0.5637871853546911,post_start,824551,provider_map,odds_a22c90e1ac92,intraday
401816865,DraftKings,2026-09-08T23:40:02Z,2026-09-09T01:40Z,2026-09-08 00:00:00,SEA,TEX,-125,104,0.53125,ok,823092,provider_map,odds_97cc3ed3fedb,intraday
401816866,DraftKings,2026-09-08T23:40:02Z,2026-09-09T01:40Z,2026-09-08 00:00:00,ATH,TOR,149,-181,0.3840424223373286,ok,824957,provider_map,odds_974d0254b544,intraday
401816867,DraftKings,2026-09-08T23:40:02Z,2026-09-09T01:40Z,2026-09-08 00:00:00,SD,WSH,-193,158,0.6295547070574253,ok,823250,provider_map,odds_848e749dbb61,intraday
401816864,DraftKings,2026-09-08T23:40:02Z,2026-09-09T01:45Z,2026-09-08 00:00:00,SF,STL,-110,-110,0.5,ok,823174,provider_map,odds_e75a8bc15f35,intraday
401816863,DraftKings,2026-09-08T23:40:02Z,2026-09-09T02:10Z,2026-09-08 00:00:00,LAD,CIN,-325,256,0.7313527180783818,ok,823901,provider_map,odds_94ae0bc5915d,intraday
401816854,DraftKings,2026-09-09T01:32:06Z,2026-09-08T22:35Z,2026-09-08 00:00:00,BAL,CLE,-125,104,0.53125,post_start,824792,provider_map,odds_0056f765641f,intraday
401816856,DraftKings,2026-09-09T01:32:06Z,2026-09-08T22:40Z,2026-09-08 00:00:00,PHI,HOU,-135,112,0.54911742133538,post_start,823414,provider_map,odds_e2e89e4ae2f9,intraday
401816857,DraftKings,2026-09-09T01:32:06Z,2026-09-08T22:40Z,2026-09-08 00:00:00,DET,MIN,-136,113,0.551057677674631,post_start,824228,provider_map,odds_bf2f3ec7a7b7,intraday
401816858,DraftKings,2026-09-09T01:32:06Z,2026-09-08T22:40Z,2026-09-08 00:00:00,MIA,NYM,-115,-105,0.5108342361863488,post_start,823821,provider_map,odds_1fe311182112,intraday
401816853,DraftKings,2026-09-09T01:32:06Z,2026-09-08T22:45Z,2026-09-08 00:00:00,BOS,LAA,-149,123,0.5716276429198135,post_start,824714,provider_map,odds_b2266b3cbce2,intraday
401816855,DraftKings,2026-09-09T01:32:06Z,2026-09-08T23:05Z,2026-09-08 00:00:00,NYY,COL,-354,277,0.7461673506356998,post_start,823500,provider_map,odds_8adf256fddff,intraday
401816859,DraftKings,2026-09-09T01:32:06Z,2026-09-08T23:15Z,2026-09-08 00:00:00,ATL,TB,-117,-103,0.5151837230488916,post_start,824875,provider_map,odds_ee97c38ed78f,intraday
401816860,DraftKings,2026-09-09T01:32:06Z,2026-09-08T23:40Z,2026-09-08 00:00:00,KC,AZ,-114,-106,0.5086640097036909,post_start,824063,provider_map,odds_7d5158fb8074,intraday
401816861,DraftKings,2026-09-09T01:32:06Z,2026-09-08T23:40Z,2026-09-08 00:00:00,MIL,CHC,-199,163,0.6364166980799397,post_start,823738,provider_map,odds_59c856d8a4d9,intraday
401816862,DraftKings,2026-09-09T01:32:06Z,2026-09-08T23:40Z,2026-09-08 00:00:00,CWS,PIT,-144,119,0.5637871853546911,post_start,824551,provider_map,odds_73a7d953f123,intraday
401816865,DraftKings,2026-09-09T01:32:06Z,2026-09-09T01:40Z,2026-09-08 00:00:00,SEA,TEX,-126,104,0.532129844319311,ok,823092,provider_map,odds_9d1051ba5c90,intraday
401816866,DraftKings,2026-09-09T01:32:06Z,2026-09-09T01:40Z,2026-09-08 00:00:00,ATH,TOR,149,-181,0.3840424223373286,ok,824957,provider_map,odds_2cb571f990ef,intraday
401816867,DraftKings,2026-09-09T01:32:06Z,2026-09-09T01:40Z,2026-09-08 00:00:00,SD,WSH,-193,158,0.6295547070574253,ok,823250,provider_map,odds_55a752c9153b,intraday
401816864,DraftKings,2026-09-09T01:32:06Z,2026-09-09T01:45Z,2026-09-08 00:00:00,SF,STL,-110,-110,0.5,ok,823174,provider_map,odds_58cd71b51f71,intraday
401816863,DraftKings,2026-09-09T01:32:06Z,2026-09-09T02:10Z,2026-09-08 00:00:00,LAD,CIN,-313,248,0.7250772180210886,ok,823901,provider_map,odds_bdb186444cef,intraday
401816854,DraftKings,2026-09-09T04:40:33Z,2026-09-08T22:35Z,2026-09-08 00:00:00,BAL,CLE,-125,104,0.53125,post_start,824792,provider_map,odds_37ee403f6fd2,intraday
401816856,DraftKings,2026-09-09T04:40:33Z,2026-09-08T22:40Z,2026-09-08 00:00:00,PHI,HOU,-135,112,0.54911742133538,post_start,823414,provider_map,odds_3bb701ce9161,intraday
401816857,DraftKings,2026-09-09T04:40:33Z,2026-09-08T22:40Z,2026-09-08 00:00:00,DET,MIN,-136,113,0.551057677674631,post_start,824228,provider_map,odds_a702ea9c71e4,intraday
401816858,DraftKings,2026-09-09T04:40:33Z,2026-09-08T22:40Z,2026-09-08 00:00:00,MIA,NYM,-115,-105,0.5108342361863488,post_start,823821,provider_map,odds_6aed651351d2,intraday
401816853,DraftKings,2026-09-09T04:40:33Z,2026-09-08T22:45Z,2026-09-08 00:00:00,BOS,LAA,-149,123,0.5716276429198135,post_start,824714,provider_map,odds_adee6273fa77,intraday
401816855,DraftKings,2026-09-09T04:40:33Z,2026-09-08T23:05Z,2026-09-08 00:00:00,NYY,COL,-354,277,0.7461673506356998,post_start,823500,provider_map,odds_8ce19609fc4e,intraday
401816859,DraftKings,2026-09-09T04:40:33Z,2026-09-08T23:15Z,2026-09-08 00:00:00,ATL,TB,-117,-103,0.5151837230488916,post_start,824875,provider_map,odds_6d2a0c0a0676,intraday
401816860,DraftKings,2026-09-09T04:40:33Z,2026-09-08T23:40Z,2026-09-08 00:00:00,KC,AZ,-114,-106,0.5086640097036909,post_start,824063,provider_map,odds_52095eaf244a,intraday
401816861,DraftKings,2026-09-09T04:40:33Z,2026-09-08T23:40Z,2026-09-08 00:00:00,MIL,CHC,-199,163,0.6364166980799397,post_start,823738,provider_map,odds_0206fc64908f,intraday
401816862,DraftKings,2026-09-09T04:40:33Z,2026-09-08T23:40Z,2026-09-08 00:00:00,CWS,PIT,-144,119,0.5637871853546911,post_start,824551,provider_map,odds_dba927f4e1fb,intraday
401816865,DraftKings,2026-09-09T04:40:33Z,2026-09-09T01:40Z,2026-09-08 00:00:00,SEA,TEX,-126,104,0.532129844319311,post_start,823092,provider_map,odds_824bed399ff9,intraday
401816866,DraftKings,2026-09-09T04:40:33Z,2026-09-09T01:40Z,2026-09-08 00:00:00,ATH,TOR,152,-185,0.3793929712460064,post_start,824957,provider_map,odds_a92ebc13e18f,intraday
401816867,DraftKings,2026-09-09T04:40:33Z,2026-09-09T01:40Z,2026-09-08 00:00:00,SD,WSH,-193,158,0.6295547070574253,post_start,823250,provider_map,odds_c1ac624bfa6c,intraday
401816864,DraftKings,2026-09-09T04:40:33Z,2026-09-09T01:45Z,2026-09-08 00:00:00,SF,STL,-110,-110,0.5,post_start,823174,provider_map,odds_e6333da4d321,intraday
401816863,DraftKings,2026-09-09T04:40:33Z,2026-09-09T02:10Z,2026-09-08 00:00:00,LAD,CIN,-314,249,0.7258023922747804,post_start,823901,provider_map,odds_06107bf70090,intraday
401816872,DraftKings,2026-09-09T14:47:39Z,2026-09-09T17:10Z,2026-09-09 00:00:00,DET,MIN,-123,102,0.5270012302210156,ok,824226,unique_matchup,odds_fde881958b3b,morning
401816881,DraftKings,2026-09-09T14:47:39Z,2026-09-09T19:05Z,2026-09-09 00:00:00,ATH,TOR,149,-181,0.3840424223373286,ok,824956,unique_matchup,odds_eaf2d94a7502,morning
401816879,DraftKings,2026-09-09T14:47:39Z,2026-09-09T19:45Z,2026-09-09 00:00:00,SF,STL,-101,-119,0.4804509318389157,ok,823172,unique_matchup,odds_003f4dd5c907,morning
401816880,DraftKings,2026-09-09T14:47:39Z,2026-09-09T20:10Z,2026-09-09 00:00:00,SEA,TEX,-149,123,0.5716276429198135,ok,823090,unique_matchup,odds_a0f97c6bda1b,morning
401816882,DraftKings,2026-09-09T14:47:39Z,2026-09-09T20:10Z,2026-09-09 00:00:00,SD,WSH,-171,141,0.6032849760653483,ok,823251,unique_matchup,odds_325a4c03d5c6,morning
401816869,DraftKings,2026-09-09T14:47:39Z,2026-09-09T22:35Z,2026-09-09 00:00:00,BAL,CLE,-102,-118,0.4826358742837298,ok,824791,unique_matchup,odds_ee11220a0097,morning
401816871,DraftKings,2026-09-09T14:47:39Z,2026-09-09T22:40Z,2026-09-09 00:00:00,PHI,HOU,-156,129,0.5825451699171612,ok,823416,unique_matchup,odds_800c5833ffdb,morning
401816873,DraftKings,2026-09-09T14:47:39Z,2026-09-09T22:40Z,2026-09-09 00:00:00,MIA,NYM,-126,104,0.532129844319311,ok,823818,unique_matchup,odds_38da96a728af,morning
401816868,DraftKings,2026-09-09T14:47:39Z,2026-09-09T22:45Z,2026-09-09 00:00:00,BOS,LAA,-218,178,0.655859053720618,ok,824713,unique_matchup,odds_79e94ab7b472,morning
401816870,DraftKings,2026-09-09T14:47:39Z,2026-09-09T23:05Z,2026-09-09 00:00:00,NYY,COL,-258,208,0.6894086618545252,ok,823497,unique_matchup,odds_4ca018a7fdcb,morning
401816874,DraftKings,2026-09-09T14:47:39Z,2026-09-09T23:15Z,2026-09-09 00:00:00,ATL,TB,-125,104,0.53125,ok,824871,unique_matchup,odds_27a5668c0edb,morning
401816875,DraftKings,2026-09-09T14:47:39Z,2026-09-09T23:40Z,2026-09-09 00:00:00,KC,AZ,100,-120,0.4782608695652174,ok,824064,unique_matchup,odds_8f8b8db3e893,morning
401816876,DraftKings,2026-09-09T14:47:39Z,2026-09-09T23:40Z,2026-09-09 00:00:00,MIL,CHC,-131,109,0.5423839616474178,ok,823739,unique_matchup,odds_1da4e53173b2,morning
401816877,DraftKings,2026-09-09T14:47:39Z,2026-09-09T23:40Z,2026-09-09 00:00:00,CWS,PIT,-136,113,0.551057677674631,ok,824549,unique_matchup,odds_e5f7ad01e066,morning
401816878,DraftKings,2026-09-09T14:47:39Z,2026-09-10T02:10Z,2026-09-09 00:00:00,LAD,CIN,-299,238,0.7169449922674196,ok,823900,unique_matchup,odds_6ff277c09828,morning
401816872,DraftKings,2026-09-09T18:33:51Z,2026-09-09T17:10Z,2026-09-09 00:00:00,DET,MIN,-124,103,0.5291347851677457,post_start,824226,provider_map,odds_409c19d68e3b,intraday
401816881,DraftKings,2026-09-09T18:33:51Z,2026-09-09T19:05Z,2026-09-09 00:00:00,ATH,TOR,135,-163,0.4070892345793669,ok,824956,provider_map,odds_16246e5516a2,intraday
401816879,DraftKings,2026-09-09T18:33:51Z,2026-09-09T19:45Z,2026-09-09 00:00:00,SF,STL,102,-123,0.4729987697789844,ok,823172,provider_map,odds_20e6f3caae96,intraday
401816880,DraftKings,2026-09-09T18:33:51Z,2026-09-09T20:10Z,2026-09-09 00:00:00,SEA,TEX,-148,123,0.5709639471316864,ok,823090,provider_map,odds_e8a36bf1ff9e,intraday
401816882,DraftKings,2026-09-09T18:33:51Z,2026-09-09T20:10Z,2026-09-09 00:00:00,SD,WSH,-187,154,0.623349694217696,ok,823251,provider_map,odds_e1dce1da3c48,intraday
401816869,DraftKings,2026-09-09T18:33:51Z,2026-09-09T22:35Z,2026-09-09 00:00:00,BAL,CLE,-102,-118,0.4826358742837298,ok,824791,provider_map,odds_e781d1fbc9b7,intraday
401816871,DraftKings,2026-09-09T18:33:51Z,2026-09-09T22:40Z,2026-09-09 00:00:00,PHI,HOU,-156,129,0.5825451699171612,ok,823416,provider_map,odds_46786696723a,intraday
401816873,DraftKings,2026-09-09T18:33:51Z,2026-09-09T22:40Z,2026-09-09 00:00:00,MIA,NYM,-126,104,0.532129844319311,ok,823818,provider_map,odds_3935f021e120,intraday
401816868,DraftKings,2026-09-09T18:33:51Z,2026-09-09T22:45Z,2026-09-09 00:00:00,BOS,LAA,-219,178,0.656183311418163,ok,824713,provider_map,odds_00b9670580dd,intraday
401816870,DraftKings,2026-09-09T18:33:51Z,2026-09-09T23:05Z,2026-09-09 00:00:00,NYY,COL,-258,208,0.6894086618545252,ok,823497,provider_map,odds_075aafe8c9f8,intraday
401816874,DraftKings,2026-09-09T18:33:51Z,2026-09-09T23:15Z,2026-09-09 00:00:00,ATL,TB,-123,102,0.5270012302210156,ok,824871,provider_map,odds_eae5445de7f1,intraday
401816875,DraftKings,2026-09-09T18:33:51Z,2026-09-09T23:40Z,2026-09-09 00:00:00,KC,AZ,100,-120,0.4782608695652174,ok,824064,provider_map,odds_4733e8f7773c,intraday
401816876,DraftKings,2026-09-09T18:33:51Z,2026-09-09T23:40Z,2026-09-09 00:00:00,MIL,CHC,-131,108,0.541193294669103,ok,823739,provider_map,odds_ca33f65a5160,intraday
401816877,DraftKings,2026-09-09T18:33:51Z,2026-09-09T23:40Z,2026-09-09 00:00:00,CWS,PIT,-136,113,0.551057677674631,ok,824549,provider_map,odds_24dde26dfc59,intraday
401816878,DraftKings,2026-09-09T18:33:51Z,2026-09-10T02:10Z,2026-09-09 00:00:00,LAD,CIN,-291,232,0.711889884461212,ok,823900,provider_map,odds_20e0016f082e,intraday
401816872,DraftKings,2026-09-09T21:10:59Z,2026-09-09T17:10Z,2026-09-09 00:00:00,DET,MIN,-130,108,0.5403677058353318,post_start,824226,provider_map,odds_d4a24b8bacc1,intraday
401816881,DraftKings,2026-09-09T21:10:59Z,2026-09-09T19:05Z,2026-09-09 00:00:00,ATH,TOR,134,-162,0.4086853434828726,post_start,824956,provider_map,odds_06db88c312f3,intraday
401816879,DraftKings,2026-09-09T21:10:59Z,2026-09-09T19:45Z,2026-09-09 00:00:00,SF,STL,102,-123,0.4729987697789844,post_start,823172,provider_map,odds_4bb5f013d693,intraday
401816880,DraftKings,2026-09-09T21:10:59Z,2026-09-09T20:10Z,2026-09-09 00:00:00,SEA,TEX,-148,123,0.5709639471316864,post_start,823090,provider_map,odds_4c48e6a450af,intraday
401816882,DraftKings,2026-09-09T21:10:59Z,2026-09-09T20:10Z,2026-09-09 00:00:00,SD,WSH,-187,154,0.623349694217696,post_start,823251,provider_map,odds_63fce1c84db8,intraday
401816869,DraftKings,2026-09-09T21:10:59Z,2026-09-09T22:35Z,2026-09-09 00:00:00,BAL,CLE,-102,-118,0.4826358742837298,ok,824791,provider_map,odds_27b01e3a2b42,intraday
401816871,DraftKings,2026-09-09T21:10:59Z,2026-09-09T22:40Z,2026-09-09 00:00:00,PHI,HOU,-161,133,0.5897065065316837,ok,823416,provider_map,odds_3238c29349ef,intraday
401816873,DraftKings,2026-09-09T21:10:59Z,2026-09-09T22:40Z,2026-09-09 00:00:00,MIA,NYM,-126,104,0.532129844319311,ok,823818,provider_map,odds_47e8fa8100d0,intraday
401816868,DraftKings,2026-09-09T21:10:59Z,2026-09-09T22:45Z,2026-09-09 00:00:00,BOS,LAA,-223,182,0.6606643834177295,ok,824713,provider_map,odds_bc9c8ca90d98,intraday
401816870,DraftKings,2026-09-09T21:10:59Z,2026-09-09T23:05Z,2026-09-09 00:00:00,NYY,COL,-251,203,0.6842190494183693,ok,823497,provider_map,odds_876ad5a07deb,intraday
401816874,DraftKings,2026-09-09T21:10:59Z,2026-09-09T23:15Z,2026-09-09 00:00:00,ATL,TB,-126,104,0.532129844319311,ok,824871,provider_map,odds_ae72a523b697,intraday
401816875,DraftKings,2026-09-09T21:10:59Z,2026-09-09T23:40Z,2026-09-09 00:00:00,KC,AZ,100,-120,0.4782608695652174,ok,824064,provider_map,odds_a1334ac069b3,intraday
401816876,DraftKings,2026-09-09T21:10:59Z,2026-09-09T23:40Z,2026-09-09 00:00:00,MIL,CHC,-131,108,0.541193294669103,ok,823739,provider_map,odds_df6f2848ec20,intraday
401816877,DraftKings,2026-09-09T21:10:59Z,2026-09-09T23:40Z,2026-09-09 00:00:00,CWS,PIT,-135,112,0.54911742133538,ok,824549,provider_map,odds_35913002f49c,intraday
401816878,DraftKings,2026-09-09T21:10:59Z,2026-09-10T02:10Z,2026-09-09 00:00:00,LAD,CIN,-292,233,0.7126858014013896,ok,823900,provider_map,odds_8d2cccbed144,intraday
401816872,DraftKings,2026-09-09T23:13:16Z,2026-09-09T17:10Z,2026-09-09 00:00:00,DET,MIN,-130,108,0.5403677058353318,post_start,824226,provider_map,odds_af431062700d,intraday
401816881,DraftKings,2026-09-09T23:13:16Z,2026-09-09T19:05Z,2026-09-09 00:00:00,ATH,TOR,134,-162,0.4086853434828726,post_start,824956,provider_map,odds_0eba0b01e562,intraday
401816879,DraftKings,2026-09-09T23:13:16Z,2026-09-09T19:45Z,2026-09-09 00:00:00,SF,STL,102,-123,0.4729987697789844,post_start,823172,provider_map,odds_d81a35e16c27,intraday
401816880,DraftKings,2026-09-09T23:13:16Z,2026-09-09T20:10Z,2026-09-09 00:00:00,SEA,TEX,-148,123,0.5709639471316864,post_start,823090,provider_map,odds_6f443950a96c,intraday
401816882,DraftKings,2026-09-09T23:13:16Z,2026-09-09T20:10Z,2026-09-09 00:00:00,SD,WSH,-187,154,0.623349694217696,post_start,823251,provider_map,odds_d12d25380776,intraday
401816869,DraftKings,2026-09-09T23:13:16Z,2026-09-09T22:35Z,2026-09-09 00:00:00,BAL,CLE,-102,-118,0.4826358742837298,post_start,824791,provider_map,odds_37614a47046d,intraday
401816871,DraftKings,2026-09-09T23:13:16Z,2026-09-09T22:40Z,2026-09-09 00:00:00,PHI,HOU,-161,133,0.5897065065316837,post_start,823416,provider_map,odds_c98279b5807e,intraday
401816873,DraftKings,2026-09-09T23:13:16Z,2026-09-09T22:40Z,2026-09-09 00:00:00,MIA,NYM,-131,108,0.541193294669103,post_start,823818,provider_map,odds_1ba00d3cc687,intraday
401816868,DraftKings,2026-09-09T23:13:16Z,2026-09-09T22:45Z,2026-09-09 00:00:00,BOS,LAA,-224,183,0.6617671621847335,post_start,824713,provider_map,odds_d92c0ae089e3,intraday
401816870,DraftKings,2026-09-09T23:13:16Z,2026-09-09T23:05Z,2026-09-09 00:00:00,NYY,COL,-257,207,0.6884789570589621,post_start,823497,provider_map,odds_2196f07947a7,intraday
401816874,DraftKings,2026-09-09T23:13:16Z,2026-09-09T23:15Z,2026-09-09 00:00:00,ATL,TB,-126,104,0.532129844319311,ok,824871,provider_map,odds_374ead508216,intraday
401816875,DraftKings,2026-09-09T23:13:16Z,2026-09-09T23:40Z,2026-09-09 00:00:00,KC,AZ,100,-120,0.4782608695652174,ok,824064,provider_map,odds_e6cb4945d308,intraday
401816876,DraftKings,2026-09-09T23:13:16Z,2026-09-09T23:40Z,2026-09-09 00:00:00,MIL,CHC,-136,113,0.551057677674631,ok,823739,provider_map,odds_f4ee9ebfa87b,intraday
401816877,DraftKings,2026-09-09T23:13:16Z,2026-09-09T23:40Z,2026-09-09 00:00:00,CWS,PIT,-131,109,0.5423839616474178,ok,824549,provider_map,odds_d7b4c3b02b14,intraday
401816878,DraftKings,2026-09-09T23:13:16Z,2026-09-10T02:10Z,2026-09-09 00:00:00,LAD,CIN,-291,232,0.711889884461212,ok,823900,provider_map,odds_26177f62c4a9,intraday
401816872,DraftKings,2026-09-10T01:03:14Z,2026-09-09T17:10Z,2026-09-09 00:00:00,DET,MIN,-130,108,0.5403677058353318,post_start,824226,provider_map,odds_8fde126eeed8,intraday
401816881,DraftKings,2026-09-10T01:03:14Z,2026-09-09T19:05Z,2026-09-09 00:00:00,ATH,TOR,134,-162,0.4086853434828726,post_start,824956,provider_map,odds_24cb0ca1e76a,intraday
401816879,DraftKings,2026-09-10T01:03:14Z,2026-09-09T19:45Z,2026-09-09 00:00:00,SF,STL,102,-123,0.4729987697789844,post_start,823172,provider_map,odds_552b537f501a,intraday
401816880,DraftKings,2026-09-10T01:03:14Z,2026-09-09T20:10Z,2026-09-09 00:00:00,SEA,TEX,-148,123,0.5709639471316864,post_start,823090,provider_map,odds_59710b5a3675,intraday
401816882,DraftKings,2026-09-10T01:03:14Z,2026-09-09T20:10Z,2026-09-09 00:00:00,SD,WSH,-187,154,0.623349694217696,post_start,823251,provider_map,odds_e52938309275,intraday
401816869,DraftKings,2026-09-10T01:03:14Z,2026-09-09T22:35Z,2026-09-09 00:00:00,BAL,CLE,-102,-118,0.4826358742837298,post_start,824791,provider_map,odds_f5402f17e9a6,intraday
401816871,DraftKings,2026-09-10T01:03:14Z,2026-09-09T22:40Z,2026-09-09 00:00:00,PHI,HOU,-161,133,0.5897065065316837,post_start,823416,provider_map,odds_6a8e56ee9ba0,intraday
401816873,DraftKings,2026-09-10T01:03:14Z,2026-09-09T22:40Z,2026-09-09 00:00:00,MIA,NYM,-131,108,0.541193294669103,post_start,823818,provider_map,odds_7b5308c12f07,intraday
401816868,DraftKings,2026-09-10T01:03:14Z,2026-09-09T22:45Z,2026-09-09 00:00:00,BOS,LAA,-224,183,0.6617671621847335,post_start,824713,provider_map,odds_c04c74dbfb56,intraday
401816870,DraftKings,2026-09-10T01:03:14Z,2026-09-09T23:05Z,2026-09-09 00:00:00,NYY,COL,-257,207,0.6884789570589621,post_start,823497,provider_map,odds_e5c4905b0f57,intraday
401816874,DraftKings,2026-09-10T01:03:14Z,2026-09-09T23:15Z,2026-09-09 00:00:00,ATL,TB,-126,104,0.532129844319311,post_start,824871,provider_map,odds_34aa8830573d,intraday
401816875,DraftKings,2026-09-10T01:03:14Z,2026-09-09T23:40Z,2026-09-09 00:00:00,KC,AZ,-105,-115,0.4891657638136511,post_start,824064,provider_map,odds_bbae8da78a90,intraday
401816876,DraftKings,2026-09-10T01:03:14Z,2026-09-09T23:40Z,2026-09-09 00:00:00,MIL,CHC,-136,113,0.551057677674631,post_start,823739,provider_map,odds_60dfc15802cc,intraday
401816877,DraftKings,2026-09-10T01:03:14Z,2026-09-09T23:40Z,2026-09-09 00:00:00,CWS,PIT,-131,108,0.541193294669103,post_start,824549,provider_map,odds_bd34759dd7e7,intraday
401816878,DraftKings,2026-09-10T01:03:14Z,2026-09-10T02:10Z,2026-09-09 00:00:00,LAD,CIN,-291,232,0.711889884461212,ok,823900,provider_map,odds_bed010aa56fc,intraday
401816872,DraftKings,2026-09-10T04:41:11Z,2026-09-09T17:10Z,2026-09-09 00:00:00,DET,MIN,-130,108,0.5403677058353318,post_start,824226,provider_map,odds_4c93e572e852,intraday
401816881,DraftKings,2026-09-10T04:41:11Z,2026-09-09T19:05Z,2026-09-09 00:00:00,ATH,TOR,134,-162,0.4086853434828726,post_start,824956,provider_map,odds_82e5fcf1e577,intraday
401816879,DraftKings,2026-09-10T04:41:11Z,2026-09-09T19:45Z,2026-09-09 00:00:00,SF,STL,102,-123,0.4729987697789844,post_start,823172,provider_map,odds_67ab32366ade,intraday
401816880,DraftKings,2026-09-10T04:41:11Z,2026-09-09T20:10Z,2026-09-09 00:00:00,SEA,TEX,-148,123,0.5709639471316864,post_start,823090,provider_map,odds_b9cad9a32954,intraday
401816882,DraftKings,2026-09-10T04:41:11Z,2026-09-09T20:10Z,2026-09-09 00:00:00,SD,WSH,-187,154,0.623349694217696,post_start,823251,provider_map,odds_de9b4c96c8d1,intraday
401816869,DraftKings,2026-09-10T04:41:11Z,2026-09-09T22:35Z,2026-09-09 00:00:00,BAL,CLE,-102,-118,0.4826358742837298,post_start,824791,provider_map,odds_37623497d706,intraday
401816871,DraftKings,2026-09-10T04:41:11Z,2026-09-09T22:40Z,2026-09-09 00:00:00,PHI,HOU,-161,133,0.5897065065316837,post_start,823416,provider_map,odds_70a0b931583f,intraday
401816873,DraftKings,2026-09-10T04:41:11Z,2026-09-09T22:40Z,2026-09-09 00:00:00,MIA,NYM,-131,108,0.541193294669103,post_start,823818,provider_map,odds_e3a94544d01e,intraday
401816868,DraftKings,2026-09-10T04:41:11Z,2026-09-09T22:45Z,2026-09-09 00:00:00,BOS,LAA,-224,183,0.6617671621847335,post_start,824713,provider_map,odds_71cd23a22e1a,intraday
401816870,DraftKings,2026-09-10T04:41:11Z,2026-09-09T23:05Z,2026-09-09 00:00:00,NYY,COL,-257,207,0.6884789570589621,post_start,823497,provider_map,odds_499d999f7714,intraday
401816874,DraftKings,2026-09-10T04:41:11Z,2026-09-09T23:15Z,2026-09-09 00:00:00,ATL,TB,-126,104,0.532129844319311,post_start,824871,provider_map,odds_ea913a3c7ded,intraday
401816875,DraftKings,2026-09-10T04:41:11Z,2026-09-09T23:40Z,2026-09-09 00:00:00,KC,AZ,-105,-115,0.4891657638136511,post_start,824064,provider_map,odds_138f17d20c20,intraday
401816876,DraftKings,2026-09-10T04:41:11Z,2026-09-09T23:40Z,2026-09-09 00:00:00,MIL,CHC,-136,113,0.551057677674631,post_start,823739,provider_map,odds_f73878ce0824,intraday
401816877,DraftKings,2026-09-10T04:41:11Z,2026-09-09T23:40Z,2026-09-09 00:00:00,CWS,PIT,-131,108,0.541193294669103,post_start,824549,provider_map,odds_e2746b7bedac,intraday
401816878,DraftKings,2026-09-10T04:41:11Z,2026-09-10T02:10Z,2026-09-09 00:00:00,LAD,CIN,-301,239,0.7178817917672138,post_start,823900,provider_map,odds_09570130bd4f,intraday
401816885,DraftKings,2026-09-10T14:38:10Z,2026-09-10T16:15Z,2026-09-10 00:00:00,ATL,TB,-127,105,0.5342156560993125,ok,824872,unique_matchup,odds_47eb3d45cf28,morning
401816884,DraftKings,2026-09-10T14:38:10Z,2026-09-10T17:05Z,2026-09-10 00:00:00,PHI,HOU,-192,158,0.6291404186141027,ok,823413,unique_matchup,odds_1b55b1ab5fe1,morning
401816887,DraftKings,2026-09-10T14:38:10Z,2026-09-10T20:10Z,2026-09-10 00:00:00,SEA,TEX,-130,108,0.5403677058353318,ok,823088,unique_matchup,odds_2482786d9d6b,morning
401816883,DraftKings,2026-09-10T14:38:10Z,2026-09-10T23:05Z,2026-09-10 00:00:00,NYY,COL,-301,239,0.7178817917672138,ok,823499,unique_matchup,odds_b9d5cf3e4246,morning
401816886,DraftKings,2026-09-10T14:38:10Z,2026-09-10T23:40Z,2026-09-10 00:00:00,CWS,PIT,-108,-111,0.4967303165053623,ok,824550,unique_matchup,odds_0c0dbcd15cb3,morning
401816885,DraftKings,2026-09-10T18:25:16Z,2026-09-10T16:15Z,2026-09-10 00:00:00,ATL,TB,-136,113,0.551057677674631,post_start,824872,provider_map,odds_872b38e6db76,intraday
401816884,DraftKings,2026-09-10T18:25:16Z,2026-09-10T17:05Z,2026-09-10 00:00:00,PHI,HOU,-194,159,0.6308665846370188,post_start,823413,provider_map,odds_b3e100090dcc,intraday
401816887,DraftKings,2026-09-10T18:25:16Z,2026-09-10T20:10Z,2026-09-10 00:00:00,SEA,TEX,-121,101,0.5239223627237674,ok,823088,provider_map,odds_e8d73dedf87c,intraday
401816883,DraftKings,2026-09-10T18:25:16Z,2026-09-10T23:05Z,2026-09-10 00:00:00,NYY,COL,-301,239,0.7178817917672138,ok,823499,provider_map,odds_833e39dbd680,intraday
401816886,DraftKings,2026-09-10T18:25:16Z,2026-09-10T23:40Z,2026-09-10 00:00:00,CWS,PIT,-110,-109,0.5010897994768962,ok,824550,provider_map,odds_1e8086b3197f,intraday
401816885,DraftKings,2026-09-10T21:12:29Z,2026-09-10T16:15Z,2026-09-10 00:00:00,ATL,TB,-136,113,0.551057677674631,post_start,824872,provider_map,odds_960ab48894ed,intraday
401816884,DraftKings,2026-09-10T21:12:29Z,2026-09-10T17:05Z,2026-09-10 00:00:00,PHI,HOU,-194,159,0.6308665846370188,post_start,823413,provider_map,odds_bd38afe62d92,intraday
401816887,DraftKings,2026-09-10T21:12:29Z,2026-09-10T20:10Z,2026-09-10 00:00:00,SEA,TEX,-112,-107,0.5054504229528212,post_start,823088,provider_map,odds_fa55260a67ad,intraday
401816883,DraftKings,2026-09-10T21:12:29Z,2026-09-10T23:05Z,2026-09-10 00:00:00,NYY,COL,-305,242,0.7203231821006836,ok,823499,provider_map,odds_3dbfdb727060,intraday
401816886,DraftKings,2026-09-10T21:12:29Z,2026-09-10T23:40Z,2026-09-10 00:00:00,CWS,PIT,-115,-104,0.5120034919249236,ok,824550,provider_map,odds_0e79462fce65,intraday
401816885,DraftKings,2026-09-10T23:08:30Z,2026-09-10T16:15Z,2026-09-10 00:00:00,ATL,TB,-136,113,0.551057677674631,post_start,824872,provider_map,odds_9fc739561566,intraday
401816884,DraftKings,2026-09-10T23:08:30Z,2026-09-10T17:05Z,2026-09-10 00:00:00,PHI,HOU,-194,159,0.6308665846370188,post_start,823413,provider_map,odds_f2118f2c5c00,intraday
401816887,DraftKings,2026-09-10T23:08:30Z,2026-09-10T20:10Z,2026-09-10 00:00:00,SEA,TEX,-112,-107,0.5054504229528212,post_start,823088,provider_map,odds_c7d97a071d9e,intraday
401816883,DraftKings,2026-09-10T23:08:30Z,2026-09-10T23:05Z,2026-09-10 00:00:00,NYY,COL,-305,242,0.7203231821006836,post_start,823499,provider_map,odds_89273c01aea6,intraday
401816886,DraftKings,2026-09-10T23:08:30Z,2026-09-10T23:40Z,2026-09-10 00:00:00,CWS,PIT,-115,-105,0.5108342361863488,ok,824550,provider_map,odds_76c01778365d,intraday
401816885,DraftKings,2026-09-11T01:03:18Z,2026-09-10T16:15Z,2026-09-10 00:00:00,ATL,TB,-136,113,0.551057677674631,post_start,824872,provider_map,odds_ea521d0785c8,intraday
401816884,DraftKings,2026-09-11T01:03:18Z,2026-09-10T17:05Z,2026-09-10 00:00:00,PHI,HOU,-194,159,0.6308665846370188,post_start,823413,provider_map,odds_c1b45ff5fcd5,intraday
401816887,DraftKings,2026-09-11T01:03:18Z,2026-09-10T20:10Z,2026-09-10 00:00:00,SEA,TEX,-112,-107,0.5054504229528212,post_start,823088,provider_map,odds_1d4237f2158c,intraday
401816883,DraftKings,2026-09-11T01:03:18Z,2026-09-10T23:05Z,2026-09-10 00:00:00,NYY,COL,-306,243,0.7210733865538136,post_start,823499,provider_map,odds_79fa032e928e,intraday
401816886,DraftKings,2026-09-11T01:03:18Z,2026-09-10T23:40Z,2026-09-10 00:00:00,CWS,PIT,-115,-104,0.5120034919249236,post_start,824550,provider_map,odds_fd42b4bb994d,intraday
401816885,DraftKings,2026-09-11T04:38:51Z,2026-09-10T16:15Z,2026-09-10 00:00:00,ATL,TB,-136,113,0.551057677674631,post_start,824872,provider_map,odds_0a3fc46654af,intraday
401816884,DraftKings,2026-09-11T04:38:51Z,2026-09-10T17:05Z,2026-09-10 00:00:00,PHI,HOU,-194,159,0.6308665846370188,post_start,823413,provider_map,odds_b181e3c507fd,intraday
401816887,DraftKings,2026-09-11T04:38:51Z,2026-09-10T20:10Z,2026-09-10 00:00:00,SEA,TEX,-112,-107,0.5054504229528212,post_start,823088,provider_map,odds_8e5839e050bc,intraday
401816883,DraftKings,2026-09-11T04:38:51Z,2026-09-10T23:05Z,2026-09-10 00:00:00,NYY,COL,-306,243,0.7210733865538136,post_start,823499,provider_map,odds_317b10da762a,intraday
401816886,DraftKings,2026-09-11T04:38:51Z,2026-09-10T23:40Z,2026-09-10 00:00:00,CWS,PIT,-115,-104,0.5120034919249236,post_start,824550,provider_map,odds_d8a99e58008d,intraday
401816899,DraftKings,2026-09-11T14:35:53Z,2026-09-11T18:20Z,2026-09-11 00:00:00,CHC,PIT,-199,163,0.6364166980799397,ok,824631,unique_matchup,odds_9a2c1b9a055b,morning
401816890,DraftKings,2026-09-11T14:35:53Z,2026-09-11T22:40Z,2026-09-11 00:00:00,DET,COL,-187,154,0.623349694217696,ok,824227,unique_matchup,odds_d261c790c169,morning
401816888,DraftKings,2026-09-11T14:35:53Z,2026-09-11T22:45Z,2026-09-11 00:00:00,WSH,LAA,-156,129,0.5825451699171612,ok,822684,unique_matchup,odds_1132d2d997fd,morning
401816894,DraftKings,2026-09-11T14:35:53Z,2026-09-11T23:05Z,2026-09-11 00:00:00,NYY,NYM,-137,114,0.552982006111132,ok,823498,unique_matchup,odds_3e9978a639ed,morning
401816889,DraftKings,2026-09-11T14:35:53Z,2026-09-11T23:07Z,2026-09-11 00:00:00,TOR,BAL,-137,114,0.552982006111132,ok,822767,unique_matchup,odds_cd2d114c3cf0,morning
401816891,DraftKings,2026-09-11T14:35:53Z,2026-09-11T23:10Z,2026-09-11 00:00:00,TB,HOU,-174,144,0.6077645442052222,ok,822930,unique_matchup,odds_4bb2e698fdc2,morning
401816892,DraftKings,2026-09-11T14:35:53Z,2026-09-11T23:10Z,2026-09-11 00:00:00,BOS,KC,-206,168,0.6433898937162037,ok,824711,unique_matchup,odds_3f31ca38a204,morning
401816893,DraftKings,2026-09-11T14:35:53Z,2026-09-11T23:10Z,2026-09-11 00:00:00,MIA,LAD,171,-209,0.3529855264510675,ok,823817,unique_matchup,odds_6dfc7d2cb1d7,morning
401816895,DraftKings,2026-09-11T14:35:53Z,2026-09-11T23:15Z,2026-09-11 00:00:00,ATL,PHI,-187,154,0.623349694217696,ok,824873,unique_matchup,odds_91658c985afe,morning
401816897,DraftKings,2026-09-11T14:35:53Z,2026-09-11T23:40Z,2026-09-11 00:00:00,MIL,CIN,-206,169,0.6442439602855349,ok,823736,unique_matchup,odds_71f606130878,morning
401816898,DraftKings,2026-09-11T14:35:53Z,2026-09-12T00:10Z,2026-09-11 00:00:00,MIN,CLE,-102,-118,0.4826358742837298,ok,823659,unique_matchup,odds_7df75059f987,morning
401816896,DraftKings,2026-09-11T14:35:53Z,2026-09-12T00:15Z,2026-09-11 00:00:00,STL,CWS,-106,-114,0.4913359902963091,ok,823012,unique_matchup,odds_acf97c160de8,morning
401816901,DraftKings,2026-09-11T14:35:53Z,2026-09-12T01:40Z,2026-09-11 00:00:00,ATH,SEA,138,-168,0.4012937230474365,ok,824954,unique_matchup,odds_cac61eb6d9ea,morning
401816902,DraftKings,2026-09-11T14:35:53Z,2026-09-12T01:40Z,2026-09-11 00:00:00,AZ,TEX,-132,109,0.5431991809088762,ok,825036,unique_matchup,odds_2aab7cbe1395,morning
401816900,DraftKings,2026-09-11T14:35:53Z,2026-09-12T02:15Z,2026-09-11 00:00:00,SF,SD,123,-148,0.4290360528683136,ok,823173,unique_matchup,odds_9f29870ffd7c,morning
401816899,DraftKings,2026-09-11T18:29:49Z,2026-09-11T18:20Z,2026-09-11 00:00:00,CHC,PIT,-189,156,0.6260545520418198,post_start,824631,provider_map,odds_51c06f3cb66b,intraday
401816890,DraftKings,2026-09-11T18:29:49Z,2026-09-11T22:40Z,2026-09-11 00:00:00,DET,COL,-187,154,0.623349694217696,ok,824227,provider_map,odds_048a0a888415,intraday
401816888,DraftKings,2026-09-11T18:29:49Z,2026-09-11T22:45Z,2026-09-11 00:00:00,WSH,LAA,-156,129,0.5825451699171612,ok,822684,provider_map,odds_06dfe4db4648,intraday
401816894,DraftKings,2026-09-11T18:29:49Z,2026-09-11T23:05Z,2026-09-11 00:00:00,NYY,NYM,-137,114,0.552982006111132,ok,823498,provider_map,odds_bb015332e1c2,intraday
401816889,DraftKings,2026-09-11T18:29:49Z,2026-09-11T23:07Z,2026-09-11 00:00:00,TOR,BAL,-138,114,0.5537388434710868,ok,822767,provider_map,odds_f1b0e0bece02,intraday
401816891,DraftKings,2026-09-11T18:29:49Z,2026-09-11T23:10Z,2026-09-11 00:00:00,TB,HOU,-174,144,0.6077645442052222,ok,822930,provider_map,odds_0aedf2329a8a,intraday
401816892,DraftKings,2026-09-11T18:29:49Z,2026-09-11T23:10Z,2026-09-11 00:00:00,BOS,KC,-206,168,0.6433898937162037,ok,824711,provider_map,odds_18302a12ef0a,intraday
401816893,DraftKings,2026-09-11T18:29:49Z,2026-09-11T23:10Z,2026-09-11 00:00:00,MIA,LAD,170,-208,0.3541858325666973,ok,823817,provider_map,odds_21b5942870e1,intraday
401816895,DraftKings,2026-09-11T18:29:49Z,2026-09-11T23:15Z,2026-09-11 00:00:00,ATL,PHI,-187,154,0.623349694217696,ok,824873,provider_map,odds_d3dc1878c800,intraday
401816897,DraftKings,2026-09-11T18:29:49Z,2026-09-11T23:40Z,2026-09-11 00:00:00,MIL,CIN,-206,169,0.6442439602855349,ok,823736,provider_map,odds_7332a348a135,intraday
401816898,DraftKings,2026-09-11T18:29:49Z,2026-09-12T00:10Z,2026-09-11 00:00:00,MIN,CLE,-102,-118,0.4826358742837298,ok,823659,provider_map,odds_b3129e4b8738,intraday
401816896,DraftKings,2026-09-11T18:29:49Z,2026-09-12T00:15Z,2026-09-11 00:00:00,STL,CWS,-106,-114,0.4913359902963091,ok,823012,provider_map,odds_4037da942b6f,intraday
401816901,DraftKings,2026-09-11T18:29:49Z,2026-09-12T01:40Z,2026-09-11 00:00:00,ATH,SEA,138,-167,0.4018300574902929,ok,824954,provider_map,odds_f9f9a38df020,intraday
401816902,DraftKings,2026-09-11T18:29:49Z,2026-09-12T01:40Z,2026-09-11 00:00:00,AZ,TEX,-118,-102,0.5173641257162701,ok,825036,provider_map,odds_984c088acee8,intraday
401816900,DraftKings,2026-09-11T18:29:49Z,2026-09-12T02:15Z,2026-09-11 00:00:00,SF,SD,123,-149,0.4283723570801864,ok,823173,provider_map,odds_2e14617956fd,intraday
401816899,DraftKings,2026-09-11T21:18:03Z,2026-09-11T18:20Z,2026-09-11 00:00:00,CHC,PIT,-189,156,0.6260545520418198,post_start,824631,provider_map,odds_3ce09de5349a,intraday
401816890,DraftKings,2026-09-11T21:18:03Z,2026-09-11T22:40Z,2026-09-11 00:00:00,DET,COL,-186,153,0.6219831346321605,ok,824227,provider_map,odds_711acfcb1a4b,intraday
401816888,DraftKings,2026-09-11T21:18:03Z,2026-09-11T22:45Z,2026-09-11 00:00:00,WSH,LAA,-156,129,0.5825451699171612,ok,822684,provider_map,odds_1b420884a1df,intraday
401816894,DraftKings,2026-09-11T21:18:03Z,2026-09-11T23:05Z,2026-09-11 00:00:00,NYY,NYM,-137,113,0.5518239065070631,ok,823498,provider_map,odds_7c13544a0300,intraday
401816889,DraftKings,2026-09-11T21:18:03Z,2026-09-11T23:07Z,2026-09-11 00:00:00,TOR,BAL,-143,119,0.5630832299476779,ok,822767,provider_map,odds_accd80a3e46f,intraday
401816891,DraftKings,2026-09-11T21:18:03Z,2026-09-11T23:10Z,2026-09-11 00:00:00,TB,HOU,-198,162,0.6351437386747637,ok,822930,provider_map,odds_4a8d06f7865c,intraday
401816892,DraftKings,2026-09-11T21:18:03Z,2026-09-11T23:10Z,2026-09-11 00:00:00,BOS,KC,-206,168,0.6433898937162037,ok,824711,provider_map,odds_c6d3f8aeb5e9,intraday
401816893,DraftKings,2026-09-11T21:18:03Z,2026-09-11T23:10Z,2026-09-11 00:00:00,MIA,LAD,171,-209,0.3529855264510675,ok,823817,provider_map,odds_c5b4f50ae6e1,intraday
401816895,DraftKings,2026-09-11T21:18:03Z,2026-09-11T23:15Z,2026-09-11 00:00:00,ATL,PHI,-187,154,0.623349694217696,ok,824873,provider_map,odds_5ae740fd68cb,intraday
401816897,DraftKings,2026-09-11T21:18:03Z,2026-09-11T23:40Z,2026-09-11 00:00:00,MIL,CIN,-207,169,0.6446059988655175,ok,823736,provider_map,odds_b7078f3796ec,intraday
401816898,DraftKings,2026-09-11T21:18:03Z,2026-09-12T00:10Z,2026-09-11 00:00:00,MIN,CLE,-101,-120,0.4794993526111351,ok,823659,provider_map,odds_0ec7dc5a362a,intraday
401816896,DraftKings,2026-09-11T21:18:03Z,2026-09-12T00:15Z,2026-09-11 00:00:00,STL,CWS,-114,-106,0.5086640097036909,ok,823012,provider_map,odds_b2d3f9d93f2a,intraday
401816901,DraftKings,2026-09-11T21:18:03Z,2026-09-12T01:40Z,2026-09-11 00:00:00,ATH,SEA,138,-167,0.4018300574902929,ok,824954,provider_map,odds_51dbebae9ce4,intraday
401816902,DraftKings,2026-09-11T21:18:03Z,2026-09-12T01:40Z,2026-09-11 00:00:00,AZ,TEX,-118,-102,0.5173641257162701,ok,825036,provider_map,odds_06289c79ad2a,intraday
401816900,DraftKings,2026-09-11T21:18:03Z,2026-09-12T02:15Z,2026-09-11 00:00:00,SF,SD,123,-149,0.4283723570801864,ok,823173,provider_map,odds_aa63c9a7abcc,intraday
401816899,DraftKings,2026-09-11T23:31:49Z,2026-09-11T18:20Z,2026-09-11 00:00:00,CHC,PIT,-189,156,0.6260545520418198,post_start,824631,provider_map,odds_d9cd1994da12,intraday
401816890,DraftKings,2026-09-11T23:31:49Z,2026-09-11T22:40Z,2026-09-11 00:00:00,DET,COL,-182,150,0.6173677069199457,post_start,824227,provider_map,odds_ffb4acc9585f,intraday
401816888,DraftKings,2026-09-11T23:31:49Z,2026-09-11T22:45Z,2026-09-11 00:00:00,WSH,LAA,-161,133,0.5897065065316837,post_start,822684,provider_map,odds_4f2191eca89d,intraday
401816894,DraftKings,2026-09-11T23:31:49Z,2026-09-11T23:05Z,2026-09-11 00:00:00,NYY,NYM,-137,113,0.5518239065070631,post_start,823498,provider_map,odds_3fd9f5a28a15,intraday
401816889,DraftKings,2026-09-11T23:31:49Z,2026-09-11T23:07Z,2026-09-11 00:00:00,TOR,BAL,-137,113,0.5518239065070631,post_start,822767,provider_map,odds_3738c033fef5,intraday
401816891,DraftKings,2026-09-11T23:31:49Z,2026-09-11T23:10Z,2026-09-11 00:00:00,TB,HOU,-198,162,0.6351437386747637,post_start,822930,provider_map,odds_772bb2bdb61f,intraday
401816892,DraftKings,2026-09-11T23:31:49Z,2026-09-11T23:10Z,2026-09-11 00:00:00,BOS,KC,-217,177,0.654717947042229,post_start,824711,provider_map,odds_67dc5854b30c,intraday
401816893,DraftKings,2026-09-11T23:31:49Z,2026-09-11T23:10Z,2026-09-11 00:00:00,MIA,LAD,171,-209,0.3529855264510675,post_start,823817,provider_map,odds_576840dc1da1,intraday
401816895,DraftKings,2026-09-11T23:31:49Z,2026-09-11T23:15Z,2026-09-11 00:00:00,ATL,PHI,-186,153,0.6219831346321605,post_start,824873,provider_map,odds_c5ab9cc51af5,intraday
401816897,DraftKings,2026-09-11T23:31:49Z,2026-09-11T23:40Z,2026-09-11 00:00:00,MIL,CIN,-207,170,0.6454555953343342,ok,823736,provider_map,odds_4d3e66114220,intraday
401816898,DraftKings,2026-09-11T23:31:49Z,2026-09-12T00:10Z,2026-09-11 00:00:00,MIN,CLE,-101,-120,0.4794993526111351,ok,823659,provider_map,odds_936f497b814d,intraday
401816896,DraftKings,2026-09-11T23:31:49Z,2026-09-12T00:15Z,2026-09-11 00:00:00,STL,CWS,-114,-106,0.5086640097036909,ok,823012,provider_map,odds_1f8d64f1f072,intraday
401816901,DraftKings,2026-09-11T23:31:49Z,2026-09-12T01:40Z,2026-09-11 00:00:00,ATH,SEA,138,-168,0.4012937230474365,ok,824954,provider_map,odds_8311a4963cf8,intraday
401816902,DraftKings,2026-09-11T23:31:49Z,2026-09-12T01:40Z,2026-09-11 00:00:00,AZ,TEX,-116,-104,0.5130072840790842,ok,825036,provider_map,odds_14826a29c2bb,intraday
401816900,DraftKings,2026-09-11T23:31:49Z,2026-09-12T02:15Z,2026-09-11 00:00:00,SF,SD,134,-163,0.4081189286490177,ok,823173,provider_map,odds_2efb74639b13,intraday
401816899,DraftKings,2026-09-12T01:33:34Z,2026-09-11T18:20Z,2026-09-11 00:00:00,CHC,PIT,-189,156,0.6260545520418198,post_start,824631,provider_map,odds_bb09642638b7,intraday
401816890,DraftKings,2026-09-12T01:33:34Z,2026-09-11T22:40Z,2026-09-11 00:00:00,DET,COL,-182,150,0.6173677069199457,post_start,824227,provider_map,odds_4fb2072e6705,intraday
401816888,DraftKings,2026-09-12T01:33:34Z,2026-09-11T22:45Z,2026-09-11 00:00:00,WSH,LAA,-161,133,0.5897065065316837,post_start,822684,provider_map,odds_bc79e8cb2fd8,intraday
401816894,DraftKings,2026-09-12T01:33:34Z,2026-09-11T23:05Z,2026-09-11 00:00:00,NYY,NYM,-137,113,0.5518239065070631,post_start,823498,provider_map,odds_b31884bb5cc4,intraday
401816889,DraftKings,2026-09-12T01:33:34Z,2026-09-11T23:07Z,2026-09-11 00:00:00,TOR,BAL,-137,113,0.5518239065070631,post_start,822767,provider_map,odds_ace29033296c,intraday
401816891,DraftKings,2026-09-12T01:33:34Z,2026-09-11T23:10Z,2026-09-11 00:00:00,TB,HOU,-198,162,0.6351437386747637,post_start,822930,provider_map,odds_3aa300bf5da2,intraday
401816892,DraftKings,2026-09-12T01:33:34Z,2026-09-11T23:10Z,2026-09-11 00:00:00,BOS,KC,-217,177,0.654717947042229,post_start,824711,provider_map,odds_31c575484823,intraday
401816893,DraftKings,2026-09-12T01:33:34Z,2026-09-11T23:10Z,2026-09-11 00:00:00,MIA,LAD,171,-209,0.3529855264510675,post_start,823817,provider_map,odds_ebe1323e1ff8,intraday
401816895,DraftKings,2026-09-12T01:33:34Z,2026-09-11T23:15Z,2026-09-11 00:00:00,ATL,PHI,-188,155,0.6247068021892103,post_start,824873,provider_map,odds_679b14d86a67,intraday
401816897,DraftKings,2026-09-12T01:33:34Z,2026-09-11T23:40Z,2026-09-11 00:00:00,MIL,CIN,-207,169,0.6446059988655175,post_start,823736,provider_map,odds_37c4223118c7,intraday
401816898,DraftKings,2026-09-12T01:33:34Z,2026-09-12T00:10Z,2026-09-11 00:00:00,MIN,CLE,-101,-119,0.4804509318389157,post_start,823659,provider_map,odds_ca5eab8dfe41,intraday
401816896,DraftKings,2026-09-12T01:33:34Z,2026-09-12T00:15Z,2026-09-11 00:00:00,STL,CWS,-109,-111,0.4978354041300489,post_start,823012,provider_map,odds_249a17a94985,intraday
401816901,DraftKings,2026-09-12T01:33:34Z,2026-09-12T01:40Z,2026-09-11 00:00:00,ATH,SEA,138,-167,0.4018300574902929,ok,824954,provider_map,odds_99bb12b9ff16,intraday
401816902,DraftKings,2026-09-12T01:33:34Z,2026-09-12T01:40Z,2026-09-11 00:00:00,AZ,TEX,-118,-102,0.5173641257162701,ok,825036,provider_map,odds_4d205e3c491c,intraday
401816900,DraftKings,2026-09-12T01:33:34Z,2026-09-12T02:15Z,2026-09-11 00:00:00,SF,SD,134,-163,0.4081189286490177,ok,823173,provider_map,odds_743dcff0d205,intraday
401816899,DraftKings,2026-09-12T04:33:00Z,2026-09-11T18:20Z,2026-09-11 00:00:00,CHC,PIT,-189,156,0.6260545520418198,post_start,824631,provider_map,odds_4838b44fc9f4,intraday
401816890,DraftKings,2026-09-12T04:33:00Z,2026-09-11T22:40Z,2026-09-11 00:00:00,DET,COL,-182,150,0.6173677069199457,post_start,824227,provider_map,odds_5800d961bb57,intraday
401816888,DraftKings,2026-09-12T04:33:00Z,2026-09-11T22:45Z,2026-09-11 00:00:00,WSH,LAA,-161,133,0.5897065065316837,post_start,822684,provider_map,odds_3c1cd54fda0e,intraday
401816894,DraftKings,2026-09-12T04:33:00Z,2026-09-11T23:05Z,2026-09-11 00:00:00,NYY,NYM,-137,113,0.5518239065070631,post_start,823498,provider_map,odds_aa4117efdaf7,intraday
401816889,DraftKings,2026-09-12T04:33:00Z,2026-09-11T23:07Z,2026-09-11 00:00:00,TOR,BAL,-137,113,0.5518239065070631,post_start,822767,provider_map,odds_855fbf577bc9,intraday
401816891,DraftKings,2026-09-12T04:33:00Z,2026-09-11T23:10Z,2026-09-11 00:00:00,TB,HOU,-198,162,0.6351437386747637,post_start,822930,provider_map,odds_330b5d92c67f,intraday
401816892,DraftKings,2026-09-12T04:33:00Z,2026-09-11T23:10Z,2026-09-11 00:00:00,BOS,KC,-217,177,0.654717947042229,post_start,824711,provider_map,odds_c69d1e18cdf7,intraday
401816893,DraftKings,2026-09-12T04:33:00Z,2026-09-11T23:10Z,2026-09-11 00:00:00,MIA,LAD,171,-209,0.3529855264510675,post_start,823817,provider_map,odds_8caf39208875,intraday
401816895,DraftKings,2026-09-12T04:33:00Z,2026-09-11T23:15Z,2026-09-11 00:00:00,ATL,PHI,-188,155,0.6247068021892103,post_start,824873,provider_map,odds_6e84f46ef1b6,intraday
401816897,DraftKings,2026-09-12T04:33:00Z,2026-09-11T23:40Z,2026-09-11 00:00:00,MIL,CIN,-207,169,0.6446059988655175,post_start,823736,provider_map,odds_15b5264fe05c,intraday
401816898,DraftKings,2026-09-12T04:33:00Z,2026-09-12T00:10Z,2026-09-11 00:00:00,MIN,CLE,-101,-119,0.4804509318389157,post_start,823659,provider_map,odds_de2c2cc70511,intraday
401816896,DraftKings,2026-09-12T04:33:00Z,2026-09-12T00:15Z,2026-09-11 00:00:00,STL,CWS,-109,-111,0.4978354041300489,post_start,823012,provider_map,odds_dd8959464399,intraday
401816901,DraftKings,2026-09-12T04:33:00Z,2026-09-12T01:40Z,2026-09-11 00:00:00,ATH,SEA,138,-167,0.4018300574902929,post_start,824954,provider_map,odds_932bfe1e7082,intraday
401816902,DraftKings,2026-09-12T04:33:00Z,2026-09-12T01:40Z,2026-09-11 00:00:00,AZ,TEX,-118,-102,0.5173641257162701,post_start,825036,provider_map,odds_59481d83683b,intraday
401816900,DraftKings,2026-09-12T04:33:00Z,2026-09-12T02:15Z,2026-09-11 00:00:00,SF,SD,134,-163,0.4081189286490177,post_start,823173,provider_map,odds_83ba41db2587,intraday
401816905,DraftKings,2026-09-12T13:45:30Z,2026-09-12T17:10Z,2026-09-12 00:00:00,DET,COL,-176,145,0.6097285067873303,ok,824224,unique_matchup,odds_8565f16190ad,morning
401816909,DraftKings,2026-09-12T13:45:30Z,2026-09-12T17:35Z,2026-09-12 00:00:00,NYY,NYM,-174,143,0.6067851094974311,ok,823496,unique_matchup,odds_22c135951dc4,morning
401816914,DraftKings,2026-09-12T13:45:30Z,2026-09-12T18:20Z,2026-09-12 00:00:00,CHC,PIT,-126,104,0.532129844319311,ok,824630,unique_matchup,odds_7cb6b3424aac,morning
401816904,DraftKings,2026-09-12T13:45:30Z,2026-09-12T19:07Z,2026-09-12 00:00:00,TOR,BAL,-115,-105,0.5108342361863488,ok,822768,unique_matchup,odds_02f7fd664477,morning
401816903,DraftKings,2026-09-12T13:45:30Z,2026-09-12T20:05Z,2026-09-12 00:00:00,WSH,LAA,-118,-102,0.5173641257162701,ok,822685,unique_matchup,odds_137240504cfe,morning
401816915,DraftKings,2026-09-12T13:45:30Z,2026-09-12T20:05Z,2026-09-12 00:00:00,SF,SD,140,-170,0.3982300884955752,ok,823170,unique_matchup,odds_8f4c12ae9f8a,morning
401816907,DraftKings,2026-09-12T13:45:30Z,2026-09-12T20:10Z,2026-09-12 00:00:00,BOS,KC,-220,179,0.6573142000428357,ok,824712,unique_matchup,odds_270f8e911d23,morning
401816908,DraftKings,2026-09-12T13:45:30Z,2026-09-12T20:10Z,2026-09-12 00:00:00,MIA,LAD,158,-192,0.3708595813858972,ok,823819,unique_matchup,odds_cd002f12f06f,morning
401816913,DraftKings,2026-09-12T13:45:30Z,2026-09-12T20:10Z,2026-09-12 00:00:00,MIN,CLE,-111,-109,0.5021645958699511,ok,823657,unique_matchup,odds_6017f5bde03b,morning
401816906,DraftKings,2026-09-12T13:45:30Z,2026-09-12T22:10Z,2026-09-12 00:00:00,TB,HOU,-149,123,0.5716276429198135,ok,822927,unique_matchup,odds_889aceeb0069,morning
401816912,DraftKings,2026-09-12T13:45:30Z,2026-09-12T23:10Z,2026-09-12 00:00:00,MIL,CIN,-187,154,0.623349694217696,ok,823737,unique_matchup,odds_421264dffc60,morning
401816910,DraftKings,2026-09-12T13:45:30Z,2026-09-12T23:15Z,2026-09-12 00:00:00,ATL,PHI,-120,100,0.5217391304347826,ok,824870,unique_matchup,odds_6a9b360cb40b,morning
401816911,DraftKings,2026-09-12T13:45:30Z,2026-09-12T23:15Z,2026-09-12 00:00:00,STL,CWS,-116,-104,0.5130072840790842,ok,823009,unique_matchup,odds_4c4d704a682d,morning
401816917,DraftKings,2026-09-12T13:45:30Z,2026-09-13T00:10Z,2026-09-12 00:00:00,AZ,TEX,-143,119,0.5630832299476779,ok,825035,unique_matchup,odds_a25fa67275df,morning
401816916,DraftKings,2026-09-12T13:45:30Z,2026-09-13T01:40Z,2026-09-12 00:00:00,ATH,SEA,144,-174,0.3922354557947778,ok,824955,unique_matchup,odds_cfc75c277bb3,morning
401816905,DraftKings,2026-09-12T17:45:16Z,2026-09-12T17:10Z,2026-09-12 00:00:00,DET,COL,-168,138,0.5987062769525635,post_start,824224,provider_map,odds_3aa4dc21350d,intraday
401816909,DraftKings,2026-09-12T17:45:16Z,2026-09-12T17:35Z,2026-09-12 00:00:00,NYY,NYM,-171,141,0.6032849760653483,post_start,823496,provider_map,odds_0ff57fef1b58,intraday
401816914,DraftKings,2026-09-12T17:45:16Z,2026-09-12T18:20Z,2026-09-12 00:00:00,CHC,PIT,-132,109,0.5431991809088762,ok,824630,provider_map,odds_edfc1d11f990,intraday
401816904,DraftKings,2026-09-12T17:45:16Z,2026-09-12T19:07Z,2026-09-12 00:00:00,TOR,BAL,-135,112,0.54911742133538,ok,822768,provider_map,odds_7ffd2e8101ed,intraday
401816903,DraftKings,2026-09-12T17:45:16Z,2026-09-12T20:05Z,2026-09-12 00:00:00,WSH,LAA,-132,109,0.5431991809088762,ok,822685,provider_map,odds_d1be49c58ccb,intraday
401816915,DraftKings,2026-09-12T17:45:16Z,2026-09-12T20:05Z,2026-09-12 00:00:00,SF,SD,156,-190,0.3735188047398248,ok,823170,provider_map,odds_fa98ecbddb3b,intraday
401816907,DraftKings,2026-09-12T17:45:16Z,2026-09-12T20:10Z,2026-09-12 00:00:00,BOS,KC,-226,184,0.6631674656968094,ok,824712,provider_map,odds_2df9ffa7bb41,intraday
401816908,DraftKings,2026-09-12T17:45:16Z,2026-09-12T20:10Z,2026-09-12 00:00:00,MIA,LAD,138,-167,0.4018300574902929,ok,823819,provider_map,odds_2bfd48016c11,intraday
401816913,DraftKings,2026-09-12T17:45:16Z,2026-09-12T20:10Z,2026-09-12 00:00:00,MIN,CLE,-111,-108,0.5032696834946377,ok,823657,provider_map,odds_ca9556ca57b5,intraday
401816906,DraftKings,2026-09-12T17:45:16Z,2026-09-12T22:10Z,2026-09-12 00:00:00,TB,HOU,-145,120,0.5656028368794326,ok,822927,provider_map,odds_6e76d99f04ba,intraday
401816912,DraftKings,2026-09-12T17:45:16Z,2026-09-12T23:10Z,2026-09-12 00:00:00,MIL,CIN,-188,154,0.6237851395130107,ok,823737,provider_map,odds_fc3326f74f50,intraday
401816910,DraftKings,2026-09-12T17:45:16Z,2026-09-12T23:15Z,2026-09-12 00:00:00,ATL,PHI,-137,114,0.552982006111132,ok,824870,provider_map,odds_f1b02efd1814,intraday
401816911,DraftKings,2026-09-12T17:45:16Z,2026-09-12T23:15Z,2026-09-12 00:00:00,STL,CWS,-110,-109,0.5010897994768962,ok,823009,provider_map,odds_062ff073a428,intraday
401816917,DraftKings,2026-09-12T17:45:16Z,2026-09-13T00:10Z,2026-09-12 00:00:00,AZ,TEX,-131,109,0.5423839616474178,ok,825035,provider_map,odds_5d1875809c5e,intraday
401816916,DraftKings,2026-09-12T17:45:16Z,2026-09-13T01:40Z,2026-09-12 00:00:00,ATH,SEA,144,-174,0.3922354557947778,ok,824955,provider_map,odds_22495e12ad16,intraday
401816905,DraftKings,2026-09-12T19:38:48Z,2026-09-12T17:10Z,2026-09-12 00:00:00,DET,COL,-168,138,0.5987062769525635,post_start,824224,provider_map,odds_48d893ab2ca6,intraday
401816909,DraftKings,2026-09-12T19:38:48Z,2026-09-12T17:35Z,2026-09-12 00:00:00,NYY,NYM,-171,141,0.6032849760653483,post_start,823496,provider_map,odds_96285a674e0d,intraday
401816914,DraftKings,2026-09-12T19:38:48Z,2026-09-12T18:20Z,2026-09-12 00:00:00,CHC,PIT,-132,109,0.5431991809088762,post_start,824630,provider_map,odds_788250c98e8f,intraday
401816904,DraftKings,2026-09-12T19:38:48Z,2026-09-12T19:07Z,2026-09-12 00:00:00,TOR,BAL,-142,118,0.5612444702298934,post_start,822768,provider_map,odds_10989f257400,intraday
401816903,DraftKings,2026-09-12T19:38:48Z,2026-09-12T20:05Z,2026-09-12 00:00:00,WSH,LAA,-136,113,0.551057677674631,ok,822685,provider_map,odds_f4da181b74d5,intraday
401816915,DraftKings,2026-09-12T19:38:48Z,2026-09-12T20:05Z,2026-09-12 00:00:00,SF,SD,158,-192,0.3708595813858972,ok,823170,provider_map,odds_7d1f66b62de1,intraday
401816907,DraftKings,2026-09-12T19:38:48Z,2026-09-12T20:10Z,2026-09-12 00:00:00,BOS,KC,-225,183,0.6620743436443982,ok,824712,provider_map,odds_82b7d20c1905,intraday
401816908,DraftKings,2026-09-12T19:38:48Z,2026-09-12T20:10Z,2026-09-12 00:00:00,MIA,LAD,138,-168,0.4012937230474365,ok,823819,provider_map,odds_70d17a71ce05,intraday
401816913,DraftKings,2026-09-12T19:38:48Z,2026-09-12T20:10Z,2026-09-12 00:00:00,MIN,CLE,-111,-108,0.5032696834946377,ok,823657,provider_map,odds_9aa478175d09,intraday
401816906,DraftKings,2026-09-12T19:38:48Z,2026-09-12T22:10Z,2026-09-12 00:00:00,TB,HOU,-143,119,0.5630832299476779,ok,822927,provider_map,odds_8c8ddf1dd73f,intraday
401816912,DraftKings,2026-09-12T19:38:48Z,2026-09-12T23:10Z,2026-09-12 00:00:00,MIL,CIN,-192,158,0.6291404186141027,ok,823737,provider_map,odds_b076cc1ed30d,intraday
401816910,DraftKings,2026-09-12T19:38:48Z,2026-09-12T23:15Z,2026-09-12 00:00:00,ATL,PHI,-137,114,0.552982006111132,ok,824870,provider_map,odds_484d9fee4230,intraday
401816911,DraftKings,2026-09-12T19:38:48Z,2026-09-12T23:15Z,2026-09-12 00:00:00,STL,CWS,-110,-109,0.5010897994768962,ok,823009,provider_map,odds_957b41915e58,intraday
401816917,DraftKings,2026-09-12T19:38:48Z,2026-09-13T00:10Z,2026-09-12 00:00:00,AZ,TEX,-131,109,0.5423839616474178,ok,825035,provider_map,odds_5b9377047ac5,intraday
401816916,DraftKings,2026-09-12T19:38:48Z,2026-09-13T01:40Z,2026-09-12 00:00:00,ATH,SEA,144,-174,0.3922354557947778,ok,824955,provider_map,odds_f3d5b198b45d,intraday
401816905,DraftKings,2026-09-12T21:39:13Z,2026-09-12T17:10Z,2026-09-12 00:00:00,DET,COL,-168,138,0.5987062769525635,post_start,824224,provider_map,odds_e665275da81b,intraday
401816909,DraftKings,2026-09-12T21:39:13Z,2026-09-12T17:35Z,2026-09-12 00:00:00,NYY,NYM,-171,141,0.6032849760653483,post_start,823496,provider_map,odds_f1fd3dfa8391,intraday
401816914,DraftKings,2026-09-12T21:39:13Z,2026-09-12T18:20Z,2026-09-12 00:00:00,CHC,PIT,-132,109,0.5431991809088762,post_start,824630,provider_map,odds_5e749bf1ff72,intraday
401816904,DraftKings,2026-09-12T21:39:13Z,2026-09-12T19:07Z,2026-09-12 00:00:00,TOR,BAL,-142,118,0.5612444702298934,post_start,822768,provider_map,odds_484a7bbe3dae,intraday
401816903,DraftKings,2026-09-12T21:39:13Z,2026-09-12T20:05Z,2026-09-12 00:00:00,WSH,LAA,-132,109,0.5431991809088762,post_start,822685,provider_map,odds_2f4f0814c991,intraday
401816915,DraftKings,2026-09-12T21:39:13Z,2026-09-12T20:05Z,2026-09-12 00:00:00,SF,SD,158,-192,0.3708595813858972,post_start,823170,provider_map,odds_313779e90630,intraday
401816907,DraftKings,2026-09-12T21:39:13Z,2026-09-12T20:10Z,2026-09-12 00:00:00,BOS,KC,-225,183,0.6620743436443982,post_start,824712,provider_map,odds_870c8dc7c6c6,intraday
401816908,DraftKings,2026-09-12T21:39:13Z,2026-09-12T20:10Z,2026-09-12 00:00:00,MIA,LAD,138,-168,0.4012937230474365,post_start,823819,provider_map,odds_d7a9f81a690f,intraday
401816913,DraftKings,2026-09-12T21:39:13Z,2026-09-12T20:10Z,2026-09-12 00:00:00,MIN,CLE,-110,-109,0.5010897994768962,post_start,823657,provider_map,odds_4cc9b77c758e,intraday
401816906,DraftKings,2026-09-12T21:39:13Z,2026-09-12T22:10Z,2026-09-12 00:00:00,TB,HOU,-149,123,0.5716276429198135,ok,822927,provider_map,odds_7478ba61c0e9,intraday
401816912,DraftKings,2026-09-12T21:39:13Z,2026-09-12T23:10Z,2026-09-12 00:00:00,MIL,CIN,-219,178,0.656183311418163,ok,823737,provider_map,odds_dd91ead8d969,intraday
401816910,DraftKings,2026-09-12T21:39:13Z,2026-09-12T23:15Z,2026-09-12 00:00:00,ATL,PHI,-145,120,0.5656028368794326,ok,824870,provider_map,odds_8bcb80724dcb,intraday
401816911,DraftKings,2026-09-12T21:39:13Z,2026-09-12T23:15Z,2026-09-12 00:00:00,STL,CWS,-108,-111,0.4967303165053623,ok,823009,provider_map,odds_b70b8185c907,intraday
401816917,DraftKings,2026-09-12T21:39:13Z,2026-09-13T00:10Z,2026-09-12 00:00:00,AZ,TEX,-131,109,0.5423839616474178,ok,825035,provider_map,odds_7068e4e428c9,intraday
401816916,DraftKings,2026-09-12T21:39:13Z,2026-09-13T01:40Z,2026-09-12 00:00:00,ATH,SEA,140,-170,0.3982300884955752,ok,824955,provider_map,odds_691647c9c0ce,intraday
401816905,DraftKings,2026-09-12T23:21:43Z,2026-09-12T17:10Z,2026-09-12 00:00:00,DET,COL,-168,138,0.5987062769525635,post_start,824224,provider_map,odds_7a8a9e2a19d2,intraday
401816909,DraftKings,2026-09-12T23:21:43Z,2026-09-12T17:35Z,2026-09-12 00:00:00,NYY,NYM,-171,141,0.6032849760653483,post_start,823496,provider_map,odds_ee0e13cecb6a,intraday
401816914,DraftKings,2026-09-12T23:21:43Z,2026-09-12T18:20Z,2026-09-12 00:00:00,CHC,PIT,-132,109,0.5431991809088762,post_start,824630,provider_map,odds_0a74cad47097,intraday
401816904,DraftKings,2026-09-12T23:21:43Z,2026-09-12T19:07Z,2026-09-12 00:00:00,TOR,BAL,-142,118,0.5612444702298934,post_start,822768,provider_map,odds_46034439f79d,intraday
401816903,DraftKings,2026-09-12T23:21:43Z,2026-09-12T20:05Z,2026-09-12 00:00:00,WSH,LAA,-132,109,0.5431991809088762,post_start,822685,provider_map,odds_7d996cd90a0e,intraday
401816915,DraftKings,2026-09-12T23:21:43Z,2026-09-12T20:05Z,2026-09-12 00:00:00,SF,SD,158,-192,0.3708595813858972,post_start,823170,provider_map,odds_b62f71b85499,intraday
401816907,DraftKings,2026-09-12T23:21:43Z,2026-09-12T20:10Z,2026-09-12 00:00:00,BOS,KC,-225,183,0.6620743436443982,post_start,824712,provider_map,odds_4a199d591eed,intraday
401816908,DraftKings,2026-09-12T23:21:43Z,2026-09-12T20:10Z,2026-09-12 00:00:00,MIA,LAD,138,-168,0.4012937230474365,post_start,823819,provider_map,odds_5da23c9e2980,intraday
401816913,DraftKings,2026-09-12T23:21:43Z,2026-09-12T20:10Z,2026-09-12 00:00:00,MIN,CLE,-110,-109,0.5010897994768962,post_start,823657,provider_map,odds_240662670a7c,intraday
401816906,DraftKings,2026-09-12T23:21:43Z,2026-09-12T22:10Z,2026-09-12 00:00:00,TB,HOU,-149,123,0.5716276429198135,post_start,822927,provider_map,odds_4349608a44cb,intraday
401816912,DraftKings,2026-09-12T23:21:43Z,2026-09-12T23:10Z,2026-09-12 00:00:00,MIL,CIN,-218,178,0.655859053720618,post_start,823737,provider_map,odds_ab2c7417db25,intraday
401816910,DraftKings,2026-09-12T23:21:43Z,2026-09-12T23:15Z,2026-09-12 00:00:00,ATL,PHI,-145,120,0.5656028368794326,post_start,824870,provider_map,odds_596478b3c623,intraday
401816911,DraftKings,2026-09-12T23:21:43Z,2026-09-12T23:15Z,2026-09-12 00:00:00,STL,CWS,-108,-111,0.4967303165053623,post_start,823009,provider_map,odds_b4910ca8936b,intraday
401816917,DraftKings,2026-09-12T23:21:43Z,2026-09-13T00:10Z,2026-09-12 00:00:00,AZ,TEX,-136,113,0.551057677674631,ok,825035,provider_map,odds_ad326bc71b5b,intraday
401816916,DraftKings,2026-09-12T23:21:43Z,2026-09-13T01:40Z,2026-09-12 00:00:00,ATH,SEA,129,-156,0.4174548300828387,ok,824955,provider_map,odds_7ccdfc79b8db,intraday
401816905,DraftKings,2026-09-13T01:24:55Z,2026-09-12T17:10Z,2026-09-12 00:00:00,DET,COL,-168,138,0.5987062769525635,post_start,824224,provider_map,odds_1281a36395fa,intraday
401816909,DraftKings,2026-09-13T01:24:55Z,2026-09-12T17:35Z,2026-09-12 00:00:00,NYY,NYM,-171,141,0.6032849760653483,post_start,823496,provider_map,odds_b33d15998632,intraday
401816914,DraftKings,2026-09-13T01:24:55Z,2026-09-12T18:20Z,2026-09-12 00:00:00,CHC,PIT,-132,109,0.5431991809088762,post_start,824630,provider_map,odds_89c80fbeddca,intraday
401816904,DraftKings,2026-09-13T01:24:55Z,2026-09-12T19:07Z,2026-09-12 00:00:00,TOR,BAL,-142,118,0.5612444702298934,post_start,822768,provider_map,odds_aec090a37f5f,intraday
401816903,DraftKings,2026-09-13T01:24:55Z,2026-09-12T20:05Z,2026-09-12 00:00:00,WSH,LAA,-132,109,0.5431991809088762,post_start,822685,provider_map,odds_24b404689680,intraday
401816915,DraftKings,2026-09-13T01:24:55Z,2026-09-12T20:05Z,2026-09-12 00:00:00,SF,SD,158,-192,0.3708595813858972,post_start,823170,provider_map,odds_1f8b7b6d9964,intraday
401816907,DraftKings,2026-09-13T01:24:55Z,2026-09-12T20:10Z,2026-09-12 00:00:00,BOS,KC,-225,183,0.6620743436443982,post_start,824712,provider_map,odds_4136975d13e6,intraday
401816908,DraftKings,2026-09-13T01:24:55Z,2026-09-12T20:10Z,2026-09-12 00:00:00,MIA,LAD,138,-168,0.4012937230474365,post_start,823819,provider_map,odds_7c2458fa5122,intraday
401816913,DraftKings,2026-09-13T01:24:55Z,2026-09-12T20:10Z,2026-09-12 00:00:00,MIN,CLE,-110,-109,0.5010897994768962,post_start,823657,provider_map,odds_973f1650059b,intraday
401816906,DraftKings,2026-09-13T01:24:55Z,2026-09-12T22:10Z,2026-09-12 00:00:00,TB,HOU,-149,123,0.5716276429198135,post_start,822927,provider_map,odds_bd1a8561f07b,intraday
401816912,DraftKings,2026-09-13T01:24:55Z,2026-09-12T23:10Z,2026-09-12 00:00:00,MIL,CIN,-218,178,0.655859053720618,post_start,823737,provider_map,odds_8bff2be450b2,intraday
401816910,DraftKings,2026-09-13T01:24:55Z,2026-09-12T23:15Z,2026-09-12 00:00:00,ATL,PHI,-145,120,0.5656028368794326,post_start,824870,provider_map,odds_21447f13a36e,intraday
401816911,DraftKings,2026-09-13T01:24:55Z,2026-09-12T23:15Z,2026-09-12 00:00:00,STL,CWS,-108,-111,0.4967303165053623,post_start,823009,provider_map,odds_c8eedbeea470,intraday
401816917,DraftKings,2026-09-13T01:24:55Z,2026-09-13T00:10Z,2026-09-12 00:00:00,AZ,TEX,-136,113,0.551057677674631,post_start,825035,provider_map,odds_889f2b32d78a,intraday
401816916,DraftKings,2026-09-13T01:24:55Z,2026-09-13T01:40Z,2026-09-12 00:00:00,ATH,SEA,128,-155,0.4191321499013807,ok,824955,provider_map,odds_13c24b9741b3,intraday
401816905,DraftKings,2026-09-13T04:45:58Z,2026-09-12T17:10Z,2026-09-12 00:00:00,DET,COL,-168,138,0.5987062769525635,post_start,824224,provider_map,odds_b9605c2baf52,intraday
401816909,DraftKings,2026-09-13T04:45:58Z,2026-09-12T17:35Z,2026-09-12 00:00:00,NYY,NYM,-171,141,0.6032849760653483,post_start,823496,provider_map,odds_5e40635b04d0,intraday
401816914,DraftKings,2026-09-13T04:45:58Z,2026-09-12T18:20Z,2026-09-12 00:00:00,CHC,PIT,-132,109,0.5431991809088762,post_start,824630,provider_map,odds_028847764468,intraday
401816904,DraftKings,2026-09-13T04:45:58Z,2026-09-12T19:07Z,2026-09-12 00:00:00,TOR,BAL,-142,118,0.5612444702298934,post_start,822768,provider_map,odds_d0b33c3a5422,intraday
401816903,DraftKings,2026-09-13T04:45:58Z,2026-09-12T20:05Z,2026-09-12 00:00:00,WSH,LAA,-132,109,0.5431991809088762,post_start,822685,provider_map,odds_74aeed06ecb0,intraday
401816915,DraftKings,2026-09-13T04:45:58Z,2026-09-12T20:05Z,2026-09-12 00:00:00,SF,SD,158,-192,0.3708595813858972,post_start,823170,provider_map,odds_b166d94783b6,intraday
401816907,DraftKings,2026-09-13T04:45:58Z,2026-09-12T20:10Z,2026-09-12 00:00:00,BOS,KC,-225,183,0.6620743436443982,post_start,824712,provider_map,odds_fed97088a3b3,intraday
401816908,DraftKings,2026-09-13T04:45:58Z,2026-09-12T20:10Z,2026-09-12 00:00:00,MIA,LAD,138,-168,0.4012937230474365,post_start,823819,provider_map,odds_b12111a7e410,intraday
401816913,DraftKings,2026-09-13T04:45:58Z,2026-09-12T20:10Z,2026-09-12 00:00:00,MIN,CLE,-110,-109,0.5010897994768962,post_start,823657,provider_map,odds_cae7a66d8af8,intraday
401816906,DraftKings,2026-09-13T04:45:58Z,2026-09-12T22:10Z,2026-09-12 00:00:00,TB,HOU,-149,123,0.5716276429198135,post_start,822927,provider_map,odds_20289cd5add5,intraday
401816912,DraftKings,2026-09-13T04:45:58Z,2026-09-12T23:10Z,2026-09-12 00:00:00,MIL,CIN,-218,178,0.655859053720618,post_start,823737,provider_map,odds_7a4233b38d89,intraday
401816910,DraftKings,2026-09-13T04:45:58Z,2026-09-12T23:15Z,2026-09-12 00:00:00,ATL,PHI,-145,120,0.5656028368794326,post_start,824870,provider_map,odds_550984948199,intraday
401816911,DraftKings,2026-09-13T04:45:58Z,2026-09-12T23:15Z,2026-09-12 00:00:00,STL,CWS,-108,-111,0.4967303165053623,post_start,823009,provider_map,odds_2509cdbd1aa2,intraday
401816917,DraftKings,2026-09-13T04:45:58Z,2026-09-13T00:10Z,2026-09-12 00:00:00,AZ,TEX,-136,113,0.551057677674631,post_start,825035,provider_map,odds_ad6499836db7,intraday
401816916,DraftKings,2026-09-13T04:45:58Z,2026-09-13T01:40Z,2026-09-12 00:00:00,ATH,SEA,128,-155,0.4191321499013807,post_start,824955,provider_map,odds_5168158477bb,intraday
401816920,DraftKings,2026-09-13T14:35:04Z,2026-09-13T16:10Z,2026-09-13 00:00:00,DET,COL,-186,153,0.6219831346321605,ok,824225,unique_matchup,odds_ed45efbe3fc2,morning
401816918,DraftKings,2026-09-13T14:35:04Z,2026-09-13T17:35Z,2026-09-13 00:00:00,WSH,LAA,-136,113,0.551057677674631,ok,822682,unique_matchup,odds_72d123a4dbde,morning
401816924,DraftKings,2026-09-13T14:35:04Z,2026-09-13T17:35Z,2026-09-13 00:00:00,NYY,NYM,-180,148,0.6145374449339207,ok,823495,unique_matchup,odds_97b725cbf3af,morning
401816925,DraftKings,2026-09-13T14:35:04Z,2026-09-13T17:35Z,2026-09-13 00:00:00,ATL,PHI,-132,110,0.5443833464257659,ok,824869,unique_matchup,odds_c305b8ead2f6,morning
401816919,DraftKings,2026-09-13T14:35:04Z,2026-09-13T17:37Z,2026-09-13 00:00:00,TOR,BAL,-157,130,0.5842096748099014,ok,822764,unique_matchup,odds_4967a4d32c1f,morning
401816921,DraftKings,2026-09-13T14:35:04Z,2026-09-13T17:40Z,2026-09-13 00:00:00,TB,HOU,-136,113,0.551057677674631,ok,822928,unique_matchup,odds_cfbafe1da1fa,morning
401816923,DraftKings,2026-09-13T14:35:04Z,2026-09-13T17:40Z,2026-09-13 00:00:00,MIA,LAD,119,-143,0.4369167700523221,ok,823815,unique_matchup,odds_eeb2113bf587,morning
401816927,DraftKings,2026-09-13T14:35:04Z,2026-09-13T18:10Z,2026-09-13 00:00:00,MIL,CIN,-194,159,0.6308665846370188,ok,823734,unique_matchup,odds_b5ee828bf58d,morning
401816928,DraftKings,2026-09-13T14:35:04Z,2026-09-13T18:10Z,2026-09-13 00:00:00,MIN,CLE,-127,109,0.5390207745263287,ok,823658,unique_matchup,odds_9b821d119c9f,morning
401816926,DraftKings,2026-09-13T14:35:04Z,2026-09-13T18:15Z,2026-09-13 00:00:00,STL,CWS,109,-131,0.4576160383525822,ok,823008,unique_matchup,odds_82625df6e388,morning
401816929,DraftKings,2026-09-13T14:35:04Z,2026-09-13T18:20Z,2026-09-13 00:00:00,CHC,PIT,-161,133,0.5897065065316837,ok,824628,unique_matchup,odds_00006c0a004d,morning
401816922,DraftKings,2026-09-13T14:35:04Z,2026-09-13T19:05Z,2026-09-13 00:00:00,BOS,KC,-187,154,0.623349694217696,ok,824708,unique_matchup,odds_961a0f195da9,morning
401816931,DraftKings,2026-09-13T14:35:04Z,2026-09-13T20:05Z,2026-09-13 00:00:00,ATH,SEA,111,-134,0.4528389518906994,ok,824952,unique_matchup,odds_44895506e334,morning
401816932,DraftKings,2026-09-13T14:35:04Z,2026-09-13T20:10Z,2026-09-13 00:00:00,AZ,TEX,-132,110,0.5443833464257659,ok,825033,unique_matchup,odds_730bde929205,morning
401816930,DraftKings,2026-09-13T14:35:04Z,2026-09-13T23:20Z,2026-09-13 00:00:00,SF,SD,109,-131,0.4576160383525822,ok,823171,unique_matchup,odds_7319b93e8226,morning
401816920,DraftKings,2026-09-13T18:10:45Z,2026-09-13T16:10Z,2026-09-13 00:00:00,DET,COL,-188,155,0.6247068021892103,post_start,824225,provider_map,odds_e40d1e7713ea,intraday
401816918,DraftKings,2026-09-13T18:10:45Z,2026-09-13T17:35Z,2026-09-13 00:00:00,WSH,LAA,-138,114,0.5537388434710868,post_start,822682,provider_map,odds_0ae6cdfb933d,intraday
401816924,DraftKings,2026-09-13T18:10:45Z,2026-09-13T17:35Z,2026-09-13 00:00:00,NYY,NYM,-185,152,0.6206070287539937,post_start,823495,provider_map,odds_18e2134c1645,intraday
401816925,DraftKings,2026-09-13T18:10:45Z,2026-09-13T17:35Z,2026-09-13 00:00:00,ATL,PHI,-131,109,0.5423839616474178,post_start,824869,provider_map,odds_4608435318ce,intraday
401816919,DraftKings,2026-09-13T18:10:45Z,2026-09-13T17:37Z,2026-09-13 00:00:00,TOR,BAL,-154,127,0.5791775738096027,post_start,822764,provider_map,odds_7e23dab7c808,intraday
401816921,DraftKings,2026-09-13T18:10:45Z,2026-09-13T17:40Z,2026-09-13 00:00:00,TB,HOU,-133,110,0.5451883661916846,post_start,822928,provider_map,odds_10d8f9f1944b,intraday
401816923,DraftKings,2026-09-13T18:10:45Z,2026-09-13T17:40Z,2026-09-13 00:00:00,MIA,LAD,114,-137,0.4470179938888678,post_start,823815,provider_map,odds_d70b7ed658b8,intraday
401816927,DraftKings,2026-09-13T18:10:45Z,2026-09-13T18:10Z,2026-09-13 00:00:00,MIL,CIN,-201,164,0.6380645471598287,post_start,823734,provider_map,odds_f3c3a7f02d3a,intraday
401816928,DraftKings,2026-09-13T18:10:45Z,2026-09-13T18:10Z,2026-09-13 00:00:00,MIN,CLE,-126,104,0.532129844319311,post_start,823658,provider_map,odds_be52734addb2,intraday
401816926,DraftKings,2026-09-13T18:10:45Z,2026-09-13T18:15Z,2026-09-13 00:00:00,STL,CWS,-103,-117,0.4848162769511084,ok,823008,provider_map,odds_9d2c68ecc5d9,intraday
401816929,DraftKings,2026-09-13T18:10:45Z,2026-09-13T18:20Z,2026-09-13 00:00:00,CHC,PIT,-171,141,0.6032849760653483,ok,824628,provider_map,odds_d6d9a2403092,intraday
401816922,DraftKings,2026-09-13T18:10:45Z,2026-09-13T19:05Z,2026-09-13 00:00:00,BOS,KC,-194,159,0.6308665846370188,ok,824708,provider_map,odds_770ca5524244,intraday
401816931,DraftKings,2026-09-13T18:10:45Z,2026-09-13T20:05Z,2026-09-13 00:00:00,ATH,SEA,111,-134,0.4528389518906994,ok,824952,provider_map,odds_518b127453ee,intraday
401816932,DraftKings,2026-09-13T18:10:45Z,2026-09-13T20:10Z,2026-09-13 00:00:00,AZ,TEX,-131,109,0.5423839616474178,ok,825033,provider_map,odds_3ae705b259c9,intraday
401816930,DraftKings,2026-09-13T18:10:45Z,2026-09-13T23:20Z,2026-09-13 00:00:00,SF,SD,109,-131,0.4576160383525822,ok,823171,provider_map,odds_9b8e1f5f9ca5,intraday
401816920,DraftKings,2026-09-13T20:46:32Z,2026-09-13T16:10Z,2026-09-13 00:00:00,DET,COL,-188,155,0.6247068021892103,post_start,824225,provider_map,odds_1dcfb59f8f36,intraday
401816918,DraftKings,2026-09-13T20:46:32Z,2026-09-13T17:35Z,2026-09-13 00:00:00,WSH,LAA,-138,114,0.5537388434710868,post_start,822682,provider_map,odds_73283f017f06,intraday
401816924,DraftKings,2026-09-13T20:46:32Z,2026-09-13T17:35Z,2026-09-13 00:00:00,NYY,NYM,-185,152,0.6206070287539937,post_start,823495,provider_map,odds_65d9c1c5d83f,intraday
401816925,DraftKings,2026-09-13T20:46:32Z,2026-09-13T17:35Z,2026-09-13 00:00:00,ATL,PHI,-131,109,0.5423839616474178,post_start,824869,provider_map,odds_9bc4da6afac4,intraday
401816919,DraftKings,2026-09-13T20:46:32Z,2026-09-13T17:37Z,2026-09-13 00:00:00,TOR,BAL,-154,127,0.5791775738096027,post_start,822764,provider_map,odds_d88a5b9aaf1e,intraday
401816921,DraftKings,2026-09-13T20:46:32Z,2026-09-13T17:40Z,2026-09-13 00:00:00,TB,HOU,-133,110,0.5451883661916846,post_start,822928,provider_map,odds_e2e3b9d4bafc,intraday
401816923,DraftKings,2026-09-13T20:46:32Z,2026-09-13T17:40Z,2026-09-13 00:00:00,MIA,LAD,114,-137,0.4470179938888678,post_start,823815,provider_map,odds_2d58380226a8,intraday
401816927,DraftKings,2026-09-13T20:46:32Z,2026-09-13T18:10Z,2026-09-13 00:00:00,MIL,CIN,-206,168,0.6433898937162037,post_start,823734,provider_map,odds_43efbdee37e8,intraday
401816928,DraftKings,2026-09-13T20:46:32Z,2026-09-13T18:10Z,2026-09-13 00:00:00,MIN,CLE,-126,104,0.532129844319311,post_start,823658,provider_map,odds_3c209ae2adea,intraday
401816926,DraftKings,2026-09-13T20:46:32Z,2026-09-13T18:15Z,2026-09-13 00:00:00,STL,CWS,-101,-120,0.4794993526111351,post_start,823008,provider_map,odds_120e0aa1af3a,intraday
401816929,DraftKings,2026-09-13T20:46:32Z,2026-09-13T18:20Z,2026-09-13 00:00:00,CHC,PIT,-171,141,0.6032849760653483,post_start,824628,provider_map,odds_831f6d84210c,intraday
401816922,DraftKings,2026-09-13T20:46:32Z,2026-09-13T19:05Z,2026-09-13 00:00:00,BOS,KC,-194,159,0.6308665846370188,post_start,824708,provider_map,odds_a178f79d4d3d,intraday
401816931,DraftKings,2026-09-13T20:46:32Z,2026-09-13T20:05Z,2026-09-13 00:00:00,ATH,SEA,109,-131,0.4576160383525822,post_start,824952,provider_map,odds_58ed093a9728,intraday
401816932,DraftKings,2026-09-13T20:46:32Z,2026-09-13T20:10Z,2026-09-13 00:00:00,AZ,TEX,-132,110,0.5443833464257659,post_start,825033,provider_map,odds_f898bbff2101,intraday
401816930,DraftKings,2026-09-13T20:46:32Z,2026-09-13T23:20Z,2026-09-13 00:00:00,SF,SD,119,-143,0.4369167700523221,ok,823171,provider_map,odds_2e7686fa6ae0,intraday
401816920,DraftKings,2026-09-13T22:38:31Z,2026-09-13T16:10Z,2026-09-13 00:00:00,DET,COL,-188,155,0.6247068021892103,post_start,824225,provider_map,odds_be2d0df795a8,intraday
401816918,DraftKings,2026-09-13T22:38:31Z,2026-09-13T17:35Z,2026-09-13 00:00:00,WSH,LAA,-138,114,0.5537388434710868,post_start,822682,provider_map,odds_639dc11a89d7,intraday
401816924,DraftKings,2026-09-13T22:38:31Z,2026-09-13T17:35Z,2026-09-13 00:00:00,NYY,NYM,-185,152,0.6206070287539937,post_start,823495,provider_map,odds_dda3d0f26bb8,intraday
401816925,DraftKings,2026-09-13T22:38:31Z,2026-09-13T17:35Z,2026-09-13 00:00:00,ATL,PHI,-131,109,0.5423839616474178,post_start,824869,provider_map,odds_00b97e8c759f,intraday
401816919,DraftKings,2026-09-13T22:38:31Z,2026-09-13T17:37Z,2026-09-13 00:00:00,TOR,BAL,-154,127,0.5791775738096027,post_start,822764,provider_map,odds_a517ef010c57,intraday
401816921,DraftKings,2026-09-13T22:38:31Z,2026-09-13T17:40Z,2026-09-13 00:00:00,TB,HOU,-133,110,0.5451883661916846,post_start,822928,provider_map,odds_76e3ac22e1a4,intraday
401816923,DraftKings,2026-09-13T22:38:31Z,2026-09-13T17:40Z,2026-09-13 00:00:00,MIA,LAD,114,-137,0.4470179938888678,post_start,823815,provider_map,odds_ae4fe98efb11,intraday
401816927,DraftKings,2026-09-13T22:38:31Z,2026-09-13T18:10Z,2026-09-13 00:00:00,MIL,CIN,-206,168,0.6433898937162037,post_start,823734,provider_map,odds_2c9f0238acd5,intraday
401816928,DraftKings,2026-09-13T22:38:31Z,2026-09-13T18:10Z,2026-09-13 00:00:00,MIN,CLE,-126,104,0.532129844319311,post_start,823658,provider_map,odds_30614f6663b0,intraday
401816926,DraftKings,2026-09-13T22:38:31Z,2026-09-13T18:15Z,2026-09-13 00:00:00,STL,CWS,-101,-120,0.4794993526111351,post_start,823008,provider_map,odds_831b4ab16ed8,intraday
401816929,DraftKings,2026-09-13T22:38:31Z,2026-09-13T18:20Z,2026-09-13 00:00:00,CHC,PIT,-171,141,0.6032849760653483,post_start,824628,provider_map,odds_6f065e42bab1,intraday
401816922,DraftKings,2026-09-13T22:38:31Z,2026-09-13T19:05Z,2026-09-13 00:00:00,BOS,KC,-194,159,0.6308665846370188,post_start,824708,provider_map,odds_154914b438d0,intraday
401816931,DraftKings,2026-09-13T22:38:31Z,2026-09-13T20:05Z,2026-09-13 00:00:00,ATH,SEA,109,-131,0.4576160383525822,post_start,824952,provider_map,odds_539bff14df00,intraday
401816932,DraftKings,2026-09-13T22:38:31Z,2026-09-13T20:10Z,2026-09-13 00:00:00,AZ,TEX,-132,110,0.5443833464257659,post_start,825033,provider_map,odds_f93d23a22dbd,intraday
401816930,DraftKings,2026-09-13T22:38:31Z,2026-09-13T23:20Z,2026-09-13 00:00:00,SF,SD,119,-143,0.4369167700523221,ok,823171,provider_map,odds_12a1e6d9f792,intraday
401816920,DraftKings,2026-09-14T00:26:11Z,2026-09-13T16:10Z,2026-09-13 00:00:00,DET,COL,-188,155,0.6247068021892103,post_start,824225,provider_map,odds_bdee54b847aa,intraday
401816918,DraftKings,2026-09-14T00:26:11Z,2026-09-13T17:35Z,2026-09-13 00:00:00,WSH,LAA,-138,114,0.5537388434710868,post_start,822682,provider_map,odds_79c8cd948bd5,intraday
401816924,DraftKings,2026-09-14T00:26:11Z,2026-09-13T17:35Z,2026-09-13 00:00:00,NYY,NYM,-185,152,0.6206070287539937,post_start,823495,provider_map,odds_0a1620753c00,intraday
401816925,DraftKings,2026-09-14T00:26:11Z,2026-09-13T17:35Z,2026-09-13 00:00:00,ATL,PHI,-131,109,0.5423839616474178,post_start,824869,provider_map,odds_c4d790a592a1,intraday
401816919,DraftKings,2026-09-14T00:26:11Z,2026-09-13T17:37Z,2026-09-13 00:00:00,TOR,BAL,-154,127,0.5791775738096027,post_start,822764,provider_map,odds_86d7244f0484,intraday
401816921,DraftKings,2026-09-14T00:26:11Z,2026-09-13T17:40Z,2026-09-13 00:00:00,TB,HOU,-133,110,0.5451883661916846,post_start,822928,provider_map,odds_4b95e5868242,intraday
401816923,DraftKings,2026-09-14T00:26:11Z,2026-09-13T17:40Z,2026-09-13 00:00:00,MIA,LAD,114,-137,0.4470179938888678,post_start,823815,provider_map,odds_ac2f7b4705a1,intraday
401816927,DraftKings,2026-09-14T00:26:11Z,2026-09-13T18:10Z,2026-09-13 00:00:00,MIL,CIN,-206,168,0.6433898937162037,post_start,823734,provider_map,odds_5fde675d57fd,intraday
401816928,DraftKings,2026-09-14T00:26:11Z,2026-09-13T18:10Z,2026-09-13 00:00:00,MIN,CLE,-126,104,0.532129844319311,post_start,823658,provider_map,odds_7a8885e52b93,intraday
401816926,DraftKings,2026-09-14T00:26:11Z,2026-09-13T18:15Z,2026-09-13 00:00:00,STL,CWS,-101,-120,0.4794993526111351,post_start,823008,provider_map,odds_5ec76c299fda,intraday
401816929,DraftKings,2026-09-14T00:26:11Z,2026-09-13T18:20Z,2026-09-13 00:00:00,CHC,PIT,-171,141,0.6032849760653483,post_start,824628,provider_map,odds_68db4a6d68d8,intraday
401816922,DraftKings,2026-09-14T00:26:11Z,2026-09-13T19:05Z,2026-09-13 00:00:00,BOS,KC,-194,159,0.6308665846370188,post_start,824708,provider_map,odds_b172de91c7cf,intraday
401816931,DraftKings,2026-09-14T00:26:11Z,2026-09-13T20:05Z,2026-09-13 00:00:00,ATH,SEA,109,-131,0.4576160383525822,post_start,824952,provider_map,odds_be57d2c93908,intraday
401816932,DraftKings,2026-09-14T00:26:11Z,2026-09-13T20:10Z,2026-09-13 00:00:00,AZ,TEX,-132,110,0.5443833464257659,post_start,825033,provider_map,odds_b3f6dffea429,intraday
401816930,DraftKings,2026-09-14T00:26:11Z,2026-09-13T23:20Z,2026-09-13 00:00:00,SF,SD,119,-143,0.4369167700523221,post_start,823171,provider_map,odds_94c904a2a1be,intraday
401816920,DraftKings,2026-09-14T04:54:33Z,2026-09-13T16:10Z,2026-09-13 00:00:00,DET,COL,-188,155,0.6247068021892103,post_start,824225,provider_map,odds_1577ff843ba5,intraday
401816918,DraftKings,2026-09-14T04:54:33Z,2026-09-13T17:35Z,2026-09-13 00:00:00,WSH,LAA,-138,114,0.5537388434710868,post_start,822682,provider_map,odds_729916aeaf1a,intraday
401816924,DraftKings,2026-09-14T04:54:33Z,2026-09-13T17:35Z,2026-09-13 00:00:00,NYY,NYM,-185,152,0.6206070287539937,post_start,823495,provider_map,odds_8cef8eb41cae,intraday
401816925,DraftKings,2026-09-14T04:54:33Z,2026-09-13T17:35Z,2026-09-13 00:00:00,ATL,PHI,-131,109,0.5423839616474178,post_start,824869,provider_map,odds_878a774b6a39,intraday
401816919,DraftKings,2026-09-14T04:54:33Z,2026-09-13T17:37Z,2026-09-13 00:00:00,TOR,BAL,-154,127,0.5791775738096027,post_start,822764,provider_map,odds_6e417d265a21,intraday
401816921,DraftKings,2026-09-14T04:54:33Z,2026-09-13T17:40Z,2026-09-13 00:00:00,TB,HOU,-133,110,0.5451883661916846,post_start,822928,provider_map,odds_7fd39146e491,intraday
401816923,DraftKings,2026-09-14T04:54:33Z,2026-09-13T17:40Z,2026-09-13 00:00:00,MIA,LAD,114,-137,0.4470179938888678,post_start,823815,provider_map,odds_6418ba047373,intraday
401816927,DraftKings,2026-09-14T04:54:33Z,2026-09-13T18:10Z,2026-09-13 00:00:00,MIL,CIN,-206,168,0.6433898937162037,post_start,823734,provider_map,odds_10a8619349a1,intraday
401816928,DraftKings,2026-09-14T04:54:33Z,2026-09-13T18:10Z,2026-09-13 00:00:00,MIN,CLE,-126,104,0.532129844319311,post_start,823658,provider_map,odds_e995956937b3,intraday
401816926,DraftKings,2026-09-14T04:54:33Z,2026-09-13T18:15Z,2026-09-13 00:00:00,STL,CWS,-101,-120,0.4794993526111351,post_start,823008,provider_map,odds_9d8130d136bc,intraday
401816929,DraftKings,2026-09-14T04:54:33Z,2026-09-13T18:20Z,2026-09-13 00:00:00,CHC,PIT,-171,141,0.6032849760653483,post_start,824628,provider_map,odds_03f1ab8f638b,intraday
401816922,DraftKings,2026-09-14T04:54:33Z,2026-09-13T19:05Z,2026-09-13 00:00:00,BOS,KC,-194,159,0.6308665846370188,post_start,824708,provider_map,odds_c9a223973696,intraday
401816931,DraftKings,2026-09-14T04:54:33Z,2026-09-13T20:05Z,2026-09-13 00:00:00,ATH,SEA,109,-131,0.4576160383525822,post_start,824952,provider_map,odds_38f2c21c27bc,intraday
401816932,DraftKings,2026-09-14T04:54:33Z,2026-09-13T20:10Z,2026-09-13 00:00:00,AZ,TEX,-132,110,0.5443833464257659,post_start,825033,provider_map,odds_586722478fc0,intraday
401816930,DraftKings,2026-09-14T04:54:33Z,2026-09-13T23:20Z,2026-09-13 00:00:00,SF,SD,119,-143,0.4369167700523221,post_start,823171,provider_map,odds_229eb5056902,intraday
401816934,DraftKings,2026-09-14T16:31:36Z,2026-09-14T22:40Z,2026-09-14 00:00:00,CLE,CWS,-156,129,0.5825451699171612,ok,824386,unique_matchup,odds_b31c73cb9164,morning
401816936,DraftKings,2026-09-14T16:31:36Z,2026-09-14T22:40Z,2026-09-14 00:00:00,CIN,LAD,179,-220,0.3426857999571642,ok,824465,unique_matchup,odds_f9e0956f9e1f,morning
401816935,DraftKings,2026-09-14T16:31:36Z,2026-09-14T23:07Z,2026-09-14 00:00:00,TOR,DET,-138,114,0.5537388434710868,ok,822765,unique_matchup,odds_41b1f8e4b365,morning
401816933,DraftKings,2026-09-14T16:31:36Z,2026-09-14T23:10Z,2026-09-14 00:00:00,NYM,BAL,-124,103,0.5291347851677457,ok,823575,unique_matchup,odds_d51274329126,morning
401816937,DraftKings,2026-09-14T16:31:36Z,2026-09-14T23:40Z,2026-09-14 00:00:00,CHC,ATL,-136,113,0.551057677674631,ok,824629,unique_matchup,odds_a391052ec570,morning
401816938,DraftKings,2026-09-14T16:31:36Z,2026-09-14T23:40Z,2026-09-14 00:00:00,MIN,NYY,105,-126,0.466652901094363,ok,823656,unique_matchup,odds_8969b9a010b8,morning
401816939,DraftKings,2026-09-14T16:31:36Z,2026-09-14T23:45Z,2026-09-14 00:00:00,STL,SF,-148,122,0.5698626335507146,ok,823006,unique_matchup,odds_b102ad62c4c3,morning
401816940,DraftKings,2026-09-14T16:31:36Z,2026-09-15T00:40Z,2026-09-14 00:00:00,COL,SD,170,-208,0.3541858325666973,ok,824308,unique_matchup,odds_ce65f7f9e4f2,morning
401816942,DraftKings,2026-09-14T16:31:36Z,2026-09-15T01:38Z,2026-09-14 00:00:00,LAA,SEA,-106,-114,0.4913359902963091,ok,823981,unique_matchup,odds_abb68101f784,morning
401816941,DraftKings,2026-09-14T16:31:36Z,2026-09-15T01:40Z,2026-09-14 00:00:00,AZ,MIA,-132,110,0.5443833464257659,ok,825034,unique_matchup,odds_862e884c9bb3,morning
401816934,DraftKings,2026-09-14T19:50:44Z,2026-09-14T22:40Z,2026-09-14 00:00:00,CLE,CWS,-156,129,0.5825451699171612,ok,824386,provider_map,odds_cf1259033bff,intraday
401816936,DraftKings,2026-09-14T19:50:44Z,2026-09-14T22:40Z,2026-09-14 00:00:00,CIN,LAD,179,-220,0.3426857999571642,ok,824465,provider_map,odds_c93d7fe2b841,intraday
401816935,DraftKings,2026-09-14T19:50:44Z,2026-09-14T23:07Z,2026-09-14 00:00:00,TOR,DET,-146,121,0.5674040727323885,ok,822765,provider_map,odds_41e4873f769a,intraday
401816933,DraftKings,2026-09-14T19:50:44Z,2026-09-14T23:10Z,2026-09-14 00:00:00,NYM,BAL,-132,109,0.5431991809088762,ok,823575,provider_map,odds_b4c35a180608,intraday
401816937,DraftKings,2026-09-14T19:50:44Z,2026-09-14T23:40Z,2026-09-14 00:00:00,CHC,ATL,-136,113,0.551057677674631,ok,824629,provider_map,odds_b0d5c58959ae,intraday
401816938,DraftKings,2026-09-14T19:50:44Z,2026-09-14T23:40Z,2026-09-14 00:00:00,MIN,NYY,105,-126,0.466652901094363,ok,823656,provider_map,odds_32d8fa09c3d3,intraday
401816939,DraftKings,2026-09-14T19:50:44Z,2026-09-14T23:45Z,2026-09-14 00:00:00,STL,SF,-147,122,0.5691910559179544,ok,823006,provider_map,odds_aa42eff9accf,intraday
401816940,DraftKings,2026-09-14T19:50:44Z,2026-09-15T00:40Z,2026-09-14 00:00:00,COL,SD,170,-207,0.3545444046656658,ok,824308,provider_map,odds_18aaba778dde,intraday
401816942,DraftKings,2026-09-14T19:50:44Z,2026-09-15T01:38Z,2026-09-14 00:00:00,LAA,SEA,-106,-114,0.4913359902963091,ok,823981,provider_map,odds_cda074ddb90e,intraday
401816941,DraftKings,2026-09-14T19:50:44Z,2026-09-15T01:40Z,2026-09-14 00:00:00,AZ,MIA,-132,110,0.5443833464257659,ok,825034,provider_map,odds_cd4189fb8174,intraday
401816934,DraftKings,2026-09-14T23:07:06Z,2026-09-14T22:40Z,2026-09-14 00:00:00,CLE,CWS,-184,152,0.6201583565161567,post_start,824386,provider_map,odds_526aa1233930,intraday
401816936,DraftKings,2026-09-14T23:07:06Z,2026-09-14T22:40Z,2026-09-14 00:00:00,CIN,LAD,182,-224,0.3390256152687091,post_start,824465,provider_map,odds_4d0b3aee796b,intraday
401816935,DraftKings,2026-09-14T23:07:06Z,2026-09-14T23:07Z,2026-09-14 00:00:00,TOR,DET,-147,122,0.5691910559179544,post_start,822765,provider_map,odds_303ad21349e3,intraday
401816933,DraftKings,2026-09-14T23:07:06Z,2026-09-14T23:10Z,2026-09-14 00:00:00,NYM,BAL,-143,118,0.5619569528067202,ok,823575,provider_map,odds_54dd45c7991d,intraday
401816937,DraftKings,2026-09-14T23:07:06Z,2026-09-14T23:40Z,2026-09-14 00:00:00,CHC,ATL,-136,113,0.551057677674631,ok,824629,provider_map,odds_7c25ed490a19,intraday
401816938,DraftKings,2026-09-14T23:07:06Z,2026-09-14T23:40Z,2026-09-14 00:00:00,MIN,NYY,110,-132,0.4556166535742341,ok,823656,provider_map,odds_098d85670838,intraday
401816939,DraftKings,2026-09-14T23:07:06Z,2026-09-14T23:45Z,2026-09-14 00:00:00,STL,SF,-148,123,0.5709639471316864,ok,823006,provider_map,odds_034b47d3d6d8,intraday
401816940,DraftKings,2026-09-14T23:07:06Z,2026-09-15T00:40Z,2026-09-14 00:00:00,COL,SD,169,-207,0.3553940011344825,ok,824308,provider_map,odds_a291d3c5c1e8,intraday
401816942,DraftKings,2026-09-14T23:07:06Z,2026-09-15T01:38Z,2026-09-14 00:00:00,LAA,SEA,-110,-110,0.5,ok,823981,provider_map,odds_38717c24f79b,intraday
401816941,DraftKings,2026-09-14T23:07:06Z,2026-09-15T01:40Z,2026-09-14 00:00:00,AZ,MIA,-132,110,0.5443833464257659,ok,825034,provider_map,odds_cc96cc6e41f0,intraday
401816934,DraftKings,2026-09-15T01:25:52Z,2026-09-14T22:40Z,2026-09-14 00:00:00,CLE,CWS,-184,152,0.6201583565161567,post_start,824386,provider_map,odds_d89a07aa4af6,intraday
401816936,DraftKings,2026-09-15T01:25:52Z,2026-09-14T22:40Z,2026-09-14 00:00:00,CIN,LAD,182,-224,0.3390256152687091,post_start,824465,provider_map,odds_1d05eacdd92a,intraday
401816935,DraftKings,2026-09-15T01:25:52Z,2026-09-14T23:07Z,2026-09-14 00:00:00,TOR,DET,-149,123,0.5716276429198135,post_start,822765,provider_map,odds_5d714cea5c91,intraday
401816933,DraftKings,2026-09-15T01:25:52Z,2026-09-14T23:10Z,2026-09-14 00:00:00,NYM,BAL,-143,118,0.5619569528067202,post_start,823575,provider_map,odds_5dcab1872adb,intraday
401816937,DraftKings,2026-09-15T01:25:52Z,2026-09-14T23:40Z,2026-09-14 00:00:00,CHC,ATL,-136,113,0.551057677674631,post_start,824629,provider_map,odds_baf1e0c6f606,intraday
401816938,DraftKings,2026-09-15T01:25:52Z,2026-09-14T23:40Z,2026-09-14 00:00:00,MIN,NYY,110,-132,0.4556166535742341,post_start,823656,provider_map,odds_ac66bd36aa47,intraday
401816939,DraftKings,2026-09-15T01:25:52Z,2026-09-14T23:45Z,2026-09-14 00:00:00,STL,SF,-156,129,0.5825451699171612,post_start,823006,provider_map,odds_f94dcac5609a,intraday
401816940,DraftKings,2026-09-15T01:25:52Z,2026-09-15T00:40Z,2026-09-14 00:00:00,COL,SD,169,-207,0.3553940011344825,post_start,824308,provider_map,odds_8f145563d629,intraday
401816942,DraftKings,2026-09-15T01:25:52Z,2026-09-15T01:38Z,2026-09-14 00:00:00,LAA,SEA,-110,-110,0.5,ok,823981,provider_map,odds_38fc0edd16e3,intraday
401816941,DraftKings,2026-09-15T01:25:52Z,2026-09-15T01:40Z,2026-09-14 00:00:00,AZ,MIA,-132,110,0.5443833464257659,ok,825034,provider_map,odds_2b9580089d6e,intraday
401816934,DraftKings,2026-09-15T04:53:14Z,2026-09-14T22:40Z,2026-09-14 00:00:00,CLE,CWS,-184,152,0.6201583565161567,post_start,824386,provider_map,odds_991c0e842c09,intraday
401816936,DraftKings,2026-09-15T04:53:14Z,2026-09-14T22:40Z,2026-09-14 00:00:00,CIN,LAD,182,-224,0.3390256152687091,post_start,824465,provider_map,odds_289ae7807937,intraday
401816935,DraftKings,2026-09-15T04:53:14Z,2026-09-14T23:07Z,2026-09-14 00:00:00,TOR,DET,-149,123,0.5716276429198135,post_start,822765,provider_map,odds_2e3a69757c7c,intraday
401816933,DraftKings,2026-09-15T04:53:14Z,2026-09-14T23:10Z,2026-09-14 00:00:00,NYM,BAL,-143,118,0.5619569528067202,post_start,823575,provider_map,odds_6b2e6b1bb11f,intraday
401816937,DraftKings,2026-09-15T04:53:14Z,2026-09-14T23:40Z,2026-09-14 00:00:00,CHC,ATL,-136,113,0.551057677674631,post_start,824629,provider_map,odds_d41d449c087d,intraday
401816938,DraftKings,2026-09-15T04:53:14Z,2026-09-14T23:40Z,2026-09-14 00:00:00,MIN,NYY,110,-132,0.4556166535742341,post_start,823656,provider_map,odds_a49e887bea88,intraday
401816939,DraftKings,2026-09-15T04:53:14Z,2026-09-14T23:45Z,2026-09-14 00:00:00,STL,SF,-156,129,0.5825451699171612,post_start,823006,provider_map,odds_10e57431f771,intraday
401816940,DraftKings,2026-09-15T04:53:14Z,2026-09-15T00:40Z,2026-09-14 00:00:00,COL,SD,169,-207,0.3553940011344825,post_start,824308,provider_map,odds_493dcbfbc8f8,intraday
401816942,DraftKings,2026-09-15T04:53:14Z,2026-09-15T01:38Z,2026-09-14 00:00:00,LAA,SEA,-112,-108,0.5043297540699688,post_start,823981,provider_map,odds_f67bad8ac2a1,intraday
401816941,DraftKings,2026-09-15T04:53:14Z,2026-09-15T01:40Z,2026-09-14 00:00:00,AZ,MIA,-132,110,0.5443833464257659,post_start,825034,provider_map,odds_84b22a65e275,intraday
401816943,DraftKings,2026-09-15T15:12:42Z,2026-09-15T22:40Z,2026-09-15 00:00:00,TB,ATH,-238,193,0.6735371955106535,ok,822925,unique_matchup,odds_39ad15b8efc4,morning
401816945,DraftKings,2026-09-15T15:12:42Z,2026-09-15T22:40Z,2026-09-15 00:00:00,CLE,CWS,-156,129,0.5825451699171612,ok,824384,unique_matchup,odds_29923ba87d31,morning
401816947,DraftKings,2026-09-15T15:12:42Z,2026-09-15T22:40Z,2026-09-15 00:00:00,CIN,LAD,195,-240,0.3244274809160304,ok,824466,unique_matchup,odds_57dc9973600c,morning
401816948,DraftKings,2026-09-15T15:12:42Z,2026-09-15T22:40Z,2026-09-15 00:00:00,PIT,MIL,183,-225,0.3379256563556018,ok,823333,unique_matchup,odds_651214604e1a,morning
401816949,DraftKings,2026-09-15T15:12:42Z,2026-09-15T22:45Z,2026-09-15 00:00:00,WSH,PHI,177,-217,0.345282052957771,ok,822683,unique_matchup,odds_0a8a790e6428,morning
401816946,DraftKings,2026-09-15T15:12:42Z,2026-09-15T23:07Z,2026-09-15 00:00:00,TOR,DET,-144,119,0.5637871853546911,ok,822762,unique_matchup,odds_d51249a8d230,morning
401816944,DraftKings,2026-09-15T15:12:42Z,2026-09-15T23:10Z,2026-09-15 00:00:00,NYM,BAL,-136,113,0.551057677674631,ok,823574,unique_matchup,odds_0eefeb644de8,morning
401816950,DraftKings,2026-09-15T15:12:42Z,2026-09-15T23:40Z,2026-09-15 00:00:00,CHC,ATL,-143,119,0.5630832299476779,ok,824627,unique_matchup,odds_fa95d3b410d9,morning
401816953,DraftKings,2026-09-15T15:12:42Z,2026-09-15T23:40Z,2026-09-15 00:00:00,MIN,NYY,148,-180,0.3854625550660792,ok,823654,unique_matchup,odds_e7696759561b,morning
401816954,DraftKings,2026-09-15T15:12:42Z,2026-09-15T23:45Z,2026-09-15 00:00:00,STL,SF,-168,138,0.5987062769525635,ok,823007,unique_matchup,odds_1fbebf60d62a,morning
401816951,DraftKings,2026-09-15T15:12:42Z,2026-09-16T00:05Z,2026-09-15 00:00:00,TEX,BOS,-107,-113,0.4935039625828245,ok,822849,unique_matchup,odds_fd9e81b175c8,morning
401816952,DraftKings,2026-09-15T15:12:42Z,2026-09-16T00:10Z,2026-09-15 00:00:00,HOU,KC,-168,139,0.5997132273867846,ok,824143,unique_matchup,odds_6a1fba7255a5,morning
401816955,DraftKings,2026-09-15T15:12:42Z,2026-09-16T00:40Z,2026-09-15 00:00:00,COL,SD,159,-194,0.3691334153629812,ok,824307,unique_matchup,odds_a3094b15b38f,morning
401816957,DraftKings,2026-09-15T15:12:42Z,2026-09-16T01:38Z,2026-09-15 00:00:00,LAA,SEA,144,-174,0.3922354557947778,ok,823980,unique_matchup,odds_f088a773663d,morning
401816956,DraftKings,2026-09-15T15:12:42Z,2026-09-16T01:40Z,2026-09-15 00:00:00,AZ,MIA,-156,129,0.5825451699171612,ok,825030,unique_matchup,odds_08820602e2af,morning
401816943,DraftKings,2026-09-15T18:58:03Z,2026-09-15T22:40Z,2026-09-15 00:00:00,TB,ATH,-239,193,0.6738095008996698,ok,822925,provider_map,odds_552b1ee24895,intraday
401816945,DraftKings,2026-09-15T18:58:03Z,2026-09-15T22:40Z,2026-09-15 00:00:00,CLE,CWS,-156,129,0.5825451699171612,ok,824384,provider_map,odds_02fbe46f286d,intraday
401816947,DraftKings,2026-09-15T18:58:03Z,2026-09-15T22:40Z,2026-09-15 00:00:00,CIN,LAD,199,-246,0.3199141964236182,ok,824466,provider_map,odds_660aae9bb75e,intraday
401816948,DraftKings,2026-09-15T18:58:03Z,2026-09-15T22:40Z,2026-09-15 00:00:00,PIT,MIL,177,-217,0.345282052957771,ok,823333,provider_map,odds_4569e7f9ecca,intraday
401816949,DraftKings,2026-09-15T18:58:03Z,2026-09-15T22:45Z,2026-09-15 00:00:00,WSH,PHI,177,-217,0.345282052957771,ok,822683,provider_map,odds_6cf5320b5277,intraday
401816946,DraftKings,2026-09-15T18:58:03Z,2026-09-15T23:07Z,2026-09-15 00:00:00,TOR,DET,-142,118,0.5612444702298934,ok,822762,provider_map,odds_02794c32d665,intraday
401816944,DraftKings,2026-09-15T18:58:03Z,2026-09-15T23:10Z,2026-09-15 00:00:00,NYM,BAL,-136,113,0.551057677674631,ok,823574,provider_map,odds_b0da3818aff5,intraday
401816950,DraftKings,2026-09-15T18:58:03Z,2026-09-15T23:40Z,2026-09-15 00:00:00,CHC,ATL,-143,119,0.5630832299476779,ok,824627,provider_map,odds_45b03c485192,intraday
401816953,DraftKings,2026-09-15T18:58:03Z,2026-09-15T23:40Z,2026-09-15 00:00:00,MIN,NYY,148,-180,0.3854625550660792,ok,823654,provider_map,odds_9ca63aff4a93,intraday
401816954,DraftKings,2026-09-15T18:58:03Z,2026-09-15T23:45Z,2026-09-15 00:00:00,STL,SF,-162,134,0.5913146565171273,ok,823007,provider_map,odds_2f11b2bd8c6c,intraday
401816951,DraftKings,2026-09-15T18:58:03Z,2026-09-16T00:05Z,2026-09-15 00:00:00,TEX,BOS,-131,109,0.5423839616474178,ok,822849,provider_map,odds_b1df56f71227,intraday
401816952,DraftKings,2026-09-15T18:58:03Z,2026-09-16T00:10Z,2026-09-15 00:00:00,HOU,KC,-168,139,0.5997132273867846,ok,824143,provider_map,odds_3b9894ae56f5,intraday
401816955,DraftKings,2026-09-15T18:58:03Z,2026-09-16T00:40Z,2026-09-15 00:00:00,COL,SD,158,-193,0.3704452929425746,ok,824307,provider_map,odds_5d2d7aa67021,intraday
401816957,DraftKings,2026-09-15T18:58:03Z,2026-09-16T01:38Z,2026-09-15 00:00:00,LAA,SEA,144,-174,0.3922354557947778,ok,823980,provider_map,odds_acf227938724,intraday
401816956,DraftKings,2026-09-15T18:58:03Z,2026-09-16T01:40Z,2026-09-15 00:00:00,AZ,MIA,-151,125,0.5751163774862462,ok,825030,provider_map,odds_0d1165c8dae6,intraday
401816943,DraftKings,2026-09-15T22:12:52Z,2026-09-15T22:40Z,2026-09-15 00:00:00,TB,ATH,-233,189,0.669107783419617,ok,822925,provider_map,odds_0e41bf655a13,intraday
401816945,DraftKings,2026-09-15T22:12:52Z,2026-09-15T22:40Z,2026-09-15 00:00:00,CLE,CWS,-157,130,0.5842096748099014,ok,824384,provider_map,odds_c3e4ff415c20,intraday
401816947,DraftKings,2026-09-15T22:12:52Z,2026-09-15T22:40Z,2026-09-15 00:00:00,CIN,LAD,202,-250,0.3167420814479638,ok,824466,provider_map,odds_0aa045543712,intraday
401816948,DraftKings,2026-09-15T22:12:52Z,2026-09-15T22:40Z,2026-09-15 00:00:00,PIT,MIL,177,-217,0.345282052957771,ok,823333,provider_map,odds_206d965deac7,intraday
401816949,DraftKings,2026-09-15T22:12:52Z,2026-09-15T22:45Z,2026-09-15 00:00:00,WSH,PHI,178,-218,0.3441409462793818,ok,822683,provider_map,odds_01dfedb689c1,intraday
401816946,DraftKings,2026-09-15T22:12:52Z,2026-09-15T23:07Z,2026-09-15 00:00:00,TOR,DET,-149,123,0.5716276429198135,ok,822762,provider_map,odds_ace917f4d486,intraday
401816944,DraftKings,2026-09-15T22:12:52Z,2026-09-15T23:10Z,2026-09-15 00:00:00,NYM,BAL,-135,112,0.54911742133538,ok,823574,provider_map,odds_13053a50ec21,intraday
401816950,DraftKings,2026-09-15T22:12:52Z,2026-09-15T23:40Z,2026-09-15 00:00:00,CHC,ATL,-144,119,0.5637871853546911,ok,824627,provider_map,odds_dc0638a35fa5,intraday
401816953,DraftKings,2026-09-15T22:12:52Z,2026-09-15T23:40Z,2026-09-15 00:00:00,MIN,NYY,142,-172,0.3952109729164245,ok,823654,provider_map,odds_7b6b919e79d1,intraday
401816954,DraftKings,2026-09-15T22:12:52Z,2026-09-15T23:45Z,2026-09-15 00:00:00,STL,SF,-180,148,0.6145374449339207,ok,823007,provider_map,odds_6cbe0efa258d,intraday
401816951,DraftKings,2026-09-15T22:12:52Z,2026-09-16T00:05Z,2026-09-15 00:00:00,TEX,BOS,-143,118,0.5619569528067202,ok,822849,provider_map,odds_8b6a9f3c8446,intraday
401816952,DraftKings,2026-09-15T22:12:52Z,2026-09-16T00:10Z,2026-09-15 00:00:00,HOU,KC,-168,139,0.5997132273867846,ok,824143,provider_map,odds_afa20a3ed922,intraday
401816955,DraftKings,2026-09-15T22:12:52Z,2026-09-16T00:40Z,2026-09-15 00:00:00,COL,SD,166,-202,0.3598150884048992,ok,824307,provider_map,odds_82d92c159e7e,intraday
401816957,DraftKings,2026-09-15T22:12:52Z,2026-09-16T01:38Z,2026-09-15 00:00:00,LAA,SEA,144,-174,0.3922354557947778,ok,823980,provider_map,odds_e696b2a7fc06,intraday
401816956,DraftKings,2026-09-15T22:12:52Z,2026-09-16T01:40Z,2026-09-15 00:00:00,AZ,MIA,-150,124,0.5733788395904437,ok,825030,provider_map,odds_f541e3893ca4,intraday
401816943,DraftKings,2026-09-16T00:16:52Z,2026-09-15T22:40Z,2026-09-15 00:00:00,TB,ATH,-233,189,0.669107783419617,post_start,822925,provider_map,odds_3427e3420068,intraday
401816945,DraftKings,2026-09-16T00:16:52Z,2026-09-15T22:40Z,2026-09-15 00:00:00,CLE,CWS,-160,132,0.58808618504436,post_start,824384,provider_map,odds_db98e1e0c1be,intraday
401816947,DraftKings,2026-09-16T00:16:52Z,2026-09-15T22:40Z,2026-09-15 00:00:00,CIN,LAD,202,-251,0.3164956448035202,post_start,824466,provider_map,odds_41ad2bebf5e6,intraday
401816948,DraftKings,2026-09-16T00:16:52Z,2026-09-15T22:40Z,2026-09-15 00:00:00,PIT,MIL,177,-217,0.345282052957771,post_start,823333,provider_map,odds_1ce9e5c9be41,intraday
401816949,DraftKings,2026-09-16T00:16:52Z,2026-09-15T22:45Z,2026-09-15 00:00:00,WSH,PHI,181,-222,0.3404453278636527,post_start,822683,provider_map,odds_e2cf2bb1254c,intraday
401816946,DraftKings,2026-09-16T00:16:52Z,2026-09-15T23:07Z,2026-09-15 00:00:00,TOR,DET,-138,115,0.554890592855807,post_start,822762,provider_map,odds_890b6cda6ae8,intraday
401816944,DraftKings,2026-09-16T00:16:52Z,2026-09-15T23:10Z,2026-09-15 00:00:00,NYM,BAL,-136,113,0.551057677674631,post_start,823574,provider_map,odds_123e27fc981d,intraday
401816950,DraftKings,2026-09-16T00:16:52Z,2026-09-15T23:40Z,2026-09-15 00:00:00,CHC,ATL,-144,120,0.5649072753209701,post_start,824627,provider_map,odds_e27e80c7a2d2,intraday
401816953,DraftKings,2026-09-16T00:16:52Z,2026-09-15T23:40Z,2026-09-15 00:00:00,MIN,NYY,142,-172,0.3952109729164245,post_start,823654,provider_map,odds_81c5a60cf0f1,intraday
401816954,DraftKings,2026-09-16T00:16:52Z,2026-09-15T23:45Z,2026-09-15 00:00:00,STL,SF,-187,154,0.623349694217696,post_start,823007,provider_map,odds_08a5030b1d14,intraday
401816951,DraftKings,2026-09-16T00:16:52Z,2026-09-16T00:05Z,2026-09-15 00:00:00,TEX,BOS,-148,123,0.5709639471316864,post_start,822849,provider_map,odds_a879e275c4b7,intraday
401816952,DraftKings,2026-09-16T00:16:52Z,2026-09-16T00:10Z,2026-09-15 00:00:00,HOU,KC,-165,136,0.5950488997555012,post_start,824143,provider_map,odds_415d6ed4fadf,intraday
401816955,DraftKings,2026-09-16T00:16:52Z,2026-09-16T00:40Z,2026-09-15 00:00:00,COL,SD,164,-200,0.3623188405797101,ok,824307,provider_map,odds_627701d63806,intraday
401816957,DraftKings,2026-09-16T00:16:52Z,2026-09-16T01:38Z,2026-09-15 00:00:00,LAA,SEA,140,-169,0.3987548176697302,ok,823980,provider_map,odds_dd512e4f6e75,intraday
401816956,DraftKings,2026-09-16T00:16:52Z,2026-09-16T01:40Z,2026-09-15 00:00:00,AZ,MIA,-150,124,0.5733788395904437,ok,825030,provider_map,odds_6cf1d95e3d9d,intraday
401816943,DraftKings,2026-09-16T04:47:51Z,2026-09-15T22:40Z,2026-09-15 00:00:00,TB,ATH,-233,189,0.669107783419617,post_start,822925,provider_map,odds_b425c302f66d,intraday
401816945,DraftKings,2026-09-16T04:47:51Z,2026-09-15T22:40Z,2026-09-15 00:00:00,CLE,CWS,-160,132,0.58808618504436,post_start,824384,provider_map,odds_58e66b09d760,intraday
401816947,DraftKings,2026-09-16T04:47:51Z,2026-09-15T22:40Z,2026-09-15 00:00:00,CIN,LAD,202,-251,0.3164956448035202,post_start,824466,provider_map,odds_42c15b3b5b2a,intraday
401816948,DraftKings,2026-09-16T04:47:51Z,2026-09-15T22:40Z,2026-09-15 00:00:00,PIT,MIL,177,-217,0.345282052957771,post_start,823333,provider_map,odds_17bf6094466b,intraday
401816949,DraftKings,2026-09-16T04:47:51Z,2026-09-15T22:45Z,2026-09-15 00:00:00,WSH,PHI,181,-222,0.3404453278636527,post_start,822683,provider_map,odds_d930f95f48c1,intraday
401816946,DraftKings,2026-09-16T04:47:51Z,2026-09-15T23:07Z,2026-09-15 00:00:00,TOR,DET,-138,115,0.554890592855807,post_start,822762,provider_map,odds_585736e8540d,intraday
401816944,DraftKings,2026-09-16T04:47:51Z,2026-09-15T23:10Z,2026-09-15 00:00:00,NYM,BAL,-136,113,0.551057677674631,post_start,823574,provider_map,odds_1d92d49c100d,intraday
401816950,DraftKings,2026-09-16T04:47:51Z,2026-09-15T23:40Z,2026-09-15 00:00:00,CHC,ATL,-144,120,0.5649072753209701,post_start,824627,provider_map,odds_03f6ffb277ef,intraday
401816953,DraftKings,2026-09-16T04:47:51Z,2026-09-15T23:40Z,2026-09-15 00:00:00,MIN,NYY,142,-172,0.3952109729164245,post_start,823654,provider_map,odds_2677545d3285,intraday
401816954,DraftKings,2026-09-16T04:47:51Z,2026-09-15T23:45Z,2026-09-15 00:00:00,STL,SF,-187,154,0.623349694217696,post_start,823007,provider_map,odds_f800ffc2a914,intraday
401816951,DraftKings,2026-09-16T04:47:51Z,2026-09-16T00:05Z,2026-09-15 00:00:00,TEX,BOS,-148,123,0.5709639471316864,post_start,822849,provider_map,odds_599aa4c227bc,intraday
401816952,DraftKings,2026-09-16T04:47:51Z,2026-09-16T00:10Z,2026-09-15 00:00:00,HOU,KC,-165,136,0.5950488997555012,post_start,824143,provider_map,odds_3f82f093cf3a,intraday
401816955,DraftKings,2026-09-16T04:47:51Z,2026-09-16T00:40Z,2026-09-15 00:00:00,COL,SD,164,-200,0.3623188405797101,post_start,824307,provider_map,odds_d98a1e2055c3,intraday
401816957,DraftKings,2026-09-16T04:47:51Z,2026-09-16T01:38Z,2026-09-15 00:00:00,LAA,SEA,138,-167,0.4018300574902929,post_start,823980,provider_map,odds_5145821de165,intraday
401816956,DraftKings,2026-09-16T04:47:51Z,2026-09-16T01:40Z,2026-09-15 00:00:00,AZ,MIA,-155,128,0.5808678500986193,post_start,825030,provider_map,odds_8983ebba5dbf,intraday
401816960,DraftKings,2026-09-16T18:53:06Z,2026-09-16T17:00Z,2026-09-16 00:00:00,CLE,CWS,-166,137,0.5966152073033878,post_start,824382,unique_matchup,odds_496ec79451f1,intraday
401816969,DraftKings,2026-09-16T18:53:06Z,2026-09-16T17:15Z,2026-09-16 00:00:00,STL,SF,-171,141,0.6032849760653483,post_start,823004,unique_matchup,odds_a1adbfd52e96,intraday
401816968,DraftKings,2026-09-16T18:53:06Z,2026-09-16T17:40Z,2026-09-16 00:00:00,MIN,NYY,135,-163,0.4070892345793669,post_start,823655,unique_matchup,odds_5299b62aa356,intraday
401816961,DraftKings,2026-09-16T18:53:06Z,2026-09-16T19:07Z,2026-09-16 00:00:00,TOR,DET,-131,109,0.5423839616474178,ok,822763,unique_matchup,odds_60a62e0e25df,intraday
401816958,DraftKings,2026-09-16T18:53:06Z,2026-09-16T22:40Z,2026-09-16 00:00:00,TB,ATH,-186,153,0.6219831346321605,ok,822926,unique_matchup,odds_59d88eaed3a2,intraday
401816962,DraftKings,2026-09-16T18:53:06Z,2026-09-16T22:40Z,2026-09-16 00:00:00,CIN,LAD,178,-219,0.3438166885818369,ok,824467,unique_matchup,odds_3a29272e604b,intraday
401816963,DraftKings,2026-09-16T18:53:06Z,2026-09-16T22:40Z,2026-09-16 00:00:00,PIT,MIL,104,-126,0.4678701556806889,ok,823332,unique_matchup,odds_fd6bbdaf2626,intraday
401816964,DraftKings,2026-09-16T18:53:06Z,2026-09-16T22:45Z,2026-09-16 00:00:00,WSH,PHI,163,-198,0.363973911131739,ok,822680,unique_matchup,odds_2b09f1f20a69,intraday
401816959,DraftKings,2026-09-16T18:53:06Z,2026-09-16T23:00Z,2026-09-16 00:00:00,NYM,BAL,-120,100,0.5217391304347826,ok,823576,unique_matchup,odds_2085f3a10a93,intraday
401816965,DraftKings,2026-09-16T18:53:06Z,2026-09-16T23:40Z,2026-09-16 00:00:00,CHC,ATL,-167,138,0.5981699425097071,ok,824626,unique_matchup,odds_22396ee4c6f4,intraday
401816966,DraftKings,2026-09-16T18:53:06Z,2026-09-17T00:05Z,2026-09-16 00:00:00,TEX,BOS,-108,-112,0.4956702459300312,ok,822846,unique_matchup,odds_59e72983655e,intraday
401816967,DraftKings,2026-09-16T18:53:06Z,2026-09-17T00:10Z,2026-09-16 00:00:00,HOU,KC,-167,138,0.5981699425097071,ok,824140,unique_matchup,odds_e3f4140fd91e,intraday
401816970,DraftKings,2026-09-16T18:53:06Z,2026-09-17T00:40Z,2026-09-16 00:00:00,COL,SD,142,-172,0.3952109729164245,ok,824306,unique_matchup,odds_04c097911f24,intraday
401816972,DraftKings,2026-09-16T18:53:06Z,2026-09-17T01:38Z,2026-09-16 00:00:00,LAA,SEA,120,-145,0.4343971631205673,ok,823979,unique_matchup,odds_dd372a551ce2,intraday
401816971,DraftKings,2026-09-16T18:53:06Z,2026-09-17T01:40Z,2026-09-16 00:00:00,AZ,MIA,-137,113,0.5518239065070631,ok,825031,unique_matchup,odds_206c758f1239,intraday
401816960,DraftKings,2026-09-16T22:08:37Z,2026-09-16T17:00Z,2026-09-16 00:00:00,CLE,CWS,-166,137,0.5966152073033878,post_start,824382,provider_map,odds_9dae6e898478,intraday
401816969,DraftKings,2026-09-16T22:08:37Z,2026-09-16T17:15Z,2026-09-16 00:00:00,STL,SF,-171,141,0.6032849760653483,post_start,823004,provider_map,odds_d2cab6beb3a4,intraday
401816968,DraftKings,2026-09-16T22:08:37Z,2026-09-16T17:40Z,2026-09-16 00:00:00,MIN,NYY,135,-163,0.4070892345793669,post_start,823655,provider_map,odds_9e5a2c90f005,intraday
401816961,DraftKings,2026-09-16T22:08:37Z,2026-09-16T19:07Z,2026-09-16 00:00:00,TOR,DET,-131,109,0.5423839616474178,post_start,822763,provider_map,odds_889d4f8fdf93,intraday
401816958,DraftKings,2026-09-16T22:08:37Z,2026-09-16T22:40Z,2026-09-16 00:00:00,TB,ATH,-191,157,0.62781536572576,ok,822926,provider_map,odds_710c34cac407,intraday
401816962,DraftKings,2026-09-16T22:08:37Z,2026-09-16T22:40Z,2026-09-16 00:00:00,CIN,LAD,187,-231,0.333008038471986,ok,824467,provider_map,odds_d51a86e94520,intraday
401816963,DraftKings,2026-09-16T22:08:37Z,2026-09-16T22:40Z,2026-09-16 00:00:00,PIT,MIL,108,-130,0.4596322941646683,ok,823332,provider_map,odds_3966965c26de,intraday
401816964,DraftKings,2026-09-16T22:08:37Z,2026-09-16T22:45Z,2026-09-16 00:00:00,WSH,PHI,163,-199,0.3635833019200603,ok,822680,provider_map,odds_0667d7f07388,intraday
401816959,DraftKings,2026-09-16T22:08:37Z,2026-09-16T23:00Z,2026-09-16 00:00:00,NYM,BAL,-116,-104,0.5130072840790842,ok,823576,provider_map,odds_14eaf14ced44,intraday
401816965,DraftKings,2026-09-16T22:08:37Z,2026-09-16T23:40Z,2026-09-16 00:00:00,CHC,ATL,-167,137,0.5971574706920745,ok,824626,provider_map,odds_14fe9920ec78,intraday
401816966,DraftKings,2026-09-16T22:08:37Z,2026-09-17T00:05Z,2026-09-16 00:00:00,TEX,BOS,-109,-110,0.4989102005231036,ok,822846,provider_map,odds_ca3571653486,intraday
401816967,DraftKings,2026-09-16T22:08:37Z,2026-09-17T00:10Z,2026-09-16 00:00:00,HOU,KC,-170,140,0.6017699115044248,ok,824140,provider_map,odds_d82497de3212,intraday
401816970,DraftKings,2026-09-16T22:08:37Z,2026-09-17T00:40Z,2026-09-16 00:00:00,COL,SD,144,-175,0.3917378917378917,ok,824306,provider_map,odds_202f1c89f601,intraday
401816972,DraftKings,2026-09-16T22:08:37Z,2026-09-17T01:38Z,2026-09-16 00:00:00,LAA,SEA,120,-145,0.4343971631205673,ok,823979,provider_map,odds_ef6fa60e04be,intraday
401816971,DraftKings,2026-09-16T22:08:37Z,2026-09-17T01:40Z,2026-09-16 00:00:00,AZ,MIA,-137,113,0.5518239065070631,ok,825031,provider_map,odds_98833f52a68e,intraday
401816960,DraftKings,2026-09-17T00:28:27Z,2026-09-16T17:00Z,2026-09-16 00:00:00,CLE,CWS,-166,137,0.5966152073033878,post_start,824382,provider_map,odds_d4f5d103976c,intraday
401816969,DraftKings,2026-09-17T00:28:27Z,2026-09-16T17:15Z,2026-09-16 00:00:00,STL,SF,-171,141,0.6032849760653483,post_start,823004,provider_map,odds_64fd797fd055,intraday
401816968,DraftKings,2026-09-17T00:28:27Z,2026-09-16T17:40Z,2026-09-16 00:00:00,MIN,NYY,135,-163,0.4070892345793669,post_start,823655,provider_map,odds_17ffbf7834c7,intraday
401816961,DraftKings,2026-09-17T00:28:27Z,2026-09-16T19:07Z,2026-09-16 00:00:00,TOR,DET,-131,109,0.5423839616474178,post_start,822763,provider_map,odds_0d525a131370,intraday
401816958,DraftKings,2026-09-17T00:28:27Z,2026-09-16T22:40Z,2026-09-16 00:00:00,TB,ATH,-191,157,0.62781536572576,post_start,822926,provider_map,odds_c557173619f2,intraday
401816962,DraftKings,2026-09-17T00:28:27Z,2026-09-16T22:40Z,2026-09-16 00:00:00,CIN,LAD,188,-232,0.3319468884978404,post_start,824467,provider_map,odds_81528b8a02cb,intraday
401816963,DraftKings,2026-09-17T00:28:27Z,2026-09-16T22:40Z,2026-09-16 00:00:00,PIT,MIL,112,-135,0.4508825786646201,post_start,823332,provider_map,odds_f79352abbd47,intraday
401816964,DraftKings,2026-09-17T00:28:27Z,2026-09-16T22:45Z,2026-09-16 00:00:00,WSH,PHI,159,-194,0.3691334153629812,post_start,822680,provider_map,odds_ebe606307c46,intraday
401816959,DraftKings,2026-09-17T00:28:27Z,2026-09-16T23:00Z,2026-09-16 00:00:00,NYM,BAL,-117,-103,0.5151837230488916,post_start,823576,provider_map,odds_4dad458df91d,intraday
401816965,DraftKings,2026-09-17T00:28:27Z,2026-09-16T23:40Z,2026-09-16 00:00:00,CHC,ATL,-170,140,0.6017699115044248,post_start,824626,provider_map,odds_338164c98e6c,intraday
401816966,DraftKings,2026-09-17T00:28:27Z,2026-09-17T00:05Z,2026-09-16 00:00:00,TEX,BOS,-105,-114,0.4901832460732984,post_start,822846,provider_map,odds_c19efaa4eedd,intraday
401816967,DraftKings,2026-09-17T00:28:27Z,2026-09-17T00:10Z,2026-09-16 00:00:00,HOU,KC,-170,141,0.602765926143887,post_start,824140,provider_map,odds_3eb819b23ec4,intraday
401816970,DraftKings,2026-09-17T00:28:27Z,2026-09-17T00:40Z,2026-09-16 00:00:00,COL,SD,144,-175,0.3917378917378917,ok,824306,provider_map,odds_4f382e0f2194,intraday
401816972,DraftKings,2026-09-17T00:28:27Z,2026-09-17T01:38Z,2026-09-16 00:00:00,LAA,SEA,109,-131,0.4576160383525822,ok,823979,provider_map,odds_690ff77df980,intraday
401816971,DraftKings,2026-09-17T00:28:27Z,2026-09-17T01:40Z,2026-09-16 00:00:00,AZ,MIA,-144,119,0.5637871853546911,ok,825031,provider_map,odds_eea094cf2e24,intraday
401816960,DraftKings,2026-09-17T04:51:39Z,2026-09-16T17:00Z,2026-09-16 00:00:00,CLE,CWS,-166,137,0.5966152073033878,post_start,824382,provider_map,odds_00876e614ecd,intraday
401816969,DraftKings,2026-09-17T04:51:39Z,2026-09-16T17:15Z,2026-09-16 00:00:00,STL,SF,-171,141,0.6032849760653483,post_start,823004,provider_map,odds_8d666ef8c59a,intraday
401816968,DraftKings,2026-09-17T04:51:39Z,2026-09-16T17:40Z,2026-09-16 00:00:00,MIN,NYY,135,-163,0.4070892345793669,post_start,823655,provider_map,odds_c18532608a87,intraday
401816961,DraftKings,2026-09-17T04:51:39Z,2026-09-16T19:07Z,2026-09-16 00:00:00,TOR,DET,-131,109,0.5423839616474178,post_start,822763,provider_map,odds_3f5f442d341c,intraday
401816958,DraftKings,2026-09-17T04:51:39Z,2026-09-16T22:40Z,2026-09-16 00:00:00,TB,ATH,-191,157,0.62781536572576,post_start,822926,provider_map,odds_dee9bddf1c6b,intraday
401816962,DraftKings,2026-09-17T04:51:39Z,2026-09-16T22:40Z,2026-09-16 00:00:00,CIN,LAD,188,-232,0.3319468884978404,post_start,824467,provider_map,odds_6832c1d64d34,intraday
401816963,DraftKings,2026-09-17T04:51:39Z,2026-09-16T22:40Z,2026-09-16 00:00:00,PIT,MIL,112,-135,0.4508825786646201,post_start,823332,provider_map,odds_a6102acbfe1f,intraday
401816964,DraftKings,2026-09-17T04:51:39Z,2026-09-16T22:45Z,2026-09-16 00:00:00,WSH,PHI,159,-194,0.3691334153629812,post_start,822680,provider_map,odds_c5ce15414046,intraday
401816959,DraftKings,2026-09-17T04:51:39Z,2026-09-16T23:00Z,2026-09-16 00:00:00,NYM,BAL,-117,-103,0.5151837230488916,post_start,823576,provider_map,odds_cbfea6fda1de,intraday
401816965,DraftKings,2026-09-17T04:51:39Z,2026-09-16T23:40Z,2026-09-16 00:00:00,CHC,ATL,-170,140,0.6017699115044248,post_start,824626,provider_map,odds_c8a6b879a481,intraday
401816966,DraftKings,2026-09-17T04:51:39Z,2026-09-17T00:05Z,2026-09-16 00:00:00,TEX,BOS,-105,-114,0.4901832460732984,post_start,822846,provider_map,odds_354b299f53ed,intraday
401816967,DraftKings,2026-09-17T04:51:39Z,2026-09-17T00:10Z,2026-09-16 00:00:00,HOU,KC,-170,141,0.602765926143887,post_start,824140,provider_map,odds_7429629df5dc,intraday
401816970,DraftKings,2026-09-17T04:51:39Z,2026-09-17T00:40Z,2026-09-16 00:00:00,COL,SD,139,-168,0.4002867726132154,post_start,824306,provider_map,odds_71dbeddc35e0,intraday
401816972,DraftKings,2026-09-17T04:51:39Z,2026-09-17T01:38Z,2026-09-16 00:00:00,LAA,SEA,109,-131,0.4576160383525822,post_start,823979,provider_map,odds_b10c4f155873,intraday
401816971,DraftKings,2026-09-17T04:51:39Z,2026-09-17T01:40Z,2026-09-16 00:00:00,AZ,MIA,-143,119,0.5630832299476779,post_start,825031,provider_map,odds_9e9df82f93ab,intraday
401816975,DraftKings,2026-09-17T19:00:36Z,2026-09-17T16:35Z,2026-09-17 00:00:00,PIT,MIL,118,-143,0.4380430471932797,post_start,823334,unique_matchup,odds_d90380093edb,intraday
401816974,DraftKings,2026-09-17T19:00:36Z,2026-09-17T16:40Z,2026-09-17 00:00:00,CIN,LAD,142,-172,0.3952109729164245,post_start,824464,unique_matchup,odds_f8656d65d262,intraday
401816973,DraftKings,2026-09-17T19:00:36Z,2026-09-17T17:10Z,2026-09-17 00:00:00,TB,ATH,-279,223,0.7039455697290203,post_start,822924,unique_matchup,odds_ba53b0562470,intraday
401816980,DraftKings,2026-09-17T19:00:36Z,2026-09-17T19:10Z,2026-09-17 00:00:00,COL,SD,162,-197,0.3652507563273237,ok,824305,unique_matchup,odds_97ad4589ce1f,intraday
401816976,DraftKings,2026-09-17T19:00:36Z,2026-09-17T23:15Z,2026-09-17 00:00:00,NYM,PHI,-132,109,0.5431991809088762,ok,823573,unique_matchup,odds_494c8e816c42,intraday
401816979,DraftKings,2026-09-17T19:00:36Z,2026-09-17T23:15Z,2026-09-17 00:00:00,HOU,KC,-155,128,0.5808678500986193,ok,824141,unique_matchup,odds_15145210186c,intraday
401816978,DraftKings,2026-09-17T19:00:36Z,2026-09-17T23:40Z,2026-09-17 00:00:00,CWS,DET,-117,-103,0.5151837230488916,ok,824548,unique_matchup,odds_d103b1526ee7,intraday
401816977,DraftKings,2026-09-17T19:00:36Z,2026-09-18T00:05Z,2026-09-17 00:00:00,TEX,BOS,102,-123,0.4729987697789844,ok,822845,unique_matchup,odds_c20d8049cfee,intraday
401816981,DraftKings,2026-09-17T19:00:36Z,2026-09-18T01:38Z,2026-09-17 00:00:00,LAA,MIN,-108,-112,0.4956702459300312,ok,823978,unique_matchup,odds_622acef5ef74,intraday
401816975,DraftKings,2026-09-17T22:07:50Z,2026-09-17T16:35Z,2026-09-17 00:00:00,PIT,MIL,118,-143,0.4380430471932797,post_start,823334,provider_map,odds_12b02ccf98f0,intraday
401816974,DraftKings,2026-09-17T22:07:50Z,2026-09-17T16:40Z,2026-09-17 00:00:00,CIN,LAD,142,-172,0.3952109729164245,post_start,824464,provider_map,odds_cc4ca7d13a8a,intraday
401816973,DraftKings,2026-09-17T22:07:50Z,2026-09-17T17:10Z,2026-09-17 00:00:00,TB,ATH,-279,223,0.7039455697290203,post_start,822924,provider_map,odds_83a6a6152704,intraday
401816980,DraftKings,2026-09-17T22:07:50Z,2026-09-17T19:10Z,2026-09-17 00:00:00,COL,SD,162,-198,0.3648562613252363,post_start,824305,provider_map,odds_5808f5a2d960,intraday
401816976,DraftKings,2026-09-17T22:07:50Z,2026-09-17T23:15Z,2026-09-17 00:00:00,NYM,PHI,-132,109,0.5431991809088762,ok,823573,provider_map,odds_69e58c7eecba,intraday
401816979,DraftKings,2026-09-17T22:07:50Z,2026-09-17T23:15Z,2026-09-17 00:00:00,HOU,KC,-156,129,0.5825451699171612,ok,824141,provider_map,odds_36736b5a4c4b,intraday
401816978,DraftKings,2026-09-17T22:07:50Z,2026-09-17T23:40Z,2026-09-17 00:00:00,CWS,DET,-116,-104,0.5130072840790842,ok,824548,provider_map,odds_345db3506abd,intraday
401816977,DraftKings,2026-09-17T22:07:50Z,2026-09-18T00:05Z,2026-09-17 00:00:00,TEX,BOS,108,-130,0.4596322941646683,ok,822845,provider_map,odds_da8126294b67,intraday
401816981,DraftKings,2026-09-17T22:07:50Z,2026-09-18T01:38Z,2026-09-17 00:00:00,LAA,MIN,-110,-110,0.5,ok,823978,provider_map,odds_b161dcd44f9f,intraday
401816975,DraftKings,2026-09-18T00:14:51Z,2026-09-17T16:35Z,2026-09-17 00:00:00,PIT,MIL,118,-143,0.4380430471932797,post_start,823334,provider_map,odds_453583772668,intraday
401816974,DraftKings,2026-09-18T00:14:51Z,2026-09-17T16:40Z,2026-09-17 00:00:00,CIN,LAD,142,-172,0.3952109729164245,post_start,824464,provider_map,odds_fab3a6b1a7ec,intraday
401816973,DraftKings,2026-09-18T00:14:51Z,2026-09-17T17:10Z,2026-09-17 00:00:00,TB,ATH,-279,223,0.7039455697290203,post_start,822924,provider_map,odds_01fe097921c2,intraday
401816980,DraftKings,2026-09-18T00:14:51Z,2026-09-17T19:10Z,2026-09-17 00:00:00,COL,SD,162,-198,0.3648562613252363,post_start,824305,provider_map,odds_fcec5447294b,intraday
401816976,DraftKings,2026-09-18T00:14:51Z,2026-09-17T23:15Z,2026-09-17 00:00:00,NYM,PHI,-132,109,0.5431991809088762,post_start,823573,provider_map,odds_a958d978dc9b,intraday
401816979,DraftKings,2026-09-18T00:14:51Z,2026-09-17T23:15Z,2026-09-17 00:00:00,HOU,KC,-156,129,0.5825451699171612,post_start,824141,provider_map,odds_80bcb96f69b7,intraday
401816978,DraftKings,2026-09-18T00:14:51Z,2026-09-17T23:40Z,2026-09-17 00:00:00,CWS,DET,-116,-104,0.5130072840790842,post_start,824548,provider_map,odds_ef19ece6f562,intraday
401816977,DraftKings,2026-09-18T00:14:51Z,2026-09-18T00:05Z,2026-09-17 00:00:00,TEX,BOS,108,-130,0.4596322941646683,post_start,822845,provider_map,odds_7242f78aa3a6,intraday
401816981,DraftKings,2026-09-18T00:14:51Z,2026-09-18T01:38Z,2026-09-17 00:00:00,LAA,MIN,-115,-105,0.5108342361863488,ok,823978,provider_map,odds_13f692aeff10,intraday
401816975,DraftKings,2026-09-18T04:41:58Z,2026-09-17T16:35Z,2026-09-17 00:00:00,PIT,MIL,118,-143,0.4380430471932797,post_start,823334,provider_map,odds_302d19185de3,intraday
401816974,DraftKings,2026-09-18T04:41:58Z,2026-09-17T16:40Z,2026-09-17 00:00:00,CIN,LAD,142,-172,0.3952109729164245,post_start,824464,provider_map,odds_4b336bb0eb8b,intraday
401816973,DraftKings,2026-09-18T04:41:58Z,2026-09-17T17:10Z,2026-09-17 00:00:00,TB,ATH,-279,223,0.7039455697290203,post_start,822924,provider_map,odds_1d02930b3b27,intraday
401816980,DraftKings,2026-09-18T04:41:58Z,2026-09-17T19:10Z,2026-09-17 00:00:00,COL,SD,162,-198,0.3648562613252363,post_start,824305,provider_map,odds_dd13f74891c5,intraday
401816976,DraftKings,2026-09-18T04:41:58Z,2026-09-17T23:15Z,2026-09-17 00:00:00,NYM,PHI,-132,109,0.5431991809088762,post_start,823573,provider_map,odds_341d32393436,intraday
401816979,DraftKings,2026-09-18T04:41:58Z,2026-09-17T23:15Z,2026-09-17 00:00:00,HOU,KC,-156,129,0.5825451699171612,post_start,824141,provider_map,odds_f7324d783d81,intraday
401816978,DraftKings,2026-09-18T04:41:58Z,2026-09-17T23:40Z,2026-09-17 00:00:00,CWS,DET,-116,-104,0.5130072840790842,post_start,824548,provider_map,odds_2f0202519c4b,intraday
401816977,DraftKings,2026-09-18T04:41:58Z,2026-09-18T00:05Z,2026-09-17 00:00:00,TEX,BOS,108,-130,0.4596322941646683,post_start,822845,provider_map,odds_3e9904db9740,intraday
401816981,DraftKings,2026-09-18T04:41:58Z,2026-09-18T01:38Z,2026-09-17 00:00:00,LAA,MIN,-115,-105,0.5108342361863488,post_start,823978,provider_map,odds_2603bcc84a7e,intraday
401816984,DraftKings,2026-09-18T18:26:16Z,2026-09-18T22:40Z,2026-09-18 00:00:00,CIN,CHC,119,-143,0.4369167700523221,ok,824463,unique_matchup,odds_c88663380079,intraday
401816985,DraftKings,2026-09-18T18:26:16Z,2026-09-18T22:40Z,2026-09-18 00:00:00,PIT,KC,-193,158,0.6295547070574253,ok,823331,unique_matchup,odds_2dc52102f4a9,intraday
401816986,DraftKings,2026-09-18T18:26:16Z,2026-09-18T23:05Z,2026-09-18 00:00:00,BAL,MIL,128,-155,0.4191321499013807,ok,824790,unique_matchup,odds_c4d7e7988437,intraday
401816982,DraftKings,2026-09-18T18:26:16Z,2026-09-18T23:10Z,2026-09-18 00:00:00,CLE,ATH,-231,188,0.6677640823864777,ok,824383,unique_matchup,odds_0bc68eea9657,intraday
401816983,DraftKings,2026-09-18T18:26:16Z,2026-09-18T23:10Z,2026-09-18 00:00:00,TB,BOS,-136,113,0.551057677674631,ok,822923,unique_matchup,odds_ebc17f7dcf2c,intraday
401816987,DraftKings,2026-09-18T18:26:16Z,2026-09-18T23:10Z,2026-09-18 00:00:00,NYM,PHI,-112,-107,0.5054504229528212,ok,823572,unique_matchup,odds_1d196339feed,intraday
401816989,DraftKings,2026-09-18T18:26:16Z,2026-09-18T23:40Z,2026-09-18 00:00:00,CWS,DET,-132,109,0.5431991809088762,ok,824547,unique_matchup,odds_90863a66541d,intraday
401816990,DraftKings,2026-09-18T18:26:16Z,2026-09-19T00:05Z,2026-09-18 00:00:00,TEX,TOR,114,-137,0.4470179938888678,ok,822847,unique_matchup,odds_286a9685905b,intraday
401816988,DraftKings,2026-09-18T18:26:16Z,2026-09-19T00:10Z,2026-09-18 00:00:00,HOU,ATL,100,-120,0.4782608695652174,ok,824138,unique_matchup,odds_72fd825618e7,intraday
401816992,DraftKings,2026-09-18T18:26:16Z,2026-09-19T00:10Z,2026-09-18 00:00:00,COL,SEA,158,-193,0.3704452929425746,ok,824303,unique_matchup,odds_496f24d777ad,intraday
401816991,DraftKings,2026-09-18T18:26:16Z,2026-09-19T00:15Z,2026-09-18 00:00:00,STL,WSH,-108,-111,0.4967303165053623,ok,823005,unique_matchup,odds_2fdb3f423457,intraday
401816994,DraftKings,2026-09-18T18:26:16Z,2026-09-19T01:38Z,2026-09-18 00:00:00,LAA,MIN,-105,-115,0.4891657638136511,ok,823977,unique_matchup,odds_a48f0ee1c155,intraday
401816993,DraftKings,2026-09-18T18:26:16Z,2026-09-19T01:40Z,2026-09-18 00:00:00,SD,MIA,-219,179,0.6569929355598327,ok,823252,unique_matchup,odds_e36dc4d7121f,intraday
401816995,DraftKings,2026-09-18T18:26:16Z,2026-09-19T01:40Z,2026-09-18 00:00:00,AZ,NYY,-102,-118,0.4826358742837298,ok,825032,unique_matchup,odds_5c42613c39c1,intraday
401816996,DraftKings,2026-09-18T18:26:16Z,2026-09-19T02:15Z,2026-09-18 00:00:00,LAD,SF,-313,248,0.7250772180210886,ok,823898,unique_matchup,odds_5809a030036b,intraday
401816984,DraftKings,2026-09-18T21:15:03Z,2026-09-18T22:40Z,2026-09-18 00:00:00,CIN,CHC,123,-149,0.4283723570801864,ok,824463,provider_map,odds_7014612ce254,intraday
401816985,DraftKings,2026-09-18T21:15:03Z,2026-09-18T22:40Z,2026-09-18 00:00:00,PIT,KC,-193,158,0.6295547070574253,ok,823331,provider_map,odds_6f1932068f6f,intraday
401816986,DraftKings,2026-09-18T21:15:03Z,2026-09-18T23:05Z,2026-09-18 00:00:00,BAL,MIL,124,-149,0.4272770952021415,ok,824790,provider_map,odds_4581985642b8,intraday
401816982,DraftKings,2026-09-18T21:15:03Z,2026-09-18T23:10Z,2026-09-18 00:00:00,CLE,ATH,-233,189,0.669107783419617,ok,824383,provider_map,odds_4c54f6e7b0e4,intraday
401816983,DraftKings,2026-09-18T21:15:03Z,2026-09-18T23:10Z,2026-09-18 00:00:00,TB,BOS,-137,114,0.552982006111132,ok,822923,provider_map,odds_fe50e8577b63,intraday
401816987,DraftKings,2026-09-18T21:15:03Z,2026-09-18T23:10Z,2026-09-18 00:00:00,NYM,PHI,-126,105,0.533347098905637,ok,823572,provider_map,odds_cc4585f4864d,intraday
401816989,DraftKings,2026-09-18T21:15:03Z,2026-09-18T23:40Z,2026-09-18 00:00:00,CWS,DET,-132,109,0.5431991809088762,ok,824547,provider_map,odds_b055178429f2,intraday
401816990,DraftKings,2026-09-18T21:15:03Z,2026-09-19T00:05Z,2026-09-18 00:00:00,TEX,TOR,113,-136,0.448942322325369,ok,822847,provider_map,odds_dc7dc24c48a4,intraday
401816988,DraftKings,2026-09-18T21:15:03Z,2026-09-19T00:10Z,2026-09-18 00:00:00,HOU,ATL,100,-120,0.4782608695652174,ok,824138,provider_map,odds_d44e08cd3a2c,intraday
401816992,DraftKings,2026-09-18T21:15:03Z,2026-09-19T00:10Z,2026-09-18 00:00:00,COL,SEA,159,-193,0.3695435569513287,ok,824303,provider_map,odds_fb321cf94302,intraday
401816991,DraftKings,2026-09-18T21:15:03Z,2026-09-19T00:15Z,2026-09-18 00:00:00,STL,WSH,-108,-112,0.4956702459300312,ok,823005,provider_map,odds_fc729b0bc666,intraday
401816994,DraftKings,2026-09-18T21:15:03Z,2026-09-19T01:38Z,2026-09-18 00:00:00,LAA,MIN,-105,-115,0.4891657638136511,ok,823977,provider_map,odds_fa27548b5b1f,intraday
401816993,DraftKings,2026-09-18T21:15:03Z,2026-09-19T01:40Z,2026-09-18 00:00:00,SD,MIA,-219,179,0.6569929355598327,ok,823252,provider_map,odds_c6b4a5c423f1,intraday
401816995,DraftKings,2026-09-18T21:15:03Z,2026-09-19T01:40Z,2026-09-18 00:00:00,AZ,NYY,-104,-115,0.4879965080750763,ok,825032,provider_map,odds_c7b06c875656,intraday
401816996,DraftKings,2026-09-18T21:15:03Z,2026-09-19T02:15Z,2026-09-18 00:00:00,LAD,SF,-313,248,0.7250772180210886,ok,823898,provider_map,odds_880ad3afde70,intraday
401816984,DraftKings,2026-09-18T23:18:08Z,2026-09-18T22:40Z,2026-09-18 00:00:00,CIN,CHC,124,-150,0.4266211604095563,post_start,824463,provider_map,odds_de66e5060ffb,intraday
401816985,DraftKings,2026-09-18T23:18:08Z,2026-09-18T22:40Z,2026-09-18 00:00:00,PIT,KC,-193,158,0.6295547070574253,post_start,823331,provider_map,odds_c26fa918c256,intraday
401816986,DraftKings,2026-09-18T23:18:08Z,2026-09-18T23:05Z,2026-09-18 00:00:00,BAL,MIL,124,-149,0.4272770952021415,post_start,824790,provider_map,odds_ae4cace5f681,intraday
401816982,DraftKings,2026-09-18T23:18:08Z,2026-09-18T23:10Z,2026-09-18 00:00:00,CLE,ATH,-246,199,0.6800858035763818,post_start,824383,provider_map,odds_3e45f4302390,intraday
401816983,DraftKings,2026-09-18T23:18:08Z,2026-09-18T23:10Z,2026-09-18 00:00:00,TB,BOS,-137,114,0.552982006111132,post_start,822923,provider_map,odds_e42cb38a47ce,intraday
401816987,DraftKings,2026-09-18T23:18:08Z,2026-09-18T23:10Z,2026-09-18 00:00:00,NYM,PHI,-127,105,0.5342156560993125,post_start,823572,provider_map,odds_e8d4c3488fde,intraday
401816989,DraftKings,2026-09-18T23:18:08Z,2026-09-18T23:40Z,2026-09-18 00:00:00,CWS,DET,-132,109,0.5431991809088762,ok,824547,provider_map,odds_1518c35f526f,intraday
401816990,DraftKings,2026-09-18T23:18:08Z,2026-09-19T00:05Z,2026-09-18 00:00:00,TEX,TOR,118,-142,0.4387555297701066,ok,822847,provider_map,odds_1bd41430703f,intraday
401816988,DraftKings,2026-09-18T23:18:08Z,2026-09-19T00:10Z,2026-09-18 00:00:00,HOU,ATL,100,-120,0.4782608695652174,ok,824138,provider_map,odds_def0abe378f2,intraday
401816992,DraftKings,2026-09-18T23:18:08Z,2026-09-19T00:10Z,2026-09-18 00:00:00,COL,SEA,159,-193,0.3695435569513287,ok,824303,provider_map,odds_b14f81ad281c,intraday
401816991,DraftKings,2026-09-18T23:18:08Z,2026-09-19T00:15Z,2026-09-18 00:00:00,STL,WSH,-108,-112,0.4956702459300312,ok,823005,provider_map,odds_0201f018245e,intraday
401816994,DraftKings,2026-09-18T23:18:08Z,2026-09-19T01:38Z,2026-09-18 00:00:00,LAA,MIN,-105,-115,0.4891657638136511,ok,823977,provider_map,odds_ef6d06ffed99,intraday
401816993,DraftKings,2026-09-18T23:18:08Z,2026-09-19T01:40Z,2026-09-18 00:00:00,SD,MIA,-210,171,0.6473666249573428,ok,823252,provider_map,odds_0e34a28e209c,intraday
401816995,DraftKings,2026-09-18T23:18:08Z,2026-09-19T01:40Z,2026-09-18 00:00:00,AZ,NYY,-113,-106,0.50763258897418,ok,825032,provider_map,odds_5ac28fd0cac0,intraday
401816996,DraftKings,2026-09-18T23:18:08Z,2026-09-19T02:15Z,2026-09-18 00:00:00,LAD,SF,-314,248,0.7252309652755655,ok,823898,provider_map,odds_f740c591ab4a,intraday
401816984,DraftKings,2026-09-19T01:35:21Z,2026-09-18T22:40Z,2026-09-18 00:00:00,CIN,CHC,124,-150,0.4266211604095563,post_start,824463,provider_map,odds_c4afe3c02bb2,intraday
401816985,DraftKings,2026-09-19T01:35:21Z,2026-09-18T22:40Z,2026-09-18 00:00:00,PIT,KC,-193,158,0.6295547070574253,post_start,823331,provider_map,odds_6ee589369ef2,intraday
401816986,DraftKings,2026-09-19T01:35:21Z,2026-09-18T23:05Z,2026-09-18 00:00:00,BAL,MIL,124,-149,0.4272770952021415,post_start,824790,provider_map,odds_7e2f1197ef70,intraday
401816982,DraftKings,2026-09-19T01:35:21Z,2026-09-18T23:10Z,2026-09-18 00:00:00,CLE,ATH,-246,199,0.6800858035763818,post_start,824383,provider_map,odds_ee63a0852f01,intraday
401816983,DraftKings,2026-09-19T01:35:21Z,2026-09-18T23:10Z,2026-09-18 00:00:00,TB,BOS,-137,114,0.552982006111132,post_start,822923,provider_map,odds_2d42776622ad,intraday
401816987,DraftKings,2026-09-19T01:35:21Z,2026-09-18T23:10Z,2026-09-18 00:00:00,NYM,PHI,-131,109,0.5423839616474178,post_start,823572,provider_map,odds_737918344518,intraday
401816989,DraftKings,2026-09-19T01:35:21Z,2026-09-18T23:40Z,2026-09-18 00:00:00,CWS,DET,-132,109,0.5431991809088762,post_start,824547,provider_map,odds_908799f91430,intraday
401816990,DraftKings,2026-09-19T01:35:21Z,2026-09-19T00:05Z,2026-09-18 00:00:00,TEX,TOR,117,-141,0.4406091741777428,post_start,822847,provider_map,odds_bc0169c9490f,intraday
401816988,DraftKings,2026-09-19T01:35:21Z,2026-09-19T00:10Z,2026-09-18 00:00:00,HOU,ATL,100,-120,0.4782608695652174,post_start,824138,provider_map,odds_489757d02a1a,intraday
401816992,DraftKings,2026-09-19T01:35:21Z,2026-09-19T00:10Z,2026-09-18 00:00:00,COL,SEA,157,-191,0.3721846342742399,post_start,824303,provider_map,odds_464778a86acc,intraday
401816991,DraftKings,2026-09-19T01:35:21Z,2026-09-19T00:15Z,2026-09-18 00:00:00,STL,WSH,-107,-112,0.4945495770471788,post_start,823005,provider_map,odds_7a2e5a0cfcb8,intraday
401816994,DraftKings,2026-09-19T01:35:21Z,2026-09-19T01:38Z,2026-09-18 00:00:00,LAA,MIN,-106,-114,0.4913359902963091,ok,823977,provider_map,odds_3205580b98d6,intraday
401816993,DraftKings,2026-09-19T01:35:21Z,2026-09-19T01:40Z,2026-09-18 00:00:00,SD,MIA,-206,169,0.6442439602855349,ok,823252,provider_map,odds_43ae660e168d,intraday
401816995,DraftKings,2026-09-19T01:35:21Z,2026-09-19T01:40Z,2026-09-18 00:00:00,AZ,NYY,-113,-106,0.50763258897418,ok,825032,provider_map,odds_decc663a3e04,intraday
401816996,DraftKings,2026-09-19T01:35:21Z,2026-09-19T02:15Z,2026-09-18 00:00:00,LAD,SF,-322,254,0.7298127897149589,ok,823898,provider_map,odds_a96e966d7113,intraday
401816984,DraftKings,2026-09-19T04:36:20Z,2026-09-18T22:40Z,2026-09-18 00:00:00,CIN,CHC,124,-150,0.4266211604095563,post_start,824463,provider_map,odds_199171a9e8e4,intraday
401816985,DraftKings,2026-09-19T04:36:20Z,2026-09-18T22:40Z,2026-09-18 00:00:00,PIT,KC,-193,158,0.6295547070574253,post_start,823331,provider_map,odds_1062bb646b08,intraday
401816986,DraftKings,2026-09-19T04:36:20Z,2026-09-18T23:05Z,2026-09-18 00:00:00,BAL,MIL,124,-149,0.4272770952021415,post_start,824790,provider_map,odds_f0affcc96d46,intraday
401816982,DraftKings,2026-09-19T04:36:20Z,2026-09-18T23:10Z,2026-09-18 00:00:00,CLE,ATH,-246,199,0.6800858035763818,post_start,824383,provider_map,odds_56b758fb0f3a,intraday
401816983,DraftKings,2026-09-19T04:36:20Z,2026-09-18T23:10Z,2026-09-18 00:00:00,TB,BOS,-137,114,0.552982006111132,post_start,822923,provider_map,odds_ae770acd1dbf,intraday
401816987,DraftKings,2026-09-19T04:36:20Z,2026-09-18T23:10Z,2026-09-18 00:00:00,NYM,PHI,-131,109,0.5423839616474178,post_start,823572,provider_map,odds_3bbf9418643d,intraday
401816989,DraftKings,2026-09-19T04:36:20Z,2026-09-18T23:40Z,2026-09-18 00:00:00,CWS,DET,-132,109,0.5431991809088762,post_start,824547,provider_map,odds_8ee7549f9f0d,intraday
401816990,DraftKings,2026-09-19T04:36:20Z,2026-09-19T00:05Z,2026-09-18 00:00:00,TEX,TOR,117,-141,0.4406091741777428,post_start,822847,provider_map,odds_119ecb43e6dd,intraday
401816988,DraftKings,2026-09-19T04:36:20Z,2026-09-19T00:10Z,2026-09-18 00:00:00,HOU,ATL,100,-120,0.4782608695652174,post_start,824138,provider_map,odds_64d0c3f7c5b3,intraday
401816992,DraftKings,2026-09-19T04:36:20Z,2026-09-19T00:10Z,2026-09-18 00:00:00,COL,SEA,157,-191,0.3721846342742399,post_start,824303,provider_map,odds_6abf731ba51d,intraday
401816991,DraftKings,2026-09-19T04:36:20Z,2026-09-19T00:15Z,2026-09-18 00:00:00,STL,WSH,-107,-112,0.4945495770471788,post_start,823005,provider_map,odds_c0fcde7411cc,intraday
401816994,DraftKings,2026-09-19T04:36:20Z,2026-09-19T01:38Z,2026-09-18 00:00:00,LAA,MIN,-106,-114,0.4913359902963091,post_start,823977,provider_map,odds_4c304beecf25,intraday
401816993,DraftKings,2026-09-19T04:36:20Z,2026-09-19T01:40Z,2026-09-18 00:00:00,SD,MIA,-206,169,0.6442439602855349,post_start,823252,provider_map,odds_67de6c61b90d,intraday
401816995,DraftKings,2026-09-19T04:36:20Z,2026-09-19T01:40Z,2026-09-18 00:00:00,AZ,NYY,-114,-106,0.5086640097036909,post_start,825032,provider_map,odds_b36a400e4029,intraday
401816996,DraftKings,2026-09-19T04:36:20Z,2026-09-19T02:15Z,2026-09-18 00:00:00,LAD,SF,-321,254,0.7296672531367588,post_start,823898,provider_map,odds_d9f95ce2ae36,intraday
401817004,DraftKings,2026-09-19T17:59:44Z,2026-09-19T18:10Z,2026-09-19 00:00:00,CWS,DET,-136,113,0.551057677674631,ok,824545,unique_matchup,odds_c391c8e74424,intraday
401817001,DraftKings,2026-09-19T17:59:44Z,2026-09-19T20:05Z,2026-09-19 00:00:00,BAL,MIL,-109,-111,0.4978354041300489,ok,824788,unique_matchup,odds_90b7885c4730,intraday
401816998,DraftKings,2026-09-19T17:59:44Z,2026-09-19T20:10Z,2026-09-19 00:00:00,TB,BOS,-151,125,0.5751163774862462,ok,822921,unique_matchup,odds_ad8c91031f47,intraday
401817002,DraftKings,2026-09-19T17:59:44Z,2026-09-19T20:10Z,2026-09-19 00:00:00,NYM,PHI,-125,103,0.5300261096605744,ok,823571,unique_matchup,odds_e9f16d97b9b4,intraday
401816997,DraftKings,2026-09-19T17:59:44Z,2026-09-19T22:10Z,2026-09-19 00:00:00,CLE,ATH,-188,155,0.6247068021892103,ok,824380,unique_matchup,odds_a5cc5d7f916d,intraday
401816999,DraftKings,2026-09-19T17:59:44Z,2026-09-19T22:40Z,2026-09-19 00:00:00,CIN,CHC,119,-143,0.4369167700523221,ok,824461,unique_matchup,odds_a7ec4bc1e326,intraday
401817000,DraftKings,2026-09-19T17:59:44Z,2026-09-19T22:40Z,2026-09-19 00:00:00,PIT,KC,-118,-102,0.5173641257162701,ok,823330,unique_matchup,odds_cdb32e83480a,intraday
401817005,DraftKings,2026-09-19T17:59:44Z,2026-09-19T23:05Z,2026-09-19 00:00:00,TEX,TOR,-114,-106,0.5086640097036909,ok,822843,unique_matchup,odds_9cc3f9f0368f,intraday
401817003,DraftKings,2026-09-19T17:59:44Z,2026-09-19T23:10Z,2026-09-19 00:00:00,HOU,ATL,-137,113,0.5518239065070631,ok,824137,unique_matchup,odds_d0532fb8f38f,intraday
401817006,DraftKings,2026-09-19T17:59:44Z,2026-09-19T23:15Z,2026-09-19 00:00:00,STL,WSH,-113,-107,0.5064960374171755,ok,823003,unique_matchup,odds_3751f3583d0f,intraday
401817007,DraftKings,2026-09-19T17:59:44Z,2026-09-20T00:10Z,2026-09-19 00:00:00,COL,SEA,124,-150,0.4266211604095563,ok,824304,unique_matchup,odds_b12f84e357f0,intraday
401817010,DraftKings,2026-09-19T17:59:44Z,2026-09-20T00:10Z,2026-09-19 00:00:00,AZ,NYY,138,-167,0.4018300574902929,ok,825029,unique_matchup,odds_8457a1928bec,intraday
401817008,DraftKings,2026-09-19T17:59:44Z,2026-09-20T00:40Z,2026-09-19 00:00:00,SD,MIA,-159,131,0.5864535598524646,ok,823249,unique_matchup,odds_54598bb6dd78,intraday
401817011,DraftKings,2026-09-19T17:59:44Z,2026-09-20T01:10Z,2026-09-19 00:00:00,LAD,SF,-415,318,0.7710805885229142,ok,823899,unique_matchup,odds_84479d810113,intraday
401817009,DraftKings,2026-09-19T17:59:44Z,2026-09-20T01:38Z,2026-09-19 00:00:00,LAA,MIN,-111,-108,0.5032696834946377,ok,823976,unique_matchup,odds_5ad77a5307e2,intraday
401817004,DraftKings,2026-09-19T20:36:24Z,2026-09-19T18:10Z,2026-09-19 00:00:00,CWS,DET,-136,113,0.551057677674631,post_start,824545,provider_map,odds_3010d30a0ddd,intraday
401817001,DraftKings,2026-09-19T20:36:24Z,2026-09-19T20:05Z,2026-09-19 00:00:00,BAL,MIL,-111,-109,0.5021645958699511,post_start,824788,provider_map,odds_7454bea440cc,intraday
401816998,DraftKings,2026-09-19T20:36:24Z,2026-09-19T20:10Z,2026-09-19 00:00:00,TB,BOS,-151,125,0.5751163774862462,post_start,822921,provider_map,odds_4f0df615ad20,intraday
401817002,DraftKings,2026-09-19T20:36:24Z,2026-09-19T20:10Z,2026-09-19 00:00:00,NYM,PHI,-125,104,0.53125,post_start,823571,provider_map,odds_8bf3edf0e2a8,intraday
401816997,DraftKings,2026-09-19T20:36:24Z,2026-09-19T22:10Z,2026-09-19 00:00:00,CLE,ATH,-188,155,0.6247068021892103,ok,824380,provider_map,odds_c36e67d57575,intraday
401816999,DraftKings,2026-09-19T20:36:24Z,2026-09-19T22:40Z,2026-09-19 00:00:00,CIN,CHC,123,-148,0.4290360528683136,ok,824461,provider_map,odds_19b8bea8e715,intraday
401817000,DraftKings,2026-09-19T20:36:24Z,2026-09-19T22:40Z,2026-09-19 00:00:00,PIT,KC,-120,100,0.5217391304347826,ok,823330,provider_map,odds_0546e6f9892c,intraday
401817005,DraftKings,2026-09-19T20:36:24Z,2026-09-19T23:05Z,2026-09-19 00:00:00,TEX,TOR,-114,-106,0.5086640097036909,ok,822843,provider_map,odds_ff11247f9ac0,intraday
401817003,DraftKings,2026-09-19T20:36:24Z,2026-09-19T23:10Z,2026-09-19 00:00:00,HOU,ATL,-137,114,0.552982006111132,ok,824137,provider_map,odds_a6c7d2a1c711,intraday
401817006,DraftKings,2026-09-19T20:36:24Z,2026-09-19T23:15Z,2026-09-19 00:00:00,STL,WSH,-110,-109,0.5010897994768962,ok,823003,provider_map,odds_e66baba4551a,intraday
401817007,DraftKings,2026-09-19T20:36:24Z,2026-09-20T00:10Z,2026-09-19 00:00:00,COL,SEA,124,-150,0.4266211604095563,ok,824304,provider_map,odds_294003b6791c,intraday
401817010,DraftKings,2026-09-19T20:36:24Z,2026-09-20T00:10Z,2026-09-19 00:00:00,AZ,NYY,138,-168,0.4012937230474365,ok,825029,provider_map,odds_b9dbc673f98a,intraday
401817008,DraftKings,2026-09-19T20:36:24Z,2026-09-20T00:40Z,2026-09-19 00:00:00,SD,MIA,-159,131,0.5864535598524646,ok,823249,provider_map,odds_270b086d4fe9,intraday
401817011,DraftKings,2026-09-19T20:36:24Z,2026-09-20T01:10Z,2026-09-19 00:00:00,LAD,SF,-415,318,0.7710805885229142,ok,823899,provider_map,odds_a918a8983a05,intraday
401817009,DraftKings,2026-09-19T20:36:24Z,2026-09-20T01:38Z,2026-09-19 00:00:00,LAA,MIN,-111,-108,0.5032696834946377,ok,823976,provider_map,odds_b0b611741c7f,intraday
401817004,DraftKings,2026-09-19T22:29:42Z,2026-09-19T18:10Z,2026-09-19 00:00:00,CWS,DET,-136,113,0.551057677674631,post_start,824545,provider_map,odds_a5eb6d46ed14,intraday
401817001,DraftKings,2026-09-19T22:29:42Z,2026-09-19T20:05Z,2026-09-19 00:00:00,BAL,MIL,-111,-109,0.5021645958699511,post_start,824788,provider_map,odds_074e43ae704f,intraday
401816998,DraftKings,2026-09-19T22:29:42Z,2026-09-19T20:10Z,2026-09-19 00:00:00,TB,BOS,-151,125,0.5751163774862462,post_start,822921,provider_map,odds_43f3923fdff9,intraday
401817002,DraftKings,2026-09-19T22:29:42Z,2026-09-19T20:10Z,2026-09-19 00:00:00,NYM,PHI,-125,104,0.53125,post_start,823571,provider_map,odds_610c8cde2adf,intraday
401816997,DraftKings,2026-09-19T22:29:42Z,2026-09-19T22:10Z,2026-09-19 00:00:00,CLE,ATH,-188,154,0.6237851395130107,post_start,824380,provider_map,odds_3bc00e881576,intraday
401816999,DraftKings,2026-09-19T22:29:42Z,2026-09-19T22:40Z,2026-09-19 00:00:00,CIN,CHC,123,-148,0.4290360528683136,ok,824461,provider_map,odds_28fe5c2d689d,intraday
401817000,DraftKings,2026-09-19T22:29:42Z,2026-09-19T22:40Z,2026-09-19 00:00:00,PIT,KC,-119,-101,0.5195490681610843,ok,823330,provider_map,odds_2a017c01f497,intraday
401817005,DraftKings,2026-09-19T22:29:42Z,2026-09-19T23:05Z,2026-09-19 00:00:00,TEX,TOR,-114,-106,0.5086640097036909,ok,822843,provider_map,odds_47d817393914,intraday
401817003,DraftKings,2026-09-19T22:29:42Z,2026-09-19T23:10Z,2026-09-19 00:00:00,HOU,ATL,-137,114,0.552982006111132,ok,824137,provider_map,odds_2e83489a5e11,intraday
401817006,DraftKings,2026-09-19T22:29:42Z,2026-09-19T23:15Z,2026-09-19 00:00:00,STL,WSH,-115,-104,0.5120034919249236,ok,823003,provider_map,odds_461de0095d0a,intraday
401817007,DraftKings,2026-09-19T22:29:42Z,2026-09-20T00:10Z,2026-09-19 00:00:00,COL,SEA,123,-149,0.4283723570801864,ok,824304,provider_map,odds_e6839c576196,intraday
401817010,DraftKings,2026-09-19T22:29:42Z,2026-09-20T00:10Z,2026-09-19 00:00:00,AZ,NYY,136,-164,0.4055050380928974,ok,825029,provider_map,odds_041b07de0fef,intraday
401817008,DraftKings,2026-09-19T22:29:42Z,2026-09-20T00:40Z,2026-09-19 00:00:00,SD,MIA,-159,131,0.5864535598524646,ok,823249,provider_map,odds_6d78c0e0b4da,intraday
401817011,DraftKings,2026-09-19T22:29:42Z,2026-09-20T01:10Z,2026-09-19 00:00:00,LAD,SF,-414,317,0.7705746346601915,ok,823899,provider_map,odds_bb2869839c50,intraday
401817009,DraftKings,2026-09-19T22:29:42Z,2026-09-20T01:38Z,2026-09-19 00:00:00,LAA,MIN,-111,-108,0.5032696834946377,ok,823976,provider_map,odds_7d94a73891e0,intraday
401817004,DraftKings,2026-09-20T00:23:29Z,2026-09-19T18:10Z,2026-09-19 00:00:00,CWS,DET,-136,113,0.551057677674631,post_start,824545,provider_map,odds_14b61bc6a376,intraday
401817001,DraftKings,2026-09-20T00:23:29Z,2026-09-19T20:05Z,2026-09-19 00:00:00,BAL,MIL,-111,-109,0.5021645958699511,post_start,824788,provider_map,odds_48cfbd60f175,intraday
401816998,DraftKings,2026-09-20T00:23:29Z,2026-09-19T20:10Z,2026-09-19 00:00:00,TB,BOS,-151,125,0.5751163774862462,post_start,822921,provider_map,odds_8ac63e3c8e92,intraday
401817002,DraftKings,2026-09-20T00:23:29Z,2026-09-19T20:10Z,2026-09-19 00:00:00,NYM,PHI,-125,104,0.53125,post_start,823571,provider_map,odds_e7d4240a5057,intraday
401816997,DraftKings,2026-09-20T00:23:29Z,2026-09-19T22:10Z,2026-09-19 00:00:00,CLE,ATH,-188,154,0.6237851395130107,post_start,824380,provider_map,odds_51ed6b2d29cb,intraday
401816999,DraftKings,2026-09-20T00:23:29Z,2026-09-19T22:40Z,2026-09-19 00:00:00,CIN,CHC,123,-148,0.4290360528683136,post_start,824461,provider_map,odds_ae0f0e7c2c96,intraday
401817000,DraftKings,2026-09-20T00:23:29Z,2026-09-19T22:40Z,2026-09-19 00:00:00,PIT,KC,-119,-101,0.5195490681610843,post_start,823330,provider_map,odds_bc5a43482646,intraday
401817005,DraftKings,2026-09-20T00:23:29Z,2026-09-19T23:05Z,2026-09-19 00:00:00,TEX,TOR,-114,-106,0.5086640097036909,post_start,822843,provider_map,odds_58fa8f145a2c,intraday
401817003,DraftKings,2026-09-20T00:23:29Z,2026-09-19T23:10Z,2026-09-19 00:00:00,HOU,ATL,-137,114,0.552982006111132,post_start,824137,provider_map,odds_2dc02513754d,intraday
401817006,DraftKings,2026-09-20T00:23:29Z,2026-09-19T23:15Z,2026-09-19 00:00:00,STL,WSH,-115,-104,0.5120034919249236,post_start,823003,provider_map,odds_44f1b6f99f3e,intraday
401817007,DraftKings,2026-09-20T00:23:29Z,2026-09-20T00:10Z,2026-09-19 00:00:00,COL,SEA,123,-149,0.4283723570801864,post_start,824304,provider_map,odds_a358f8d51c5d,intraday
401817010,DraftKings,2026-09-20T00:23:29Z,2026-09-20T00:10Z,2026-09-19 00:00:00,AZ,NYY,136,-164,0.4055050380928974,post_start,825029,provider_map,odds_026d10bc0180,intraday
401817008,DraftKings,2026-09-20T00:23:29Z,2026-09-20T00:40Z,2026-09-19 00:00:00,SD,MIA,-159,131,0.5864535598524646,ok,823249,provider_map,odds_627f250e3bfa,intraday
401817011,DraftKings,2026-09-20T00:23:29Z,2026-09-20T01:10Z,2026-09-19 00:00:00,LAD,SF,-414,317,0.7705746346601915,ok,823899,provider_map,odds_aa660fdf4570,intraday
401817009,DraftKings,2026-09-20T00:23:29Z,2026-09-20T01:38Z,2026-09-19 00:00:00,LAA,MIN,-126,105,0.533347098905637,ok,823976,provider_map,odds_a80abd569ffd,intraday
401817004,DraftKings,2026-09-20T04:53:30Z,2026-09-19T18:10Z,2026-09-19 00:00:00,CWS,DET,-136,113,0.551057677674631,post_start,824545,provider_map,odds_c260602485b1,intraday
401817001,DraftKings,2026-09-20T04:53:30Z,2026-09-19T20:05Z,2026-09-19 00:00:00,BAL,MIL,-111,-109,0.5021645958699511,post_start,824788,provider_map,odds_4ff5a3385c52,intraday
401816998,DraftKings,2026-09-20T04:53:30Z,2026-09-19T20:10Z,2026-09-19 00:00:00,TB,BOS,-151,125,0.5751163774862462,post_start,822921,provider_map,odds_93e2cde330d6,intraday
401817002,DraftKings,2026-09-20T04:53:30Z,2026-09-19T20:10Z,2026-09-19 00:00:00,NYM,PHI,-125,104,0.53125,post_start,823571,provider_map,odds_3c571ca5b49a,intraday
401816997,DraftKings,2026-09-20T04:53:30Z,2026-09-19T22:10Z,2026-09-19 00:00:00,CLE,ATH,-188,154,0.6237851395130107,post_start,824380,provider_map,odds_5d4d4a00a7bb,intraday
401816999,DraftKings,2026-09-20T04:53:30Z,2026-09-19T22:40Z,2026-09-19 00:00:00,CIN,CHC,123,-148,0.4290360528683136,post_start,824461,provider_map,odds_43b9101143f8,intraday
401817000,DraftKings,2026-09-20T04:53:30Z,2026-09-19T22:40Z,2026-09-19 00:00:00,PIT,KC,-119,-101,0.5195490681610843,post_start,823330,provider_map,odds_dd5c60f9f120,intraday
401817005,DraftKings,2026-09-20T04:53:30Z,2026-09-19T23:05Z,2026-09-19 00:00:00,TEX,TOR,-114,-106,0.5086640097036909,post_start,822843,provider_map,odds_60398b73c2f9,intraday
401817003,DraftKings,2026-09-20T04:53:30Z,2026-09-19T23:10Z,2026-09-19 00:00:00,HOU,ATL,-137,114,0.552982006111132,post_start,824137,provider_map,odds_94b3d5e9729e,intraday
401817006,DraftKings,2026-09-20T04:53:30Z,2026-09-19T23:15Z,2026-09-19 00:00:00,STL,WSH,-115,-104,0.5120034919249236,post_start,823003,provider_map,odds_1c31fb34ca8f,intraday
401817007,DraftKings,2026-09-20T04:53:30Z,2026-09-20T00:10Z,2026-09-19 00:00:00,COL,SEA,123,-149,0.4283723570801864,post_start,824304,provider_map,odds_623855c201e8,intraday
401817010,DraftKings,2026-09-20T04:53:30Z,2026-09-20T00:10Z,2026-09-19 00:00:00,AZ,NYY,134,-162,0.4086853434828726,post_start,825029,provider_map,odds_7b4a5afc5772,intraday
401817008,DraftKings,2026-09-20T04:53:30Z,2026-09-20T00:40Z,2026-09-19 00:00:00,SD,MIA,-158,130,0.5848084969423882,post_start,823249,provider_map,odds_a812e34f3457,intraday
401817011,DraftKings,2026-09-20T04:53:30Z,2026-09-20T01:10Z,2026-09-19 00:00:00,LAD,SF,-415,318,0.7710805885229142,post_start,823899,provider_map,odds_b9068714663f,intraday
401817009,DraftKings,2026-09-20T04:53:30Z,2026-09-20T01:38Z,2026-09-19 00:00:00,LAA,MIN,-126,105,0.533347098905637,post_start,823976,provider_map,odds_4e39728cd262,intraday
401817017,DraftKings,2026-09-20T18:11:47Z,2026-09-20T17:10Z,2026-09-20 00:00:00,NYM,PHI,132,-160,0.41191381495564,post_start,823570,unique_matchup,odds_8c1db6a705bb,intraday
401817015,DraftKings,2026-09-20T18:11:47Z,2026-09-20T17:35Z,2026-09-20 00:00:00,PIT,KC,-122,101,0.524849107486837,post_start,823329,unique_matchup,odds_6fcc9e8fe404,intraday
401817012,DraftKings,2026-09-20T18:11:47Z,2026-09-20T17:40Z,2026-09-20 00:00:00,CLE,ATH,-261,210,0.6914793607383984,post_start,824381,unique_matchup,odds_0a39ea3c8aec,intraday
401817013,DraftKings,2026-09-20T18:11:47Z,2026-09-20T17:40Z,2026-09-20 00:00:00,TB,BOS,-153,127,0.5785510819409971,post_start,822922,unique_matchup,odds_9c20f33d0e00,intraday
401817014,DraftKings,2026-09-20T18:11:47Z,2026-09-20T17:40Z,2026-09-20 00:00:00,CIN,CHC,139,-168,0.4002867726132154,post_start,824462,unique_matchup,odds_987356397177,intraday
401817018,DraftKings,2026-09-20T18:11:47Z,2026-09-20T18:10Z,2026-09-20 00:00:00,HOU,ATL,-161,133,0.5897065065316837,post_start,824139,unique_matchup,odds_044ff1147a62,intraday
401817019,DraftKings,2026-09-20T18:11:47Z,2026-09-20T18:10Z,2026-09-20 00:00:00,CWS,DET,-120,-101,0.5205006473888649,post_start,824546,unique_matchup,odds_14d8bc2467a9,intraday
401817021,DraftKings,2026-09-20T18:11:47Z,2026-09-20T18:15Z,2026-09-20 00:00:00,STL,WSH,-131,108,0.541193294669103,ok,823001,unique_matchup,odds_3c44572fed94,intraday
401817020,DraftKings,2026-09-20T18:11:47Z,2026-09-20T18:35Z,2026-09-20 00:00:00,TEX,TOR,-180,148,0.6145374449339207,ok,822844,unique_matchup,odds_a34a678c6ced,intraday
401817022,DraftKings,2026-09-20T18:11:47Z,2026-09-20T19:10Z,2026-09-20 00:00:00,COL,SEA,137,-166,0.4033847926966121,ok,824300,unique_matchup,odds_68d57e742e9e,intraday
401817024,DraftKings,2026-09-20T18:11:47Z,2026-09-20T20:07Z,2026-09-20 00:00:00,LAA,MIN,-105,-114,0.4901832460732984,ok,823975,unique_matchup,odds_0d07cf72cd70,intraday
401817023,DraftKings,2026-09-20T18:11:47Z,2026-09-20T20:10Z,2026-09-20 00:00:00,SD,MIA,-156,129,0.5825451699171612,ok,823247,unique_matchup,odds_9bde4a8507fa,intraday
401817025,DraftKings,2026-09-20T18:11:47Z,2026-09-20T20:10Z,2026-09-20 00:00:00,AZ,NYY,-119,-102,0.5183284457478006,ok,825028,unique_matchup,odds_4a0dde0309be,intraday
401817026,DraftKings,2026-09-20T18:11:47Z,2026-09-20T20:10Z,2026-09-20 00:00:00,LAD,SF,-288,230,0.7101016138673043,ok,823896,unique_matchup,odds_17191b70ad40,intraday
401817016,DraftKings,2026-09-20T18:11:47Z,2026-09-20T23:20Z,2026-09-20 00:00:00,BAL,MIL,169,-206,0.355756039714465,ok,824789,unique_matchup,odds_af510b38aa4e,intraday
401817017,DraftKings,2026-09-20T20:46:47Z,2026-09-20T17:10Z,2026-09-20 00:00:00,NYM,PHI,132,-160,0.41191381495564006,post_start,823570,provider_map,odds_2ec7b7589047,intraday
401817015,DraftKings,2026-09-20T20:46:47Z,2026-09-20T17:35Z,2026-09-20 00:00:00,PIT,KC,-122,101,0.524849107486837,post_start,823329,provider_map,odds_3e89515b5ad3,intraday
401817012,DraftKings,2026-09-20T20:46:47Z,2026-09-20T17:40Z,2026-09-20 00:00:00,CLE,ATH,-265,213,0.6944200259533677,post_start,824381,provider_map,odds_80e0e642f33c,intraday
401817013,DraftKings,2026-09-20T20:46:47Z,2026-09-20T17:40Z,2026-09-20 00:00:00,TB,BOS,-153,127,0.5785510819409971,post_start,822922,provider_map,odds_d89fae2e7411,intraday
401817014,DraftKings,2026-09-20T20:46:47Z,2026-09-20T17:40Z,2026-09-20 00:00:00,CIN,CHC,139,-168,0.40028677261321544,post_start,824462,provider_map,odds_8bbe0d073dc0,intraday
401817018,DraftKings,2026-09-20T20:46:47Z,2026-09-20T18:10Z,2026-09-20 00:00:00,HOU,ATL,-161,133,0.5897065065316837,post_start,824139,provider_map,odds_6b8612a72ac9,intraday
401817019,DraftKings,2026-09-20T20:46:47Z,2026-09-20T18:10Z,2026-09-20 00:00:00,CWS,DET,-120,-101,0.5205006473888649,post_start,824546,provider_map,odds_049054e2a2d0,intraday
401817021,DraftKings,2026-09-20T20:46:47Z,2026-09-20T18:15Z,2026-09-20 00:00:00,STL,WSH,-131,108,0.541193294669103,post_start,823001,provider_map,odds_9837d5727842,intraday
401817020,DraftKings,2026-09-20T20:46:47Z,2026-09-20T18:35Z,2026-09-20 00:00:00,TEX,TOR,-176,145,0.6097285067873303,post_start,822844,provider_map,odds_e8d140a5ed43,intraday
401817022,DraftKings,2026-09-20T20:46:47Z,2026-09-20T19:10Z,2026-09-20 00:00:00,COL,SEA,135,-163,0.4070892345793669,post_start,824300,provider_map,odds_294365fbc2e7,intraday
401817024,DraftKings,2026-09-20T20:46:47Z,2026-09-20T20:07Z,2026-09-20 00:00:00,LAA,MIN,-109,-111,0.4978354041300489,post_start,823975,provider_map,odds_10b333116231,intraday
401817023,DraftKings,2026-09-20T20:46:47Z,2026-09-20T20:10Z,2026-09-20 00:00:00,SD,MIA,-156,129,0.5825451699171612,post_start,823247,provider_map,odds_32f258f6cd0f,intraday
401817025,DraftKings,2026-09-20T20:46:47Z,2026-09-20T20:10Z,2026-09-20 00:00:00,AZ,NYY,-126,105,0.533347098905637,post_start,825028,provider_map,odds_450c3d49df50,intraday
401817026,DraftKings,2026-09-20T20:46:47Z,2026-09-20T20:10Z,2026-09-20 00:00:00,LAD,SF,-287,229,0.7092914071948498,post_start,823896,provider_map,odds_e48df967e801,intraday
401817016,DraftKings,2026-09-20T20:46:47Z,2026-09-20T23:20Z,2026-09-20 00:00:00,BAL,MIL,168,-206,0.3566101062837964,ok,824789,provider_map,odds_5efd1cfa6c66,intraday
