observed_at_utc,market_slug,game_pk,key_mlbam,exclusion_code,pass_reasons,policy_version,policy_hash,store_kind,dropped_as_unfavorable_outcome
2026-09-20T01:27:04Z,astatc-mlb-min-laa-2026-09-19-hits-ausmar-gte1,823976.0,668885.0,entry_timing,inside_entry_cutoff_window_or_after_start|quote_age_seconds:513>max:30|lineup_availability_unknown,polymarket_us_mlb_hitter_hits_1plus_v1_frozen_v1,2f08c06d052b3115,prospective,False
2026-09-20T01:27:04Z,astatc-mlb-min-laa-2026-09-19-hits-brolee-gte1,823976.0,686797.0,entry_timing,inside_entry_cutoff_window_or_after_start|quote_age_seconds:512>max:30|lineup_availability_unknown,polymarket_us_mlb_hitter_hits_1plus_v1_frozen_v1,2f08c06d052b3115,prospective,False
2026-09-20T01:27:04Z,astatc-mlb-min-laa-2026-09-19-hits-denguz-gte1,823976.0,694203.0,entry_timing,inside_entry_cutoff_window_or_after_start|quote_age_seconds:512>max:30|lineup_availability_unknown,polymarket_us_mlb_hitter_hits_1plus_v1_frozen_v1,2f08c06d052b3115,prospective,False
2026-09-20T01:27:04Z,astatc-mlb-min-laa-2026-09-19-hits-josbel-gte1,823976.0,605137.0,entry_timing,inside_entry_cutoff_window_or_after_start|quote_age_seconds:512>max:30|lineup_availability_unknown,polymarket_us_mlb_hitter_hits_1plus_v1_frozen_v1,2f08c06d052b3115,prospective,False
2026-09-20T01:27:04Z,astatc-mlb-min-laa-2026-09-19-hits-joslow-gte1,823976.0,666139.0,entry_timing,inside_entry_cutoff_window_or_after_start|quote_age_seconds:512>max:30|lineup_availability_unknown,polymarket_us_mlb_hitter_hits_1plus_v1_frozen_v1,2f08c06d052b3115,prospective,False
2026-09-20T01:27:04Z,astatc-mlb-min-laa-2026-09-19-hits-jossir-gte1,823976.0,642350.0,entry_timing,inside_entry_cutoff_window_or_after_start|quote_age_seconds:512>max:30|lineup_availability_unknown,polymarket_us_mlb_hitter_hits_1plus_v1_frozen_v1,2f08c06d052b3115,prospective,False
2026-09-20T01:27:04Z,astatc-mlb-min-laa-2026-09-19-hits-lukkea-gte1,823976.0,807712.0,entry_timing,inside_entry_cutoff_window_or_after_start|quote_age_seconds:512>max:30|lineup_availability_unknown,polymarket_us_mlb_hitter_hits_1plus_v1_frozen_v1,2f08c06d052b3115,prospective,False
2026-09-20T01:27:04Z,astatc-mlb-min-laa-2026-09-19-hits-miktro-gte1,823976.0,545361.0,entry_timing,inside_entry_cutoff_window_or_after_start|quote_age_seconds:512>max:30|lineup_availability_unknown,polymarket_us_mlb_hitter_hits_1plus_v1_frozen_v1,2f08c06d052b3115,prospective,False
2026-09-20T01:27:04Z,astatc-mlb-min-laa-2026-09-19-hits-moibal-gte1,823976.0,694208.0,entry_timing,inside_entry_cutoff_window_or_after_start|quote_age_seconds:511>max:30|lineup_availability_unknown,polymarket_us_mlb_hitter_hits_1plus_v1_frozen_v1,2f08c06d052b3115,prospective,False
2026-09-20T01:27:04Z,astatc-mlb-min-laa-2026-09-19-hits-roylew-gte1,823976.0,668904.0,entry_timing,inside_entry_cutoff_window_or_after_start|quote_age_seconds:511>max:30|lineup_availability_unknown,polymarket_us_mlb_hitter_hits_1plus_v1_frozen_v1,2f08c06d052b3115,prospective,False
2026-09-20T01:27:04Z,astatc-mlb-min-laa-2026-09-19-hits-ryajef-gte1,823976.0,680777.0,entry_timing,inside_entry_cutoff_window_or_after_start|quote_age_seconds:511>max:30|lineup_availability_unknown,polymarket_us_mlb_hitter_hits_1plus_v1_frozen_v1,2f08c06d052b3115,prospective,False
2026-09-20T01:27:04Z,astatc-mlb-min-laa-2026-09-19-hits-ryakre-gte1,823976.0,668952.0,entry_timing,inside_entry_cutoff_window_or_after_start|quote_age_seconds:511>max:30|lineup_availability_unknown,polymarket_us_mlb_hitter_hits_1plus_v1_frozen_v1,2f08c06d052b3115,prospective,False
2026-09-20T01:27:04Z,astatc-mlb-min-laa-2026-09-19-hits-tylhei-gte1,823976.0,623168.0,entry_timing,inside_entry_cutoff_window_or_after_start|quote_age_seconds:511>max:30|lineup_availability_unknown,polymarket_us_mlb_hitter_hits_1plus_v1_frozen_v1,2f08c06d052b3115,prospective,False
2026-09-20T01:27:04Z,astatc-mlb-min-laa-2026-09-19-hits-vaugri-gte1,823976.0,687093.0,entry_timing,inside_entry_cutoff_window_or_after_start|quote_age_seconds:511>max:30|lineup_availability_unknown,polymarket_us_mlb_hitter_hits_1plus_v1_frozen_v1,2f08c06d052b3115,prospective,False
2026-09-20T01:27:04Z,astatc-mlb-min-laa-2026-09-19-hits-viccar-gte1,823976.0,605170.0,entry_timing,inside_entry_cutoff_window_or_after_start|quote_age_seconds:510>max:30|lineup_availability_unknown,polymarket_us_mlb_hitter_hits_1plus_v1_frozen_v1,2f08c06d052b3115,prospective,False
2026-09-20T01:27:04Z,astatc-mlb-min-laa-2026-09-19-hits-wadmec-gte1,823976.0,685133.0,entry_timing,inside_entry_cutoff_window_or_after_start|quote_age_seconds:510>max:30|lineup_availability_unknown,polymarket_us_mlb_hitter_hits_1plus_v1_frozen_v1,2f08c06d052b3115,prospective,False
2026-09-20T01:27:04Z,astatc-mlb-min-laa-2026-09-19-hits-waljen-gte1,823976.0,805805.0,entry_timing,inside_entry_cutoff_window_or_after_start|quote_age_seconds:510>max:30|lineup_availability_unknown,polymarket_us_mlb_hitter_hits_1plus_v1_frozen_v1,2f08c06d052b3115,prospective,False
2026-09-20T01:27:04Z,astatc-mlb-min-laa-2026-09-19-hits-zacnet-gte1,823976.0,687263.0,entry_timing,inside_entry_cutoff_window_or_after_start|quote_age_seconds:510>max:30|lineup_availability_unknown,polymarket_us_mlb_hitter_hits_1plus_v1_frozen_v1,2f08c06d052b3115,prospective,False
2026-09-30T19:57:24Z,astatc-mlb-cws-hou-2026-09-30-hits-andben-gte1,849846.0,643217.0,stale_quote,quote_age_seconds:36>max:30|lineup_availability_unknown,polymarket_us_mlb_hitter_hits_1plus_v1_frozen_v1,2f08c06d052b3115,prospective,False
2026-09-30T19:57:24Z,astatc-mlb-cws-hou-2026-09-30-hits-bradmon-gte1,849846.0,695731.0,stale_quote,quote_age_seconds:36>max:30|lineup_availability_unknown,polymarket_us_mlb_hitter_hits_1plus_v1_frozen_v1,2f08c06d052b3115,prospective,False
2026-09-30T19:57:24Z,astatc-mlb-cws-hou-2026-09-30-hits-chamei-gte1,849846.0,805367.0,stale_quote,quote_age_seconds:35>max:30|lineup_availability_unknown,polymarket_us_mlb_hitter_hits_1plus_v1_frozen_v1,2f08c06d052b3115,prospective,False
2026-09-30T19:57:24Z,astatc-mlb-cws-hou-2026-09-30-hits-chrwal-gte1,849846.0,572233.0,stale_quote,quote_age_seconds:35>max:30|lineup_availability_unknown,polymarket_us_mlb_hitter_hits_1plus_v1_frozen_v1,2f08c06d052b3115,prospective,False
2026-09-30T19:57:24Z,astatc-mlb-cws-hou-2026-09-30-hits-colmon-gte1,849846.0,695657.0,stale_quote,quote_age_seconds:35>max:30|lineup_availability_unknown,polymarket_us_mlb_hitter_hits_1plus_v1_frozen_v1,2f08c06d052b3115,prospective,False
2026-09-30T19:57:24Z,astatc-mlb-cws-hou-2026-09-30-hits-isapar-gte1,849846.0,670623.0,stale_quote,quote_age_seconds:35>max:30|lineup_availability_unknown,polymarket_us_mlb_hitter_hits_1plus_v1_frozen_v1,2f08c06d052b3115,prospective,False
2026-09-30T19:57:24Z,astatc-mlb-cws-hou-2026-09-30-hits-jerpen-gte1,849846.0,665161.0,stale_quote,quote_age_seconds:35>max:30|lineup_availability_unknown,polymarket_us_mlb_hitter_hits_1plus_v1_frozen_v1,2f08c06d052b3115,prospective,False
2026-09-30T19:57:24Z,astatc-mlb-cws-hou-2026-09-30-hits-josalt-gte1,849846.0,514888.0,stale_quote,quote_age_seconds:35>max:30|lineup_availability_unknown,polymarket_us_mlb_hitter_hits_1plus_v1_frozen_v1,2f08c06d052b3115,prospective,False
2026-09-30T19:57:24Z,astatc-mlb-cws-hou-2026-09-30-hits-kyltee-gte1,849846.0,691019.0,stale_quote,quote_age_seconds:35>max:30|lineup_availability_unknown,polymarket_us_mlb_hitter_hits_1plus_v1_frozen_v1,2f08c06d052b3115,prospective,False
2026-09-30T19:57:24Z,astatc-mlb-cws-hou-2026-09-30-hits-migvar-gte1,849846.0,678246.0,stale_quote,quote_age_seconds:34>max:30|lineup_availability_unknown,polymarket_us_mlb_hitter_hits_1plus_v1_frozen_v1,2f08c06d052b3115,prospective,False
2026-09-30T19:57:24Z,astatc-mlb-cws-hou-2026-09-30-hits-munmur-gte1,849846.0,808959.0,stale_quote,quote_age_seconds:34>max:30|lineup_availability_unknown,polymarket_us_mlb_hitter_hits_1plus_v1_frozen_v1,2f08c06d052b3115,prospective,False
2026-09-30T19:57:24Z,astatc-mlb-cws-hou-2026-09-30-hits-samant-gte1,849846.0,803011.0,stale_quote,quote_age_seconds:34>max:30|lineup_availability_unknown,polymarket_us_mlb_hitter_hits_1plus_v1_frozen_v1,2f08c06d052b3115,prospective,False
2026-09-30T19:57:24Z,astatc-mlb-cws-hou-2026-09-30-hits-taytra-gte1,849846.0,666211.0,stale_quote,quote_age_seconds:34>max:30|lineup_availability_unknown,polymarket_us_mlb_hitter_hits_1plus_v1_frozen_v1,2f08c06d052b3115,prospective,False
2026-09-30T19:57:24Z,astatc-mlb-cws-hou-2026-09-30-hits-tripet-gte1,849846.0,671976.0,stale_quote,quote_age_seconds:34>max:30|lineup_availability_unknown,polymarket_us_mlb_hitter_hits_1plus_v1_frozen_v1,2f08c06d052b3115,prospective,False
2026-09-30T19:57:24Z,astatc-mlb-cws-hou-2026-09-30-hits-yoralv-gte1,849846.0,670541.0,stale_quote,quote_age_seconds:34>max:30|lineup_availability_unknown,polymarket_us_mlb_hitter_hits_1plus_v1_frozen_v1,2f08c06d052b3115,prospective,False
2026-09-30T19:57:24Z,astatc-mlb-bos-nyy-2026-09-30-hits-adlrut-gte1,849848.0,668939.0,stale_quote,quote_age_seconds:33>max:30|lineup_availability_unknown,polymarket_us_mlb_hitter_hits_1plus_v1_frozen_v1,2f08c06d052b3115,prospective,False
2026-09-30T19:57:24Z,astatc-mlb-bos-nyy-2026-09-30-hits-auswel-gte1,849848.0,669224.0,stale_quote,quote_age_seconds:33>max:30|lineup_availability_unknown,polymarket_us_mlb_hitter_hits_1plus_v1_frozen_v1,2f08c06d052b3115,prospective,False
2026-09-30T19:57:24Z,astatc-mlb-bos-nyy-2026-09-30-hits-benric-gte1,849848.0,700250.0,stale_quote,quote_age_seconds:33>max:30|lineup_availability_unknown,polymarket_us_mlb_hitter_hits_1plus_v1_frozen_v1,2f08c06d052b3115,prospective,False
2026-09-30T19:57:24Z,astatc-mlb-bos-nyy-2026-09-30-hits-caldur-gte1,849848.0,702332.0,stale_quote,quote_age_seconds:33>max:30|lineup_availability_unknown,polymarket_us_mlb_hitter_hits_1plus_v1_frozen_v1,2f08c06d052b3115,prospective,False
2026-09-30T19:57:24Z,astatc-mlb-bos-nyy-2026-09-30-hits-cedraf-gte1,849848.0,678882.0,stale_quote,quote_age_seconds:33>max:30|lineup_availability_unknown,polymarket_us_mlb_hitter_hits_1plus_v1_frozen_v1,2f08c06d052b3115,prospective,False
2026-09-30T19:57:24Z,astatc-mlb-bos-nyy-2026-09-30-hits-codbel-gte1,849848.0,641355.0,stale_quote,quote_age_seconds:33>max:30|lineup_availability_unknown,polymarket_us_mlb_hitter_hits_1plus_v1_frozen_v1,2f08c06d052b3115,prospective,False
2026-09-30T19:57:24Z,astatc-mlb-bos-nyy-2026-09-30-hits-geolom-gte1,849848.0,806146.0,stale_quote,quote_age_seconds:32>max:30|lineup_availability_unknown,polymarket_us_mlb_hitter_hits_1plus_v1_frozen_v1,2f08c06d052b3115,prospective,False
2026-09-30T19:57:24Z,astatc-mlb-bos-nyy-2026-09-30-hits-jahjon-gte1,849848.0,663330.0,stale_quote,quote_age_seconds:32>max:30|lineup_availability_unknown,polymarket_us_mlb_hitter_hits_1plus_v1_frozen_v1,2f08c06d052b3115,prospective,False
2026-09-30T19:57:24Z,astatc-mlb-bos-nyy-2026-09-30-hits-jazchi-gte1,849848.0,665862.0,stale_quote,quote_age_seconds:32>max:30|lineup_availability_unknown,polymarket_us_mlb_hitter_hits_1plus_v1_frozen_v1,2f08c06d052b3115,prospective,False
2026-09-30T19:57:24Z,astatc-mlb-bos-nyy-2026-09-30-hits-luigar2-gte1,849848.0,671277.0,stale_quote,quote_age_seconds:32>max:30|lineup_availability_unknown,polymarket_us_mlb_hitter_hits_1plus_v1_frozen_v1,2f08c06d052b3115,prospective,False
2026-09-30T19:57:24Z,astatc-mlb-bos-nyy-2026-09-30-hits-nateat-gte1,849848.0,681987.0,stale_quote,quote_age_seconds:32>max:30|lineup_availability_unknown,polymarket_us_mlb_hitter_hits_1plus_v1_frozen_v1,2f08c06d052b3115,prospective,False
2026-09-30T19:57:24Z,astatc-mlb-bos-nyy-2026-09-30-hits-nicsog-gte1,849848.0,686765.0,stale_quote,quote_age_seconds:32>max:30|lineup_availability_unknown,polymarket_us_mlb_hitter_hits_1plus_v1_frozen_v1,2f08c06d052b3115,prospective,False
2026-09-30T19:57:24Z,astatc-mlb-bos-nyy-2026-09-30-hits-ryamcm-gte1,849848.0,641857.0,stale_quote,quote_age_seconds:31>max:30|lineup_availability_unknown,polymarket_us_mlb_hitter_hits_1plus_v1_frozen_v1,2f08c06d052b3115,prospective,False
2026-09-30T19:57:24Z,astatc-mlb-bos-nyy-2026-09-30-hits-spejon-gte1,849848.0,682987.0,stale_quote,quote_age_seconds:31>max:30|lineup_availability_unknown,polymarket_us_mlb_hitter_hits_1plus_v1_frozen_v1,2f08c06d052b3115,prospective,False
2026-09-30T19:57:24Z,astatc-mlb-bos-nyy-2026-09-30-hits-tregri-gte1,849848.0,663757.0,stale_quote,quote_age_seconds:31>max:30|lineup_availability_unknown,polymarket_us_mlb_hitter_hits_1plus_v1_frozen_v1,2f08c06d052b3115,prospective,False
2026-09-30T19:57:24Z,astatc-mlb-bos-nyy-2026-09-30-hits-tresto-gte1,849848.0,596115.0,stale_quote,quote_age_seconds:31>max:30|lineup_availability_unknown,polymarket_us_mlb_hitter_hits_1plus_v1_frozen_v1,2f08c06d052b3115,prospective,False
2026-09-30T19:57:24Z,astatc-mlb-bos-nyy-2026-09-30-hits-wilabr-gte1,849848.0,677800.0,stale_quote,quote_age_seconds:31>max:30|lineup_availability_unknown,polymarket_us_mlb_hitter_hits_1plus_v1_frozen_v1,2f08c06d052b3115,prospective,False
2026-09-30T19:57:24Z,astatc-mlb-bos-nyy-2026-09-30-hits-wilcon-gte1,849848.0,575929.0,stale_quote,quote_age_seconds:31>max:30|lineup_availability_unknown,polymarket_us_mlb_hitter_hits_1plus_v1_frozen_v1,2f08c06d052b3115,prospective,False
2026-09-30T19:57:24Z,astatc-mlb-chc-sd-2026-09-30-hits-alebre-gte1,849842.0,608324.0,lineup_unknown,lineup_availability_unknown,polymarket_us_mlb_hitter_hits_1plus_v1_frozen_v1,2f08c06d052b3115,prospective,False
2026-09-30T19:57:24Z,astatc-mlb-chc-sd-2026-09-30-hits-fertat-gte1,849842.0,665487.0,lineup_unknown,lineup_availability_unknown,polymarket_us_mlb_hitter_hits_1plus_v1_frozen_v1,2f08c06d052b3115,prospective,False
2026-09-30T19:57:24Z,astatc-mlb-chc-sd-2026-09-30-hits-ianhap-gte1,849842.0,664023.0,lineup_unknown,lineup_availability_unknown,polymarket_us_mlb_hitter_hits_1plus_v1_frozen_v1,2f08c06d052b3115,prospective,False
2026-09-30T19:57:24Z,astatc-mlb-chc-sd-2026-09-30-hits-jacmer-gte1,849842.0,701538.0,lineup_unknown,lineup_availability_unknown,polymarket_us_mlb_hitter_hits_1plus_v1_frozen_v1,2f08c06d052b3115,prospective,False
2026-09-30T19:57:24Z,astatc-mlb-chc-sd-2026-09-30-hits-jakcro-gte1,849842.0,630105.0,lineup_unknown,lineup_availability_unknown,polymarket_us_mlb_hitter_hits_1plus_v1_frozen_v1,2f08c06d052b3115,prospective,False
2026-09-30T19:57:24Z,astatc-mlb-chc-sd-2026-09-30-hits-manmac-gte1,849842.0,592518.0,lineup_unknown,lineup_availability_unknown,polymarket_us_mlb_hitter_hits_1plus_v1_frozen_v1,2f08c06d052b3115,prospective,False
2026-09-30T19:57:24Z,astatc-mlb-chc-sd-2026-09-30-hits-micbus-gte1,849842.0,683737.0,lineup_unknown,lineup_availability_unknown,polymarket_us_mlb_hitter_hits_1plus_v1_frozen_v1,2f08c06d052b3115,prospective,False
2026-09-30T19:57:24Z,astatc-mlb-chc-sd-2026-09-30-hits-nichoe-gte1,849842.0,663538.0,lineup_unknown,lineup_availability_unknown,polymarket_us_mlb_hitter_hits_1plus_v1_frozen_v1,2f08c06d052b3115,prospective,False
2026-09-30T19:57:24Z,astatc-mlb-chc-sd-2026-09-30-hits-petarm-gte1,849842.0,691718.0,lineup_unknown,lineup_availability_unknown,polymarket_us_mlb_hitter_hits_1plus_v1_frozen_v1,2f08c06d052b3115,prospective,False
2026-09-30T19:57:24Z,astatc-mlb-chc-sd-2026-09-30-hits-seisuz-gte1,849842.0,673548.0,lineup_unknown,lineup_availability_unknown,polymarket_us_mlb_hitter_hits_1plus_v1_frozen_v1,2f08c06d052b3115,prospective,False
2026-09-30T20:00:40Z,astatc-mlb-cws-hou-2026-09-30-hits-andben-gte1,849846.0,643217.0,lineup_unknown,lineup_availability_unknown,polymarket_us_mlb_hitter_hits_1plus_v1_frozen_v1,2f08c06d052b3115,prospective,False
2026-09-30T20:00:40Z,astatc-mlb-cws-hou-2026-09-30-hits-bradmon-gte1,849846.0,695731.0,lineup_unknown,lineup_availability_unknown,polymarket_us_mlb_hitter_hits_1plus_v1_frozen_v1,2f08c06d052b3115,prospective,False
2026-09-30T20:00:40Z,astatc-mlb-cws-hou-2026-09-30-hits-chamei-gte1,849846.0,805367.0,lineup_unknown,lineup_availability_unknown,polymarket_us_mlb_hitter_hits_1plus_v1_frozen_v1,2f08c06d052b3115,prospective,False
2026-09-30T20:00:40Z,astatc-mlb-cws-hou-2026-09-30-hits-chrwal-gte1,849846.0,572233.0,lineup_unknown,lineup_availability_unknown,polymarket_us_mlb_hitter_hits_1plus_v1_frozen_v1,2f08c06d052b3115,prospective,False
2026-09-30T20:00:40Z,astatc-mlb-cws-hou-2026-09-30-hits-colmon-gte1,849846.0,695657.0,lineup_unknown,lineup_availability_unknown,polymarket_us_mlb_hitter_hits_1plus_v1_frozen_v1,2f08c06d052b3115,prospective,False
2026-09-30T20:00:40Z,astatc-mlb-cws-hou-2026-09-30-hits-isapar-gte1,849846.0,670623.0,lineup_unknown,lineup_availability_unknown,polymarket_us_mlb_hitter_hits_1plus_v1_frozen_v1,2f08c06d052b3115,prospective,False
2026-09-30T20:00:40Z,astatc-mlb-cws-hou-2026-09-30-hits-jerpen-gte1,849846.0,665161.0,lineup_unknown,lineup_availability_unknown,polymarket_us_mlb_hitter_hits_1plus_v1_frozen_v1,2f08c06d052b3115,prospective,False
2026-09-30T20:00:40Z,astatc-mlb-cws-hou-2026-09-30-hits-josalt-gte1,849846.0,514888.0,lineup_unknown,lineup_availability_unknown,polymarket_us_mlb_hitter_hits_1plus_v1_frozen_v1,2f08c06d052b3115,prospective,False
2026-09-30T20:00:40Z,astatc-mlb-cws-hou-2026-09-30-hits-kyltee-gte1,849846.0,691019.0,lineup_unknown,lineup_availability_unknown,polymarket_us_mlb_hitter_hits_1plus_v1_frozen_v1,2f08c06d052b3115,prospective,False
2026-09-30T20:00:40Z,astatc-mlb-cws-hou-2026-09-30-hits-migvar-gte1,849846.0,678246.0,lineup_unknown,lineup_availability_unknown,polymarket_us_mlb_hitter_hits_1plus_v1_frozen_v1,2f08c06d052b3115,prospective,False
2026-09-30T20:00:40Z,astatc-mlb-cws-hou-2026-09-30-hits-munmur-gte1,849846.0,808959.0,lineup_unknown,lineup_availability_unknown,polymarket_us_mlb_hitter_hits_1plus_v1_frozen_v1,2f08c06d052b3115,prospective,False
2026-09-30T20:00:40Z,astatc-mlb-cws-hou-2026-09-30-hits-samant-gte1,849846.0,803011.0,lineup_unknown,lineup_availability_unknown,polymarket_us_mlb_hitter_hits_1plus_v1_frozen_v1,2f08c06d052b3115,prospective,False
2026-09-30T20:00:40Z,astatc-mlb-cws-hou-2026-09-30-hits-taytra-gte1,849846.0,666211.0,lineup_unknown,lineup_availability_unknown,polymarket_us_mlb_hitter_hits_1plus_v1_frozen_v1,2f08c06d052b3115,prospective,False
2026-09-30T20:00:40Z,astatc-mlb-cws-hou-2026-09-30-hits-tripet-gte1,849846.0,671976.0,lineup_unknown,lineup_availability_unknown,polymarket_us_mlb_hitter_hits_1plus_v1_frozen_v1,2f08c06d052b3115,prospective,False
2026-09-30T20:00:40Z,astatc-mlb-cws-hou-2026-09-30-hits-yoralv-gte1,849846.0,670541.0,lineup_unknown,lineup_availability_unknown,polymarket_us_mlb_hitter_hits_1plus_v1_frozen_v1,2f08c06d052b3115,prospective,False
2026-09-30T20:00:40Z,astatc-mlb-bos-nyy-2026-09-30-hits-adlrut-gte1,849848.0,668939.0,lineup_unknown,lineup_availability_unknown,polymarket_us_mlb_hitter_hits_1plus_v1_frozen_v1,2f08c06d052b3115,prospective,False
2026-09-30T20:00:40Z,astatc-mlb-bos-nyy-2026-09-30-hits-auswel-gte1,849848.0,669224.0,lineup_unknown,lineup_availability_unknown,polymarket_us_mlb_hitter_hits_1plus_v1_frozen_v1,2f08c06d052b3115,prospective,False
2026-09-30T20:00:40Z,astatc-mlb-bos-nyy-2026-09-30-hits-benric-gte1,849848.0,700250.0,lineup_unknown,lineup_availability_unknown,polymarket_us_mlb_hitter_hits_1plus_v1_frozen_v1,2f08c06d052b3115,prospective,False
2026-09-30T20:00:40Z,astatc-mlb-bos-nyy-2026-09-30-hits-caldur-gte1,849848.0,702332.0,lineup_unknown,lineup_availability_unknown,polymarket_us_mlb_hitter_hits_1plus_v1_frozen_v1,2f08c06d052b3115,prospective,False
2026-09-30T20:00:40Z,astatc-mlb-bos-nyy-2026-09-30-hits-cedraf-gte1,849848.0,678882.0,lineup_unknown,lineup_availability_unknown,polymarket_us_mlb_hitter_hits_1plus_v1_frozen_v1,2f08c06d052b3115,prospective,False
2026-09-30T20:00:40Z,astatc-mlb-bos-nyy-2026-09-30-hits-codbel-gte1,849848.0,641355.0,lineup_unknown,lineup_availability_unknown,polymarket_us_mlb_hitter_hits_1plus_v1_frozen_v1,2f08c06d052b3115,prospective,False
2026-09-30T20:00:40Z,astatc-mlb-bos-nyy-2026-09-30-hits-geolom-gte1,849848.0,806146.0,lineup_unknown,lineup_availability_unknown,polymarket_us_mlb_hitter_hits_1plus_v1_frozen_v1,2f08c06d052b3115,prospective,False
2026-09-30T20:00:40Z,astatc-mlb-bos-nyy-2026-09-30-hits-jahjon-gte1,849848.0,663330.0,lineup_unknown,lineup_availability_unknown,polymarket_us_mlb_hitter_hits_1plus_v1_frozen_v1,2f08c06d052b3115,prospective,False
2026-09-30T20:00:40Z,astatc-mlb-bos-nyy-2026-09-30-hits-jazchi-gte1,849848.0,665862.0,lineup_unknown,lineup_availability_unknown,polymarket_us_mlb_hitter_hits_1plus_v1_frozen_v1,2f08c06d052b3115,prospective,False
2026-09-30T20:00:40Z,astatc-mlb-bos-nyy-2026-09-30-hits-luigar2-gte1,849848.0,671277.0,lineup_unknown,lineup_availability_unknown,polymarket_us_mlb_hitter_hits_1plus_v1_frozen_v1,2f08c06d052b3115,prospective,False
2026-09-30T20:00:40Z,astatc-mlb-bos-nyy-2026-09-30-hits-nateat-gte1,849848.0,681987.0,lineup_unknown,lineup_availability_unknown,polymarket_us_mlb_hitter_hits_1plus_v1_frozen_v1,2f08c06d052b3115,prospective,False
2026-09-30T20:00:40Z,astatc-mlb-bos-nyy-2026-09-30-hits-nicsog-gte1,849848.0,686765.0,lineup_unknown,lineup_availability_unknown,polymarket_us_mlb_hitter_hits_1plus_v1_frozen_v1,2f08c06d052b3115,prospective,False
2026-09-30T20:00:40Z,astatc-mlb-bos-nyy-2026-09-30-hits-ryamcm-gte1,849848.0,641857.0,lineup_unknown,lineup_availability_unknown,polymarket_us_mlb_hitter_hits_1plus_v1_frozen_v1,2f08c06d052b3115,prospective,False
2026-09-30T20:00:40Z,astatc-mlb-bos-nyy-2026-09-30-hits-spejon-gte1,849848.0,682987.0,lineup_unknown,lineup_availability_unknown,polymarket_us_mlb_hitter_hits_1plus_v1_frozen_v1,2f08c06d052b3115,prospective,False
2026-09-30T20:00:40Z,astatc-mlb-bos-nyy-2026-09-30-hits-tregri-gte1,849848.0,663757.0,lineup_unknown,lineup_availability_unknown,polymarket_us_mlb_hitter_hits_1plus_v1_frozen_v1,2f08c06d052b3115,prospective,False
2026-09-30T20:00:40Z,astatc-mlb-bos-nyy-2026-09-30-hits-tresto-gte1,849848.0,596115.0,lineup_unknown,lineup_availability_unknown,polymarket_us_mlb_hitter_hits_1plus_v1_frozen_v1,2f08c06d052b3115,prospective,False
2026-09-30T20:00:40Z,astatc-mlb-bos-nyy-2026-09-30-hits-wilabr-gte1,849848.0,677800.0,lineup_unknown,lineup_availability_unknown,polymarket_us_mlb_hitter_hits_1plus_v1_frozen_v1,2f08c06d052b3115,prospective,False
2026-09-30T20:00:40Z,astatc-mlb-bos-nyy-2026-09-30-hits-wilcon-gte1,849848.0,575929.0,lineup_unknown,lineup_availability_unknown,polymarket_us_mlb_hitter_hits_1plus_v1_frozen_v1,2f08c06d052b3115,prospective,False
2026-09-30T20:00:40Z,astatc-mlb-chc-sd-2026-09-30-hits-alebre-gte1,849842.0,608324.0,lineup_unknown,lineup_availability_unknown,polymarket_us_mlb_hitter_hits_1plus_v1_frozen_v1,2f08c06d052b3115,prospective,False
2026-09-30T20:00:40Z,astatc-mlb-chc-sd-2026-09-30-hits-fertat-gte1,849842.0,665487.0,lineup_unknown,lineup_availability_unknown,polymarket_us_mlb_hitter_hits_1plus_v1_frozen_v1,2f08c06d052b3115,prospective,False
2026-09-30T20:00:40Z,astatc-mlb-chc-sd-2026-09-30-hits-ianhap-gte1,849842.0,664023.0,lineup_unknown,lineup_availability_unknown,polymarket_us_mlb_hitter_hits_1plus_v1_frozen_v1,2f08c06d052b3115,prospective,False
2026-09-30T20:00:40Z,astatc-mlb-chc-sd-2026-09-30-hits-jacmer-gte1,849842.0,701538.0,lineup_unknown,lineup_availability_unknown,polymarket_us_mlb_hitter_hits_1plus_v1_frozen_v1,2f08c06d052b3115,prospective,False
2026-09-30T20:00:40Z,astatc-mlb-chc-sd-2026-09-30-hits-jakcro-gte1,849842.0,630105.0,lineup_unknown,lineup_availability_unknown,polymarket_us_mlb_hitter_hits_1plus_v1_frozen_v1,2f08c06d052b3115,prospective,False
2026-09-30T20:00:40Z,astatc-mlb-chc-sd-2026-09-30-hits-manmac-gte1,849842.0,592518.0,lineup_unknown,lineup_availability_unknown,polymarket_us_mlb_hitter_hits_1plus_v1_frozen_v1,2f08c06d052b3115,prospective,False
2026-09-30T20:00:40Z,astatc-mlb-chc-sd-2026-09-30-hits-micbus-gte1,849842.0,683737.0,lineup_unknown,lineup_availability_unknown,polymarket_us_mlb_hitter_hits_1plus_v1_frozen_v1,2f08c06d052b3115,prospective,False
2026-09-30T20:00:40Z,astatc-mlb-chc-sd-2026-09-30-hits-nichoe-gte1,849842.0,663538.0,lineup_unknown,lineup_availability_unknown,polymarket_us_mlb_hitter_hits_1plus_v1_frozen_v1,2f08c06d052b3115,prospective,False
2026-09-30T20:00:40Z,astatc-mlb-chc-sd-2026-09-30-hits-petarm-gte1,849842.0,691718.0,lineup_unknown,lineup_availability_unknown,polymarket_us_mlb_hitter_hits_1plus_v1_frozen_v1,2f08c06d052b3115,prospective,False
2026-09-30T20:00:40Z,astatc-mlb-chc-sd-2026-09-30-hits-seisuz-gte1,849842.0,673548.0,lineup_unknown,lineup_availability_unknown,polymarket_us_mlb_hitter_hits_1plus_v1_frozen_v1,2f08c06d052b3115,prospective,False
2026-09-30T20:10:20Z,astatc-mlb-cws-hou-2026-09-30-hits-andben-gte1,849846.0,643217.0,lineup_unknown,lineup_availability_unknown,polymarket_us_mlb_hitter_hits_1plus_v1_frozen_v1,2f08c06d052b3115,prospective,False
2026-09-30T20:10:20Z,astatc-mlb-cws-hou-2026-09-30-hits-bradmon-gte1,849846.0,695731.0,lineup_unknown,lineup_availability_unknown,polymarket_us_mlb_hitter_hits_1plus_v1_frozen_v1,2f08c06d052b3115,prospective,False
2026-09-30T20:10:20Z,astatc-mlb-cws-hou-2026-09-30-hits-chamei-gte1,849846.0,805367.0,lineup_unknown,lineup_availability_unknown,polymarket_us_mlb_hitter_hits_1plus_v1_frozen_v1,2f08c06d052b3115,prospective,False
2026-09-30T20:10:20Z,astatc-mlb-cws-hou-2026-09-30-hits-chrwal-gte1,849846.0,572233.0,lineup_unknown,lineup_availability_unknown,polymarket_us_mlb_hitter_hits_1plus_v1_frozen_v1,2f08c06d052b3115,prospective,False
2026-09-30T20:10:20Z,astatc-mlb-cws-hou-2026-09-30-hits-colmon-gte1,849846.0,695657.0,lineup_unknown,lineup_availability_unknown,polymarket_us_mlb_hitter_hits_1plus_v1_frozen_v1,2f08c06d052b3115,prospective,False
2026-09-30T20:10:20Z,astatc-mlb-cws-hou-2026-09-30-hits-isapar-gte1,849846.0,670623.0,lineup_unknown,lineup_availability_unknown,polymarket_us_mlb_hitter_hits_1plus_v1_frozen_v1,2f08c06d052b3115,prospective,False
2026-09-30T20:10:20Z,astatc-mlb-cws-hou-2026-09-30-hits-jerpen-gte1,849846.0,665161.0,lineup_unknown,lineup_availability_unknown,polymarket_us_mlb_hitter_hits_1plus_v1_frozen_v1,2f08c06d052b3115,prospective,False
2026-09-30T20:10:20Z,astatc-mlb-cws-hou-2026-09-30-hits-josalt-gte1,849846.0,514888.0,lineup_unknown,lineup_availability_unknown,polymarket_us_mlb_hitter_hits_1plus_v1_frozen_v1,2f08c06d052b3115,prospective,False
2026-09-30T20:10:20Z,astatc-mlb-cws-hou-2026-09-30-hits-kyltee-gte1,849846.0,691019.0,lineup_unknown,lineup_availability_unknown,polymarket_us_mlb_hitter_hits_1plus_v1_frozen_v1,2f08c06d052b3115,prospective,False
2026-09-30T20:10:20Z,astatc-mlb-cws-hou-2026-09-30-hits-migvar-gte1,849846.0,678246.0,lineup_unknown,lineup_availability_unknown,polymarket_us_mlb_hitter_hits_1plus_v1_frozen_v1,2f08c06d052b3115,prospective,False
2026-09-30T20:10:20Z,astatc-mlb-cws-hou-2026-09-30-hits-munmur-gte1,849846.0,808959.0,lineup_unknown,lineup_availability_unknown,polymarket_us_mlb_hitter_hits_1plus_v1_frozen_v1,2f08c06d052b3115,prospective,False
2026-09-30T20:10:20Z,astatc-mlb-cws-hou-2026-09-30-hits-samant-gte1,849846.0,803011.0,lineup_unknown,lineup_availability_unknown,polymarket_us_mlb_hitter_hits_1plus_v1_frozen_v1,2f08c06d052b3115,prospective,False
2026-09-30T20:10:20Z,astatc-mlb-cws-hou-2026-09-30-hits-taytra-gte1,849846.0,666211.0,lineup_unknown,lineup_availability_unknown,polymarket_us_mlb_hitter_hits_1plus_v1_frozen_v1,2f08c06d052b3115,prospective,False
2026-09-30T20:10:20Z,astatc-mlb-cws-hou-2026-09-30-hits-tripet-gte1,849846.0,671976.0,lineup_unknown,lineup_availability_unknown,polymarket_us_mlb_hitter_hits_1plus_v1_frozen_v1,2f08c06d052b3115,prospective,False
2026-09-30T20:10:20Z,astatc-mlb-cws-hou-2026-09-30-hits-yoralv-gte1,849846.0,670541.0,lineup_unknown,lineup_availability_unknown,polymarket_us_mlb_hitter_hits_1plus_v1_frozen_v1,2f08c06d052b3115,prospective,False
2026-09-30T20:10:20Z,astatc-mlb-bos-nyy-2026-09-30-hits-adlrut-gte1,849848.0,668939.0,lineup_unknown,lineup_availability_unknown,polymarket_us_mlb_hitter_hits_1plus_v1_frozen_v1,2f08c06d052b3115,prospective,False
2026-09-30T20:10:20Z,astatc-mlb-bos-nyy-2026-09-30-hits-auswel-gte1,849848.0,669224.0,lineup_unknown,lineup_availability_unknown,polymarket_us_mlb_hitter_hits_1plus_v1_frozen_v1,2f08c06d052b3115,prospective,False
2026-09-30T20:10:20Z,astatc-mlb-bos-nyy-2026-09-30-hits-benric-gte1,849848.0,700250.0,lineup_unknown,lineup_availability_unknown,polymarket_us_mlb_hitter_hits_1plus_v1_frozen_v1,2f08c06d052b3115,prospective,False
2026-09-30T20:10:20Z,astatc-mlb-bos-nyy-2026-09-30-hits-caldur-gte1,849848.0,702332.0,lineup_unknown,lineup_availability_unknown,polymarket_us_mlb_hitter_hits_1plus_v1_frozen_v1,2f08c06d052b3115,prospective,False
2026-09-30T20:10:20Z,astatc-mlb-bos-nyy-2026-09-30-hits-cedraf-gte1,849848.0,678882.0,lineup_unknown,lineup_availability_unknown,polymarket_us_mlb_hitter_hits_1plus_v1_frozen_v1,2f08c06d052b3115,prospective,False
2026-09-30T20:10:20Z,astatc-mlb-bos-nyy-2026-09-30-hits-codbel-gte1,849848.0,641355.0,lineup_unknown,lineup_availability_unknown,polymarket_us_mlb_hitter_hits_1plus_v1_frozen_v1,2f08c06d052b3115,prospective,False
2026-09-30T20:10:20Z,astatc-mlb-bos-nyy-2026-09-30-hits-geolom-gte1,849848.0,806146.0,lineup_unknown,lineup_availability_unknown,polymarket_us_mlb_hitter_hits_1plus_v1_frozen_v1,2f08c06d052b3115,prospective,False
2026-09-30T20:10:20Z,astatc-mlb-bos-nyy-2026-09-30-hits-jahjon-gte1,849848.0,663330.0,lineup_unknown,lineup_availability_unknown,polymarket_us_mlb_hitter_hits_1plus_v1_frozen_v1,2f08c06d052b3115,prospective,False
2026-09-30T20:10:20Z,astatc-mlb-bos-nyy-2026-09-30-hits-jazchi-gte1,849848.0,665862.0,lineup_unknown,lineup_availability_unknown,polymarket_us_mlb_hitter_hits_1plus_v1_frozen_v1,2f08c06d052b3115,prospective,False
2026-09-30T20:10:20Z,astatc-mlb-bos-nyy-2026-09-30-hits-luigar2-gte1,849848.0,671277.0,lineup_unknown,lineup_availability_unknown,polymarket_us_mlb_hitter_hits_1plus_v1_frozen_v1,2f08c06d052b3115,prospective,False
2026-09-30T20:10:20Z,astatc-mlb-bos-nyy-2026-09-30-hits-nateat-gte1,849848.0,681987.0,lineup_unknown,lineup_availability_unknown,polymarket_us_mlb_hitter_hits_1plus_v1_frozen_v1,2f08c06d052b3115,prospective,False
2026-09-30T20:10:20Z,astatc-mlb-bos-nyy-2026-09-30-hits-nicsog-gte1,849848.0,686765.0,lineup_unknown,lineup_availability_unknown,polymarket_us_mlb_hitter_hits_1plus_v1_frozen_v1,2f08c06d052b3115,prospective,False
2026-09-30T20:10:20Z,astatc-mlb-bos-nyy-2026-09-30-hits-ryamcm-gte1,849848.0,641857.0,lineup_unknown,lineup_availability_unknown,polymarket_us_mlb_hitter_hits_1plus_v1_frozen_v1,2f08c06d052b3115,prospective,False
2026-09-30T20:10:20Z,astatc-mlb-bos-nyy-2026-09-30-hits-spejon-gte1,849848.0,682987.0,lineup_unknown,lineup_availability_unknown,polymarket_us_mlb_hitter_hits_1plus_v1_frozen_v1,2f08c06d052b3115,prospective,False
2026-09-30T20:10:20Z,astatc-mlb-bos-nyy-2026-09-30-hits-tregri-gte1,849848.0,663757.0,lineup_unknown,lineup_availability_unknown,polymarket_us_mlb_hitter_hits_1plus_v1_frozen_v1,2f08c06d052b3115,prospective,False
2026-09-30T20:10:20Z,astatc-mlb-bos-nyy-2026-09-30-hits-tresto-gte1,849848.0,596115.0,lineup_unknown,lineup_availability_unknown,polymarket_us_mlb_hitter_hits_1plus_v1_frozen_v1,2f08c06d052b3115,prospective,False
2026-09-30T20:10:20Z,astatc-mlb-bos-nyy-2026-09-30-hits-wilabr-gte1,849848.0,677800.0,lineup_unknown,lineup_availability_unknown,polymarket_us_mlb_hitter_hits_1plus_v1_frozen_v1,2f08c06d052b3115,prospective,False
2026-09-30T20:10:20Z,astatc-mlb-bos-nyy-2026-09-30-hits-wilcon-gte1,849848.0,575929.0,lineup_unknown,lineup_availability_unknown,polymarket_us_mlb_hitter_hits_1plus_v1_frozen_v1,2f08c06d052b3115,prospective,False
2026-09-30T20:10:20Z,astatc-mlb-chc-sd-2026-09-30-hits-alebre-gte1,849842.0,608324.0,lineup_unknown,lineup_availability_unknown,polymarket_us_mlb_hitter_hits_1plus_v1_frozen_v1,2f08c06d052b3115,prospective,False
2026-09-30T20:10:20Z,astatc-mlb-chc-sd-2026-09-30-hits-fertat-gte1,849842.0,665487.0,lineup_unknown,lineup_availability_unknown,polymarket_us_mlb_hitter_hits_1plus_v1_frozen_v1,2f08c06d052b3115,prospective,False
2026-09-30T20:10:20Z,astatc-mlb-chc-sd-2026-09-30-hits-ianhap-gte1,849842.0,664023.0,lineup_unknown,lineup_availability_unknown,polymarket_us_mlb_hitter_hits_1plus_v1_frozen_v1,2f08c06d052b3115,prospective,False
2026-09-30T20:10:20Z,astatc-mlb-chc-sd-2026-09-30-hits-jacmer-gte1,849842.0,701538.0,lineup_unknown,lineup_availability_unknown,polymarket_us_mlb_hitter_hits_1plus_v1_frozen_v1,2f08c06d052b3115,prospective,False
2026-09-30T20:10:20Z,astatc-mlb-chc-sd-2026-09-30-hits-jakcro-gte1,849842.0,630105.0,lineup_unknown,lineup_availability_unknown,polymarket_us_mlb_hitter_hits_1plus_v1_frozen_v1,2f08c06d052b3115,prospective,False
2026-09-30T20:10:20Z,astatc-mlb-chc-sd-2026-09-30-hits-manmac-gte1,849842.0,592518.0,lineup_unknown,lineup_availability_unknown,polymarket_us_mlb_hitter_hits_1plus_v1_frozen_v1,2f08c06d052b3115,prospective,False
2026-09-30T20:10:20Z,astatc-mlb-chc-sd-2026-09-30-hits-micbus-gte1,849842.0,683737.0,lineup_unknown,lineup_availability_unknown,polymarket_us_mlb_hitter_hits_1plus_v1_frozen_v1,2f08c06d052b3115,prospective,False
2026-09-30T20:10:20Z,astatc-mlb-chc-sd-2026-09-30-hits-nichoe-gte1,849842.0,663538.0,lineup_unknown,lineup_availability_unknown,polymarket_us_mlb_hitter_hits_1plus_v1_frozen_v1,2f08c06d052b3115,prospective,False
2026-09-30T20:10:20Z,astatc-mlb-chc-sd-2026-09-30-hits-petarm-gte1,849842.0,691718.0,lineup_unknown,lineup_availability_unknown,polymarket_us_mlb_hitter_hits_1plus_v1_frozen_v1,2f08c06d052b3115,prospective,False
2026-09-30T20:10:20Z,astatc-mlb-chc-sd-2026-09-30-hits-seisuz-gte1,849842.0,673548.0,lineup_unknown,lineup_availability_unknown,polymarket_us_mlb_hitter_hits_1plus_v1_frozen_v1,2f08c06d052b3115,prospective,False
2026-10-01T00:00:37Z,astatc-mlb-chc-sd-2026-09-30-hits-alebre-gte1,849842.0,608324.0,lineup_unknown,lineup_availability_unknown,polymarket_us_mlb_hitter_hits_1plus_v1_frozen_v1,2f08c06d052b3115,prospective,False
2026-10-01T00:00:37Z,astatc-mlb-chc-sd-2026-09-30-hits-aushay-gte1,849842.0,669720.0,lineup_unknown,lineup_availability_unknown,polymarket_us_mlb_hitter_hits_1plus_v1_frozen_v1,2f08c06d052b3115,prospective,False
2026-10-01T00:00:37Z,astatc-mlb-chc-sd-2026-09-30-hits-carkel-gte1,849842.0,608348.0,lineup_unknown,lineup_availability_unknown,polymarket_us_mlb_hitter_hits_1plus_v1_frozen_v1,2f08c06d052b3115,prospective,False
2026-10-01T00:00:37Z,astatc-mlb-chc-sd-2026-09-30-hits-danswa-gte1,849842.0,621020.0,lineup_unknown,lineup_availability_unknown,polymarket_us_mlb_hitter_hits_1plus_v1_frozen_v1,2f08c06d052b3115,prospective,False
2026-10-01T00:00:37Z,astatc-mlb-chc-sd-2026-09-30-hits-dushar-gte1,849842.0,687957.0,lineup_unknown,lineup_availability_unknown,polymarket_us_mlb_hitter_hits_1plus_v1_frozen_v1,2f08c06d052b3115,prospective,False
2026-10-01T00:00:37Z,astatc-mlb-chc-sd-2026-09-30-hits-ethsal-gte1,849842.0,,quarantined,quarantined|player_mapping:unmatched|lineup_availability_unknown,polymarket_us_mlb_hitter_hits_1plus_v1_frozen_v1,2f08c06d052b3115,prospective,False
2026-10-01T00:00:37Z,astatc-mlb-chc-sd-2026-09-30-hits-fertat-gte1,849842.0,665487.0,lineup_unknown,lineup_availability_unknown,polymarket_us_mlb_hitter_hits_1plus_v1_frozen_v1,2f08c06d052b3115,prospective,False
2026-10-01T00:00:37Z,astatc-mlb-chc-sd-2026-09-30-hits-ianhap-gte1,849842.0,664023.0,lineup_unknown,lineup_availability_unknown,polymarket_us_mlb_hitter_hits_1plus_v1_frozen_v1,2f08c06d052b3115,prospective,False
2026-10-01T00:00:37Z,astatc-mlb-chc-sd-2026-09-30-hits-jacmer-gte1,849842.0,701538.0,lineup_unknown,lineup_availability_unknown,polymarket_us_mlb_hitter_hits_1plus_v1_frozen_v1,2f08c06d052b3115,prospective,False
2026-10-01T00:00:37Z,astatc-mlb-chc-sd-2026-09-30-hits-jakcro-gte1,849842.0,630105.0,lineup_unknown,lineup_availability_unknown,polymarket_us_mlb_hitter_hits_1plus_v1_frozen_v1,2f08c06d052b3115,prospective,False
2026-10-01T00:00:37Z,astatc-mlb-chc-sd-2026-09-30-hits-manmac-gte1,849842.0,592518.0,lineup_unknown,lineup_availability_unknown,polymarket_us_mlb_hitter_hits_1plus_v1_frozen_v1,2f08c06d052b3115,prospective,False
2026-10-01T00:00:37Z,astatc-mlb-chc-sd-2026-09-30-hits-matsha-gte1,849842.0,807713.0,lineup_unknown,lineup_availability_unknown,polymarket_us_mlb_hitter_hits_1plus_v1_frozen_v1,2f08c06d052b3115,prospective,False
2026-10-01T00:00:37Z,astatc-mlb-chc-sd-2026-09-30-hits-micbus-gte1,849842.0,683737.0,lineup_unknown,lineup_availability_unknown,polymarket_us_mlb_hitter_hits_1plus_v1_frozen_v1,2f08c06d052b3115,prospective,False
2026-10-01T00:00:37Z,astatc-mlb-chc-sd-2026-09-30-hits-nichoe-gte1,849842.0,663538.0,lineup_unknown,lineup_availability_unknown,polymarket_us_mlb_hitter_hits_1plus_v1_frozen_v1,2f08c06d052b3115,prospective,False
2026-10-01T00:00:37Z,astatc-mlb-chc-sd-2026-09-30-hits-petarm-gte1,849842.0,691718.0,lineup_unknown,lineup_availability_unknown,polymarket_us_mlb_hitter_hits_1plus_v1_frozen_v1,2f08c06d052b3115,prospective,False
2026-10-01T00:00:37Z,astatc-mlb-chc-sd-2026-09-30-hits-seisuz-gte1,849842.0,673548.0,lineup_unknown,lineup_availability_unknown,polymarket_us_mlb_hitter_hits_1plus_v1_frozen_v1,2f08c06d052b3115,prospective,False
2026-10-01T00:00:37Z,astatc-mlb-chc-sd-2026-09-30-hits-tyfra-gte1,849842.0,664034.0,lineup_unknown,lineup_availability_unknown,polymarket_us_mlb_hitter_hits_1plus_v1_frozen_v1,2f08c06d052b3115,prospective,False
2026-10-01T00:00:37Z,astatc-mlb-chc-sd-2026-09-30-hits-xanbog-gte1,849842.0,593428.0,lineup_unknown,lineup_availability_unknown,polymarket_us_mlb_hitter_hits_1plus_v1_frozen_v1,2f08c06d052b3115,prospective,False
2026-10-01T06:15:40Z,astatc-mlb-chc-sd-2026-09-30-hits-alebre-gte1,849842.0,608324.0,entry_timing,inside_entry_cutoff_window_or_after_start|game_started_or_started|quote_age_seconds:22508>max:30|lineup_availability_unknown,polymarket_us_mlb_hitter_hits_1plus_v1_frozen_v1,2f08c06d052b3115,prospective,False
2026-10-01T06:15:40Z,astatc-mlb-chc-sd-2026-09-30-hits-aushay-gte1,849842.0,669720.0,entry_timing,inside_entry_cutoff_window_or_after_start|game_started_or_started|quote_age_seconds:22508>max:30|lineup_availability_unknown,polymarket_us_mlb_hitter_hits_1plus_v1_frozen_v1,2f08c06d052b3115,prospective,False
2026-10-01T06:15:40Z,astatc-mlb-chc-sd-2026-09-30-hits-carkel-gte1,849842.0,608348.0,entry_timing,inside_entry_cutoff_window_or_after_start|game_started_or_started|quote_age_seconds:22508>max:30|lineup_availability_unknown,polymarket_us_mlb_hitter_hits_1plus_v1_frozen_v1,2f08c06d052b3115,prospective,False
2026-10-01T06:15:40Z,astatc-mlb-chc-sd-2026-09-30-hits-danswa-gte1,849842.0,621020.0,entry_timing,inside_entry_cutoff_window_or_after_start|game_started_or_started|quote_age_seconds:22508>max:30|lineup_availability_unknown,polymarket_us_mlb_hitter_hits_1plus_v1_frozen_v1,2f08c06d052b3115,prospective,False
2026-10-01T06:15:40Z,astatc-mlb-chc-sd-2026-09-30-hits-dushar-gte1,849842.0,687957.0,entry_timing,inside_entry_cutoff_window_or_after_start|game_started_or_started|quote_age_seconds:22508>max:30|lineup_availability_unknown,polymarket_us_mlb_hitter_hits_1plus_v1_frozen_v1,2f08c06d052b3115,prospective,False
2026-10-01T06:15:40Z,astatc-mlb-chc-sd-2026-09-30-hits-ethsal-gte1,849842.0,,quarantined,quarantined|player_mapping:unmatched|inside_entry_cutoff_window_or_after_start|game_started_or_started|quote_age_seconds:22508>max:30|lineup_availability_unknown,polymarket_us_mlb_hitter_hits_1plus_v1_frozen_v1,2f08c06d052b3115,prospective,False
2026-10-01T06:15:40Z,astatc-mlb-chc-sd-2026-09-30-hits-fertat-gte1,849842.0,665487.0,entry_timing,inside_entry_cutoff_window_or_after_start|game_started_or_started|quote_age_seconds:22507>max:30|lineup_availability_unknown,polymarket_us_mlb_hitter_hits_1plus_v1_frozen_v1,2f08c06d052b3115,prospective,False
2026-10-01T06:15:40Z,astatc-mlb-chc-sd-2026-09-30-hits-ianhap-gte1,849842.0,664023.0,entry_timing,inside_entry_cutoff_window_or_after_start|game_started_or_started|quote_age_seconds:22507>max:30|lineup_availability_unknown,polymarket_us_mlb_hitter_hits_1plus_v1_frozen_v1,2f08c06d052b3115,prospective,False
2026-10-01T06:15:40Z,astatc-mlb-chc-sd-2026-09-30-hits-jacmer-gte1,849842.0,701538.0,entry_timing,inside_entry_cutoff_window_or_after_start|game_started_or_started|quote_age_seconds:22507>max:30|lineup_availability_unknown,polymarket_us_mlb_hitter_hits_1plus_v1_frozen_v1,2f08c06d052b3115,prospective,False
2026-10-01T06:15:40Z,astatc-mlb-chc-sd-2026-09-30-hits-jakcro-gte1,849842.0,630105.0,entry_timing,inside_entry_cutoff_window_or_after_start|game_started_or_started|quote_age_seconds:22507>max:30|lineup_availability_unknown,polymarket_us_mlb_hitter_hits_1plus_v1_frozen_v1,2f08c06d052b3115,prospective,False
2026-10-01T06:15:40Z,astatc-mlb-chc-sd-2026-09-30-hits-manmac-gte1,849842.0,592518.0,entry_timing,inside_entry_cutoff_window_or_after_start|game_started_or_started|quote_age_seconds:22507>max:30|lineup_availability_unknown,polymarket_us_mlb_hitter_hits_1plus_v1_frozen_v1,2f08c06d052b3115,prospective,False
2026-10-01T06:15:40Z,astatc-mlb-chc-sd-2026-09-30-hits-matsha-gte1,849842.0,807713.0,entry_timing,inside_entry_cutoff_window_or_after_start|game_started_or_started|quote_age_seconds:22507>max:30|lineup_availability_unknown,polymarket_us_mlb_hitter_hits_1plus_v1_frozen_v1,2f08c06d052b3115,prospective,False
2026-10-01T06:15:40Z,astatc-mlb-chc-sd-2026-09-30-hits-micbus-gte1,849842.0,683737.0,entry_timing,inside_entry_cutoff_window_or_after_start|game_started_or_started|quote_age_seconds:22506>max:30|lineup_availability_unknown,polymarket_us_mlb_hitter_hits_1plus_v1_frozen_v1,2f08c06d052b3115,prospective,False
2026-10-01T06:15:40Z,astatc-mlb-chc-sd-2026-09-30-hits-nichoe-gte1,849842.0,663538.0,entry_timing,inside_entry_cutoff_window_or_after_start|game_started_or_started|quote_age_seconds:22506>max:30|lineup_availability_unknown,polymarket_us_mlb_hitter_hits_1plus_v1_frozen_v1,2f08c06d052b3115,prospective,False
2026-10-01T06:15:40Z,astatc-mlb-chc-sd-2026-09-30-hits-petarm-gte1,849842.0,691718.0,entry_timing,inside_entry_cutoff_window_or_after_start|game_started_or_started|quote_age_seconds:22506>max:30|lineup_availability_unknown,polymarket_us_mlb_hitter_hits_1plus_v1_frozen_v1,2f08c06d052b3115,prospective,False
2026-10-01T06:15:40Z,astatc-mlb-chc-sd-2026-09-30-hits-seisuz-gte1,849842.0,673548.0,entry_timing,inside_entry_cutoff_window_or_after_start|game_started_or_started|quote_age_seconds:22506>max:30|lineup_availability_unknown,polymarket_us_mlb_hitter_hits_1plus_v1_frozen_v1,2f08c06d052b3115,prospective,False
2026-10-01T06:15:40Z,astatc-mlb-chc-sd-2026-09-30-hits-tyfra-gte1,849842.0,664034.0,entry_timing,inside_entry_cutoff_window_or_after_start|game_started_or_started|quote_age_seconds:22506>max:30|lineup_availability_unknown,polymarket_us_mlb_hitter_hits_1plus_v1_frozen_v1,2f08c06d052b3115,prospective,False
2026-10-01T06:15:40Z,astatc-mlb-chc-sd-2026-09-30-hits-xanbog-gte1,849842.0,593428.0,entry_timing,inside_entry_cutoff_window_or_after_start|game_started_or_started|quote_age_seconds:22505>max:30|lineup_availability_unknown,polymarket_us_mlb_hitter_hits_1plus_v1_frozen_v1,2f08c06d052b3115,prospective,False
2026-10-01T20:24:50Z,astatc-mlb-phi-atl-2026-10-01-hits-aleboh-gte1,849844.0,664761.0,lineup_unknown,lineup_availability_unknown|postseason_cohort_separate,polymarket_us_mlb_hitter_hits_1plus_v1_frozen_v1,2f08c06d052b3115,prospective,False
2026-10-01T20:24:50Z,astatc-mlb-phi-atl-2026-10-01-hits-brycru-gte1,849844.0,650559.0,lineup_unknown,lineup_availability_unknown|postseason_cohort_separate,polymarket_us_mlb_hitter_hits_1plus_v1_frozen_v1,2f08c06d052b3115,prospective,False
2026-10-01T20:24:50Z,astatc-mlb-phi-atl-2026-10-01-hits-bryhar-gte1,849844.0,547180.0,lineup_unknown,lineup_availability_unknown|postseason_cohort_separate,polymarket_us_mlb_hitter_hits_1plus_v1_frozen_v1,2f08c06d052b3115,prospective,False
2026-10-01T20:24:50Z,astatc-mlb-phi-atl-2026-10-01-hits-drabal-gte1,849844.0,686948.0,lineup_unknown,lineup_availability_unknown|postseason_cohort_separate,polymarket_us_mlb_hitter_hits_1plus_v1_frozen_v1,2f08c06d052b3115,prospective,False
2026-10-01T20:24:50Z,astatc-mlb-phi-atl-2026-10-01-hits-kylsch-gte1,849844.0,656941.0,lineup_unknown,lineup_availability_unknown|postseason_cohort_separate,polymarket_us_mlb_hitter_hits_1plus_v1_frozen_v1,2f08c06d052b3115,prospective,False
2026-10-01T20:24:50Z,astatc-mlb-phi-atl-2026-10-01-hits-matols-gte1,849844.0,621566.0,lineup_unknown,lineup_availability_unknown|postseason_cohort_separate,polymarket_us_mlb_hitter_hits_1plus_v1_frozen_v1,2f08c06d052b3115,prospective,False
2026-10-01T20:24:50Z,astatc-mlb-phi-atl-2026-10-01-hits-maudub-gte1,849844.0,643289.0,lineup_unknown,lineup_availability_unknown|postseason_cohort_separate,polymarket_us_mlb_hitter_hits_1plus_v1_frozen_v1,2f08c06d052b3115,prospective,False
2026-10-01T20:24:50Z,astatc-mlb-phi-atl-2026-10-01-hits-michar-gte1,849844.0,671739.0,lineup_unknown,lineup_availability_unknown|postseason_cohort_separate,polymarket_us_mlb_hitter_hits_1plus_v1_frozen_v1,2f08c06d052b3115,prospective,False
2026-10-01T20:24:50Z,astatc-mlb-phi-atl-2026-10-01-hits-ozzalb-gte1,849844.0,645277.0,lineup_unknown,lineup_availability_unknown|postseason_cohort_separate,polymarket_us_mlb_hitter_hits_1plus_v1_frozen_v1,2f08c06d052b3115,prospective,False
2026-10-01T20:24:50Z,astatc-mlb-phi-atl-2026-10-01-hits-ronacu-gte1,849844.0,660670.0,lineup_unknown,lineup_availability_unknown|postseason_cohort_separate,polymarket_us_mlb_hitter_hits_1plus_v1_frozen_v1,2f08c06d052b3115,prospective,False
2026-10-01T20:24:50Z,astatc-mlb-phi-atl-2026-10-01-hits-tretur-gte1,849844.0,607208.0,lineup_unknown,lineup_availability_unknown|postseason_cohort_separate,polymarket_us_mlb_hitter_hits_1plus_v1_frozen_v1,2f08c06d052b3115,prospective,False
2026-10-02T00:00:19Z,astatc-mlb-phi-atl-2026-10-01-hits-aleboh-gte1,849844.0,664761.0,entry_timing,inside_entry_cutoff_window_or_after_start|game_started_or_started|quote_age_seconds:12932>max:30|lineup_availability_unknown|postseason_cohort_separate,polymarket_us_mlb_hitter_hits_1plus_v1_frozen_v1,2f08c06d052b3115,prospective,False
2026-10-02T00:00:19Z,astatc-mlb-phi-atl-2026-10-01-hits-brycru-gte1,849844.0,650559.0,entry_timing,inside_entry_cutoff_window_or_after_start|game_started_or_started|quote_age_seconds:12931>max:30|lineup_availability_unknown|postseason_cohort_separate,polymarket_us_mlb_hitter_hits_1plus_v1_frozen_v1,2f08c06d052b3115,prospective,False
2026-10-02T00:00:19Z,astatc-mlb-phi-atl-2026-10-01-hits-bryhar-gte1,849844.0,547180.0,entry_timing,inside_entry_cutoff_window_or_after_start|game_started_or_started|quote_age_seconds:12931>max:30|lineup_availability_unknown|postseason_cohort_separate,polymarket_us_mlb_hitter_hits_1plus_v1_frozen_v1,2f08c06d052b3115,prospective,False
2026-10-02T00:00:19Z,astatc-mlb-phi-atl-2026-10-01-hits-drabal-gte1,849844.0,686948.0,entry_timing,inside_entry_cutoff_window_or_after_start|game_started_or_started|quote_age_seconds:12931>max:30|lineup_availability_unknown|postseason_cohort_separate,polymarket_us_mlb_hitter_hits_1plus_v1_frozen_v1,2f08c06d052b3115,prospective,False
2026-10-02T00:00:19Z,astatc-mlb-phi-atl-2026-10-01-hits-kylsch-gte1,849844.0,656941.0,entry_timing,inside_entry_cutoff_window_or_after_start|game_started_or_started|quote_age_seconds:12931>max:30|lineup_availability_unknown|postseason_cohort_separate,polymarket_us_mlb_hitter_hits_1plus_v1_frozen_v1,2f08c06d052b3115,prospective,False
2026-10-02T00:00:19Z,astatc-mlb-phi-atl-2026-10-01-hits-matols-gte1,849844.0,621566.0,entry_timing,inside_entry_cutoff_window_or_after_start|game_started_or_started|quote_age_seconds:12931>max:30|lineup_availability_unknown|postseason_cohort_separate,polymarket_us_mlb_hitter_hits_1plus_v1_frozen_v1,2f08c06d052b3115,prospective,False
2026-10-02T00:00:19Z,astatc-mlb-phi-atl-2026-10-01-hits-maudub-gte1,849844.0,643289.0,entry_timing,inside_entry_cutoff_window_or_after_start|game_started_or_started|quote_age_seconds:12931>max:30|lineup_availability_unknown|postseason_cohort_separate,polymarket_us_mlb_hitter_hits_1plus_v1_frozen_v1,2f08c06d052b3115,prospective,False
2026-10-02T00:00:19Z,astatc-mlb-phi-atl-2026-10-01-hits-michar-gte1,849844.0,671739.0,entry_timing,inside_entry_cutoff_window_or_after_start|game_started_or_started|quote_age_seconds:12931>max:30|lineup_availability_unknown|postseason_cohort_separate,polymarket_us_mlb_hitter_hits_1plus_v1_frozen_v1,2f08c06d052b3115,prospective,False
2026-10-02T00:00:19Z,astatc-mlb-phi-atl-2026-10-01-hits-ozzalb-gte1,849844.0,645277.0,entry_timing,inside_entry_cutoff_window_or_after_start|game_started_or_started|quote_age_seconds:12931>max:30|lineup_availability_unknown|postseason_cohort_separate,polymarket_us_mlb_hitter_hits_1plus_v1_frozen_v1,2f08c06d052b3115,prospective,False
2026-10-02T00:00:19Z,astatc-mlb-phi-atl-2026-10-01-hits-ronacu-gte1,849844.0,660670.0,entry_timing,inside_entry_cutoff_window_or_after_start|game_started_or_started|quote_age_seconds:12931>max:30|lineup_availability_unknown|postseason_cohort_separate,polymarket_us_mlb_hitter_hits_1plus_v1_frozen_v1,2f08c06d052b3115,prospective,False
2026-10-02T00:00:19Z,astatc-mlb-phi-atl-2026-10-01-hits-tretur-gte1,849844.0,607208.0,entry_timing,inside_entry_cutoff_window_or_after_start|game_started_or_started|quote_age_seconds:12931>max:30|lineup_availability_unknown|postseason_cohort_separate,polymarket_us_mlb_hitter_hits_1plus_v1_frozen_v1,2f08c06d052b3115,prospective,False
2026-10-02T05:57:19Z,astatc-mlb-phi-atl-2026-10-01-hits-aleboh-gte1,849844.0,664761.0,entry_timing,inside_entry_cutoff_window_or_after_start|game_started_or_started|quote_age_seconds:34352>max:30|lineup_availability_unknown|postseason_cohort_separate,polymarket_us_mlb_hitter_hits_1plus_v1_frozen_v1,2f08c06d052b3115,prospective,False
2026-10-02T05:57:19Z,astatc-mlb-phi-atl-2026-10-01-hits-brycru-gte1,849844.0,650559.0,entry_timing,inside_entry_cutoff_window_or_after_start|game_started_or_started|quote_age_seconds:34351>max:30|lineup_availability_unknown|postseason_cohort_separate,polymarket_us_mlb_hitter_hits_1plus_v1_frozen_v1,2f08c06d052b3115,prospective,False
2026-10-02T05:57:19Z,astatc-mlb-phi-atl-2026-10-01-hits-bryhar-gte1,849844.0,547180.0,entry_timing,inside_entry_cutoff_window_or_after_start|game_started_or_started|quote_age_seconds:34351>max:30|lineup_availability_unknown|postseason_cohort_separate,polymarket_us_mlb_hitter_hits_1plus_v1_frozen_v1,2f08c06d052b3115,prospective,False
2026-10-02T05:57:19Z,astatc-mlb-phi-atl-2026-10-01-hits-drabal-gte1,849844.0,686948.0,entry_timing,inside_entry_cutoff_window_or_after_start|game_started_or_started|quote_age_seconds:34351>max:30|lineup_availability_unknown|postseason_cohort_separate,polymarket_us_mlb_hitter_hits_1plus_v1_frozen_v1,2f08c06d052b3115,prospective,False
2026-10-02T05:57:19Z,astatc-mlb-phi-atl-2026-10-01-hits-kylsch-gte1,849844.0,656941.0,entry_timing,inside_entry_cutoff_window_or_after_start|game_started_or_started|quote_age_seconds:34351>max:30|lineup_availability_unknown|postseason_cohort_separate,polymarket_us_mlb_hitter_hits_1plus_v1_frozen_v1,2f08c06d052b3115,prospective,False
2026-10-02T05:57:19Z,astatc-mlb-phi-atl-2026-10-01-hits-matols-gte1,849844.0,621566.0,entry_timing,inside_entry_cutoff_window_or_after_start|game_started_or_started|quote_age_seconds:34351>max:30|lineup_availability_unknown|postseason_cohort_separate,polymarket_us_mlb_hitter_hits_1plus_v1_frozen_v1,2f08c06d052b3115,prospective,False
2026-10-02T05:57:19Z,astatc-mlb-phi-atl-2026-10-01-hits-maudub-gte1,849844.0,643289.0,entry_timing,inside_entry_cutoff_window_or_after_start|game_started_or_started|quote_age_seconds:34351>max:30|lineup_availability_unknown|postseason_cohort_separate,polymarket_us_mlb_hitter_hits_1plus_v1_frozen_v1,2f08c06d052b3115,prospective,False
2026-10-02T05:57:19Z,astatc-mlb-phi-atl-2026-10-01-hits-michar-gte1,849844.0,671739.0,entry_timing,inside_entry_cutoff_window_or_after_start|game_started_or_started|quote_age_seconds:34351>max:30|lineup_availability_unknown|postseason_cohort_separate,polymarket_us_mlb_hitter_hits_1plus_v1_frozen_v1,2f08c06d052b3115,prospective,False
2026-10-02T05:57:19Z,astatc-mlb-phi-atl-2026-10-01-hits-ozzalb-gte1,849844.0,645277.0,entry_timing,inside_entry_cutoff_window_or_after_start|game_started_or_started|quote_age_seconds:34351>max:30|lineup_availability_unknown|postseason_cohort_separate,polymarket_us_mlb_hitter_hits_1plus_v1_frozen_v1,2f08c06d052b3115,prospective,False
2026-10-02T05:57:19Z,astatc-mlb-phi-atl-2026-10-01-hits-ronacu-gte1,849844.0,660670.0,entry_timing,inside_entry_cutoff_window_or_after_start|game_started_or_started|quote_age_seconds:34351>max:30|lineup_availability_unknown|postseason_cohort_separate,polymarket_us_mlb_hitter_hits_1plus_v1_frozen_v1,2f08c06d052b3115,prospective,False
2026-10-02T05:57:19Z,astatc-mlb-phi-atl-2026-10-01-hits-tretur-gte1,849844.0,607208.0,entry_timing,inside_entry_cutoff_window_or_after_start|game_started_or_started|quote_age_seconds:34351>max:30|lineup_availability_unknown|postseason_cohort_separate,polymarket_us_mlb_hitter_hits_1plus_v1_frozen_v1,2f08c06d052b3115,prospective,False
2026-10-03T18:45:14Z,astatc-mlb-atl-lad-2026-10-03-hits-andpag-gte1,849828.0,681624.0,postseason_separate,postseason_cohort_separate,polymarket_us_mlb_hitter_hits_1plus_v1_frozen_v1,2f08c06d052b3115,prospective,False
2026-10-03T18:45:14Z,astatc-mlb-atl-lad-2026-10-03-hits-ausril-gte1,849828.0,663586.0,postseason_separate,postseason_cohort_separate,polymarket_us_mlb_hitter_hits_1plus_v1_frozen_v1,2f08c06d052b3115,prospective,False
2026-10-03T18:45:14Z,astatc-mlb-atl-lad-2026-10-03-hits-drabal-gte1,849828.0,686948.0,postseason_separate,postseason_cohort_separate,polymarket_us_mlb_hitter_hits_1plus_v1_frozen_v1,2f08c06d052b3115,prospective,False
2026-10-03T18:45:14Z,astatc-mlb-atl-lad-2026-10-03-hits-frefre-gte1,849828.0,518692.0,postseason_separate,postseason_cohort_separate,polymarket_us_mlb_hitter_hits_1plus_v1_frozen_v1,2f08c06d052b3115,prospective,False
2026-10-03T18:45:14Z,astatc-mlb-atl-lad-2026-10-03-hits-hakim-gte1,849828.0,673490.0,postseason_separate,postseason_cohort_separate,polymarket_us_mlb_hitter_hits_1plus_v1_frozen_v1,2f08c06d052b3115,prospective,False
2026-10-03T18:45:14Z,astatc-mlb-atl-lad-2026-10-03-hits-kyltuc-gte1,849828.0,663656.0,postseason_separate,postseason_cohort_separate,polymarket_us_mlb_hitter_hits_1plus_v1_frozen_v1,2f08c06d052b3115,prospective,False
2026-10-03T18:45:14Z,astatc-mlb-atl-lad-2026-10-03-hits-matols-gte1,849828.0,621566.0,postseason_separate,postseason_cohort_separate,polymarket_us_mlb_hitter_hits_1plus_v1_frozen_v1,2f08c06d052b3115,prospective,False
2026-10-03T18:45:14Z,astatc-mlb-atl-lad-2026-10-03-hits-maudub-gte1,849828.0,643289.0,postseason_separate,postseason_cohort_separate,polymarket_us_mlb_hitter_hits_1plus_v1_frozen_v1,2f08c06d052b3115,prospective,False
2026-10-03T18:45:14Z,astatc-mlb-atl-lad-2026-10-03-hits-maxmun-gte1,849828.0,571970.0,postseason_separate,postseason_cohort_separate,polymarket_us_mlb_hitter_hits_1plus_v1_frozen_v1,2f08c06d052b3115,prospective,False
2026-10-03T18:45:14Z,astatc-mlb-atl-lad-2026-10-03-hits-michar-gte1,849828.0,671739.0,postseason_separate,postseason_cohort_separate,polymarket_us_mlb_hitter_hits_1plus_v1_frozen_v1,2f08c06d052b3115,prospective,False
2026-10-03T18:45:14Z,astatc-mlb-atl-lad-2026-10-03-hits-moobet-gte1,849828.0,605141.0,postseason_separate,postseason_cohort_separate,polymarket_us_mlb_hitter_hits_1plus_v1_frozen_v1,2f08c06d052b3115,prospective,False
2026-10-03T18:45:14Z,astatc-mlb-atl-lad-2026-10-03-hits-ozzalb-gte1,849828.0,645277.0,postseason_separate,postseason_cohort_separate,polymarket_us_mlb_hitter_hits_1plus_v1_frozen_v1,2f08c06d052b3115,prospective,False
2026-10-03T18:45:14Z,astatc-mlb-atl-lad-2026-10-03-hits-ronacu-gte1,849828.0,660670.0,postseason_separate,postseason_cohort_separate,polymarket_us_mlb_hitter_hits_1plus_v1_frozen_v1,2f08c06d052b3115,prospective,False
2026-10-03T18:45:14Z,astatc-mlb-atl-lad-2026-10-03-hits-seamur-gte1,849828.0,669221.0,postseason_separate,postseason_cohort_separate,polymarket_us_mlb_hitter_hits_1plus_v1_frozen_v1,2f08c06d052b3115,prospective,False
2026-10-03T18:45:14Z,astatc-mlb-atl-lad-2026-10-03-hits-shooht-gte1,849828.0,660271.0,postseason_separate,postseason_cohort_separate,polymarket_us_mlb_hitter_hits_1plus_v1_frozen_v1,2f08c06d052b3115,prospective,False
2026-10-03T18:45:14Z,astatc-mlb-atl-lad-2026-10-03-hits-teoher-gte1,849828.0,606192.0,postseason_separate,postseason_cohort_separate,polymarket_us_mlb_hitter_hits_1plus_v1_frozen_v1,2f08c06d052b3115,prospective,False
2026-10-03T18:45:14Z,astatc-mlb-atl-lad-2026-10-03-hits-tomedm-gte1,849828.0,669242.0,postseason_separate,postseason_cohort_separate,polymarket_us_mlb_hitter_hits_1plus_v1_frozen_v1,2f08c06d052b3115,prospective,False
2026-10-03T18:45:14Z,astatc-mlb-atl-lad-2026-10-03-hits-wilsmi-gte1,849828.0,669257.0,postseason_separate,postseason_cohort_separate,polymarket_us_mlb_hitter_hits_1plus_v1_frozen_v1,2f08c06d052b3115,prospective,False
2026-10-03T18:45:14Z,astatc-mlb-nyy-tb-2026-10-03-hits-benric-gte1,849835.0,700250.0,lineup_unknown,lineup_availability_unknown|postseason_cohort_separate,polymarket_us_mlb_hitter_hits_1plus_v1_frozen_v1,2f08c06d052b3115,prospective,False
2026-10-03T18:45:14Z,astatc-mlb-nyy-tb-2026-10-03-hits-codbel-gte1,849835.0,641355.0,lineup_unknown,lineup_availability_unknown|postseason_cohort_separate,polymarket_us_mlb_hitter_hits_1plus_v1_frozen_v1,2f08c06d052b3115,prospective,False
2026-10-03T18:45:14Z,astatc-mlb-nyy-tb-2026-10-03-hits-jazchi-gte1,849835.0,665862.0,lineup_unknown,lineup_availability_unknown|postseason_cohort_separate,polymarket_us_mlb_hitter_hits_1plus_v1_frozen_v1,2f08c06d052b3115,prospective,False
2026-10-03T18:45:14Z,astatc-mlb-nyy-tb-2026-10-03-hits-jonara-gte1,849835.0,666018.0,lineup_unknown,lineup_availability_unknown|postseason_cohort_separate,polymarket_us_mlb_hitter_hits_1plus_v1_frozen_v1,2f08c06d052b3115,prospective,False
2026-10-03T18:45:14Z,astatc-mlb-nyy-tb-2026-10-03-hits-juncam-gte1,849835.0,691406.0,lineup_unknown,lineup_availability_unknown|postseason_cohort_separate,polymarket_us_mlb_hitter_hits_1plus_v1_frozen_v1,2f08c06d052b3115,prospective,False
2026-10-03T18:45:14Z,astatc-mlb-nyy-tb-2026-10-03-hits-liahic-gte1,849835.0,689414.0,lineup_unknown,lineup_availability_unknown|postseason_cohort_separate,polymarket_us_mlb_hitter_hits_1plus_v1_frozen_v1,2f08c06d052b3115,prospective,False
2026-10-03T18:45:14Z,astatc-mlb-nyy-tb-2026-10-03-hits-luigar2-gte1,849835.0,671277.0,lineup_unknown,lineup_availability_unknown|postseason_cohort_separate,polymarket_us_mlb_hitter_hits_1plus_v1_frozen_v1,2f08c06d052b3115,prospective,False
2026-10-03T18:45:14Z,astatc-mlb-nyy-tb-2026-10-03-hits-spejon-gte1,849835.0,682987.0,lineup_unknown,lineup_availability_unknown|postseason_cohort_separate,polymarket_us_mlb_hitter_hits_1plus_v1_frozen_v1,2f08c06d052b3115,prospective,False
2026-10-03T18:45:14Z,astatc-mlb-nyy-tb-2026-10-03-hits-yandia-gte1,849835.0,650490.0,lineup_unknown,lineup_availability_unknown|postseason_cohort_separate,polymarket_us_mlb_hitter_hits_1plus_v1_frozen_v1,2f08c06d052b3115,prospective,False
2026-10-03T18:45:14Z,astatc-mlb-sd-mil-2026-10-03-hits-britur-gte1,849830.0,668930.0,lineup_unknown,lineup_availability_unknown|postseason_cohort_separate,polymarket_us_mlb_hitter_hits_1plus_v1_frozen_v1,2f08c06d052b3115,prospective,False
2026-10-03T18:45:14Z,astatc-mlb-sd-mil-2026-10-03-hits-dushar-gte1,849830.0,687957.0,lineup_unknown,lineup_availability_unknown|postseason_cohort_separate,polymarket_us_mlb_hitter_hits_1plus_v1_frozen_v1,2f08c06d052b3115,prospective,False
2026-10-03T18:45:14Z,astatc-mlb-sd-mil-2026-10-03-hits-fertat-gte1,849830.0,665487.0,lineup_unknown,lineup_availability_unknown|postseason_cohort_separate,polymarket_us_mlb_hitter_hits_1plus_v1_frozen_v1,2f08c06d052b3115,prospective,False
2026-10-03T18:45:14Z,astatc-mlb-sd-mil-2026-10-03-hits-jaccho-gte1,849830.0,694192.0,lineup_unknown,lineup_availability_unknown|postseason_cohort_separate,polymarket_us_mlb_hitter_hits_1plus_v1_frozen_v1,2f08c06d052b3115,prospective,False
2026-10-03T18:45:14Z,astatc-mlb-sd-mil-2026-10-03-hits-jacmer-gte1,849830.0,701538.0,lineup_unknown,lineup_availability_unknown|postseason_cohort_separate,polymarket_us_mlb_hitter_hits_1plus_v1_frozen_v1,2f08c06d052b3115,prospective,False
2026-10-03T18:45:14Z,astatc-mlb-sd-mil-2026-10-03-hits-jakbau-gte1,849830.0,641343.0,lineup_unknown,lineup_availability_unknown|postseason_cohort_separate,polymarket_us_mlb_hitter_hits_1plus_v1_frozen_v1,2f08c06d052b3115,prospective,False
2026-10-03T18:45:14Z,astatc-mlb-sd-mil-2026-10-03-hits-luilar-gte1,849830.0,800325.0,lineup_unknown,lineup_availability_unknown|postseason_cohort_separate,polymarket_us_mlb_hitter_hits_1plus_v1_frozen_v1,2f08c06d052b3115,prospective,False
2026-10-03T18:45:14Z,astatc-mlb-sd-mil-2026-10-03-hits-manmac-gte1,849830.0,592518.0,lineup_unknown,lineup_availability_unknown|postseason_cohort_separate,polymarket_us_mlb_hitter_hits_1plus_v1_frozen_v1,2f08c06d052b3115,prospective,False
2026-10-03T18:45:14Z,astatc-mlb-sd-mil-2026-10-03-hits-tyfra-gte1,849830.0,664034.0,lineup_unknown,lineup_availability_unknown|postseason_cohort_separate,polymarket_us_mlb_hitter_hits_1plus_v1_frozen_v1,2f08c06d052b3115,prospective,False
2026-10-03T18:45:14Z,astatc-mlb-sd-mil-2026-10-03-hits-wilcon2-gte1,849830.0,661388.0,lineup_unknown,lineup_availability_unknown|postseason_cohort_separate,polymarket_us_mlb_hitter_hits_1plus_v1_frozen_v1,2f08c06d052b3115,prospective,False
2026-10-03T18:45:14Z,astatc-mlb-sd-mil-2026-10-03-hits-xanbog-gte1,849830.0,593428.0,lineup_unknown,lineup_availability_unknown|postseason_cohort_separate,polymarket_us_mlb_hitter_hits_1plus_v1_frozen_v1,2f08c06d052b3115,prospective,False
2026-10-03T21:53:33Z,astatc-mlb-nyy-tb-2026-10-03-hits-auswel-gte1,849835.0,669224.0,postseason_separate,postseason_cohort_separate,polymarket_us_mlb_hitter_hits_1plus_v1_frozen_v1,2f08c06d052b3115,prospective,False
2026-10-03T21:53:33Z,astatc-mlb-nyy-tb-2026-10-03-hits-benric-gte1,849835.0,700250.0,postseason_separate,postseason_cohort_separate,polymarket_us_mlb_hitter_hits_1plus_v1_frozen_v1,2f08c06d052b3115,prospective,False
2026-10-03T21:53:33Z,astatc-mlb-nyy-tb-2026-10-03-hits-chasim-gte1,849835.0,802415.0,postseason_separate,postseason_cohort_separate,polymarket_us_mlb_hitter_hits_1plus_v1_frozen_v1,2f08c06d052b3115,prospective,False
2026-10-03T21:53:33Z,astatc-mlb-nyy-tb-2026-10-03-hits-codbel-gte1,849835.0,641355.0,postseason_separate,postseason_cohort_separate,polymarket_us_mlb_hitter_hits_1plus_v1_frozen_v1,2f08c06d052b3115,prospective,False
2026-10-03T21:53:33Z,astatc-mlb-nyy-tb-2026-10-03-hits-geolom-gte1,849835.0,806146.0,postseason_separate,postseason_cohort_separate,polymarket_us_mlb_hitter_hits_1plus_v1_frozen_v1,2f08c06d052b3115,prospective,False
2026-10-03T21:53:33Z,astatc-mlb-nyy-tb-2026-10-03-hits-jazchi-gte1,849835.0,665862.0,postseason_separate,postseason_cohort_separate,polymarket_us_mlb_hitter_hits_1plus_v1_frozen_v1,2f08c06d052b3115,prospective,False
2026-10-03T21:53:33Z,astatc-mlb-nyy-tb-2026-10-03-hits-jonara-gte1,849835.0,666018.0,postseason_separate,postseason_cohort_separate,polymarket_us_mlb_hitter_hits_1plus_v1_frozen_v1,2f08c06d052b3115,prospective,False
2026-10-03T21:53:33Z,astatc-mlb-nyy-tb-2026-10-03-hits-jondel-gte1,849835.0,676356.0,postseason_separate,postseason_cohort_separate,polymarket_us_mlb_hitter_hits_1plus_v1_frozen_v1,2f08c06d052b3115,prospective,False
2026-10-03T21:53:33Z,astatc-mlb-nyy-tb-2026-10-03-hits-juncam-gte1,849835.0,691406.0,postseason_separate,postseason_cohort_separate,polymarket_us_mlb_hitter_hits_1plus_v1_frozen_v1,2f08c06d052b3115,prospective,False
2026-10-03T21:53:33Z,astatc-mlb-nyy-tb-2026-10-03-hits-liahic-gte1,849835.0,689414.0,postseason_separate,postseason_cohort_separate,polymarket_us_mlb_hitter_hits_1plus_v1_frozen_v1,2f08c06d052b3115,prospective,False
2026-10-03T21:53:33Z,astatc-mlb-nyy-tb-2026-10-03-hits-luigar2-gte1,849835.0,671277.0,postseason_separate,postseason_cohort_separate,polymarket_us_mlb_hitter_hits_1plus_v1_frozen_v1,2f08c06d052b3115,prospective,False
2026-10-03T21:53:33Z,astatc-mlb-nyy-tb-2026-10-03-hits-ricpal-gte1,849835.0,680700.0,postseason_separate,postseason_cohort_separate,polymarket_us_mlb_hitter_hits_1plus_v1_frozen_v1,2f08c06d052b3115,prospective,False
2026-10-03T21:53:33Z,astatc-mlb-nyy-tb-2026-10-03-hits-ryamcm-gte1,849835.0,641857.0,postseason_separate,postseason_cohort_separate,polymarket_us_mlb_hitter_hits_1plus_v1_frozen_v1,2f08c06d052b3115,prospective,False
2026-10-03T21:53:33Z,astatc-mlb-nyy-tb-2026-10-03-hits-spejon-gte1,849835.0,682987.0,postseason_separate,postseason_cohort_separate,polymarket_us_mlb_hitter_hits_1plus_v1_frozen_v1,2f08c06d052b3115,prospective,False
2026-10-03T21:53:33Z,astatc-mlb-nyy-tb-2026-10-03-hits-taywal-gte1,849835.0,670764.0,postseason_separate,postseason_cohort_separate,polymarket_us_mlb_hitter_hits_1plus_v1_frozen_v1,2f08c06d052b3115,prospective,False
2026-10-03T21:53:33Z,astatc-mlb-nyy-tb-2026-10-03-hits-tregri-gte1,849835.0,663757.0,postseason_separate,postseason_cohort_separate,polymarket_us_mlb_hitter_hits_1plus_v1_frozen_v1,2f08c06d052b3115,prospective,False
2026-10-03T21:53:33Z,astatc-mlb-nyy-tb-2026-10-03-hits-vicmes-gte1,849835.0,683748.0,postseason_separate,postseason_cohort_separate,polymarket_us_mlb_hitter_hits_1plus_v1_frozen_v1,2f08c06d052b3115,prospective,False
2026-10-03T21:53:33Z,astatc-mlb-nyy-tb-2026-10-03-hits-yandia-gte1,849835.0,650490.0,postseason_separate,postseason_cohort_separate,polymarket_us_mlb_hitter_hits_1plus_v1_frozen_v1,2f08c06d052b3115,prospective,False
2026-10-03T21:53:33Z,astatc-mlb-sd-mil-2026-10-03-hits-britur-gte1,849830.0,668930.0,postseason_separate,postseason_cohort_separate,polymarket_us_mlb_hitter_hits_1plus_v1_frozen_v1,2f08c06d052b3115,prospective,False
2026-10-03T21:53:33Z,astatc-mlb-sd-mil-2026-10-03-hits-chryel-gte1,849830.0,592885.0,postseason_separate,postseason_cohort_separate,polymarket_us_mlb_hitter_hits_1plus_v1_frozen_v1,2f08c06d052b3115,prospective,False
2026-10-03T21:53:33Z,astatc-mlb-sd-mil-2026-10-03-hits-coopra-gte1,849830.0,806198.0,postseason_separate,postseason_cohort_separate,polymarket_us_mlb_hitter_hits_1plus_v1_frozen_v1,2f08c06d052b3115,prospective,False
2026-10-03T21:53:33Z,astatc-mlb-sd-mil-2026-10-03-hits-dushar-gte1,849830.0,687957.0,postseason_separate,postseason_cohort_separate,polymarket_us_mlb_hitter_hits_1plus_v1_frozen_v1,2f08c06d052b3115,prospective,False
2026-10-03T21:53:33Z,astatc-mlb-sd-mil-2026-10-03-hits-ethsal-gte1,849830.0,806956.0,postseason_separate,postseason_cohort_separate,polymarket_us_mlb_hitter_hits_1plus_v1_frozen_v1,2f08c06d052b3115,prospective,False
2026-10-03T21:53:33Z,astatc-mlb-sd-mil-2026-10-03-hits-fertat-gte1,849830.0,665487.0,postseason_separate,postseason_cohort_separate,polymarket_us_mlb_hitter_hits_1plus_v1_frozen_v1,2f08c06d052b3115,prospective,False
2026-10-03T21:53:33Z,astatc-mlb-sd-mil-2026-10-03-hits-garmit-gte1,849830.0,669003.0,postseason_separate,postseason_cohort_separate,polymarket_us_mlb_hitter_hits_1plus_v1_frozen_v1,2f08c06d052b3115,prospective,False
2026-10-03T21:53:33Z,astatc-mlb-sd-mil-2026-10-03-hits-jaccho-gte1,849830.0,694192.0,postseason_separate,postseason_cohort_separate,polymarket_us_mlb_hitter_hits_1plus_v1_frozen_v1,2f08c06d052b3115,prospective,False
2026-10-03T21:53:33Z,astatc-mlb-sd-mil-2026-10-03-hits-jacmer-gte1,849830.0,701538.0,postseason_separate,postseason_cohort_separate,polymarket_us_mlb_hitter_hits_1plus_v1_frozen_v1,2f08c06d052b3115,prospective,False
2026-10-03T21:53:33Z,astatc-mlb-sd-mil-2026-10-03-hits-jakbau-gte1,849830.0,641343.0,postseason_separate,postseason_cohort_separate,polymarket_us_mlb_hitter_hits_1plus_v1_frozen_v1,2f08c06d052b3115,prospective,False
2026-10-03T21:53:33Z,astatc-mlb-sd-mil-2026-10-03-hits-jakcro-gte1,849830.0,630105.0,postseason_separate,postseason_cohort_separate,polymarket_us_mlb_hitter_hits_1plus_v1_frozen_v1,2f08c06d052b3115,prospective,False
2026-10-03T21:53:33Z,astatc-mlb-sd-mil-2026-10-03-hits-joeort-gte1,849830.0,687401.0,postseason_separate,postseason_cohort_separate,polymarket_us_mlb_hitter_hits_1plus_v1_frozen_v1,2f08c06d052b3115,prospective,False
2026-10-03T21:53:33Z,astatc-mlb-sd-mil-2026-10-03-hits-luicam-gte1,849830.0,669134.0,postseason_separate,postseason_cohort_separate,polymarket_us_mlb_hitter_hits_1plus_v1_frozen_v1,2f08c06d052b3115,prospective,False
2026-10-03T21:53:33Z,astatc-mlb-sd-mil-2026-10-03-hits-luilar-gte1,849830.0,800325.0,postseason_separate,postseason_cohort_separate,polymarket_us_mlb_hitter_hits_1plus_v1_frozen_v1,2f08c06d052b3115,prospective,False
2026-10-03T21:53:33Z,astatc-mlb-sd-mil-2026-10-03-hits-manmac-gte1,849830.0,592518.0,postseason_separate,postseason_cohort_separate,polymarket_us_mlb_hitter_hits_1plus_v1_frozen_v1,2f08c06d052b3115,prospective,False
2026-10-03T21:53:33Z,astatc-mlb-sd-mil-2026-10-03-hits-tyfra-gte1,849830.0,664034.0,postseason_separate,postseason_cohort_separate,polymarket_us_mlb_hitter_hits_1plus_v1_frozen_v1,2f08c06d052b3115,prospective,False
2026-10-03T21:53:33Z,astatc-mlb-sd-mil-2026-10-03-hits-wilcon2-gte1,849830.0,661388.0,postseason_separate,postseason_cohort_separate,polymarket_us_mlb_hitter_hits_1plus_v1_frozen_v1,2f08c06d052b3115,prospective,False
2026-10-03T21:53:33Z,astatc-mlb-sd-mil-2026-10-03-hits-xanbog-gte1,849830.0,593428.0,postseason_separate,postseason_cohort_separate,polymarket_us_mlb_hitter_hits_1plus_v1_frozen_v1,2f08c06d052b3115,prospective,False
2026-10-04T00:13:39Z,astatc-mlb-sd-mil-2026-10-03-hits-britur-gte1,849830.0,668930.0,entry_timing,inside_entry_cutoff_window_or_after_start|postseason_cohort_separate,polymarket_us_mlb_hitter_hits_1plus_v1_frozen_v1,2f08c06d052b3115,prospective,False
2026-10-04T00:13:39Z,astatc-mlb-sd-mil-2026-10-03-hits-chryel-gte1,849830.0,592885.0,entry_timing,inside_entry_cutoff_window_or_after_start|postseason_cohort_separate,polymarket_us_mlb_hitter_hits_1plus_v1_frozen_v1,2f08c06d052b3115,prospective,False
2026-10-04T00:13:39Z,astatc-mlb-sd-mil-2026-10-03-hits-coopra-gte1,849830.0,806198.0,entry_timing,inside_entry_cutoff_window_or_after_start|postseason_cohort_separate,polymarket_us_mlb_hitter_hits_1plus_v1_frozen_v1,2f08c06d052b3115,prospective,False
2026-10-04T00:13:39Z,astatc-mlb-sd-mil-2026-10-03-hits-dushar-gte1,849830.0,687957.0,entry_timing,inside_entry_cutoff_window_or_after_start|postseason_cohort_separate,polymarket_us_mlb_hitter_hits_1plus_v1_frozen_v1,2f08c06d052b3115,prospective,False
2026-10-04T00:13:39Z,astatc-mlb-sd-mil-2026-10-03-hits-ethsal-gte1,849830.0,806956.0,entry_timing,inside_entry_cutoff_window_or_after_start|postseason_cohort_separate,polymarket_us_mlb_hitter_hits_1plus_v1_frozen_v1,2f08c06d052b3115,prospective,False
2026-10-04T00:13:39Z,astatc-mlb-sd-mil-2026-10-03-hits-fertat-gte1,849830.0,665487.0,entry_timing,inside_entry_cutoff_window_or_after_start|postseason_cohort_separate,polymarket_us_mlb_hitter_hits_1plus_v1_frozen_v1,2f08c06d052b3115,prospective,False
2026-10-04T00:13:39Z,astatc-mlb-sd-mil-2026-10-03-hits-garmit-gte1,849830.0,669003.0,entry_timing,inside_entry_cutoff_window_or_after_start|postseason_cohort_separate,polymarket_us_mlb_hitter_hits_1plus_v1_frozen_v1,2f08c06d052b3115,prospective,False
2026-10-04T00:13:39Z,astatc-mlb-sd-mil-2026-10-03-hits-jaccho-gte1,849830.0,694192.0,entry_timing,inside_entry_cutoff_window_or_after_start|postseason_cohort_separate,polymarket_us_mlb_hitter_hits_1plus_v1_frozen_v1,2f08c06d052b3115,prospective,False
2026-10-04T00:13:39Z,astatc-mlb-sd-mil-2026-10-03-hits-jacmer-gte1,849830.0,701538.0,entry_timing,inside_entry_cutoff_window_or_after_start|postseason_cohort_separate,polymarket_us_mlb_hitter_hits_1plus_v1_frozen_v1,2f08c06d052b3115,prospective,False
2026-10-04T00:13:39Z,astatc-mlb-sd-mil-2026-10-03-hits-jakbau-gte1,849830.0,641343.0,entry_timing,inside_entry_cutoff_window_or_after_start|postseason_cohort_separate,polymarket_us_mlb_hitter_hits_1plus_v1_frozen_v1,2f08c06d052b3115,prospective,False
2026-10-04T00:13:39Z,astatc-mlb-sd-mil-2026-10-03-hits-jakcro-gte1,849830.0,630105.0,entry_timing,inside_entry_cutoff_window_or_after_start|postseason_cohort_separate,polymarket_us_mlb_hitter_hits_1plus_v1_frozen_v1,2f08c06d052b3115,prospective,False
2026-10-04T00:13:39Z,astatc-mlb-sd-mil-2026-10-03-hits-joeort-gte1,849830.0,687401.0,entry_timing,inside_entry_cutoff_window_or_after_start|postseason_cohort_separate,polymarket_us_mlb_hitter_hits_1plus_v1_frozen_v1,2f08c06d052b3115,prospective,False
2026-10-04T00:13:39Z,astatc-mlb-sd-mil-2026-10-03-hits-luicam-gte1,849830.0,669134.0,entry_timing,inside_entry_cutoff_window_or_after_start|postseason_cohort_separate,polymarket_us_mlb_hitter_hits_1plus_v1_frozen_v1,2f08c06d052b3115,prospective,False
2026-10-04T00:13:39Z,astatc-mlb-sd-mil-2026-10-03-hits-luilar-gte1,849830.0,800325.0,entry_timing,inside_entry_cutoff_window_or_after_start|postseason_cohort_separate,polymarket_us_mlb_hitter_hits_1plus_v1_frozen_v1,2f08c06d052b3115,prospective,False
2026-10-04T00:13:39Z,astatc-mlb-sd-mil-2026-10-03-hits-manmac-gte1,849830.0,592518.0,entry_timing,inside_entry_cutoff_window_or_after_start|postseason_cohort_separate,polymarket_us_mlb_hitter_hits_1plus_v1_frozen_v1,2f08c06d052b3115,prospective,False
2026-10-04T00:13:39Z,astatc-mlb-sd-mil-2026-10-03-hits-tyfra-gte1,849830.0,664034.0,entry_timing,inside_entry_cutoff_window_or_after_start|postseason_cohort_separate,polymarket_us_mlb_hitter_hits_1plus_v1_frozen_v1,2f08c06d052b3115,prospective,False
2026-10-04T00:13:39Z,astatc-mlb-sd-mil-2026-10-03-hits-wilcon2-gte1,849830.0,661388.0,entry_timing,inside_entry_cutoff_window_or_after_start|postseason_cohort_separate,polymarket_us_mlb_hitter_hits_1plus_v1_frozen_v1,2f08c06d052b3115,prospective,False
2026-10-04T00:13:39Z,astatc-mlb-sd-mil-2026-10-03-hits-xanbog-gte1,849830.0,593428.0,entry_timing,inside_entry_cutoff_window_or_after_start|postseason_cohort_separate,polymarket_us_mlb_hitter_hits_1plus_v1_frozen_v1,2f08c06d052b3115,prospective,False
2026-10-04T06:07:06Z,astatc-mlb-sd-mil-2026-10-03-hits-britur-gte1,849830.0,668930.0,entry_timing,inside_entry_cutoff_window_or_after_start|game_started_or_started|quote_age_seconds:21211>max:30|lineup_availability_unknown|postseason_cohort_separate,polymarket_us_mlb_hitter_hits_1plus_v1_frozen_v1,2f08c06d052b3115,prospective,False
2026-10-04T06:07:06Z,astatc-mlb-sd-mil-2026-10-03-hits-chryel-gte1,849830.0,592885.0,entry_timing,inside_entry_cutoff_window_or_after_start|game_started_or_started|quote_age_seconds:21211>max:30|lineup_availability_unknown|postseason_cohort_separate,polymarket_us_mlb_hitter_hits_1plus_v1_frozen_v1,2f08c06d052b3115,prospective,False
2026-10-04T06:07:06Z,astatc-mlb-sd-mil-2026-10-03-hits-coopra-gte1,849830.0,806198.0,entry_timing,inside_entry_cutoff_window_or_after_start|game_started_or_started|quote_age_seconds:21211>max:30|lineup_availability_unknown|postseason_cohort_separate,polymarket_us_mlb_hitter_hits_1plus_v1_frozen_v1,2f08c06d052b3115,prospective,False
2026-10-04T06:07:06Z,astatc-mlb-sd-mil-2026-10-03-hits-dushar-gte1,849830.0,687957.0,entry_timing,inside_entry_cutoff_window_or_after_start|game_started_or_started|quote_age_seconds:21211>max:30|lineup_availability_unknown|postseason_cohort_separate,polymarket_us_mlb_hitter_hits_1plus_v1_frozen_v1,2f08c06d052b3115,prospective,False
2026-10-04T06:07:06Z,astatc-mlb-sd-mil-2026-10-03-hits-ethsal-gte1,849830.0,806956.0,entry_timing,inside_entry_cutoff_window_or_after_start|game_started_or_started|quote_age_seconds:21211>max:30|lineup_availability_unknown|postseason_cohort_separate,polymarket_us_mlb_hitter_hits_1plus_v1_frozen_v1,2f08c06d052b3115,prospective,False
2026-10-04T06:07:06Z,astatc-mlb-sd-mil-2026-10-03-hits-fertat-gte1,849830.0,665487.0,entry_timing,inside_entry_cutoff_window_or_after_start|game_started_or_started|quote_age_seconds:21210>max:30|lineup_availability_unknown|postseason_cohort_separate,polymarket_us_mlb_hitter_hits_1plus_v1_frozen_v1,2f08c06d052b3115,prospective,False
2026-10-04T06:07:06Z,astatc-mlb-sd-mil-2026-10-03-hits-garmit-gte1,849830.0,669003.0,entry_timing,inside_entry_cutoff_window_or_after_start|game_started_or_started|quote_age_seconds:21210>max:30|lineup_availability_unknown|postseason_cohort_separate,polymarket_us_mlb_hitter_hits_1plus_v1_frozen_v1,2f08c06d052b3115,prospective,False
2026-10-04T06:07:06Z,astatc-mlb-sd-mil-2026-10-03-hits-jaccho-gte1,849830.0,694192.0,entry_timing,inside_entry_cutoff_window_or_after_start|game_started_or_started|quote_age_seconds:21210>max:30|lineup_availability_unknown|postseason_cohort_separate,polymarket_us_mlb_hitter_hits_1plus_v1_frozen_v1,2f08c06d052b3115,prospective,False
2026-10-04T06:07:06Z,astatc-mlb-sd-mil-2026-10-03-hits-jacmer-gte1,849830.0,701538.0,entry_timing,inside_entry_cutoff_window_or_after_start|game_started_or_started|quote_age_seconds:21210>max:30|lineup_availability_unknown|postseason_cohort_separate,polymarket_us_mlb_hitter_hits_1plus_v1_frozen_v1,2f08c06d052b3115,prospective,False
2026-10-04T06:07:06Z,astatc-mlb-sd-mil-2026-10-03-hits-jakbau-gte1,849830.0,641343.0,entry_timing,inside_entry_cutoff_window_or_after_start|game_started_or_started|quote_age_seconds:21210>max:30|lineup_availability_unknown|postseason_cohort_separate,polymarket_us_mlb_hitter_hits_1plus_v1_frozen_v1,2f08c06d052b3115,prospective,False
2026-10-04T06:07:06Z,astatc-mlb-sd-mil-2026-10-03-hits-jakcro-gte1,849830.0,630105.0,entry_timing,inside_entry_cutoff_window_or_after_start|game_started_or_started|quote_age_seconds:21210>max:30|lineup_availability_unknown|postseason_cohort_separate,polymarket_us_mlb_hitter_hits_1plus_v1_frozen_v1,2f08c06d052b3115,prospective,False
2026-10-04T06:07:06Z,astatc-mlb-sd-mil-2026-10-03-hits-joeort-gte1,849830.0,687401.0,entry_timing,inside_entry_cutoff_window_or_after_start|game_started_or_started|quote_age_seconds:21210>max:30|lineup_availability_unknown|postseason_cohort_separate,polymarket_us_mlb_hitter_hits_1plus_v1_frozen_v1,2f08c06d052b3115,prospective,False
2026-10-04T06:07:06Z,astatc-mlb-sd-mil-2026-10-03-hits-luicam-gte1,849830.0,669134.0,entry_timing,inside_entry_cutoff_window_or_after_start|game_started_or_started|quote_age_seconds:21210>max:30|lineup_availability_unknown|postseason_cohort_separate,polymarket_us_mlb_hitter_hits_1plus_v1_frozen_v1,2f08c06d052b3115,prospective,False
2026-10-04T06:07:06Z,astatc-mlb-sd-mil-2026-10-03-hits-luilar-gte1,849830.0,800325.0,entry_timing,inside_entry_cutoff_window_or_after_start|game_started_or_started|quote_age_seconds:21210>max:30|lineup_availability_unknown|postseason_cohort_separate,polymarket_us_mlb_hitter_hits_1plus_v1_frozen_v1,2f08c06d052b3115,prospective,False
2026-10-04T06:07:06Z,astatc-mlb-sd-mil-2026-10-03-hits-manmac-gte1,849830.0,592518.0,entry_timing,inside_entry_cutoff_window_or_after_start|game_started_or_started|quote_age_seconds:21209>max:30|lineup_availability_unknown|postseason_cohort_separate,polymarket_us_mlb_hitter_hits_1plus_v1_frozen_v1,2f08c06d052b3115,prospective,False
2026-10-04T06:07:06Z,astatc-mlb-sd-mil-2026-10-03-hits-tyfra-gte1,849830.0,664034.0,entry_timing,inside_entry_cutoff_window_or_after_start|game_started_or_started|quote_age_seconds:21209>max:30|lineup_availability_unknown|postseason_cohort_separate,polymarket_us_mlb_hitter_hits_1plus_v1_frozen_v1,2f08c06d052b3115,prospective,False
2026-10-04T06:07:06Z,astatc-mlb-sd-mil-2026-10-03-hits-wilcon2-gte1,849830.0,661388.0,entry_timing,inside_entry_cutoff_window_or_after_start|game_started_or_started|quote_age_seconds:21209>max:30|lineup_availability_unknown|postseason_cohort_separate,polymarket_us_mlb_hitter_hits_1plus_v1_frozen_v1,2f08c06d052b3115,prospective,False
2026-10-04T06:07:06Z,astatc-mlb-sd-mil-2026-10-03-hits-xanbog-gte1,849830.0,593428.0,entry_timing,inside_entry_cutoff_window_or_after_start|game_started_or_started|quote_age_seconds:21209>max:30|lineup_availability_unknown|postseason_cohort_separate,polymarket_us_mlb_hitter_hits_1plus_v1_frozen_v1,2f08c06d052b3115,prospective,False
2026-10-04T18:42:03Z,astatc-mlb-sd-mil-2026-10-04-hits-britur-gte1,849825.0,668930.0,postseason_separate,postseason_cohort_separate,polymarket_us_mlb_hitter_hits_1plus_v1_frozen_v1,2f08c06d052b3115,prospective,False
2026-10-04T18:42:03Z,astatc-mlb-sd-mil-2026-10-04-hits-chryel-gte1,849825.0,592885.0,postseason_separate,postseason_cohort_separate,polymarket_us_mlb_hitter_hits_1plus_v1_frozen_v1,2f08c06d052b3115,prospective,False
2026-10-04T18:42:03Z,astatc-mlb-sd-mil-2026-10-04-hits-coopra-gte1,849825.0,806198.0,postseason_separate,postseason_cohort_separate,polymarket_us_mlb_hitter_hits_1plus_v1_frozen_v1,2f08c06d052b3115,prospective,False
2026-10-04T18:42:03Z,astatc-mlb-sd-mil-2026-10-04-hits-davham-gte1,849825.0,666152.0,postseason_separate,postseason_cohort_separate,polymarket_us_mlb_hitter_hits_1plus_v1_frozen_v1,2f08c06d052b3115,prospective,False
2026-10-04T18:42:03Z,astatc-mlb-sd-mil-2026-10-04-hits-dushar-gte1,849825.0,687957.0,postseason_separate,postseason_cohort_separate,polymarket_us_mlb_hitter_hits_1plus_v1_frozen_v1,2f08c06d052b3115,prospective,False
2026-10-04T18:42:03Z,astatc-mlb-sd-mil-2026-10-04-hits-ethsal-gte1,849825.0,806956.0,postseason_separate,postseason_cohort_separate,polymarket_us_mlb_hitter_hits_1plus_v1_frozen_v1,2f08c06d052b3115,prospective,False
2026-10-04T18:42:03Z,astatc-mlb-sd-mil-2026-10-04-hits-fertat-gte1,849825.0,665487.0,postseason_separate,postseason_cohort_separate,polymarket_us_mlb_hitter_hits_1plus_v1_frozen_v1,2f08c06d052b3115,prospective,False
2026-10-04T18:42:03Z,astatc-mlb-sd-mil-2026-10-04-hits-garmit-gte1,849825.0,669003.0,postseason_separate,postseason_cohort_separate,polymarket_us_mlb_hitter_hits_1plus_v1_frozen_v1,2f08c06d052b3115,prospective,False
2026-10-04T18:42:03Z,astatc-mlb-sd-mil-2026-10-04-hits-jaccho-gte1,849825.0,694192.0,postseason_separate,postseason_cohort_separate,polymarket_us_mlb_hitter_hits_1plus_v1_frozen_v1,2f08c06d052b3115,prospective,False
2026-10-04T18:42:03Z,astatc-mlb-sd-mil-2026-10-04-hits-jacmer-gte1,849825.0,701538.0,postseason_separate,postseason_cohort_separate,polymarket_us_mlb_hitter_hits_1plus_v1_frozen_v1,2f08c06d052b3115,prospective,False
2026-10-04T18:42:03Z,astatc-mlb-sd-mil-2026-10-04-hits-jakbau-gte1,849825.0,641343.0,postseason_separate,postseason_cohort_separate,polymarket_us_mlb_hitter_hits_1plus_v1_frozen_v1,2f08c06d052b3115,prospective,False
2026-10-04T18:42:03Z,astatc-mlb-sd-mil-2026-10-04-hits-jakcro-gte1,849825.0,630105.0,postseason_separate,postseason_cohort_separate,polymarket_us_mlb_hitter_hits_1plus_v1_frozen_v1,2f08c06d052b3115,prospective,False
2026-10-04T18:42:03Z,astatc-mlb-sd-mil-2026-10-04-hits-luicam-gte1,849825.0,669134.0,postseason_separate,postseason_cohort_separate,polymarket_us_mlb_hitter_hits_1plus_v1_frozen_v1,2f08c06d052b3115,prospective,False
2026-10-04T18:42:03Z,astatc-mlb-sd-mil-2026-10-04-hits-manmac-gte1,849825.0,592518.0,postseason_separate,postseason_cohort_separate,polymarket_us_mlb_hitter_hits_1plus_v1_frozen_v1,2f08c06d052b3115,prospective,False
2026-10-04T18:42:03Z,astatc-mlb-sd-mil-2026-10-04-hits-salfre-gte1,849825.0,686217.0,postseason_separate,postseason_cohort_separate,polymarket_us_mlb_hitter_hits_1plus_v1_frozen_v1,2f08c06d052b3115,prospective,False
2026-10-04T18:42:03Z,astatc-mlb-sd-mil-2026-10-04-hits-tyfra-gte1,849825.0,664034.0,postseason_separate,postseason_cohort_separate,polymarket_us_mlb_hitter_hits_1plus_v1_frozen_v1,2f08c06d052b3115,prospective,False
2026-10-04T18:42:03Z,astatc-mlb-sd-mil-2026-10-04-hits-wilcon2-gte1,849825.0,661388.0,postseason_separate,postseason_cohort_separate,polymarket_us_mlb_hitter_hits_1plus_v1_frozen_v1,2f08c06d052b3115,prospective,False
2026-10-04T18:42:03Z,astatc-mlb-sd-mil-2026-10-04-hits-xanbog-gte1,849825.0,593428.0,postseason_separate,postseason_cohort_separate,polymarket_us_mlb_hitter_hits_1plus_v1_frozen_v1,2f08c06d052b3115,prospective,False
2026-10-04T18:42:03Z,astatc-mlb-atl-lad-2026-10-04-hits-drabal-gte1,849823.0,686948.0,lineup_unknown,lineup_availability_unknown|postseason_cohort_separate,polymarket_us_mlb_hitter_hits_1plus_v1_frozen_v1,2f08c06d052b3115,prospective,False
2026-10-04T18:42:03Z,astatc-mlb-atl-lad-2026-10-04-hits-frefre-gte1,849823.0,518692.0,lineup_unknown,lineup_availability_unknown|postseason_cohort_separate,polymarket_us_mlb_hitter_hits_1plus_v1_frozen_v1,2f08c06d052b3115,prospective,False
2026-10-04T18:42:03Z,astatc-mlb-atl-lad-2026-10-04-hits-kyltuc-gte1,849823.0,663656.0,lineup_unknown,lineup_availability_unknown|postseason_cohort_separate,polymarket_us_mlb_hitter_hits_1plus_v1_frozen_v1,2f08c06d052b3115,prospective,False
2026-10-04T18:42:03Z,astatc-mlb-atl-lad-2026-10-04-hits-matols-gte1,849823.0,621566.0,lineup_unknown,lineup_availability_unknown|postseason_cohort_separate,polymarket_us_mlb_hitter_hits_1plus_v1_frozen_v1,2f08c06d052b3115,prospective,False
2026-10-04T18:42:03Z,astatc-mlb-atl-lad-2026-10-04-hits-maudub-gte1,849823.0,643289.0,lineup_unknown,lineup_availability_unknown|postseason_cohort_separate,polymarket_us_mlb_hitter_hits_1plus_v1_frozen_v1,2f08c06d052b3115,prospective,False
2026-10-04T18:42:03Z,astatc-mlb-atl-lad-2026-10-04-hits-michar-gte1,849823.0,671739.0,lineup_unknown,lineup_availability_unknown|postseason_cohort_separate,polymarket_us_mlb_hitter_hits_1plus_v1_frozen_v1,2f08c06d052b3115,prospective,False
2026-10-04T18:42:03Z,astatc-mlb-atl-lad-2026-10-04-hits-moobet-gte1,849823.0,605141.0,lineup_unknown,lineup_availability_unknown|postseason_cohort_separate,polymarket_us_mlb_hitter_hits_1plus_v1_frozen_v1,2f08c06d052b3115,prospective,False
2026-10-04T18:42:03Z,astatc-mlb-atl-lad-2026-10-04-hits-ozzalb-gte1,849823.0,645277.0,lineup_unknown,lineup_availability_unknown|postseason_cohort_separate,polymarket_us_mlb_hitter_hits_1plus_v1_frozen_v1,2f08c06d052b3115,prospective,False
2026-10-04T18:42:03Z,astatc-mlb-atl-lad-2026-10-04-hits-ronacu-gte1,849823.0,660670.0,lineup_unknown,lineup_availability_unknown|postseason_cohort_separate,polymarket_us_mlb_hitter_hits_1plus_v1_frozen_v1,2f08c06d052b3115,prospective,False
2026-10-04T18:42:03Z,astatc-mlb-atl-lad-2026-10-04-hits-shooht-gte1,849823.0,660271.0,lineup_unknown,lineup_availability_unknown|postseason_cohort_separate,polymarket_us_mlb_hitter_hits_1plus_v1_frozen_v1,2f08c06d052b3115,prospective,False
2026-10-04T18:42:03Z,astatc-mlb-atl-lad-2026-10-04-hits-teoher-gte1,849823.0,606192.0,lineup_unknown,lineup_availability_unknown|postseason_cohort_separate,polymarket_us_mlb_hitter_hits_1plus_v1_frozen_v1,2f08c06d052b3115,prospective,False
2026-10-04T18:42:03Z,astatc-mlb-atl-lad-2026-10-04-hits-wilsmi-gte1,849823.0,669257.0,lineup_unknown,lineup_availability_unknown|postseason_cohort_separate,polymarket_us_mlb_hitter_hits_1plus_v1_frozen_v1,2f08c06d052b3115,prospective,False
2026-10-04T22:04:04Z,astatc-mlb-atl-lad-2026-10-04-hits-andpag-gte1,849823.0,681624.0,postseason_separate,postseason_cohort_separate,polymarket_us_mlb_hitter_hits_1plus_v1_frozen_v1,2f08c06d052b3115,prospective,False
2026-10-04T22:04:04Z,astatc-mlb-atl-lad-2026-10-04-hits-ausril-gte1,849823.0,663586.0,postseason_separate,postseason_cohort_separate,polymarket_us_mlb_hitter_hits_1plus_v1_frozen_v1,2f08c06d052b3115,prospective,False
2026-10-04T22:04:04Z,astatc-mlb-atl-lad-2026-10-04-hits-drabal-gte1,849823.0,686948.0,postseason_separate,postseason_cohort_separate,polymarket_us_mlb_hitter_hits_1plus_v1_frozen_v1,2f08c06d052b3115,prospective,False
2026-10-04T22:04:04Z,astatc-mlb-atl-lad-2026-10-04-hits-frefre-gte1,849823.0,518692.0,postseason_separate,postseason_cohort_separate,polymarket_us_mlb_hitter_hits_1plus_v1_frozen_v1,2f08c06d052b3115,prospective,False
2026-10-04T22:04:04Z,astatc-mlb-atl-lad-2026-10-04-hits-kyltuc-gte1,849823.0,663656.0,postseason_separate,postseason_cohort_separate,polymarket_us_mlb_hitter_hits_1plus_v1_frozen_v1,2f08c06d052b3115,prospective,False
2026-10-04T22:04:04Z,astatc-mlb-atl-lad-2026-10-04-hits-lantho-gte1,849823.0,657041.0,postseason_separate,postseason_cohort_separate,polymarket_us_mlb_hitter_hits_1plus_v1_frozen_v1,2f08c06d052b3115,prospective,False
2026-10-04T22:04:04Z,astatc-mlb-atl-lad-2026-10-04-hits-matols-gte1,849823.0,621566.0,postseason_separate,postseason_cohort_separate,polymarket_us_mlb_hitter_hits_1plus_v1_frozen_v1,2f08c06d052b3115,prospective,False
2026-10-04T22:04:04Z,astatc-mlb-atl-lad-2026-10-04-hits-maudub-gte1,849823.0,643289.0,postseason_separate,postseason_cohort_separate,polymarket_us_mlb_hitter_hits_1plus_v1_frozen_v1,2f08c06d052b3115,prospective,False
2026-10-04T22:04:04Z,astatc-mlb-atl-lad-2026-10-04-hits-michar-gte1,849823.0,671739.0,postseason_separate,postseason_cohort_separate,polymarket_us_mlb_hitter_hits_1plus_v1_frozen_v1,2f08c06d052b3115,prospective,False
2026-10-04T22:04:04Z,astatc-mlb-atl-lad-2026-10-04-hits-migroj-gte1,849823.0,500743.0,postseason_separate,postseason_cohort_separate,polymarket_us_mlb_hitter_hits_1plus_v1_frozen_v1,2f08c06d052b3115,prospective,False
2026-10-04T22:04:04Z,astatc-mlb-atl-lad-2026-10-04-hits-moobet-gte1,849823.0,605141.0,postseason_separate,postseason_cohort_separate,polymarket_us_mlb_hitter_hits_1plus_v1_frozen_v1,2f08c06d052b3115,prospective,False
2026-10-04T22:04:04Z,astatc-mlb-atl-lad-2026-10-04-hits-ozzalb-gte1,849823.0,645277.0,postseason_separate,postseason_cohort_separate,polymarket_us_mlb_hitter_hits_1plus_v1_frozen_v1,2f08c06d052b3115,prospective,False
2026-10-04T22:04:04Z,astatc-mlb-atl-lad-2026-10-04-hits-ronacu-gte1,849823.0,660670.0,postseason_separate,postseason_cohort_separate,polymarket_us_mlb_hitter_hits_1plus_v1_frozen_v1,2f08c06d052b3115,prospective,False
2026-10-04T22:04:04Z,astatc-mlb-atl-lad-2026-10-04-hits-seamur-gte1,849823.0,669221.0,postseason_separate,postseason_cohort_separate,polymarket_us_mlb_hitter_hits_1plus_v1_frozen_v1,2f08c06d052b3115,prospective,False
2026-10-04T22:04:04Z,astatc-mlb-atl-lad-2026-10-04-hits-shooht-gte1,849823.0,660271.0,postseason_separate,postseason_cohort_separate,polymarket_us_mlb_hitter_hits_1plus_v1_frozen_v1,2f08c06d052b3115,prospective,False
2026-10-04T22:04:04Z,astatc-mlb-atl-lad-2026-10-04-hits-teoher-gte1,849823.0,606192.0,postseason_separate,postseason_cohort_separate,polymarket_us_mlb_hitter_hits_1plus_v1_frozen_v1,2f08c06d052b3115,prospective,False
2026-10-04T22:04:04Z,astatc-mlb-atl-lad-2026-10-04-hits-tomedm-gte1,849823.0,669242.0,postseason_separate,postseason_cohort_separate,polymarket_us_mlb_hitter_hits_1plus_v1_frozen_v1,2f08c06d052b3115,prospective,False
2026-10-04T22:04:04Z,astatc-mlb-atl-lad-2026-10-04-hits-wilsmi-gte1,849823.0,669257.0,postseason_separate,postseason_cohort_separate,polymarket_us_mlb_hitter_hits_1plus_v1_frozen_v1,2f08c06d052b3115,prospective,False
2026-10-05T01:04:33Z,astatc-mlb-atl-lad-2026-10-04-hits-andpag-gte1,849823.0,681624.0,entry_timing,inside_entry_cutoff_window_or_after_start|game_started_or_started|quote_age_seconds:10835>max:30|lineup_availability_unknown|postseason_cohort_separate,polymarket_us_mlb_hitter_hits_1plus_v1_frozen_v1,2f08c06d052b3115,prospective,False
2026-10-05T01:04:33Z,astatc-mlb-atl-lad-2026-10-04-hits-ausril-gte1,849823.0,663586.0,entry_timing,inside_entry_cutoff_window_or_after_start|game_started_or_started|quote_age_seconds:10835>max:30|lineup_availability_unknown|postseason_cohort_separate,polymarket_us_mlb_hitter_hits_1plus_v1_frozen_v1,2f08c06d052b3115,prospective,False
2026-10-05T01:04:33Z,astatc-mlb-atl-lad-2026-10-04-hits-drabal-gte1,849823.0,686948.0,entry_timing,inside_entry_cutoff_window_or_after_start|game_started_or_started|quote_age_seconds:10835>max:30|lineup_availability_unknown|postseason_cohort_separate,polymarket_us_mlb_hitter_hits_1plus_v1_frozen_v1,2f08c06d052b3115,prospective,False
2026-10-05T01:04:33Z,astatc-mlb-atl-lad-2026-10-04-hits-frefre-gte1,849823.0,518692.0,entry_timing,inside_entry_cutoff_window_or_after_start|game_started_or_started|quote_age_seconds:10834>max:30|lineup_availability_unknown|postseason_cohort_separate,polymarket_us_mlb_hitter_hits_1plus_v1_frozen_v1,2f08c06d052b3115,prospective,False
2026-10-05T01:04:33Z,astatc-mlb-atl-lad-2026-10-04-hits-kyltuc-gte1,849823.0,663656.0,entry_timing,inside_entry_cutoff_window_or_after_start|game_started_or_started|quote_age_seconds:10834>max:30|lineup_availability_unknown|postseason_cohort_separate,polymarket_us_mlb_hitter_hits_1plus_v1_frozen_v1,2f08c06d052b3115,prospective,False
2026-10-05T01:04:33Z,astatc-mlb-atl-lad-2026-10-04-hits-lantho-gte1,849823.0,657041.0,entry_timing,inside_entry_cutoff_window_or_after_start|game_started_or_started|quote_age_seconds:10834>max:30|lineup_availability_unknown|postseason_cohort_separate,polymarket_us_mlb_hitter_hits_1plus_v1_frozen_v1,2f08c06d052b3115,prospective,False
2026-10-05T01:04:33Z,astatc-mlb-atl-lad-2026-10-04-hits-matols-gte1,849823.0,621566.0,entry_timing,inside_entry_cutoff_window_or_after_start|game_started_or_started|quote_age_seconds:10834>max:30|lineup_availability_unknown|postseason_cohort_separate,polymarket_us_mlb_hitter_hits_1plus_v1_frozen_v1,2f08c06d052b3115,prospective,False
2026-10-05T01:04:33Z,astatc-mlb-atl-lad-2026-10-04-hits-maudub-gte1,849823.0,643289.0,entry_timing,inside_entry_cutoff_window_or_after_start|game_started_or_started|quote_age_seconds:10834>max:30|lineup_availability_unknown|postseason_cohort_separate,polymarket_us_mlb_hitter_hits_1plus_v1_frozen_v1,2f08c06d052b3115,prospective,False
2026-10-05T01:04:33Z,astatc-mlb-atl-lad-2026-10-04-hits-michar-gte1,849823.0,671739.0,entry_timing,inside_entry_cutoff_window_or_after_start|game_started_or_started|quote_age_seconds:10833>max:30|lineup_availability_unknown|postseason_cohort_separate,polymarket_us_mlb_hitter_hits_1plus_v1_frozen_v1,2f08c06d052b3115,prospective,False
2026-10-05T01:04:33Z,astatc-mlb-atl-lad-2026-10-04-hits-migroj-gte1,849823.0,500743.0,entry_timing,inside_entry_cutoff_window_or_after_start|game_started_or_started|quote_age_seconds:10833>max:30|lineup_availability_unknown|postseason_cohort_separate,polymarket_us_mlb_hitter_hits_1plus_v1_frozen_v1,2f08c06d052b3115,prospective,False
2026-10-05T01:04:33Z,astatc-mlb-atl-lad-2026-10-04-hits-moobet-gte1,849823.0,605141.0,entry_timing,inside_entry_cutoff_window_or_after_start|game_started_or_started|quote_age_seconds:10833>max:30|lineup_availability_unknown|postseason_cohort_separate,polymarket_us_mlb_hitter_hits_1plus_v1_frozen_v1,2f08c06d052b3115,prospective,False
2026-10-05T01:04:33Z,astatc-mlb-atl-lad-2026-10-04-hits-ozzalb-gte1,849823.0,645277.0,entry_timing,inside_entry_cutoff_window_or_after_start|game_started_or_started|quote_age_seconds:10833>max:30|lineup_availability_unknown|postseason_cohort_separate,polymarket_us_mlb_hitter_hits_1plus_v1_frozen_v1,2f08c06d052b3115,prospective,False
2026-10-05T01:04:33Z,astatc-mlb-atl-lad-2026-10-04-hits-ronacu-gte1,849823.0,660670.0,entry_timing,inside_entry_cutoff_window_or_after_start|game_started_or_started|quote_age_seconds:10833>max:30|lineup_availability_unknown|postseason_cohort_separate,polymarket_us_mlb_hitter_hits_1plus_v1_frozen_v1,2f08c06d052b3115,prospective,False
2026-10-05T01:04:33Z,astatc-mlb-atl-lad-2026-10-04-hits-seamur-gte1,849823.0,669221.0,entry_timing,inside_entry_cutoff_window_or_after_start|game_started_or_started|quote_age_seconds:10833>max:30|lineup_availability_unknown|postseason_cohort_separate,polymarket_us_mlb_hitter_hits_1plus_v1_frozen_v1,2f08c06d052b3115,prospective,False
2026-10-05T01:04:33Z,astatc-mlb-atl-lad-2026-10-04-hits-shooht-gte1,849823.0,660271.0,entry_timing,inside_entry_cutoff_window_or_after_start|game_started_or_started|quote_age_seconds:10832>max:30|lineup_availability_unknown|postseason_cohort_separate,polymarket_us_mlb_hitter_hits_1plus_v1_frozen_v1,2f08c06d052b3115,prospective,False
2026-10-05T01:04:33Z,astatc-mlb-atl-lad-2026-10-04-hits-teoher-gte1,849823.0,606192.0,entry_timing,inside_entry_cutoff_window_or_after_start|game_started_or_started|quote_age_seconds:10832>max:30|lineup_availability_unknown|postseason_cohort_separate,polymarket_us_mlb_hitter_hits_1plus_v1_frozen_v1,2f08c06d052b3115,prospective,False
2026-10-05T01:04:33Z,astatc-mlb-atl-lad-2026-10-04-hits-tomedm-gte1,849823.0,669242.0,entry_timing,inside_entry_cutoff_window_or_after_start|game_started_or_started|quote_age_seconds:10832>max:30|lineup_availability_unknown|postseason_cohort_separate,polymarket_us_mlb_hitter_hits_1plus_v1_frozen_v1,2f08c06d052b3115,prospective,False
2026-10-05T01:04:33Z,astatc-mlb-atl-lad-2026-10-04-hits-wilsmi-gte1,849823.0,669257.0,entry_timing,inside_entry_cutoff_window_or_after_start|game_started_or_started|quote_age_seconds:10832>max:30|lineup_availability_unknown|postseason_cohort_separate,polymarket_us_mlb_hitter_hits_1plus_v1_frozen_v1,2f08c06d052b3115,prospective,False
2026-10-05T05:59:51Z,astatc-mlb-atl-lad-2026-10-04-hits-andpag-gte1,849823.0,681624.0,entry_timing,inside_entry_cutoff_window_or_after_start|game_started_or_started|quote_age_seconds:28553>max:30|lineup_availability_unknown|postseason_cohort_separate,polymarket_us_mlb_hitter_hits_1plus_v1_frozen_v1,2f08c06d052b3115,prospective,False
2026-10-05T05:59:51Z,astatc-mlb-atl-lad-2026-10-04-hits-ausril-gte1,849823.0,663586.0,entry_timing,inside_entry_cutoff_window_or_after_start|game_started_or_started|quote_age_seconds:28553>max:30|lineup_availability_unknown|postseason_cohort_separate,polymarket_us_mlb_hitter_hits_1plus_v1_frozen_v1,2f08c06d052b3115,prospective,False
2026-10-05T05:59:51Z,astatc-mlb-atl-lad-2026-10-04-hits-drabal-gte1,849823.0,686948.0,entry_timing,inside_entry_cutoff_window_or_after_start|game_started_or_started|quote_age_seconds:28553>max:30|lineup_availability_unknown|postseason_cohort_separate,polymarket_us_mlb_hitter_hits_1plus_v1_frozen_v1,2f08c06d052b3115,prospective,False
2026-10-05T05:59:51Z,astatc-mlb-atl-lad-2026-10-04-hits-frefre-gte1,849823.0,518692.0,entry_timing,inside_entry_cutoff_window_or_after_start|game_started_or_started|quote_age_seconds:28552>max:30|lineup_availability_unknown|postseason_cohort_separate,polymarket_us_mlb_hitter_hits_1plus_v1_frozen_v1,2f08c06d052b3115,prospective,False
2026-10-05T05:59:51Z,astatc-mlb-atl-lad-2026-10-04-hits-kyltuc-gte1,849823.0,663656.0,entry_timing,inside_entry_cutoff_window_or_after_start|game_started_or_started|quote_age_seconds:28552>max:30|lineup_availability_unknown|postseason_cohort_separate,polymarket_us_mlb_hitter_hits_1plus_v1_frozen_v1,2f08c06d052b3115,prospective,False
2026-10-05T05:59:51Z,astatc-mlb-atl-lad-2026-10-04-hits-lantho-gte1,849823.0,657041.0,entry_timing,inside_entry_cutoff_window_or_after_start|game_started_or_started|quote_age_seconds:28552>max:30|lineup_availability_unknown|postseason_cohort_separate,polymarket_us_mlb_hitter_hits_1plus_v1_frozen_v1,2f08c06d052b3115,prospective,False
2026-10-05T05:59:51Z,astatc-mlb-atl-lad-2026-10-04-hits-matols-gte1,849823.0,621566.0,entry_timing,inside_entry_cutoff_window_or_after_start|game_started_or_started|quote_age_seconds:28552>max:30|lineup_availability_unknown|postseason_cohort_separate,polymarket_us_mlb_hitter_hits_1plus_v1_frozen_v1,2f08c06d052b3115,prospective,False
2026-10-05T05:59:51Z,astatc-mlb-atl-lad-2026-10-04-hits-maudub-gte1,849823.0,643289.0,entry_timing,inside_entry_cutoff_window_or_after_start|game_started_or_started|quote_age_seconds:28552>max:30|lineup_availability_unknown|postseason_cohort_separate,polymarket_us_mlb_hitter_hits_1plus_v1_frozen_v1,2f08c06d052b3115,prospective,False
2026-10-05T05:59:51Z,astatc-mlb-atl-lad-2026-10-04-hits-michar-gte1,849823.0,671739.0,entry_timing,inside_entry_cutoff_window_or_after_start|game_started_or_started|quote_age_seconds:28551>max:30|lineup_availability_unknown|postseason_cohort_separate,polymarket_us_mlb_hitter_hits_1plus_v1_frozen_v1,2f08c06d052b3115,prospective,False
2026-10-05T05:59:51Z,astatc-mlb-atl-lad-2026-10-04-hits-migroj-gte1,849823.0,500743.0,entry_timing,inside_entry_cutoff_window_or_after_start|game_started_or_started|quote_age_seconds:28551>max:30|lineup_availability_unknown|postseason_cohort_separate,polymarket_us_mlb_hitter_hits_1plus_v1_frozen_v1,2f08c06d052b3115,prospective,False
2026-10-05T05:59:51Z,astatc-mlb-atl-lad-2026-10-04-hits-moobet-gte1,849823.0,605141.0,entry_timing,inside_entry_cutoff_window_or_after_start|game_started_or_started|quote_age_seconds:28551>max:30|lineup_availability_unknown|postseason_cohort_separate,polymarket_us_mlb_hitter_hits_1plus_v1_frozen_v1,2f08c06d052b3115,prospective,False
2026-10-05T05:59:51Z,astatc-mlb-atl-lad-2026-10-04-hits-ozzalb-gte1,849823.0,645277.0,entry_timing,inside_entry_cutoff_window_or_after_start|game_started_or_started|quote_age_seconds:28551>max:30|lineup_availability_unknown|postseason_cohort_separate,polymarket_us_mlb_hitter_hits_1plus_v1_frozen_v1,2f08c06d052b3115,prospective,False
2026-10-05T05:59:51Z,astatc-mlb-atl-lad-2026-10-04-hits-ronacu-gte1,849823.0,660670.0,entry_timing,inside_entry_cutoff_window_or_after_start|game_started_or_started|quote_age_seconds:28551>max:30|lineup_availability_unknown|postseason_cohort_separate,polymarket_us_mlb_hitter_hits_1plus_v1_frozen_v1,2f08c06d052b3115,prospective,False
2026-10-05T05:59:51Z,astatc-mlb-atl-lad-2026-10-04-hits-seamur-gte1,849823.0,669221.0,entry_timing,inside_entry_cutoff_window_or_after_start|game_started_or_started|quote_age_seconds:28551>max:30|lineup_availability_unknown|postseason_cohort_separate,polymarket_us_mlb_hitter_hits_1plus_v1_frozen_v1,2f08c06d052b3115,prospective,False
2026-10-05T05:59:51Z,astatc-mlb-atl-lad-2026-10-04-hits-shooht-gte1,849823.0,660271.0,entry_timing,inside_entry_cutoff_window_or_after_start|game_started_or_started|quote_age_seconds:28550>max:30|lineup_availability_unknown|postseason_cohort_separate,polymarket_us_mlb_hitter_hits_1plus_v1_frozen_v1,2f08c06d052b3115,prospective,False
2026-10-05T05:59:51Z,astatc-mlb-atl-lad-2026-10-04-hits-teoher-gte1,849823.0,606192.0,entry_timing,inside_entry_cutoff_window_or_after_start|game_started_or_started|quote_age_seconds:28550>max:30|lineup_availability_unknown|postseason_cohort_separate,polymarket_us_mlb_hitter_hits_1plus_v1_frozen_v1,2f08c06d052b3115,prospective,False
2026-10-05T05:59:51Z,astatc-mlb-atl-lad-2026-10-04-hits-tomedm-gte1,849823.0,669242.0,entry_timing,inside_entry_cutoff_window_or_after_start|game_started_or_started|quote_age_seconds:28550>max:30|lineup_availability_unknown|postseason_cohort_separate,polymarket_us_mlb_hitter_hits_1plus_v1_frozen_v1,2f08c06d052b3115,prospective,False
2026-10-05T05:59:51Z,astatc-mlb-atl-lad-2026-10-04-hits-wilsmi-gte1,849823.0,669257.0,entry_timing,inside_entry_cutoff_window_or_after_start|game_started_or_started|quote_age_seconds:28550>max:30|lineup_availability_unknown|postseason_cohort_separate,polymarket_us_mlb_hitter_hits_1plus_v1_frozen_v1,2f08c06d052b3115,prospective,False
2026-10-05T22:07:23Z,astatc-mlb-nyy-tb-2026-10-05-hits-auswel-gte1,849839.0,669224.0,stale_quote,quote_age_seconds:68>max:30|postseason_cohort_separate,polymarket_us_mlb_hitter_hits_1plus_v1_frozen_v1,2f08c06d052b3115,prospective,False
2026-10-05T22:07:23Z,astatc-mlb-nyy-tb-2026-10-05-hits-benric-gte1,849839.0,700250.0,stale_quote,quote_age_seconds:68>max:30|postseason_cohort_separate,polymarket_us_mlb_hitter_hits_1plus_v1_frozen_v1,2f08c06d052b3115,prospective,False
2026-10-05T22:07:23Z,astatc-mlb-nyy-tb-2026-10-05-hits-chasim-gte1,849839.0,802415.0,stale_quote,quote_age_seconds:68>max:30|postseason_cohort_separate,polymarket_us_mlb_hitter_hits_1plus_v1_frozen_v1,2f08c06d052b3115,prospective,False
2026-10-05T22:07:23Z,astatc-mlb-nyy-tb-2026-10-05-hits-codbel-gte1,849839.0,641355.0,stale_quote,quote_age_seconds:68>max:30|postseason_cohort_separate,polymarket_us_mlb_hitter_hits_1plus_v1_frozen_v1,2f08c06d052b3115,prospective,False
2026-10-05T22:07:23Z,astatc-mlb-nyy-tb-2026-10-05-hits-geolom-gte1,849839.0,806146.0,stale_quote,quote_age_seconds:68>max:30|postseason_cohort_separate,polymarket_us_mlb_hitter_hits_1plus_v1_frozen_v1,2f08c06d052b3115,prospective,False
2026-10-05T22:07:23Z,astatc-mlb-nyy-tb-2026-10-05-hits-jazchi-gte1,849839.0,665862.0,stale_quote,quote_age_seconds:68>max:30|postseason_cohort_separate,polymarket_us_mlb_hitter_hits_1plus_v1_frozen_v1,2f08c06d052b3115,prospective,False
2026-10-05T22:07:23Z,astatc-mlb-nyy-tb-2026-10-05-hits-jonara-gte1,849839.0,666018.0,stale_quote,quote_age_seconds:68>max:30|postseason_cohort_separate,polymarket_us_mlb_hitter_hits_1plus_v1_frozen_v1,2f08c06d052b3115,prospective,False
2026-10-05T22:07:23Z,astatc-mlb-nyy-tb-2026-10-05-hits-jondel-gte1,849839.0,676356.0,stale_quote,quote_age_seconds:68>max:30|postseason_cohort_separate,polymarket_us_mlb_hitter_hits_1plus_v1_frozen_v1,2f08c06d052b3115,prospective,False
2026-10-05T22:07:23Z,astatc-mlb-nyy-tb-2026-10-05-hits-juncam-gte1,849839.0,691406.0,stale_quote,quote_age_seconds:67>max:30|postseason_cohort_separate,polymarket_us_mlb_hitter_hits_1plus_v1_frozen_v1,2f08c06d052b3115,prospective,False
2026-10-05T22:07:23Z,astatc-mlb-nyy-tb-2026-10-05-hits-liahic-gte1,849839.0,689414.0,stale_quote,quote_age_seconds:67>max:30|postseason_cohort_separate,polymarket_us_mlb_hitter_hits_1plus_v1_frozen_v1,2f08c06d052b3115,prospective,False
2026-10-05T22:07:23Z,astatc-mlb-nyy-tb-2026-10-05-hits-luigar2-gte1,849839.0,671277.0,stale_quote,quote_age_seconds:67>max:30|postseason_cohort_separate,polymarket_us_mlb_hitter_hits_1plus_v1_frozen_v1,2f08c06d052b3115,prospective,False
2026-10-05T22:07:23Z,astatc-mlb-nyy-tb-2026-10-05-hits-ricpal-gte1,849839.0,680700.0,stale_quote,quote_age_seconds:67>max:30|postseason_cohort_separate,polymarket_us_mlb_hitter_hits_1plus_v1_frozen_v1,2f08c06d052b3115,prospective,False
2026-10-05T22:07:23Z,astatc-mlb-nyy-tb-2026-10-05-hits-ryamcm-gte1,849839.0,641857.0,stale_quote,quote_age_seconds:67>max:30|postseason_cohort_separate,polymarket_us_mlb_hitter_hits_1plus_v1_frozen_v1,2f08c06d052b3115,prospective,False
2026-10-05T22:07:23Z,astatc-mlb-nyy-tb-2026-10-05-hits-spejon-gte1,849839.0,682987.0,stale_quote,quote_age_seconds:67>max:30|postseason_cohort_separate,polymarket_us_mlb_hitter_hits_1plus_v1_frozen_v1,2f08c06d052b3115,prospective,False
2026-10-05T22:07:23Z,astatc-mlb-nyy-tb-2026-10-05-hits-taywal-gte1,849839.0,670764.0,stale_quote,quote_age_seconds:67>max:30|postseason_cohort_separate,polymarket_us_mlb_hitter_hits_1plus_v1_frozen_v1,2f08c06d052b3115,prospective,False
2026-10-05T22:07:23Z,astatc-mlb-nyy-tb-2026-10-05-hits-tregri-gte1,849839.0,663757.0,stale_quote,quote_age_seconds:67>max:30|postseason_cohort_separate,polymarket_us_mlb_hitter_hits_1plus_v1_frozen_v1,2f08c06d052b3115,prospective,False
2026-10-05T22:07:23Z,astatc-mlb-nyy-tb-2026-10-05-hits-vicmes-gte1,849839.0,683748.0,stale_quote,quote_age_seconds:67>max:30|postseason_cohort_separate,polymarket_us_mlb_hitter_hits_1plus_v1_frozen_v1,2f08c06d052b3115,prospective,False
2026-10-05T22:07:23Z,astatc-mlb-nyy-tb-2026-10-05-hits-yandia-gte1,849839.0,650490.0,stale_quote,quote_age_seconds:67>max:30|postseason_cohort_separate,polymarket_us_mlb_hitter_hits_1plus_v1_frozen_v1,2f08c06d052b3115,prospective,False
2026-10-06T02:22:24Z,astatc-mlb-nyy-tb-2026-10-05-hits-auswel-gte1,849839.0,669224.0,entry_timing,inside_entry_cutoff_window_or_after_start|game_started_or_started|quote_age_seconds:15369>max:30|lineup_availability_unknown|postseason_cohort_separate,polymarket_us_mlb_hitter_hits_1plus_v1_frozen_v1,2f08c06d052b3115,prospective,False
2026-10-06T02:22:24Z,astatc-mlb-nyy-tb-2026-10-05-hits-benric-gte1,849839.0,700250.0,entry_timing,inside_entry_cutoff_window_or_after_start|game_started_or_started|quote_age_seconds:15369>max:30|lineup_availability_unknown|postseason_cohort_separate,polymarket_us_mlb_hitter_hits_1plus_v1_frozen_v1,2f08c06d052b3115,prospective,False
2026-10-06T02:22:24Z,astatc-mlb-nyy-tb-2026-10-05-hits-chasim-gte1,849839.0,802415.0,entry_timing,inside_entry_cutoff_window_or_after_start|game_started_or_started|quote_age_seconds:15369>max:30|lineup_availability_unknown|postseason_cohort_separate,polymarket_us_mlb_hitter_hits_1plus_v1_frozen_v1,2f08c06d052b3115,prospective,False
2026-10-06T02:22:24Z,astatc-mlb-nyy-tb-2026-10-05-hits-codbel-gte1,849839.0,641355.0,entry_timing,inside_entry_cutoff_window_or_after_start|game_started_or_started|quote_age_seconds:15369>max:30|lineup_availability_unknown|postseason_cohort_separate,polymarket_us_mlb_hitter_hits_1plus_v1_frozen_v1,2f08c06d052b3115,prospective,False
2026-10-06T02:22:24Z,astatc-mlb-nyy-tb-2026-10-05-hits-geolom-gte1,849839.0,806146.0,entry_timing,inside_entry_cutoff_window_or_after_start|game_started_or_started|quote_age_seconds:15369>max:30|lineup_availability_unknown|postseason_cohort_separate,polymarket_us_mlb_hitter_hits_1plus_v1_frozen_v1,2f08c06d052b3115,prospective,False
2026-10-06T02:22:24Z,astatc-mlb-nyy-tb-2026-10-05-hits-jazchi-gte1,849839.0,665862.0,entry_timing,inside_entry_cutoff_window_or_after_start|game_started_or_started|quote_age_seconds:15369>max:30|lineup_availability_unknown|postseason_cohort_separate,polymarket_us_mlb_hitter_hits_1plus_v1_frozen_v1,2f08c06d052b3115,prospective,False
2026-10-06T02:22:24Z,astatc-mlb-nyy-tb-2026-10-05-hits-jonara-gte1,849839.0,666018.0,entry_timing,inside_entry_cutoff_window_or_after_start|game_started_or_started|quote_age_seconds:15369>max:30|lineup_availability_unknown|postseason_cohort_separate,polymarket_us_mlb_hitter_hits_1plus_v1_frozen_v1,2f08c06d052b3115,prospective,False
2026-10-06T02:22:24Z,astatc-mlb-nyy-tb-2026-10-05-hits-jondel-gte1,849839.0,676356.0,entry_timing,inside_entry_cutoff_window_or_after_start|game_started_or_started|quote_age_seconds:15369>max:30|lineup_availability_unknown|postseason_cohort_separate,polymarket_us_mlb_hitter_hits_1plus_v1_frozen_v1,2f08c06d052b3115,prospective,False
2026-10-06T02:22:24Z,astatc-mlb-nyy-tb-2026-10-05-hits-juncam-gte1,849839.0,691406.0,entry_timing,inside_entry_cutoff_window_or_after_start|game_started_or_started|quote_age_seconds:15368>max:30|lineup_availability_unknown|postseason_cohort_separate,polymarket_us_mlb_hitter_hits_1plus_v1_frozen_v1,2f08c06d052b3115,prospective,False
2026-10-06T02:22:24Z,astatc-mlb-nyy-tb-2026-10-05-hits-liahic-gte1,849839.0,689414.0,entry_timing,inside_entry_cutoff_window_or_after_start|game_started_or_started|quote_age_seconds:15368>max:30|lineup_availability_unknown|postseason_cohort_separate,polymarket_us_mlb_hitter_hits_1plus_v1_frozen_v1,2f08c06d052b3115,prospective,False
2026-10-06T02:22:24Z,astatc-mlb-nyy-tb-2026-10-05-hits-luigar2-gte1,849839.0,671277.0,entry_timing,inside_entry_cutoff_window_or_after_start|game_started_or_started|quote_age_seconds:15368>max:30|lineup_availability_unknown|postseason_cohort_separate,polymarket_us_mlb_hitter_hits_1plus_v1_frozen_v1,2f08c06d052b3115,prospective,False
2026-10-06T02:22:24Z,astatc-mlb-nyy-tb-2026-10-05-hits-ricpal-gte1,849839.0,680700.0,entry_timing,inside_entry_cutoff_window_or_after_start|game_started_or_started|quote_age_seconds:15368>max:30|lineup_availability_unknown|postseason_cohort_separate,polymarket_us_mlb_hitter_hits_1plus_v1_frozen_v1,2f08c06d052b3115,prospective,False
2026-10-06T02:22:24Z,astatc-mlb-nyy-tb-2026-10-05-hits-ryamcm-gte1,849839.0,641857.0,entry_timing,inside_entry_cutoff_window_or_after_start|game_started_or_started|quote_age_seconds:15368>max:30|lineup_availability_unknown|postseason_cohort_separate,polymarket_us_mlb_hitter_hits_1plus_v1_frozen_v1,2f08c06d052b3115,prospective,False
2026-10-06T02:22:24Z,astatc-mlb-nyy-tb-2026-10-05-hits-spejon-gte1,849839.0,682987.0,entry_timing,inside_entry_cutoff_window_or_after_start|game_started_or_started|quote_age_seconds:15368>max:30|lineup_availability_unknown|postseason_cohort_separate,polymarket_us_mlb_hitter_hits_1plus_v1_frozen_v1,2f08c06d052b3115,prospective,False
2026-10-06T02:22:24Z,astatc-mlb-nyy-tb-2026-10-05-hits-taywal-gte1,849839.0,670764.0,entry_timing,inside_entry_cutoff_window_or_after_start|game_started_or_started|quote_age_seconds:15368>max:30|lineup_availability_unknown|postseason_cohort_separate,polymarket_us_mlb_hitter_hits_1plus_v1_frozen_v1,2f08c06d052b3115,prospective,False
2026-10-06T02:22:24Z,astatc-mlb-nyy-tb-2026-10-05-hits-tregri-gte1,849839.0,663757.0,entry_timing,inside_entry_cutoff_window_or_after_start|game_started_or_started|quote_age_seconds:15368>max:30|lineup_availability_unknown|postseason_cohort_separate,polymarket_us_mlb_hitter_hits_1plus_v1_frozen_v1,2f08c06d052b3115,prospective,False
2026-10-06T02:22:24Z,astatc-mlb-nyy-tb-2026-10-05-hits-vicmes-gte1,849839.0,683748.0,entry_timing,inside_entry_cutoff_window_or_after_start|game_started_or_started|quote_age_seconds:15368>max:30|lineup_availability_unknown|postseason_cohort_separate,polymarket_us_mlb_hitter_hits_1plus_v1_frozen_v1,2f08c06d052b3115,prospective,False
2026-10-06T02:22:24Z,astatc-mlb-nyy-tb-2026-10-05-hits-yandia-gte1,849839.0,650490.0,entry_timing,inside_entry_cutoff_window_or_after_start|game_started_or_started|quote_age_seconds:15368>max:30|lineup_availability_unknown|postseason_cohort_separate,polymarket_us_mlb_hitter_hits_1plus_v1_frozen_v1,2f08c06d052b3115,prospective,False
2026-10-06T06:38:10Z,astatc-mlb-nyy-tb-2026-10-05-hits-auswel-gte1,849839.0,669224.0,entry_timing,inside_entry_cutoff_window_or_after_start|game_started_or_started|quote_age_seconds:30715>max:30|lineup_availability_unknown|postseason_cohort_separate,polymarket_us_mlb_hitter_hits_1plus_v1_frozen_v1,2f08c06d052b3115,prospective,False
2026-10-06T06:38:10Z,astatc-mlb-nyy-tb-2026-10-05-hits-benric-gte1,849839.0,700250.0,entry_timing,inside_entry_cutoff_window_or_after_start|game_started_or_started|quote_age_seconds:30715>max:30|lineup_availability_unknown|postseason_cohort_separate,polymarket_us_mlb_hitter_hits_1plus_v1_frozen_v1,2f08c06d052b3115,prospective,False
2026-10-06T06:38:10Z,astatc-mlb-nyy-tb-2026-10-05-hits-chasim-gte1,849839.0,802415.0,entry_timing,inside_entry_cutoff_window_or_after_start|game_started_or_started|quote_age_seconds:30715>max:30|lineup_availability_unknown|postseason_cohort_separate,polymarket_us_mlb_hitter_hits_1plus_v1_frozen_v1,2f08c06d052b3115,prospective,False
2026-10-06T06:38:10Z,astatc-mlb-nyy-tb-2026-10-05-hits-codbel-gte1,849839.0,641355.0,entry_timing,inside_entry_cutoff_window_or_after_start|game_started_or_started|quote_age_seconds:30715>max:30|lineup_availability_unknown|postseason_cohort_separate,polymarket_us_mlb_hitter_hits_1plus_v1_frozen_v1,2f08c06d052b3115,prospective,False
2026-10-06T06:38:10Z,astatc-mlb-nyy-tb-2026-10-05-hits-geolom-gte1,849839.0,806146.0,entry_timing,inside_entry_cutoff_window_or_after_start|game_started_or_started|quote_age_seconds:30715>max:30|lineup_availability_unknown|postseason_cohort_separate,polymarket_us_mlb_hitter_hits_1plus_v1_frozen_v1,2f08c06d052b3115,prospective,False
2026-10-06T06:38:10Z,astatc-mlb-nyy-tb-2026-10-05-hits-jazchi-gte1,849839.0,665862.0,entry_timing,inside_entry_cutoff_window_or_after_start|game_started_or_started|quote_age_seconds:30715>max:30|lineup_availability_unknown|postseason_cohort_separate,polymarket_us_mlb_hitter_hits_1plus_v1_frozen_v1,2f08c06d052b3115,prospective,False
2026-10-06T06:38:10Z,astatc-mlb-nyy-tb-2026-10-05-hits-jonara-gte1,849839.0,666018.0,entry_timing,inside_entry_cutoff_window_or_after_start|game_started_or_started|quote_age_seconds:30715>max:30|lineup_availability_unknown|postseason_cohort_separate,polymarket_us_mlb_hitter_hits_1plus_v1_frozen_v1,2f08c06d052b3115,prospective,False
2026-10-06T06:38:10Z,astatc-mlb-nyy-tb-2026-10-05-hits-jondel-gte1,849839.0,676356.0,entry_timing,inside_entry_cutoff_window_or_after_start|game_started_or_started|quote_age_seconds:30715>max:30|lineup_availability_unknown|postseason_cohort_separate,polymarket_us_mlb_hitter_hits_1plus_v1_frozen_v1,2f08c06d052b3115,prospective,False
2026-10-06T06:38:10Z,astatc-mlb-nyy-tb-2026-10-05-hits-juncam-gte1,849839.0,691406.0,entry_timing,inside_entry_cutoff_window_or_after_start|game_started_or_started|quote_age_seconds:30714>max:30|lineup_availability_unknown|postseason_cohort_separate,polymarket_us_mlb_hitter_hits_1plus_v1_frozen_v1,2f08c06d052b3115,prospective,False
2026-10-06T06:38:10Z,astatc-mlb-nyy-tb-2026-10-05-hits-liahic-gte1,849839.0,689414.0,entry_timing,inside_entry_cutoff_window_or_after_start|game_started_or_started|quote_age_seconds:30714>max:30|lineup_availability_unknown|postseason_cohort_separate,polymarket_us_mlb_hitter_hits_1plus_v1_frozen_v1,2f08c06d052b3115,prospective,False
2026-10-06T06:38:10Z,astatc-mlb-nyy-tb-2026-10-05-hits-luigar2-gte1,849839.0,671277.0,entry_timing,inside_entry_cutoff_window_or_after_start|game_started_or_started|quote_age_seconds:30714>max:30|lineup_availability_unknown|postseason_cohort_separate,polymarket_us_mlb_hitter_hits_1plus_v1_frozen_v1,2f08c06d052b3115,prospective,False
2026-10-06T06:38:10Z,astatc-mlb-nyy-tb-2026-10-05-hits-ricpal-gte1,849839.0,680700.0,entry_timing,inside_entry_cutoff_window_or_after_start|game_started_or_started|quote_age_seconds:30714>max:30|lineup_availability_unknown|postseason_cohort_separate,polymarket_us_mlb_hitter_hits_1plus_v1_frozen_v1,2f08c06d052b3115,prospective,False
2026-10-06T06:38:10Z,astatc-mlb-nyy-tb-2026-10-05-hits-ryamcm-gte1,849839.0,641857.0,entry_timing,inside_entry_cutoff_window_or_after_start|game_started_or_started|quote_age_seconds:30714>max:30|lineup_availability_unknown|postseason_cohort_separate,polymarket_us_mlb_hitter_hits_1plus_v1_frozen_v1,2f08c06d052b3115,prospective,False
2026-10-06T06:38:10Z,astatc-mlb-nyy-tb-2026-10-05-hits-spejon-gte1,849839.0,682987.0,entry_timing,inside_entry_cutoff_window_or_after_start|game_started_or_started|quote_age_seconds:30714>max:30|lineup_availability_unknown|postseason_cohort_separate,polymarket_us_mlb_hitter_hits_1plus_v1_frozen_v1,2f08c06d052b3115,prospective,False
2026-10-06T06:38:10Z,astatc-mlb-nyy-tb-2026-10-05-hits-taywal-gte1,849839.0,670764.0,entry_timing,inside_entry_cutoff_window_or_after_start|game_started_or_started|quote_age_seconds:30714>max:30|lineup_availability_unknown|postseason_cohort_separate,polymarket_us_mlb_hitter_hits_1plus_v1_frozen_v1,2f08c06d052b3115,prospective,False
2026-10-06T06:38:10Z,astatc-mlb-nyy-tb-2026-10-05-hits-tregri-gte1,849839.0,663757.0,entry_timing,inside_entry_cutoff_window_or_after_start|game_started_or_started|quote_age_seconds:30714>max:30|lineup_availability_unknown|postseason_cohort_separate,polymarket_us_mlb_hitter_hits_1plus_v1_frozen_v1,2f08c06d052b3115,prospective,False
2026-10-06T06:38:10Z,astatc-mlb-nyy-tb-2026-10-05-hits-vicmes-gte1,849839.0,683748.0,entry_timing,inside_entry_cutoff_window_or_after_start|game_started_or_started|quote_age_seconds:30714>max:30|lineup_availability_unknown|postseason_cohort_separate,polymarket_us_mlb_hitter_hits_1plus_v1_frozen_v1,2f08c06d052b3115,prospective,False
2026-10-06T06:38:10Z,astatc-mlb-nyy-tb-2026-10-05-hits-yandia-gte1,849839.0,650490.0,entry_timing,inside_entry_cutoff_window_or_after_start|game_started_or_started|quote_age_seconds:30714>max:30|lineup_availability_unknown|postseason_cohort_separate,polymarket_us_mlb_hitter_hits_1plus_v1_frozen_v1,2f08c06d052b3115,prospective,False
2026-10-06T20:27:42Z,astatc-mlb-lad-atl-2026-10-06-hits-andpag-gte1,849819.0,681624.0,stale_quote,quote_age_seconds:71>max:30|postseason_cohort_separate,polymarket_us_mlb_hitter_hits_1plus_v1_frozen_v1,2f08c06d052b3115,prospective,False
2026-10-06T20:27:42Z,astatc-mlb-lad-atl-2026-10-06-hits-ausril-gte1,849819.0,663586.0,stale_quote,quote_age_seconds:71>max:30|postseason_cohort_separate,polymarket_us_mlb_hitter_hits_1plus_v1_frozen_v1,2f08c06d052b3115,prospective,False
2026-10-06T20:27:42Z,astatc-mlb-lad-atl-2026-10-06-hits-drabal-gte1,849819.0,686948.0,stale_quote,quote_age_seconds:71>max:30|postseason_cohort_separate,polymarket_us_mlb_hitter_hits_1plus_v1_frozen_v1,2f08c06d052b3115,prospective,False
2026-10-06T20:27:42Z,astatc-mlb-lad-atl-2026-10-06-hits-enrher-gte1,849819.0,571771.0,stale_quote,quote_age_seconds:71>max:30|postseason_cohort_separate,polymarket_us_mlb_hitter_hits_1plus_v1_frozen_v1,2f08c06d052b3115,prospective,False
2026-10-06T20:27:42Z,astatc-mlb-lad-atl-2026-10-06-hits-frefre-gte1,849819.0,518692.0,stale_quote,quote_age_seconds:71>max:30|postseason_cohort_separate,polymarket_us_mlb_hitter_hits_1plus_v1_frozen_v1,2f08c06d052b3115,prospective,False
2026-10-06T20:27:42Z,astatc-mlb-lad-atl-2026-10-06-hits-hakim-gte1,849819.0,673490.0,stale_quote,quote_age_seconds:71>max:30|postseason_cohort_separate,polymarket_us_mlb_hitter_hits_1plus_v1_frozen_v1,2f08c06d052b3115,prospective,False
2026-10-06T20:27:42Z,astatc-mlb-lad-atl-2026-10-06-hits-kyltuc-gte1,849819.0,663656.0,stale_quote,quote_age_seconds:71>max:30|postseason_cohort_separate,polymarket_us_mlb_hitter_hits_1plus_v1_frozen_v1,2f08c06d052b3115,prospective,False
2026-10-06T20:27:42Z,astatc-mlb-lad-atl-2026-10-06-hits-matols-gte1,849819.0,621566.0,stale_quote,quote_age_seconds:71>max:30|postseason_cohort_separate,polymarket_us_mlb_hitter_hits_1plus_v1_frozen_v1,2f08c06d052b3115,prospective,False
2026-10-06T20:27:42Z,astatc-mlb-lad-atl-2026-10-06-hits-maudub-gte1,849819.0,643289.0,stale_quote,quote_age_seconds:71>max:30|postseason_cohort_separate,polymarket_us_mlb_hitter_hits_1plus_v1_frozen_v1,2f08c06d052b3115,prospective,False
2026-10-06T20:27:42Z,astatc-mlb-lad-atl-2026-10-06-hits-michar-gte1,849819.0,671739.0,stale_quote,quote_age_seconds:70>max:30|postseason_cohort_separate,polymarket_us_mlb_hitter_hits_1plus_v1_frozen_v1,2f08c06d052b3115,prospective,False
2026-10-06T20:27:42Z,astatc-mlb-lad-atl-2026-10-06-hits-migroj-gte1,849819.0,500743.0,stale_quote,quote_age_seconds:70>max:30|postseason_cohort_separate,polymarket_us_mlb_hitter_hits_1plus_v1_frozen_v1,2f08c06d052b3115,prospective,False
2026-10-06T20:27:42Z,astatc-mlb-lad-atl-2026-10-06-hits-moobet-gte1,849819.0,605141.0,stale_quote,quote_age_seconds:70>max:30|postseason_cohort_separate,polymarket_us_mlb_hitter_hits_1plus_v1_frozen_v1,2f08c06d052b3115,prospective,False
2026-10-06T20:27:42Z,astatc-mlb-lad-atl-2026-10-06-hits-ozzalb-gte1,849819.0,645277.0,stale_quote,quote_age_seconds:70>max:30|postseason_cohort_separate,polymarket_us_mlb_hitter_hits_1plus_v1_frozen_v1,2f08c06d052b3115,prospective,False
2026-10-06T20:27:42Z,astatc-mlb-lad-atl-2026-10-06-hits-ronacu-gte1,849819.0,660670.0,stale_quote,quote_age_seconds:70>max:30|postseason_cohort_separate,polymarket_us_mlb_hitter_hits_1plus_v1_frozen_v1,2f08c06d052b3115,prospective,False
2026-10-06T20:27:42Z,astatc-mlb-lad-atl-2026-10-06-hits-seamur-gte1,849819.0,669221.0,stale_quote,quote_age_seconds:70>max:30|lineup_availability_unknown|postseason_cohort_separate,polymarket_us_mlb_hitter_hits_1plus_v1_frozen_v1,2f08c06d052b3115,prospective,False
2026-10-06T20:27:42Z,astatc-mlb-lad-atl-2026-10-06-hits-shooht-gte1,849819.0,660271.0,stale_quote,quote_age_seconds:70>max:30|postseason_cohort_separate,polymarket_us_mlb_hitter_hits_1plus_v1_frozen_v1,2f08c06d052b3115,prospective,False
2026-10-06T20:27:42Z,astatc-mlb-lad-atl-2026-10-06-hits-teoher-gte1,849819.0,606192.0,stale_quote,quote_age_seconds:69>max:30|postseason_cohort_separate,polymarket_us_mlb_hitter_hits_1plus_v1_frozen_v1,2f08c06d052b3115,prospective,False
2026-10-06T20:27:42Z,astatc-mlb-lad-atl-2026-10-06-hits-wilsmi-gte1,849819.0,669257.0,stale_quote,quote_age_seconds:69>max:30|postseason_cohort_separate,polymarket_us_mlb_hitter_hits_1plus_v1_frozen_v1,2f08c06d052b3115,prospective,False
2026-10-06T20:27:42Z,astatc-mlb-mil-sd-2026-10-06-hits-britur-gte1,849826.0,668930.0,stale_quote,quote_age_seconds:69>max:30|lineup_availability_unknown|postseason_cohort_separate,polymarket_us_mlb_hitter_hits_1plus_v1_frozen_v1,2f08c06d052b3115,prospective,False
2026-10-06T20:27:42Z,astatc-mlb-mil-sd-2026-10-06-hits-chryel-gte1,849826.0,592885.0,stale_quote,quote_age_seconds:69>max:30|lineup_availability_unknown|postseason_cohort_separate,polymarket_us_mlb_hitter_hits_1plus_v1_frozen_v1,2f08c06d052b3115,prospective,False
2026-10-06T20:27:42Z,astatc-mlb-mil-sd-2026-10-06-hits-dushar-gte1,849826.0,687957.0,stale_quote,quote_age_seconds:69>max:30|lineup_availability_unknown|postseason_cohort_separate,polymarket_us_mlb_hitter_hits_1plus_v1_frozen_v1,2f08c06d052b3115,prospective,False
2026-10-06T20:27:42Z,astatc-mlb-mil-sd-2026-10-06-hits-fertat-gte1,849826.0,665487.0,stale_quote,quote_age_seconds:69>max:30|lineup_availability_unknown|postseason_cohort_separate,polymarket_us_mlb_hitter_hits_1plus_v1_frozen_v1,2f08c06d052b3115,prospective,False
2026-10-06T20:27:42Z,astatc-mlb-mil-sd-2026-10-06-hits-garmit-gte1,849826.0,669003.0,stale_quote,quote_age_seconds:69>max:30|lineup_availability_unknown|postseason_cohort_separate,polymarket_us_mlb_hitter_hits_1plus_v1_frozen_v1,2f08c06d052b3115,prospective,False
2026-10-06T20:27:42Z,astatc-mlb-mil-sd-2026-10-06-hits-jaccho-gte1,849826.0,694192.0,stale_quote,quote_age_seconds:69>max:30|lineup_availability_unknown|postseason_cohort_separate,polymarket_us_mlb_hitter_hits_1plus_v1_frozen_v1,2f08c06d052b3115,prospective,False
2026-10-06T20:27:42Z,astatc-mlb-mil-sd-2026-10-06-hits-jacmer-gte1,849826.0,701538.0,stale_quote,quote_age_seconds:68>max:30|lineup_availability_unknown|postseason_cohort_separate,polymarket_us_mlb_hitter_hits_1plus_v1_frozen_v1,2f08c06d052b3115,prospective,False
2026-10-06T20:27:42Z,astatc-mlb-mil-sd-2026-10-06-hits-jakbau-gte1,849826.0,641343.0,stale_quote,quote_age_seconds:68>max:30|lineup_availability_unknown|postseason_cohort_separate,polymarket_us_mlb_hitter_hits_1plus_v1_frozen_v1,2f08c06d052b3115,prospective,False
2026-10-06T20:27:42Z,astatc-mlb-mil-sd-2026-10-06-hits-manmac-gte1,849826.0,592518.0,stale_quote,quote_age_seconds:68>max:30|lineup_availability_unknown|postseason_cohort_separate,polymarket_us_mlb_hitter_hits_1plus_v1_frozen_v1,2f08c06d052b3115,prospective,False
2026-10-06T20:27:42Z,astatc-mlb-mil-sd-2026-10-06-hits-tyfra-gte1,849826.0,664034.0,stale_quote,quote_age_seconds:68>max:30|lineup_availability_unknown|postseason_cohort_separate,polymarket_us_mlb_hitter_hits_1plus_v1_frozen_v1,2f08c06d052b3115,prospective,False
2026-10-06T20:27:42Z,astatc-mlb-mil-sd-2026-10-06-hits-wilcon2-gte1,849826.0,661388.0,stale_quote,quote_age_seconds:68>max:30|lineup_availability_unknown|postseason_cohort_separate,polymarket_us_mlb_hitter_hits_1plus_v1_frozen_v1,2f08c06d052b3115,prospective,False
2026-10-06T20:27:42Z,astatc-mlb-mil-sd-2026-10-06-hits-xanbog-gte1,849826.0,593428.0,stale_quote,quote_age_seconds:68>max:30|lineup_availability_unknown|postseason_cohort_separate,polymarket_us_mlb_hitter_hits_1plus_v1_frozen_v1,2f08c06d052b3115,prospective,False
2026-10-06T23:59:46Z,astatc-mlb-mil-sd-2026-10-06-hits-britur-gte1,849826.0,668930.0,stale_quote,quote_age_seconds:69>max:30|postseason_cohort_separate,polymarket_us_mlb_hitter_hits_1plus_v1_frozen_v1,2f08c06d052b3115,prospective,False
2026-10-06T23:59:46Z,astatc-mlb-mil-sd-2026-10-06-hits-chryel-gte1,849826.0,592885.0,stale_quote,quote_age_seconds:69>max:30|postseason_cohort_separate,polymarket_us_mlb_hitter_hits_1plus_v1_frozen_v1,2f08c06d052b3115,prospective,False
2026-10-06T23:59:46Z,astatc-mlb-mil-sd-2026-10-06-hits-coopra-gte1,849826.0,806198.0,stale_quote,quote_age_seconds:69>max:30|postseason_cohort_separate,polymarket_us_mlb_hitter_hits_1plus_v1_frozen_v1,2f08c06d052b3115,prospective,False
2026-10-06T23:59:46Z,astatc-mlb-mil-sd-2026-10-06-hits-dushar-gte1,849826.0,687957.0,stale_quote,quote_age_seconds:69>max:30|postseason_cohort_separate,polymarket_us_mlb_hitter_hits_1plus_v1_frozen_v1,2f08c06d052b3115,prospective,False
2026-10-06T23:59:46Z,astatc-mlb-mil-sd-2026-10-06-hits-ethsal-gte1,849826.0,806956.0,stale_quote,quote_age_seconds:69>max:30|postseason_cohort_separate,polymarket_us_mlb_hitter_hits_1plus_v1_frozen_v1,2f08c06d052b3115,prospective,False
2026-10-06T23:59:46Z,astatc-mlb-mil-sd-2026-10-06-hits-fertat-gte1,849826.0,665487.0,stale_quote,quote_age_seconds:69>max:30|postseason_cohort_separate,polymarket_us_mlb_hitter_hits_1plus_v1_frozen_v1,2f08c06d052b3115,prospective,False
2026-10-06T23:59:46Z,astatc-mlb-mil-sd-2026-10-06-hits-garmit-gte1,849826.0,669003.0,stale_quote,quote_age_seconds:69>max:30|postseason_cohort_separate,polymarket_us_mlb_hitter_hits_1plus_v1_frozen_v1,2f08c06d052b3115,prospective,False
2026-10-06T23:59:46Z,astatc-mlb-mil-sd-2026-10-06-hits-jaccho-gte1,849826.0,694192.0,stale_quote,quote_age_seconds:69>max:30|postseason_cohort_separate,polymarket_us_mlb_hitter_hits_1plus_v1_frozen_v1,2f08c06d052b3115,prospective,False
2026-10-06T23:59:46Z,astatc-mlb-mil-sd-2026-10-06-hits-jacmer-gte1,849826.0,701538.0,stale_quote,quote_age_seconds:69>max:30|postseason_cohort_separate,polymarket_us_mlb_hitter_hits_1plus_v1_frozen_v1,2f08c06d052b3115,prospective,False
2026-10-06T23:59:46Z,astatc-mlb-mil-sd-2026-10-06-hits-jakbau-gte1,849826.0,641343.0,stale_quote,quote_age_seconds:69>max:30|postseason_cohort_separate,polymarket_us_mlb_hitter_hits_1plus_v1_frozen_v1,2f08c06d052b3115,prospective,False
2026-10-06T23:59:46Z,astatc-mlb-mil-sd-2026-10-06-hits-jakcro-gte1,849826.0,630105.0,stale_quote,quote_age_seconds:69>max:30|postseason_cohort_separate,polymarket_us_mlb_hitter_hits_1plus_v1_frozen_v1,2f08c06d052b3115,prospective,False
2026-10-06T23:59:46Z,astatc-mlb-mil-sd-2026-10-06-hits-joeort-gte1,849826.0,687401.0,stale_quote,quote_age_seconds:68>max:30|postseason_cohort_separate,polymarket_us_mlb_hitter_hits_1plus_v1_frozen_v1,2f08c06d052b3115,prospective,False
2026-10-06T23:59:46Z,astatc-mlb-mil-sd-2026-10-06-hits-manmac-gte1,849826.0,592518.0,stale_quote,quote_age_seconds:68>max:30|postseason_cohort_separate,polymarket_us_mlb_hitter_hits_1plus_v1_frozen_v1,2f08c06d052b3115,prospective,False
2026-10-06T23:59:46Z,astatc-mlb-mil-sd-2026-10-06-hits-salfre-gte1,849826.0,686217.0,stale_quote,quote_age_seconds:68>max:30|postseason_cohort_separate,polymarket_us_mlb_hitter_hits_1plus_v1_frozen_v1,2f08c06d052b3115,prospective,False
2026-10-06T23:59:46Z,astatc-mlb-mil-sd-2026-10-06-hits-samtay-gte1,849826.0,669392.0,stale_quote,quote_age_seconds:68>max:30|postseason_cohort_separate,polymarket_us_mlb_hitter_hits_1plus_v1_frozen_v1,2f08c06d052b3115,prospective,False
2026-10-06T23:59:46Z,astatc-mlb-mil-sd-2026-10-06-hits-tyfra-gte1,849826.0,664034.0,stale_quote,quote_age_seconds:68>max:30|postseason_cohort_separate,polymarket_us_mlb_hitter_hits_1plus_v1_frozen_v1,2f08c06d052b3115,prospective,False
2026-10-06T23:59:46Z,astatc-mlb-mil-sd-2026-10-06-hits-wilcon2-gte1,849826.0,661388.0,stale_quote,quote_age_seconds:68>max:30|postseason_cohort_separate,polymarket_us_mlb_hitter_hits_1plus_v1_frozen_v1,2f08c06d052b3115,prospective,False
2026-10-06T23:59:46Z,astatc-mlb-mil-sd-2026-10-06-hits-xanbog-gte1,849826.0,593428.0,stale_quote,quote_age_seconds:68>max:30|postseason_cohort_separate,polymarket_us_mlb_hitter_hits_1plus_v1_frozen_v1,2f08c06d052b3115,prospective,False
