key_mlbam,name_first,name_last,team,at_bats,Throws,PAVE,PAVE_PLUS,Power_A_PLUS,Expected_Hits,Expected_Bases,Expected_HRs,Fastball_Rate,Breaking_Rate,Offspeed_Rate
640902,Jhonny,Pereda,SEA,4,R,0.75,3.1498243855578147,4.288731713641089,16.5,33.0,5.499999999999999,0.24999999999999997,0.0,0.75
684516,,,STL,4,R,0.75,3.1498243855578147,5.718308951521451,16.5,43.99999999999999,5.499999999999999,0.5384615384615384,0.3076923076923077,0.15384615384615385
655316,Andruw,Monasterio,BOS,7,R,0.75,3.1498243855578147,3.676055754549505,9.428571428571429,28.28571428571429,6.285714285714286,0.0,0.9999999999999999,0.0
687060,Blake,Adams,COL,9,R,0.7142857142857143,2.9998327481502995,2.8591544757607257,12.222222222222223,21.999999999999996,2.444444444444444,0.8378378378378378,0.16216216216216217,0.0
642215,Weston,Wilson,SEA,20,R,0.665,2.792844288527929,2.158661629199348,14.63,16.61,0.6599999999999999,0.3341659232827832,0.0,0.6658340767172167
660844,Leo,Rivas,SEA,12,R,0.6504545454545455,2.7317567852928684,2.462446792248925,13.1175,18.947499999999998,1.4575,0.0,0.0,0.7949999999999999
683734,Andrew,Vaughn,MIL,26,R,0.6201428571428572,2.6044547919440904,2.742588947133558,10.551538461538462,21.103076923076923,3.517179487179487,0.03831325301204819,0.006385542168674699,0.955301204819277
624431,Jose,Trevino,CIN,36,R,0.5588235294117647,2.3469279735528814,3.168896210634805,12.099999999999998,24.383333333333333,2.3833333333333333,0.05096711798839458,0.0,0.9490328820116055
664702,Myles,Straw,TOR,20,R,0.505157894736842,2.121544873865537,2.446006654013301,10.868,18.821,2.651,0.049074074074074076,0.5583333333333333,0.3925925925925926
677588,José,Tena,WSH,5,R,0.49999999999999994,2.0998829237052097,1.1436617903042905,8.8,8.8,0.0,0.9999999999999999,0.0,0.0
664774,LaMonte,Wade,HOU,6,L,0.49999999999999994,2.0998829237052097,3.335680221720847,10.999999999999998,25.666666666666668,3.666666666666667,0.0909090909090909,0.0,0.9090909090909092
645302,Víctor,Robles,SEA,9,R,0.4968750000000001,2.0867586554320527,1.2627932267943205,9.716666666666667,9.716666666666667,0.0,0.33634615384615385,0.33634615384615385,0.12230769230769233
699151,Jedixson,Paez,BOS,37,R,0.48125,2.0211373140662645,2.4007765161946635,9.497297297297298,18.472972972972972,2.1135135135135137,0.515713853599516,0.19416969147005447,0.29011645493042953
656457,Tyler,Gilbert,CWS,32,L,0.47857142857142854,2.0098879412607005,2.017490876958662,10.174999999999999,15.52375,0.4125,0.6035820895522388,0.3722014925373134,0.024216417910447763
702352,Spencer,Bivens,SF,29,R,0.4682,1.9663303697575585,1.6325201263504212,8.77644283121597,12.561560798548095,0.9462794918330308,0.6188851545995774,0.27371903207221054,0.10739581332821202
675920,Seth,Lonsway,SF,11,L,0.4545454545454546,1.9089844760956454,1.2996156708003301,10.0,10.0,0.0,0.6363636363636362,0.15151515151515152,0.21212121212121213
678391,Jorbit,Vivas,WSH,27,R,0.4396127146510778,1.8462704650789787,1.3324567525132525,7.822222222222221,10.252698412698413,0.4853968253968254,0.0,0.0,0.9999999999999999
691594,Javier,Sanoja,MIA,26,R,0.43587104072398186,1.830556310707815,2.157041055812277,9.043157894736842,16.597530364372467,1.9372469635627534,0.7949999999999999,0.0,0.0
660761,José,Suarez,ATH,271,L,0.429729460379193,1.8047631113266438,1.6316721631231654,8.41475259387888,12.555036075537226,0.3761254612546126,0.4419950486660006,0.34681256227715335,0.21119238905684606
688158,David,Morgan,SD,115,R,0.4183594976452119,1.7570119301501408,1.1074008244329172,7.832291354322839,8.520987006496751,0.11478260869565217,0.5714568764568765,0.4285431235431235,0.0
607481,Aaron,Bummer,KC,86,L,0.41196396396396395,1.7301521862196727,1.5351332316075759,7.516860465116279,11.812209302325583,0.9972093023255815,0.38436991869918696,0.410630081300813,0.0
696522,Hayden,Juenger,ATH,76,R,0.403319829424307,1.6938488451996006,1.375092577917809,7.9102863969625545,10.58076328881906,0.0,0.648235654308874,0.18008044295748699,0.17168390273363904
606965,Chris,Devenski,NYM,22,R,0.40272727272727277,1.6913602458207417,2.2249420284101653,8.860000000000001,17.120000000000005,2.1400000000000006,0.5885173247381145,0.1152296535052377,0.2962530217566478
694820,Braxton,Roxby,SF,11,R,0.4,1.679906338964168,1.0396925366402638,7.999999999999999,7.999999999999999,0.0,0.2916666666666667,0.7083333333333335,0.0
700270,Yilber,Díaz,DET,25,R,0.3992857142857143,1.6769065062160176,1.823568724640191,6.732,14.031600000000001,1.9668,0.42855893460544625,0.5714410653945537,0.0
571948,Hoby,Milner,SEA,152,L,0.3986510638297872,1.6742411229061716,2.3244075944352725,8.506666666666666,17.885346003898636,1.8844200779727096,0.491125,0.29768750000000005,0.2111875
680604,Blas,Castano,COL,90,R,0.3954634146341463,1.6608537426807934,1.2789951021569648,8.521333333333333,9.841333333333335,0.29333333333333333,0.6706949098621421,0.2739170731707317,0.05538801696712619
672578,Carlos,Hernández,CLE,14,R,0.38461538461538464,1.6152945566963153,1.8380278772747525,7.857142857142858,14.142857142857144,1.5714285714285714,0.5490196078431373,0.21568627450980393,0.23529411764705882
691384,Luis,Perales,WSH,28,R,0.375,1.5749121927789074,1.5316898977289604,7.071428571428572,11.785714285714285,1.5714285714285714,0.5855855855855856,0.07207207207207207,0.34234234234234234
679922,Carlos,Duran,KC,9,R,0.36749999999999994,1.543413948923329,0.6223426242239181,4.788666666666667,4.788666666666667,0.0,0.7510062111801241,0.22627950310559006,0.022714285714285715
695034,Kade,Morris,ATH,87,R,0.365521717211165,1.53510562443026,1.4929314745167932,7.135576354679803,11.487484400656813,0.828072249589491,0.5801509343305591,0.24837387958991428,0.17147518607952664
802408,Brycen,Mautz,STL,39,L,0.3643463497453311,1.5301693562890935,1.5386649778786186,6.173538461538462,11.839384615384617,1.5704615384615384,0.509853291038858,0.4718675654242665,0.018279143536875497
694680,Trevor,Martin,LAA,66,R,0.36324630541871916,1.5255494276955512,1.2353929964016137,6.827916666666665,9.505833333333335,0.39999999999999997,0.7445616849359832,0.057789165156601215,0.19764914990741567
668820,Max,Kranick,WSH,93,R,0.35936039435248296,1.5092295111134981,1.5508764204098768,6.63536641852771,11.933346567411082,1.0439156327543426,0.39451066026410564,0.6054893397358944,0.0
687209,Zach,Maxwell,CIN,66,R,0.35913690476190474,1.508290907163736,1.204852028137806,7.403888888888889,9.270833333333332,0.3,0.9278640463917525,0.07213595360824743,0.0
689546,Nick,Davila,SEA,117,R,0.3585944055944056,1.5060125376878244,1.2746217152978097,6.209885343035344,9.807681947331947,0.4827772695772696,0.360587494033576,0.639412505966424,0.0
687911,Bryan,King,HOU,234,L,0.3562823725981621,1.496302540472115,1.5962471429254992,7.014888337468982,12.282455334987592,1.3933469809760133,0.7379586880464171,0.25667544711048446,0.005365864843098422
664954,Brett,Sullivan,COL,33,R,0.3515798180314309,1.4765529124071735,1.8124687690823462,7.453809523809523,13.946190476190477,0.19999999999999998,0.16427355623100304,0.0,0.835726443768997
643377,Griffin,Jax,TB,385,R,0.3497260034904014,1.4687673254103248,1.2800377069976292,6.890662931839403,9.849355742296918,0.4111111111111111,0.4566640933961753,0.3331791499307345,0.21015675667309017
641793,Zack,Littell,AZ,531,R,0.34754669393319704,1.459614735561043,1.8118372101136844,7.024137606626327,13.941330893601165,1.8452828566720045,0.3573409577792979,0.3356075114439985,0.30705153077670366
671111,Sammy,Peralta,LAA,59,L,0.34393965517241376,1.4444660173632198,1.3856752843568971,6.7760699152542365,10.662192796610169,0.9715307203389831,0.42326965467261524,0.42824468457692144,0.14848566075046338
702273,Noah,Schultz,CWS,286,L,0.3422017918728445,1.4371673984302207,1.0412502578009295,6.266951048951049,8.011986013986014,0.41678321678321684,0.5987300103877944,0.13924202910037412,0.05702796051183148
668834,Easton,McGee,KC,47,R,0.3418097443097443,1.435520890464152,1.7261965862939468,6.710687856772185,13.282362048088567,1.7503538315170384,0.5757528904392806,0.39714173145750936,0.027105378103210027
671936,Adam,Macko,TEX,115,L,0.34115196078431376,1.4327583536790596,0.985354140219426,6.421927661463848,7.581888725707845,0.32321868916288127,0.4035209055209055,0.40253610020276687,0.1939429942763276
680723,Drew,Rom,ATH,53,L,0.3401196808510638,1.4284230196704295,1.4442428232046784,6.727236745496456,11.112845556219586,0.12452830188679244,0.8359853480595805,0.10338896038099099,0.06062569155942852
677944,Slade,Cecconi,CLE,490,R,0.33883894815146653,1.423044242218999,1.5420939254680859,6.834629460722837,11.865768935507162,1.3082608976551515,0.618773038564117,0.3668732112335711,0.014353750202311812
690440,Bradley,Hanner,NYY,18,R,0.33821428571428575,1.420420806249167,2.1865724228912984,7.440714285714287,16.824761904761907,2.2654761904761904,0.7756755788971115,0.22432442110288853,0.0
674003,Cody,Bradford,TEX,132,L,0.3343022971652003,1.4039913703452573,1.4161431671963292,6.935833333333334,10.896630434782608,0.726086956521739,0.5413416926462498,0.14793920777553637,0.3107190995782138
646242,Jhonathan,Díaz,SEA,6,L,0.33333333333333337,1.3999219491368067,2.382628729800605,7.333333333333334,18.333333333333332,3.666666666666667,0.6,0.32,0.08
686628,,,ATL,4,R,0.33333333333333337,1.3999219491368067,0.7147886189401814,5.499999999999999,5.499999999999999,0.0,0.7391304347826085,0.2608695652173913,0.0
686796,Blake,Walston,AZ,3,L,0.33333333333333337,1.3999219491368067,1.9061029838404842,7.333333333333334,14.666666666666668,0.0,0.49999999999999994,0.35714285714285715,0.14285714285714285
694037,Daniel,Palencia,CHC,90,R,0.3330867008704675,1.3988861505423997,1.8354682532678808,6.623466666666667,14.123161904761904,1.682895238095238,0.714700677131425,0.25062326869806095,0.034676054170514004
657571,Caleb,Ferguson,STL,146,L,0.33228659099298635,1.3955258764047789,1.4120770753857075,6.23811475173804,10.865343555884653,1.0033442140770907,0.825441697914006,0.1745583020859939,0.0
676620,Blake,Weiman,LAA,45,L,0.3302272727272727,1.3868772218834862,1.4070938867755174,7.265,10.827,0.5936666666666667,0.1767035714285714,0.7508446428571429,0.07245178571428572
621242,Edwin,Díaz,LAD,76,R,0.3288267206477733,1.380995231092485,1.3760148320234482,6.148719298245613,10.587859649122807,0.6848596491228071,0.47123443223443223,0.32376556776556775,0.0
607625,Seth,Lugo,KC,651,R,0.3283756584272048,1.3791008753834841,1.4178404339342108,6.692728223992545,10.909690193725314,0.7389516854595239,0.4982863806090191,0.40973326986448744,0.09198034952649352
547179,Michael,Lorenzen,TOR,579,R,0.32758140321399876,1.3757651894649339,1.5054458247344757,6.525778199806974,11.583777100866993,1.1139074511709377,0.5551642848456151,0.2242794248351234,0.22055629031926152
622491,Luis,Castillo,CWS,556,R,0.32676772696126366,1.372347939727848,1.58388178996397,6.6496153438897325,12.187309106457475,1.3403721816491299,0.597777170330343,0.21329099669637663,0.18893183297328023
656986,Bennett,Sousa,HOU,107,L,0.3259109667046292,1.3687497472626162,1.2132892819863077,6.195067326916818,9.335754479161823,0.7275081717580322,0.30145713783927813,0.6985428621607219,0.0
608372,Tomoyuki,Sugano,COL,558,R,0.3233738244867506,1.3580943440259465,1.5216170981349566,6.741810521852746,11.708208298211067,0.9280104583538206,0.5084278275751163,0.285382083390326,0.20619008903455768
641778,Eric,Lauer,LAD,458,L,0.3222305985188482,1.3532930626500772,1.5294379407632026,6.33768248078114,11.768386417050076,1.4868482006528945,0.6650579676731805,0.20676765206687242,0.12817438025994715
676254,Ryan,Walker,SF,146,R,0.32047193616585967,1.3459070925628696,1.1852346624958008,6.110065331928346,9.119885894926991,0.8405768478097245,0.6580826342311525,0.34191736576884757,0.0
671106,Logan,Allen,CLE,80,L,0.31846703296703294,1.337486968581073,1.334917303905529,6.28964278033569,10.27163132838695,1.1343786963449565,0.6178117968987534,0.21301234489207385,0.16917585820917275
686475,Tyler,Tolbert,KC,33,R,0.3182430213464696,1.3365461722276082,1.409974701512458,6.140833333333333,10.849166666666667,1.4324999999999999,0.0,0.0,0.53
644433,Chadwick,Tromp,BAL,6,R,0.318,1.3355255394765135,1.767910517512049,5.83,13.603333333333335,1.943333333333333,0.06625,0.0,0.46375
596142,Gary,Sánchez,MIL,10,R,0.318,1.3355255394765135,0.9092111232919109,6.996,6.996,0.0,0.265,0.10600000000000001,0.42400000000000004
804668,Rafael,Flores,PIT,5,R,0.318,1.3355255394765135,0.9092111232919109,6.996,6.996,0.0,0.0,0.7949999999999999,0.0
661527,Seth,Martinez,BOS,6,R,0.31799999999999995,1.335525539476513,1.1365139041148884,5.83,8.745,0.0,0.39749999999999996,0.32522727272727275,0.07227272727272727
476594,Robert,Stock,NYM,127,R,0.317596893080764,1.3338325848042512,1.0817515038457606,6.203046587664774,8.323626193115969,0.3351517640370742,0.7732231844481021,0.13808265686567908,0.08869415868621877
686753,Drey,Jameson,AZ,85,R,0.31737538768276474,1.3329023139987168,1.1312347463410166,6.186960784313726,8.70437908496732,0.15205882352941177,0.36858263305322125,0.3937873482726424,0.23763001867413636
642207,Devin,Williams,NYM,175,R,0.31663757115749525,1.3298036573542351,0.9233299003936436,6.020980952380953,7.104638095238095,0.1806095238095238,0.48118131868131864,0.0,0.31381868131868135
680573,Simeon,Woods Richardson,TOR,299,R,0.31576634615384613,1.3261447163384994,1.4336212078995096,5.883789459974594,11.031116660948358,1.222281417246354,0.41357203471593007,0.3493607419712071,0.23706722331286284
663362,Matt,Waldron,WSH,190,R,0.3155044002607562,1.325044604922831,1.1537696007699039,6.537553387533876,8.87777538154329,0.36657252888318353,0.5250381722063621,0.1390027050279999,0.33595912276563805
666157,Nick,Lodolo,CIN,373,L,0.3139799327246857,1.3186421982293561,1.4637917248751597,6.0915505663185066,11.263266192948619,1.155361804940578,0.5362118136564733,0.23659389519992413,0.2271942911436025
676510,Nolan,Hoffman,KC,31,R,0.31384615384615383,1.3180803582641931,0.943828412966175,5.766129032258064,7.262365591397849,0.0,0.7837662337662337,0.11764069264069263,0.0985930735930736
641312,Shaun,Anderson,LAA,92,R,0.3125925925925926,1.3128156945238496,1.1326913388918607,6.149478260869566,8.71558695652174,0.8314565217391305,0.25771335629544584,0.4012590891695369,0.13602755453501722
681867,Cooper,Criswell,SEA,126,R,0.3121468926553672,1.3109438591492975,0.9734740238899615,6.757142857142858,7.4904761904761905,0.1571428571428571,0.6358988246763797,0.1724313491848562,0.19166982613876402
621016,José,Cuas,KC,69,R,0.31165597147950086,1.3088821051611235,0.8867825774714505,5.640212089077412,6.823421703782254,0.0,0.7325169007675858,0.2641286688526673,0.0033544303797468354
688497,Taylor,Rashi,ATH,26,R,0.3115942028985507,1.3086226915844061,1.0576872151590377,5.723076923076922,8.138461538461538,0.25384615384615383,0.5005549682875263,0.3343551797040169,0.16508985200845666
660825,Eduard,Bazardo,SEA,260,R,0.31048592592592594,1.303968187805305,1.2219683705887203,6.166270959525978,9.402536442456155,0.8426404713831375,0.6124986796549203,0.3595475293480783,0.027953790997001373
672442,Yovanny,Cruz,WSH,44,R,0.3100649923971158,1.3022003655469785,1.0236407359443669,5.576535714285713,7.876488095238095,0.5374880952380953,0.2650006736994315,0.4548608071247823,0.07513851917578625
676680,Tom,Cosgrove,WSH,70,L,0.30950962320412034,1.299867944977532,1.603032609409847,5.890107142857143,12.334666666666667,1.0059761904761904,0.3510719514597102,0.6489280485402898,0.0
687134,Bradley,Blalock,MIA,14,R,0.30769230769230765,1.292235645357052,1.6338025575775577,6.285714285714286,12.571428571428571,1.5714285714285714,0.33333333333333337,0.5454545454545454,0.12121212121212122
686563,Jonathan,Cannon,CWS,18,R,0.30769230769230765,1.292235645357052,1.086478700789076,5.573333333333332,8.360000000000001,0.0,0.7478030303030303,0.16231060606060607,0.08988636363636364
695239,Robby,Ahlstrom,TEX,148,L,0.30664063556457066,1.2878188686723087,1.641620518024339,6.186613095238094,12.631584513084515,1.6870232732732733,0.5403770586497728,0.2861249411040284,0.17349800024619877
671345,Jason,Foley,SF,70,R,0.3060378787878788,1.285287431347263,1.0607550009463653,6.43107700101317,8.162066869300912,0.16657142857142856,0.6237056681168278,0.23776553899924874,0.13852879288392347
669923,George,Kirby,SEA,637,R,0.3056970942495324,1.2838562160817903,1.310147877934132,6.28621420513579,10.081040936720285,0.7181845579368872,0.5258616163306035,0.3898446685090805,0.08429371516031595
595978,Austin,Hedges,CLE,20,R,0.30562500000000004,1.2835534371148096,0.873829086654372,6.723750000000001,6.723750000000001,0.0,0.7443732954545454,0.0,0.25562670454545455
667297,Tommy,Nance,MIN,216,R,0.3035126274751909,1.2746819671281082,1.1244025921189196,6.20411537634942,8.651808510638297,0.6481101522590884,0.24357032505908738,0.7564296749409125,0.0
670032,Nicky,Lopez,TEX,7,R,0.3028571428571428,1.271929085215727,0.8659153555161054,6.662857142857142,6.662857142857142,0.0,0.4195833333333333,0.0,0.11041666666666666
543309,Kyle,Higashioka,TEX,16,R,0.3028571428571428,1.271929085215727,1.4206423801436108,5.83,10.93125,0.72875,0.06235294117647059,0.0,0.4676470588235294
682227,Brandon,Williamson,CIN,149,L,0.3025659824046921,1.270706279491408,1.2339298384903603,5.95341163310962,9.494574944071587,0.8631431767337806,0.5663189892656977,0.1596390234634749,0.2740419872708274
676604,Tyler,Zuber,MIA,138,R,0.30244519909373313,1.2701990178671052,1.5493691804913152,6.3496229951690815,11.921748985507246,1.393031497584541,0.5375617913989086,0.46243820860109147,0.0
677960,Ryan,Weathers,NYY,564,L,0.30162741280583166,1.266764506944696,1.1000817743868792,6.324244921536535,8.464669972080486,0.35871522094926345,0.4425358396643298,0.29869586120498176,0.2587682991306885
663372,Ryan,Feltner,COL,471,R,0.30160462394133225,1.2666687990498702,1.247739614694531,5.854791700100762,9.60083540641017,0.5550490486829537,0.4482859447029388,0.34439053286269145,0.2073235224343697
623437,Justin,Topa,NYY,106,R,0.3010869565217391,1.264494717100746,1.0057615331596987,5.780188679245284,7.738915094339623,0.24905660377358488,0.5771365796789526,0.3447493498340956,0.07811407048695185
669620,Brady,Basso,ATH,141,L,0.2991625498927745,1.25641265986389,1.2391692057533434,6.429418985270049,9.534889687735433,0.4962466552360169,0.6196973163478852,0.3555782287065142,0.024724454945600632
678906,Kai-Wei,Teng,HOU,325,R,0.2988427853915853,1.2550697238325814,1.2116533501483275,5.705064102564102,9.323166666666665,0.3870769230769231,0.46704757650760004,0.4344590217470598,0.09849340174534021
640448,Kyle,Finnegan,DET,249,R,0.29849434698460997,1.2536063641110402,1.228771585042387,5.699247643204397,9.454884337349396,0.9703726379201014,0.4869754052986439,0.16553043695962166,0.3474941577417344
684442,Kohl,Drake,AZ,93,L,0.2981219512195122,1.2520423890950623,1.6070672543405378,5.784914611005693,12.36571157495256,1.5004111321948135,0.515245814921499,0.2689498167241902,0.21580436835431074
815083,Mitch,Farris,LAA,209,L,0.2979147280191584,1.2511721001754255,1.2039198768979016,5.572970760233918,9.26366081871345,0.5090994152046784,0.5798539283007881,0.15674097273809837,0.26340509896111364
647336,Michael,Soroka,AZ,391,R,0.29769593874188227,1.2502532364409416,1.0744761965357061,5.69431522580428,8.267645740790595,0.10127877237851661,0.5565911039114442,0.3301281491512268,0.11328074693732915
671162,Connor,Thomas,KC,67,L,0.2976156152692885,1.2499158966639967,1.1097490193736157,5.728141454531058,8.539055386198978,0.6961194029850746,0.6080529049726261,0.19541954420575947,0.19652755082161447
685126,Brandon,Eisert,PIT,154,L,0.29732335680751176,1.24868847955761,1.096386291351412,6.310819490586932,8.43623477297896,0.43365448504983384,0.5914389554224884,0.317145375914837,0.09141566866267464
678394,Brayan,Bello,BOS,422,R,0.29573479152426524,1.2420168773346496,0.965771235342868,5.799365959714584,7.431206448504321,0.20693446641608101,0.6210557167467717,0.12659601539261453,0.25234826786061376
681810,Austin,Warren,NYM,185,R,0.2956590413943355,1.241698744526034,1.2791657007013588,5.839409839278892,9.842646017907912,0.7807019740083905,0.5272722362273199,0.44289063191492445,0.029837131857755606
605135,Chris,Bassitt,BAL,358,R,0.29478066770186334,1.2380097806911254,1.1606928516070958,5.9198889111415625,8.931046906292822,0.6628104669547803,0.6362248527423376,0.30834232201589773,0.05543282524176456
671096,Andrew,Abbott,CIN,640,L,0.2944048422337896,1.2364314017257223,1.333167274409257,5.821911836362452,10.258165582046772,0.8958467160119862,0.47051470469207207,0.31121074763332834,0.21827454767459953
573009,Joe,Mantiply,TOR,81,L,0.294331983805668,1.2361254133876012,1.3847756720208642,6.368091168091168,10.655270655270654,1.3475783475783476,0.4810571736785329,0.3518230852211435,0.16711974110032363
656716,Zach,McKinstry,DET,15,R,0.2941666666666667,1.2354311201132318,1.3740279509227262,3.8091428571428576,10.57257142857143,2.2544761904761903,0.7768421052631579,0.0,0.22315789473684208
687287,Patrick,Monteverde,MIA,18,L,0.29411764705882354,1.2352252492383586,1.7472610685204437,6.111111111111112,13.444444444444446,1.222222222222222,0.4461538461538461,0.36923076923076925,0.18461538461538463
669461,Matthew,Liberatore,STL,582,L,0.29374620791712913,1.233665291816679,1.3650631802910387,5.9706766017829445,10.503591261333474,1.1676817243821167,0.38777556141907604,0.5122883271465507,0.09993611143437332
680694,Kyle,Bradish,BAL,627,R,0.29341116415785223,1.23225818647908,1.258049795041142,5.855761027292064,9.680167939698734,0.7265808950711492,0.5643723394593972,0.4163106143677687,0.019317046172833953
678020,Seth,Halvorsen,LAD,113,R,0.29337565784730735,1.232109068288686,1.328615477720668,5.657887374099762,10.22314140689362,1.1316973876531398,0.6454521833721834,0.2765980833980834,0.07794973322973323
605488,Jeffrey,Springs,ATH,542,L,0.2930141293251981,1.230590733148667,1.508012874014384,5.793299004511784,11.603529473338213,1.5798697621758826,0.4811129022056125,0.23395657628608718,0.28493052150830034
594580,Sam,Moll,CIN,248,L,0.29188471836322305,1.225847471562873,1.148040084092497,5.710418533452808,8.833689142771805,0.21212701612903226,0.4876511279131118,0.3557736368780757,0.15657523520881247
675660,Shane,Drohan,MIL,479,L,0.29080701411360216,1.2213213660617062,1.1695723064590058,5.642682775135472,8.999370604224548,0.7728256706484373,0.5859517390057316,0.34993400770880567,0.06411425328546261
690978,Dax,Fulton,MIA,69,L,0.290423197492163,1.2197094261233175,0.9574082428954065,5.6448619086683065,7.366856713152858,0.0,0.4501146601146601,0.516885906885907,0.032999432999433
690986,Kyle,Harrison,MIL,447,L,0.2903037762040279,1.2192078846759542,1.538557716533632,5.925300521998509,11.83855928411633,1.7142035794183446,0.5864936302875756,0.3289919884624719,0.08451438124995253
669276,Dylan,Lee,ATL,231,L,0.289843538056611,1.217274992222757,1.15753546528574,5.9397680097680094,8.906752136752136,0.17221001221001223,0.38388818886117415,0.49292062440544726,0.12319118673337866
664849,Danny,Young,ATL,62,L,0.28929166666666667,1.214957261607106,1.1524006576132686,4.861467741935484,8.86724193548387,1.147193548387097,0.37601162790697673,0.4099069767441861,0.009081395348837208
663903,Brady,Singer,CIN,628,R,0.28919119195904713,1.2145352913615168,1.130890254903091,5.776165638751295,8.701728367176933,0.7505290621351451,0.6077194354806787,0.3922805645193213,0.0
688297,Chris,Roycroft,ATH,144,R,0.28892364722731084,1.2134116661345162,1.170021090823226,5.748554707894105,9.002823812540695,0.7934442625931988,0.9388706651318488,0.052647322668995356,0.00848201219915585
677958,Kumar,Rocker,TEX,589,R,0.2885524412038555,1.2118526877548554,1.2857144093666053,5.669750597735515,9.893035597014894,0.9305950914048233,0.5977779171552069,0.37854316703007906,0.02367891581471402
678606,José,Ferrer,SEA,257,L,0.2882311548559021,1.2105033603234816,1.0647749284412231,5.751824393239127,8.19299853306257,0.4229831960483198,0.703707138365711,0.12848872826372018,0.16780413337056885
676106,Emerson,Hancock,SEA,562,R,0.28770082344600967,1.2082760925804064,1.3631792672941363,5.956248363715593,10.489095337352023,1.07669871014598,0.7526153846933628,0.20121224354877718,0.04617237175786
579328,Yusei,Kikuchi,LAA,187,L,0.2874293228139382,1.2071358534982821,1.594481902775787,5.864950980392157,12.268872549019607,1.5303921568627448,0.5213852040062634,0.33844210712913997,0.14017268886459655
668674,Lucas,Erceg,KC,203,R,0.2871657754010695,1.206029016074543,0.8707731725378859,5.150358857641703,6.700236016711355,0.35471347508885703,0.49835222803086887,0.18670827732138412,0.10993949464774708
656638,Alex,Lange,KC,238,R,0.2871531945972229,1.2059761796442148,1.4734904514361271,5.755913915301423,11.337893844637327,1.5381293682142683,0.45546356465778315,0.3239177351731338,0.22061870016908308
663776,Patrick,Sandoval,BOS,223,L,0.2868695956590233,1.2047851305092026,1.0958827525037897,5.533163923024766,8.432360251772916,0.6677492281233722,0.42407856944607986,0.3368833790307658,0.23903805152315427
687239,Ben,Peoples,TEX,67,R,0.28634449602122014,1.202579834983869,0.9877288157319767,5.0849734660033175,7.600160862354892,0.5220895522388059,0.5293832320162107,0.4191350050658561,0.05148176291793314
657277,Logan,Webb,SF,617,R,0.28628916355274503,1.2023474515725143,1.0387892277620485,5.552050016556002,7.993049415311688,0.48825752426761465,0.5542615087141817,0.21918303033719994,0.22655546094861834
686780,Pedro,Pagés,STL,7,R,0.2857142857142857,1.1999330992601198,2.0422531969719473,6.285714285714286,15.714285714285715,3.142857142857143,0.0,0.9375,0.06249999999999999
681006,Josh,Simpson,SEA,38,L,0.285625,1.1995581201666012,1.3960412906458761,5.378007518796993,10.741954887218045,1.6698496240601501,0.321187611889133,0.43044504894554414,0.04336733916532294
677961,Cole,Wilcox,SEA,121,R,0.2855574433656958,1.1992743981210843,1.1670838518018876,5.342444253859349,8.980222984562607,1.1762292738707834,0.33766201554809905,0.33484580258374347,0.12249218186815752
669724,Brenan,Hanifee,DET,91,R,0.2849884792626728,1.1968848821128057,1.6678853355815686,6.0356593406593415,12.833681318681318,1.7943040293040295,0.5580065334235957,0.20412484836369088,0.03286861821271337
682608,Peyton,Gray,TEX,235,R,0.28495209422019596,1.196732073454055,1.4190969285804216,5.967442795354552,10.919358395444036,1.2954780954287308,0.47495889076341213,0.1475768005064304,0.37746430873015746
640455,Sean,Manaea,NYM,552,L,0.2842172962014511,1.1936460938301854,1.428869351314892,5.730134043399703,10.994553108419852,1.1274243115371845,0.653383767887173,0.29376048275154715,0.052855749361279826
663855,Jordan,Hicks,CWS,184,R,0.28364769621834685,1.1912539072744588,1.267362151446482,5.365539942192977,9.751822634348617,1.0607140660827397,0.6771214150124139,0.27357928243108764,0.04929930255649849
702193,Andrew,Morris,MIN,273,R,0.2834632260242016,1.1904791756532223,1.187498892702761,5.904179894179893,9.1373082010582,0.4445141432641432,0.8650301210024189,0.032853874208643,0.10211600478893809
622608,Antonio,Senzatela,MIL,273,R,0.2830300751879699,1.1886600435644392,0.9846097783849657,5.57215873015873,7.576161172161172,0.3071965811965812,0.9150125731591405,0.06402333770059328,0.020964089140266207
808963,Roki,Sasaki,LAD,508,R,0.28242081750025677,1.1861013039353092,1.3123562519466714,5.542052571536717,10.09803345275527,0.9180309070950523,0.41355446215681,0.20523720543760138,0.3812083324055886
700363,AJ,Smith-Shawver,ATL,83,R,0.28227861319966585,1.1855040791703326,1.1487874431938867,5.37221547729379,8.839439759036145,0.6653484708063022,0.4716418983158276,0.15307094349873235,0.37528715818544
675848,Juan,Mejia,COL,261,R,0.2819264091074089,1.1840249044523539,0.9281164929482763,5.1843848626534195,7.141468926553672,0.3875808494058056,0.6161731576282992,0.372627636234133,0.011199206137567872
668390,Cole,Winn,TEX,211,R,0.2818105104044861,1.1835381570380594,1.1238621643797795,5.719377303844128,8.64765014481306,0.39495734597156396,0.5756058820253858,0.2662492569829705,0.15814486099164382
687273,Quinn,Mathews,STL,110,L,0.2816238972940004,1.1827544256699625,0.8877335338712165,5.493384236453202,6.830738916256157,0.17301149425287354,0.4688990377688587,0.3697767006277658,0.16132426160337554
696519,Samy,Natera,LAA,115,L,0.2816217887668985,1.1827455703498515,0.7739989705221814,5.08340727595386,5.955598935226265,0.10902395740905058,0.8080697666855521,0.1879459729436329,0.003984260370814993
656849,David,Peterson,CHC,572,L,0.281460340917052,1.1820675271839285,1.0606214611208122,5.439846191672903,8.161039336095877,0.6659050033321793,0.5335459237348588,0.3048915376840713,0.16156253858106992
663423,Trent,Thornton,CHC,179,R,0.2807004175459439,1.1788760269632996,1.405018137395079,5.696980726017677,10.811027975138526,1.2855839598157823,0.6022568659983216,0.3906826744160809,0.007060459585597522
685299,Tanner,Gordon,COL,375,R,0.2801207889673852,1.1764417226548858,1.2979142513924762,5.928076763359732,9.986908287995588,0.797077048977771,0.4946980326449063,0.26348756708619175,0.24181440026890202
681892,Kody,Funderburk,MIN,187,L,0.279825225943647,1.1752004271620329,1.1091527193920143,5.61319418815298,8.534467106794544,0.5401585090077782,0.7101410363150236,0.22920265339966833,0.06065631028530815
594027,Tyron,Guerrero,BOS,157,R,0.2789322006692581,1.17144993011378,0.8654987285892121,5.727684138180335,6.659651372595563,0.0840764331210191,0.8935458807084476,0.06483983524424716,0.04161428404730523
552640,Andrew,Kittredge,BAL,193,R,0.2788242533446392,1.170996576626526,1.0927359183243806,5.895316958381075,8.408146676559012,0.25393527563068036,0.5286461429869705,0.4713538570130295,0.0
687396,Brent,Headrick,NYY,284,L,0.27875582750582756,1.1707092041256046,1.397963637426038,5.842547953108176,10.756746543115653,0.5397482044245036,0.5682799899630551,0.24237643192418762,0.18934357811275732
700249,Cade,Povich,BAL,142,L,0.27865801656920075,1.170298421094456,0.9944912901635279,5.419202004821724,7.652195279786829,0.474295267098084,0.5472714400549,0.36243273738378945,0.09029582256131058
695076,Rhett,Lowder,CIN,517,R,0.278545136954537,1.1698243531439223,1.2735822093093607,5.643784324035649,9.799683382742396,0.8537772033681169,0.4991728300567496,0.29275989919800516,0.20806727074524517
677976,Randy,Dobnak,KC,244,R,0.27852842980140774,1.1697541870128028,1.0878449809574675,5.561177596280657,8.370512955476679,0.577718145494249,0.4895623798965263,0.30045946573751453,0.20997815436595926
655889,Manuel,Rodríguez,TB,22,R,0.2777777777777778,1.166601624280672,1.2996156708003301,5.0,10.0,0.9999999999999999,0.5208333333333334,0.4791666666666667,0.0
656288,Griffin,Canning,SD,339,R,0.27736311828903365,1.1648601515215398,0.9615954027564325,5.354548335148568,7.39907516015302,0.39523217659341753,0.33893574837939305,0.3518730828779336,0.3091911687426734
805326,Tyler,Schweitzer,CWS,132,L,0.27683172635445363,1.1626284298231013,1.2988714572182878,5.721629274799903,9.99427358719379,0.883345561484356,0.38924428127294486,0.5332442404400035,0.07751147828705163
687931,Carson,Whisenhunt,SF,162,L,0.276517316017316,1.1613079800271178,1.0036932247818264,5.305198180636777,7.723000324886291,0.436587069525666,0.493992694463867,0.1743834611455944,0.33162384439053855
664141,JT,Brubaker,SF,246,R,0.2764812582836498,1.1611565459887314,1.0304823596255164,5.39484843205575,7.929131533101046,0.46813384146341463,0.4495076563366886,0.39948457240231433,0.1510077712609971
592866,Trevor,Williams,TEX,82,R,0.2762785388127854,1.1603051716783903,1.1434129155111987,5.238562389536939,8.798085012371862,0.9141723223753977,0.5578365070864338,0.33902708640147616,0.10313640651209002
700241,Michael,McGreevy,STL,604,R,0.27562819451210163,1.1575738778953204,1.1724339528286303,5.563025830681459,9.02138977830747,0.695025421125705,0.4970608669138723,0.3040831599200108,0.198855973166117
664076,Garrett,Cleavinger,TB,174,L,0.2749116981257699,1.1545647608422114,1.1050784571535996,5.099561751855319,8.503117359865856,0.8908365136920725,0.4763750922012144,0.5236249077987857,0.0
670059,Colin,Holderman,CLE,218,R,0.2747222222222222,1.1537690064135846,0.8482654886042649,4.945895212396885,6.527048785752834,0.030275229357798167,0.5733402489545885,0.42665975104541143,0.0
693821,Bryce,Elder,ATL,625,R,0.273700880043251,1.1494796084118215,1.1724704552266068,5.532790186035555,9.021670649020225,0.9417493941939373,0.6590261739256438,0.14555483246634526,0.19541899360801096
687570,Connor,Prielipp,MIN,440,L,0.273698634436884,1.1494701773908949,1.1068610873813312,5.4459355010660975,8.51683395522388,0.6465277185501066,0.4161834594641726,0.4908646830303978,0.09295185750542953
664285,Framber,Valdez,DET,659,L,0.27365645479113865,1.1492930327552375,1.0888672161337363,5.432018206267157,8.37837862837703,0.5644700848566628,0.49129163561745615,0.3211765688918784,0.18753179549066545
623211,Huascar,Brazobán,CWS,247,R,0.2733937322956818,1.1481896597914716,1.2469790248616834,5.095815379235208,9.594982985191063,0.8649088867069283,0.6183606732284115,0.0018348623853211008,0.37980446438626736
657265,Peter,Strzelecki,STL,60,R,0.2732954545454545,1.1477769162525064,0.998576719436075,5.126654761904763,7.683630952380952,0.34008333333333335,0.4968825181291889,0.39224012367290206,0.11087735819790913
687312,Gabriel,Hughes,COL,225,R,0.2730378532538242,1.1466950511456686,1.0862073520358368,5.381038726635514,8.35791208463136,0.6179925363447559,0.6319985555089525,0.24070532284182034,0.1272961216492272
807739,Kade,Anderson,SEA,62,L,0.27272727272727276,1.1453906856573872,1.1990002640286914,5.322580645161291,9.225806451612902,1.064516129032258,0.4,0.42448979591836733,0.17551020408163265
621074,Michael,Rucker,SEA,150,R,0.27244295634920634,1.1441966234429246,1.1158650105145957,5.328076923076923,8.586115384615384,0.781371794871795,0.6582594102149478,0.3359215041176445,0.005819085667407674
593974,Wandy,Peralta,SD,276,L,0.2724306220095694,1.144144822104567,1.1553989062071346,5.788911640414906,8.890312206651188,0.637399601630226,0.5854452758442035,0.11780180267416918,0.29675292148162735
695505,Chase,Burns,CIN,589,R,0.27236137590260123,1.1438540046694559,1.1571622809103659,5.571101525821744,8.903880638787324,0.5780905458458241,0.5471187023004224,0.40308007141988755,0.04980122627969014
668984,Casey,Legumina,TB,258,R,0.2718310121728198,1.1416266011904146,1.0144614219967034,5.570832633040428,7.805857106755086,0.17784796945505033,0.6913373121131743,0.1887836674469349,0.1198790204398909
623168,Tyler,Heineman,LAA,26,R,0.2715,1.140236427571929,1.762503783086732,5.881615384615385,13.561730769230769,2.306192307692308,0.5156750000000001,0.0,0.279325
804267,Zac,Thornton,NYM,243,L,0.27144619734157177,1.140010469004562,1.0745291260551404,5.6764673780923784,8.26805301134468,0.6359714833881501,0.6539382533331896,0.296837787572783,0.0492239590940274
702752,Jonathan,Pintaro,NYM,97,R,0.27115935444004213,1.138805795983146,1.0671695605522176,4.9466903456781255,8.211424227402803,0.8315219751667324,0.9081894481717947,0.052689002056381405,0.03912154977182386
677865,Justin,Bruihl,STL,296,L,0.27082278354365136,1.1373922770272515,1.1233335131842928,5.370264383833987,8.643582394574551,0.390845633043944,0.4702056087665529,0.4533201670515885,0.07647422418185869
683000,Riley,Cornelio,WSH,101,R,0.27044444444444443,1.1358033413996622,1.2836318827589346,5.420930693069307,9.877011424219345,1.3203853769992384,0.5072997224384298,0.49270027756157025,0.0
683363,Matt,Wilkinson,SF,64,L,0.27001886792452834,1.1340160196658589,1.4552845478597904,5.559342105263157,11.197807017543859,1.4096162280701752,0.6223527579567336,0.1361739721372749,0.2414732699059916
680570,Grayson,Rodriguez,LAA,340,R,0.2695847513322761,1.1321928316279237,1.1270039889651615,5.33791592920354,8.671825173292419,0.690404148058851,0.5448706567988287,0.17229928519878576,0.2828300580023854
663574,Tony,Santillan,CIN,159,R,0.2695778196373911,1.132163720132481,1.097433655202267,4.554044474393531,8.444293800539084,0.9108800539083557,0.6080259508421627,0.39197404915783735,0.0
676617,Riley,O'Brien,STL,241,R,0.26899393810204986,1.1297115544014213,1.0398633734685454,5.161661783261751,8.00131451806961,0.419830069136072,0.5796012301892973,0.4121130148632021,0.008285754947500532
669160,Dustin,May,MIL,541,R,0.2685919746037117,1.1280234018291952,1.1175213720237231,5.117128118781029,8.598860394900676,0.6150626789050649,0.6847508813032628,0.2600587151984654,0.05519040349827172
694646,Chayce,McDermott,NYM,35,R,0.2684775558969107,1.1275428700520673,1.241929264690765,5.047152073732718,9.556127188940092,0.9367944700460828,0.7882548271727445,0.1643654886991408,0.047379684128114635
660604,Alan,Rangel,PHI,122,R,0.2682767901061064,1.126699700740519,1.1201664433902148,5.2970491803278685,8.619213114754098,0.40039344262295085,0.23334340728185643,0.21352283465610603,0.34813375806203756
681916,Dylan,Smith,SF,131,R,0.26821037011768717,1.1264207523415708,0.9753356216149525,5.245539505002133,7.504800407756862,0.5938198828884358,0.6974865887314077,0.24144014423918642,0.061073267029406006
622761,Jorge,Mateo,ATL,12,R,0.2677922077922078,1.1246645684883487,0.6861970741825743,5.279999999999999,5.279999999999999,0.0,0.53,0.0,0.0
695549,Jackson,Jobe,DET,103,R,0.2674054054054054,1.1230400890345593,1.192018248283725,5.149149329634767,9.172082755432271,0.8939852057327785,0.5150107139913739,0.3675031592538666,0.11748612675475947
608348,Carson,Kelly,CHC,13,R,0.2673076923076923,1.122629716903939,1.160156912279833,5.88076923076923,8.926923076923076,1.0153846153846153,0.9999999999999999,0.0,0.0
571945,Miles,Mikolas,WSH,492,R,0.26714303999588906,1.1219382157481306,1.3012443161528646,5.581558846302748,10.012531746031746,0.8373776616337592,0.3572043164217032,0.37294072964149827,0.06485495393679856
608718,Brent,Suter,ATL,331,L,0.26646768462177733,1.119101881313071,1.0435749700479606,5.401842633730229,8.029873704164446,0.3679185770985131,0.6679609124043089,0.08802117004612768,0.24401791754956342
663485,Cole,Sands,MIN,54,R,0.26625,1.1181876568730242,1.2119638138919078,4.363333333333333,9.325555555555555,1.21,0.3685116199589884,0.06339883800410116,0.09808954203691045
622088,Tejay,Antone,CIN,195,R,0.26610711287558153,1.1175875644078568,1.1720481567677166,5.162435426093515,9.018421238687782,0.7632909125188536,0.3449929204925616,0.6550070795074384,0.0
678022,Jack,Perkins,ATH,446,R,0.26570242773398745,1.1158879815712355,1.1558020593390013,4.965248899784048,8.893414301685318,0.8582951752136365,0.5033346884003131,0.32751952041476007,0.16914579118492673
695611,Gage,Jump,ATH,400,L,0.2653320778405524,1.114332598737195,1.0990418334565724,5.173669628050225,8.456668060794927,0.6133997594445355,0.5263721769164742,0.3700057062765725,0.10362211680695338
663436,Davis,Martin,CWS,549,R,0.26526811145510837,1.1140639548962248,1.0533405529902,5.257767935034191,8.105015787794644,0.6353885527905034,0.616838675591569,0.2564064539059197,0.12675487050251133
686751,Seth,Johnson,ATH,106,R,0.26523339642598676,1.113918159902528,1.2012046846258972,4.989499701186716,9.242768547767438,0.8138422265858448,0.435847844267908,0.35634185128244333,0.002810304449648712
660710,Rodolfo,Durán,SD,19,R,0.26499999999999996,1.112937949563761,1.355841148768639,5.523157894736842,10.432631578947369,1.2273684210526314,0.41222222222222227,0.01177777777777778,0.10600000000000001
663554,Casey,Mize,SD,456,R,0.26480726140261013,1.1121284925849655,1.3624935082237255,5.409474823422191,10.483818707608181,1.2694952240741715,0.4415654345641117,0.3415581503960158,0.21687641503987257
669298,TJ,Shook,COL,36,R,0.2641323529411765,1.109294035078508,1.3204095215331353,5.335555555555556,10.16,0.78,0.4390219388692651,0.18012459930171304,0.17585346182902178
701542,Will,Warren,NYY,584,R,0.2629742030581635,1.1044300767536477,1.170853951524945,5.286161358183647,9.009232327922833,0.7817104994688,0.5721237570493843,0.2698872653236245,0.1579889776269912
664353,José,Urquidy,CWS,114,R,0.26284644314125444,1.1038935150179452,1.1023479368634657,5.274930326711232,8.482107146219754,0.5577987006873176,0.4222081419293521,0.3110525898938698,0.2667392681767781
669372,J. T.,Ginn,ATH,571,R,0.2627111181145559,1.1033251815925167,1.159348842533698,5.1631166959312225,8.920705317593987,0.9035564518221597,0.6518776664828347,0.16050859090145048,0.18761374261571473
680744,Ty,Madden,DET,160,R,0.2623611111111111,1.1018552341330947,1.2633110247961845,5.1845081453634085,9.720650906111434,0.9237285521496046,0.6073751952832345,0.2353961068661377,0.1572286978506277
668941,JoJo,Romero,MIL,189,L,0.2620875718708536,1.1007064333739347,1.0906622255198426,5.5249523809523815,8.392190476190477,0.2666031746031746,0.5308539379290197,0.28891887673948813,0.18022718533149218
656529,Sam,Hentges,SF,150,L,0.2619404761904762,1.1000886659591842,0.7906136220409908,5.088339932126696,6.0834417420814475,0.0,0.6137405946372636,0.3862594053627363,0.0
684007,Shota,Imanaga,CHC,635,L,0.2612831835888488,1.0973281909391137,1.2890419521425038,5.375300675452428,9.918639649433324,1.3239109166397807,0.4473926782720321,0.21222154307749164,0.34038577865047626
641743,Anthony,Kay,CWS,600,L,0.26086905460354776,1.0955889461702237,1.160178001541514,5.18104976080386,8.927085349986989,0.8007424888408495,0.5555714071103592,0.31160229666272304,0.13282629622691772
643511,Tyler,Rogers,TOR,253,R,0.2607025390223279,1.0948896197191549,0.8573266618912975,5.106860993062366,6.596770731175765,0.37352638843485525,0.7592369219985823,0.24076307800141775,0.0
666277,George,Soriano,STL,258,R,0.2605816421566345,1.0943818811915567,1.0730240585054693,4.669830675975281,8.256472144912497,0.9525664889853295,0.3584094080908338,0.3138148223829296,0.3277757695262365
695445,Chase,Lee,TOR,34,R,0.2604201680672269,1.093703727825621,1.0992696550227423,4.991888544891641,8.458421052631579,1.1555108359133126,0.3859759343462349,0.30859709437728733,0.10042697127647779
573204,Caleb,Thielbar,CHC,179,L,0.2598379914004914,1.0912587221435062,1.072383476004744,5.209690895183373,8.251543130011262,0.7946485235071117,0.3838673835125448,0.6161326164874552,0.0
624133,Ranger,Suarez,BOS,538,L,0.2597997902461702,1.0910982862402563,0.8934498455124626,5.081478065675077,6.874723547787462,0.37127224925654506,0.6373424722198022,0.2419910569375331,0.12066647084266467
674444,Steven,Cruz,KC,217,R,0.25961136748192587,1.0903069547501083,1.0438342435861911,5.232096263567461,8.031868705794974,0.6785719349774649,0.8504275056783341,0.1495724943216658,0.0
620443,Luis,Torrens,NYM,11,R,0.2589772727272728,1.087643905255494,1.85114007109622,5.697500000000002,14.24375,2.848750000000001,0.14936363636363637,0.0,0.6456363636363637
670245,Ryan,Watson,LAA,274,R,0.2589401091287026,1.087487826843452,1.0584026127745774,5.410626356283291,8.143966224436117,0.2981173965936739,0.5090989611797028,0.4873828146202548,0.0035182242000423823
669387,Carmen,Mlodzinski,PIT,486,R,0.258756109304044,1.0867150706639215,0.9291331614612565,5.318124729325369,7.149291766304089,0.3486653020521702,0.5086740309699573,0.24574419116536672,0.2455817778646759
682243,Bryce,Miller,SEA,394,R,0.2579352750735674,1.0832677590963804,1.216204672264779,5.055595208600934,9.358187190185351,0.9975374999136561,0.5223428830816098,0.23536991912005958,0.24228719779833058
664299,Cristian,Javier,HOU,222,R,0.257439129497953,1.0811840638525714,1.1692673565991611,5.170162404663636,8.99702414236897,0.9296511941216374,0.5418806121202827,0.3056085017317099,0.15251088614800737
667755,José,Soriano,TOR,649,R,0.25731976538529283,1.0806827625288147,0.888053949724112,4.998481250276125,6.833204382471243,0.36989728377399,0.5127472215528525,0.3120939706437033,0.1751588078034442
656492,Foster,Griffin,CLE,653,L,0.2565122060165854,1.077291202272361,1.0908145810557135,5.201898698773968,8.393362788430887,0.5303298151018027,0.6043871922065046,0.20676070001490396,0.18885210777859146
684665,Luke,Murphy,LAA,55,R,0.2563807189542484,1.0767389873985818,0.6125641684426977,4.713425531914893,4.713425531914893,0.0,0.8565550571438092,0.0742792549646808,0.06916568789151006
554430,Zack,Wheeler,PHI,522,R,0.25630624196929735,1.0764262015007662,1.1685945290395792,4.870912569521691,8.991847015202076,1.0884008527994067,0.607496805990306,0.24482663227075882,0.1476765617389351
669060,Bryse,Wilson,MIL,145,R,0.2562142857142857,1.0760400067615126,0.9073480562949797,5.451568691844554,6.981664477285167,0.2412413793103448,0.8504018891117293,0.08180321752819651,0.06779489336007419
543243,Sonny,Gray,BOS,583,R,0.25574187483052624,1.0740559916659544,1.0710317867247552,5.23930206912469,8.241142445329178,0.6293973758005885,0.5661422577637745,0.3691097473447197,0.06474799489150578
656756,Jordan,Montgomery,TEX,66,L,0.255724043715847,1.0739811051595034,1.1871525004307157,5.149285714285713,9.134642857142858,0.9560714285714285,0.5326839936379411,0.3390568970503181,0.1282591093117409
688107,Robert,Gasser,MIL,373,L,0.25540187866869285,1.072628087397236,0.985133956633055,5.0442683789230065,7.580194504936904,0.4570588042055931,0.643169116100736,0.24297318721783911,0.11385769668142481
808825,Andrew,Sears,DET,51,L,0.25531914893617014,1.0722806418920217,1.1212370493179318,5.176470588235294,8.627450980392156,0.43137254901960786,0.569377990430622,0.291866028708134,0.13875598086124402
548384,Brooks,Raley,PHI,194,L,0.25503369905956114,1.0710818192490916,1.1150884511998036,5.375566808166566,8.58014008489994,0.6438079644228826,0.49290404040404046,0.3946426104032236,0.11245334919273599
642376,Jefry,Yan,NYM,54,L,0.25462209302325584,1.0693531702752288,0.82677216924081,4.464777777777778,6.361666666666667,0.47422222222222216,0.6983240672102793,0.22977761304670125,0.07189831974301952
693308,Nick,Frasso,COL,54,R,0.254356884057971,1.0682393547203985,0.8194548516750668,4.924822222222222,6.305362962962963,0.0,0.6666162779730772,0.07594149018262882,0.2574422318442939
663567,Peter,Lambert,HOU,562,R,0.254142401056355,1.0673385763353613,0.907188802515958,4.83257493377572,6.980439085943712,0.443932158482711,0.5205233488280103,0.21273630010467298,0.2667403510673167
689225,Beau,Brieske,DET,51,R,0.2540288946435873,1.0668618759795576,0.8864219802645239,5.1499411764705885,6.820647058823529,0.5569019607843138,0.5484714858451972,0.31939848224513173,0.13213003190967107
692030,Jose,Corniell,TEX,26,R,0.25347826086956526,1.0645493430609891,1.3987863435260168,4.933076923076923,10.763076923076923,0.896923076923077,0.2599038461538461,0.1325,0.13759615384615387
657097,Jacob,Webb,CHC,251,R,0.2534331877220779,1.0643600463955365,1.1368616856407183,5.034478831341302,8.747676033643204,1.0609134863719725,0.35680871740041575,0.2320293308416334,0.41116195175795084
621237,José,Alvarado,PHI,228,L,0.2534266150733988,1.0643324428100869,0.9764567400100721,4.804016968095915,7.5134269457427365,0.6002175370859582,0.9632036560698763,0.036796343930123696,0.0
820862,José,Fermin,LAA,204,R,0.25273258532024306,1.0614176803556967,1.0094784913855326,5.14464536560893,7.767515536065174,0.5831216068516959,0.3791492865057998,0.5963769827541143,0.02447373074008588
665152,Dean,Kremer,MIN,277,R,0.2526380508534421,1.061020657730623,1.2162384365466206,4.992542128950071,9.358446992237605,0.8772480968690355,0.632278156121642,0.13759599645506015,0.2301258474232978
669711,Greg,Weissert,BOS,218,R,0.25254440789473687,1.0606273792308023,0.9623196331497692,5.07254732450496,7.40464781066508,0.5501078177683683,0.5860261388829293,0.23204673253514704,0.1819271285819237
669854,Ronel,Blanco,HOU,117,R,0.25240835690711927,1.0600559969394994,1.088690371672071,4.7448353443941675,8.377017884076707,0.9058211233211234,0.361791548328473,0.3792501341870589,0.2589583174844681
690928,Hunter,Dobbins,STL,230,R,0.25202549019607845,1.0584480464023598,0.9915378688428027,4.741513789327187,7.629469935771037,0.42536053316142386,0.45690513731439397,0.4387111205147947,0.1043837421708113
663623,Jake,Irvin,WSH,376,R,0.2520081317764804,1.0583751451045669,1.1127184315206493,4.743974943285161,8.56190377294708,1.0080788138945558,0.5593053452954171,0.31741772819570013,0.1232769265088828
687064,Brandon,Young,BAL,576,R,0.2517965506035693,1.05748655372062,1.1212128369219057,5.027975708502025,8.627264676113361,0.9735697818263609,0.5526948715311073,0.28453641343431774,0.16276871503457502
682825,Luis,Mey,CIN,112,R,0.2515752688172043,1.0565572220315902,0.8768512919902135,4.856854838709677,6.747004608294931,0.11785714285714284,0.6417209761170904,0.35827902388290955,0.0
623465,Evan,Phillips,LAD,77,R,0.25144947898372555,1.0560289341849947,1.070687881811532,5.2147117794486215,8.238496240601505,0.6057142857142858,0.6165962524745637,0.3834037475254362,0.0
664991,Grant,Wolfram,BAL,190,L,0.2513220245554061,1.0554936554298373,1.0353543637805422,5.08552485140839,7.966619571022484,0.49825717116030666,0.6497394738534266,0.3502605261465733,0.0
663947,Tyler,Holton,DET,277,L,0.25097641059505466,1.054042157722765,0.9712891854666316,5.00302216205375,7.473664770974112,0.6514913893517232,0.6794196045807085,0.15600288297678053,0.16457751244251098
661395,Jhoan,Durán,PHI,202,R,0.250968782249742,1.0540101204586487,0.7023356491889392,5.208139992892468,5.404179596852864,0.032673267326732675,0.22686772079869338,0.19616211739472444,0.5769701618065821
694973,Paul,Skenes,PIT,610,R,0.25078058186401203,1.0532197229061906,0.9913203888657277,4.96879860235393,7.627796518144878,0.4998965776937088,0.5574646658327498,0.2545175888368031,0.18801774533044718
592791,Jameson,Taillon,TOR,369,R,0.2504588654588655,1.0518685893353044,1.401897152203074,5.059602311685768,10.787013297090802,1.7384238172200999,0.576630585926396,0.29607785109493095,0.12729156297867297
801725,,,BAL,8,L,0.24999999999999997,1.0499414618526048,1.7869715473504537,5.499999999999999,13.75,2.7499999999999996,0.68,0.2,0.12
571771,Enrique,Hernández,LAD,4,R,0.24999999999999997,1.0499414618526048,0.7147886189401814,5.499999999999999,5.499999999999999,0.0,0.0,0.375,0.625
571882,Derek,Law,AZ,18,R,0.24999999999999997,1.0499414618526048,0.7942095766002016,4.888888888888888,6.111111111111112,0.0,0.5930232558139535,0.26744186046511625,0.13953488372093023
518876,Merrill,Kelly,AZ,630,R,0.24975940849485365,1.0489310338661142,1.0586762503599483,4.895925988700565,8.146071751412428,0.7096748991121872,0.4817687086993594,0.22116183176055876,0.29706945954008185
669022,MacKenzie,Gore,TEX,658,L,0.24970308378447428,1.0486944832710976,0.9810364901059939,4.896266567798115,7.548666210694824,0.45405580683276947,0.5685149196610416,0.26933839138089327,0.16214668895806517
681517,Kyle,Leahy,STL,541,R,0.24928032193113034,1.0469189824778358,1.006176239173589,5.122169947209233,7.742106083977619,0.45993551375932645,0.35506003524517554,0.47373847352415166,0.1712014912306728
669432,Trevor,Rogers,BAL,597,L,0.24906374419659566,1.0460094067050276,1.138280319982713,5.19801976580655,8.758591832628,0.7260047679225938,0.6629449020581776,0.1540755085143446,0.1829795894274777
687473,Ryan,Gusto,MIA,297,R,0.24901671070799933,1.0458118770659361,0.9588719924835295,4.960937337784298,7.37811965512109,0.510187505404237,0.5335312436831161,0.3444258972727073,0.12204285904417665
677020,Josh,Walker,BAL,91,L,0.24822267975926512,1.0424771330056553,0.8709708998013633,5.054650836120401,6.701757445453097,0.21252161172161171,0.5144556566988074,0.3761835136150205,0.10936082968617217
572955,Pierce,Johnson,CIN,174,R,0.24810871518418687,1.041998508475427,0.9794991300983593,5.026593988719925,7.536836867280645,0.40830049261083745,0.3315885296570268,0.6684114703429733,0.0
663738,Daniel,Lynch,KC,273,L,0.24766221162460175,1.0401232980751343,1.0214604283354785,4.968269230769231,7.859711538461538,0.5250412087912087,0.49343329240542866,0.26791047623580183,0.23865623135876946
592332,Kevin,Gausman,CHC,671,R,0.247622911032522,1.0399582447907345,1.0788618334602553,5.088529883101652,8.301391385930811,0.8096800711368032,0.5129985512922536,0.0725677202930274,0.4144337284147191
650911,Cristopher,Sánchez,PHI,748,L,0.24682933028559323,1.0366253914726207,0.8923190110733591,5.073010164065626,6.86602224889956,0.3770777110844338,0.4430490378162195,0.18613781197607387,0.37081315020770667
806188,Cade,Gibson,MIA,178,L,0.2465681818181818,1.0355286290580827,0.950590952196621,4.751077564334904,7.3144005074302285,0.6098488582819861,0.2422039425089739,0.6730324044464748,0.0847636530445513
669302,Logan,Gilbert,SEA,653,R,0.24641826374207074,1.0348990082421219,1.2552003469116464,4.986924825414284,9.658242625980867,1.2527259448083858,0.4809008806280822,0.29074267082126265,0.22835644855065518
666171,Ryan,Zeferjahn,CHC,265,R,0.24638718323586745,1.0347684773936492,0.9927530572636992,4.942103683307756,7.638820303331227,0.6066123499142367,0.4769283187430862,0.5230716812569137,0.0
686930,Mason,Barnett,ATH,183,R,0.24622782053266773,1.0340991913554,1.254720872066853,4.556925580187309,9.654553267229922,1.5466778451713445,0.4228446885219972,0.3005593898678374,0.07159592161016536
656786,Parker,Mushinski,COL,34,L,0.24602122015915118,1.033231518162643,0.7428195451731299,4.6411372549019605,5.715686274509804,0.0,0.40546518717229607,0.36373277649067187,0.02580203633703207
680736,Justin,Wrobleski,LAD,523,L,0.24585582289862587,1.0325368883966335,1.3981084485419104,4.922606294886389,10.757860804193955,1.5113076850999652,0.5964448553614183,0.3662495885588974,0.037305556079684346
656240,Scott,Blewett,ATH,102,R,0.24581614996395096,1.0323702713605192,0.776411492478384,5.05647099588276,5.974162284456403,0.0,0.6854089156079854,0.23623266139486646,0.07835842299714804
676282,Joey,Cantillo,CLE,612,L,0.24573198231949622,1.0320167869618813,0.885561877883816,4.601518387403128,6.814028930094917,0.37529331538877253,0.41546815079493926,0.36440405274498894,0.2201277964600719
664129,Geoff,Hartlieb,ATH,72,R,0.24529581529581526,1.0301849875920592,0.854677805727717,4.956944444444444,6.576388888888889,0.16194444444444445,0.6374138621794871,0.36258613782051285,0.0
571510,Matt,Boyd,CHC,423,L,0.24439873080336996,1.026417442778446,1.05690916198825,4.87738830496723,8.132474744147888,0.9056931689193698,0.4384204292119579,0.3043975307564353,0.2571820400316069
669358,Shane,Baz,BAL,680,R,0.24437074535877096,1.0262999104639945,0.8740060906634225,4.873270766526152,6.725111971950843,0.3635699407634336,0.5631562532858204,0.33798460046341255,0.09885914625076701
621111,Walker,Buehler,SD,572,R,0.24434966216216214,1.0262113659749226,1.1340551771995895,4.958588638373121,8.726081122900089,0.9430601237842619,0.6789028965913921,0.22055455134357516,0.10054255206503271
688642,Zach,Agnos,COL,343,R,0.24417135375321883,1.0254625124087364,0.9759750964053674,4.916814969899753,7.509720899289726,0.42853439950604716,0.5843264986945289,0.2971639768816154,0.11850952442385565
693855,Ian,Seymour,TB,460,L,0.24414432373887957,1.0253489926776593,1.3173573693095246,5.143788079869093,10.136514962906448,1.171332647345226,0.4695514014018829,0.2647130553480475,0.26573554325006965
689147,Orion,Kerkering,PHI,240,R,0.24387513421347123,1.024218459702369,0.9640583747190471,4.543089061154177,7.418026701119726,0.4768125753660637,0.5413780207763805,0.3931061235647895,0.06551585565882996
489446,Kirby,Yates,PIT,166,R,0.24333385746707126,1.0219452241088407,0.825315617727587,4.618872539028294,6.350459110879609,0.285121406679349,0.6584964426650148,0.015280876802784529,0.32622268053220066
543037,Gerrit,Cole,NYY,424,R,0.24315161775814714,1.0211798600032593,1.041717029451422,5.067687855413804,8.015577626960372,0.5705476305614084,0.5282087577926932,0.3505407222862816,0.12125051992102527
623474,Jimmy,Herget,COL,188,R,0.24299192969870873,1.0205092075449906,1.0109791641356771,4.581159850787511,7.77906258634982,0.7259070185134016,0.30539955096387156,0.5984946258493087,0.09610582318681977
690279,Mason,Adams,COL,38,R,0.2424242424242424,1.0181250539176774,1.2038545161097793,4.631578947368421,9.263157894736842,1.1578947368421053,0.6577181208053691,0.2953020134228188,0.04697986577181208
672841,Carlos,Vargas,SEA,36,R,0.24242424242424243,1.0181250539176774,1.1118934072402824,4.888888888888888,8.555555555555557,0.611111111111111,0.7575757575757576,0.24242424242424243,0.0
675512,Troy,Melton,DET,404,R,0.24223943483803168,1.0173489053287672,1.1556450222241623,4.918274448497481,8.892205966649296,0.7446390481153378,0.6026541570986382,0.278758032673478,0.11858781022788388
676440,Tanner,Bibee,CLE,678,R,0.24201362059434747,1.0164005383802834,1.0314584847207284,4.796309131654657,7.936642408178527,0.718766446127248,0.6571134598037569,0.1830731522586642,0.15981338793757888
660853,Enyel,De Los Santos,HOU,268,R,0.24180318345100957,1.0155167516526664,1.121217413055203,4.7362199703537105,8.627299887548558,0.6558976308525863,0.4163764593997754,0.2985350268776474,0.28508851372257715
645261,Sandy,Alcántara,MIA,803,R,0.24112636887507094,1.0126742889116096,0.9626692657293117,4.959250346800763,7.407338087393792,0.37560045951101095,0.5828825554738664,0.21836296487278573,0.19875447965334797
696131,Mason,Black,KC,141,R,0.24096893302775654,1.0120130952169006,1.1618368410143634,4.573665575559192,8.939849427168575,1.2076715766503001,0.5441310845277358,0.4233364285755646,0.03253248689669956
676910,Matt,Seelinger,NYM,15,R,0.24090909090909085,1.0117617723306918,1.111258039579002,3.886666666666666,8.550666666666665,0.7773333333333333,0.4280769230769231,0.10192307692307692,0.0
663941,Tristan,Beck,SF,62,R,0.24088095238095236,1.0116435971012192,0.8102228912375627,4.5626107526881725,6.234326881720431,0.4153032258064515,0.31713694772047174,0.44754831895792996,0.03031473332159831
805673,Zebby,Matthews,MIN,483,R,0.24038864594574716,1.009576025348184,1.0971876977262187,4.946324740965702,8.442401260447621,0.9296725914202864,0.5441491989798737,0.32346724433041585,0.1323835566897104
672456,Keider,Montero,DET,568,R,0.24037642090176764,1.0095246830259959,1.078235671880653,4.983179266411188,8.296573333996914,0.621454785248594,0.5273644409054509,0.34062971017035815,0.132005848924191
663542,Bryan,Hudson,CWS,235,L,0.24033790849673203,1.0093629399426256,0.902569889704141,5.113290374873353,6.944898480243163,0.4901118541033435,0.7056351260940191,0.2943648739059809,0.0
605400,Aaron,Nola,PHI,630,R,0.24015119363395226,1.0085787812387192,1.0832029699980705,4.825531927076755,8.334794619173929,0.9323101848343227,0.4872520395295571,0.33258549111402896,0.180162469356414
683352,Mitch,Bratt,AZ,191,L,0.24009712525459279,1.0083517067056604,0.9192511383368167,4.546324445236898,7.07325372408539,0.3666040231468724,0.5939000448819141,0.3082949515584858,0.09780500355960009
608032,Carlos,Estévez,KC,7,R,0.23999999999999996,1.0079438033785004,0.8577463427282177,3.771428571428571,6.6,0.9428571428571427,0.16666666666666666,0.06666666666666667,0.06666666666666667
666808,Camilo,Doval,PIT,231,R,0.23928012460536977,1.0049204952817414,0.8256680242196829,4.340278745644599,6.353170731707317,0.3234146341463415,0.6240030041846103,0.3546679933147718,0.02132900250061785
814305,Yunior,Tur,ATH,42,R,0.2392361111111111,1.0047356489117287,1.2928597321941853,4.5344444444444445,9.948015873015873,1.4343650793650795,0.5926981881434256,0.01138828750811864,0.3959135243484558
669373,Tarik,Skubal,LAD,517,L,0.23915902318187496,1.0044118976592753,0.9578690735356212,5.006688476774016,7.3704026125334865,0.33814704930639894,0.5299671701989694,0.1941994942330249,0.2758333355680057
684974,Craig,Yoho,CLE,139,R,0.2388563794370207,1.0031408647957039,1.1855674603260447,4.7540277921373715,9.122446635288323,0.9364306609870321,0.43682438593367673,0.0059947896310371136,0.5571808244352862
527048,Martín,Pérez,ATL,492,L,0.2371611384111384,0.9960212494320745,0.8956084739159229,4.5962192157066575,6.891333292129271,0.4451155059851349,0.6033321789132188,0.07243580172643962,0.32423201936034163
669947,Jesse,Scholtens,TB,193,R,0.23707324455205814,0.9956521158045121,1.1171203496250741,4.7346698980444595,8.59577469496908,1.0445495570783887,0.32149411604652745,0.2940612883477315,0.1794445956057411
683003,Jared,Jones,PIT,330,R,0.23706522424943477,0.9956184324114685,1.0355563065133904,4.648404528478058,7.968173436041084,0.6690873015873016,0.46925670115433876,0.4255200772969161,0.10522322154874514
607259,Nick,Martínez,TB,638,R,0.23687943076049178,0.9948381432619345,1.0417398735947179,5.030954480902623,8.01575340310565,0.6900270805743755,0.6823493466527737,0.062425868294340735,0.25522478505288554
670103,Raymond,Burgos,BOS,54,L,0.23674999999999996,0.9942945643744167,0.9207271621526137,5.141277777777777,7.08461111111111,0.6477777777777778,0.6101775956284153,0.27710109289617485,0.11272131147540984
676083,Janson,Junk,MIA,448,R,0.23655951866485575,0.9934945873685088,0.9165116666281791,4.783476324740422,7.052174633011099,0.33119137128535625,0.36209046369817166,0.4620363888188894,0.17587314748293892
670183,Garrett,Acton,MIN,43,R,0.23653846153846153,0.9934061523682338,0.8080729339154117,4.851436388508891,6.217783857729138,0.0,0.5306303549571603,0.44131986944104445,0.028049775601795182
694795,Josh,Ekness,MIA,88,R,0.23592657085397561,0.9908363547691813,0.8535947926687167,4.3869444444444445,6.5680555555555555,0.6052777777777778,0.6599097970084147,0.34009020299158543,0.0
666974,Yennier,Cano,BAL,182,R,0.23583476805356288,0.9904508045033112,0.9419509753403893,4.681227775808422,7.247919492693687,0.726814210878727,0.600123936722464,0.08531804963048319,0.3145580136470527
666745,Jhony,Brito,SD,28,R,0.23527777777777778,0.9881115757657293,1.5434328536115494,5.083571428571428,11.87607142857143,2.1253571428571427,0.40844597503228586,0.23972018941024537,0.35183383555746883
641816,Tyler,Mahle,ATL,514,R,0.23525471902400513,0.9880147343991511,0.931511934704917,4.806936148247919,7.167595433281232,0.5741778950081479,0.631828294378703,0.02967333105575249,0.3384983745655445
641302,Tyler,Alexander,TEX,256,L,0.23524314620784834,0.9879661312810973,0.8030234925698113,4.627845588235295,6.178930514705883,0.0515625,0.5547025280277951,0.21554216077229166,0.22975531119991333
680916,Franco,Aleman,CLE,82,R,0.23521094402673348,0.9878308896606391,0.7153089935075548,4.508712737127372,5.50400406504065,0.2312533875338753,0.5296489998725953,0.21110798992269408,0.05424301020471069
687765,Mitch,Spence,KC,55,R,0.23520336605890602,0.9877990639701645,0.9655773115283367,4.448571428571429,7.429714285714287,0.6491428571428571,0.28793103448275864,0.20070689655172413,0.041362068965517244
665795,Edward,Cabrera,CHC,324,R,0.2349873711340206,0.9868919358614168,1.0811353211042243,4.459094062840718,8.318884924174844,0.783923084547527,0.30538884212495326,0.2613124382047993,0.22829871967024745
672629,Gerardo,Carrillo,AZ,74,R,0.23404187192118228,0.982921060558585,0.6261658693980691,3.839120334620335,4.818084942084941,0.0,0.5913560862831362,0.15092837422280084,0.257715539494063
668873,Caleb,Kilian,PHI,202,R,0.2340158162712599,0.9828116329299088,1.0725505952594503,4.479217161716171,8.25282904290429,0.7935062706270628,0.553232905843733,0.2417670941562671,0.0
672282,Reid,Detmers,LAA,641,L,0.23322689242853747,0.9794983375190355,0.8704888686305963,4.877654187913182,6.698048416841044,0.4202750728896383,0.451520015952961,0.4617750476101321,0.08670493643690694
656546,Jeff,Hoffman,MIN,252,R,0.23316464646464646,0.9792369190457468,0.855735032761503,4.482959770114943,6.584523809523809,0.10476190476190475,0.357754314217829,0.47369508527329934,0.16855060050887163
607067,Colin,Rea,CHC,552,R,0.23280996503496507,0.9777473400906602,1.0016513399333307,4.669221333716402,7.707288873459746,0.6603730926387027,0.5256111093166428,0.2934161111608317,0.18097277952252544
670950,Trevor,Richards,CWS,270,R,0.23268849206349204,0.9772371820536844,1.1284059439719354,4.802388740206419,8.682612631756278,0.8054502143452419,0.6647598064568911,0.0909899310273685,0.24425026251574028
686580,Justin,Slaten,BOS,135,R,0.2325597944623119,0.9766966822636043,0.8206208780799604,4.676014586014586,6.31433504933505,0.19555555555555557,0.6312291973118745,0.16377080268812552,0.0
672782,Yoendrys,Gómez,MIN,255,R,0.23199462220738815,0.9743230911294716,0.9599858030249057,4.231680113329736,7.3866899622234214,0.41977050728548304,0.7392045609205086,0.215045308821011,0.045750130258480445
518585,Fernando,Cruz,NYY,230,R,0.23169356609574,0.9730587259536175,1.4219072452214745,4.540321739130436,10.940982608695652,1.6044695652173915,0.3496731528906054,0.1604969255877605,0.48982992152163407
667463,John,King,MIA,191,L,0.23165588389578598,0.9729004695371953,1.1763915887127532,4.4438760408875595,9.05184213413114,0.9492371977063077,0.25207449676491733,0.3769459807646999,0.16597952247038283
592155,Cam,Booser,TB,127,L,0.23135397711022537,0.9716325317300964,1.0017092696582417,4.921036760483183,7.707734618507397,0.6318725131647177,0.9203910223188287,0.07138683307760854,0.008222144603562697
656464,Kevin,Ginkel,AZ,230,R,0.23131454075640118,0.9714669082781592,1.0566586152403437,4.757193815741399,8.130546891525489,0.6669528681037632,0.5524912915395586,0.44750870846044144,0.0
641927,Bailey,Ober,MIN,475,R,0.23128935134600515,0.9713611186526615,1.0158145544662998,4.711948636068937,7.816268896178671,0.7224742648126107,0.3465877226393136,0.33357863872242427,0.31983363863826225
686613,Hunter,Brown,HOU,364,R,0.23074965263225178,0.9690945104267489,0.8690072566987534,4.479816866953237,6.686648031595379,0.5641223781311974,0.6148207529231446,0.29295758353866097,0.09222166353819441
681293,Spencer,Arrighetti,TOR,429,R,0.23052454780361759,0.9681491228553638,1.1241669381408275,4.3849074074074075,8.649995251661919,1.2518340455840455,0.47740231670452304,0.4439146386738899,0.07868304462158698
814490,Ethan,Pecko,HOU,58,R,0.23042279411764705,0.9677217812001766,1.2336265647571063,4.219068965517241,9.492241379310345,1.6572068965517244,0.665108636977058,0.2836918578497526,0.051199505173189386
607200,Erick,Fedde,CWS,543,R,0.23037707648776926,0.9675297778595913,0.9127940339303414,4.617839947048903,7.023569001505069,0.4864651878268261,0.5078316677892228,0.3827458455432916,0.10942248666748558
573124,Taylor,Rogers,MIN,224,L,0.2302303623380058,0.9669136127840829,0.9000912857679251,4.38736593235425,6.92582665776591,0.5328532487761459,0.4553977244565553,0.5446022755434448,0.0
693313,Carson,Seymour,SF,97,R,0.23016263854679803,0.9666291887187113,0.9689884727485747,4.548713374932176,7.455961747151385,0.6253079218665221,0.6935930105932473,0.2665218665097769,0.039885122896975725
673380,Dedniel,Núñez,NYM,47,R,0.2301436170212766,0.9665493027654607,1.2383636781796203,5.063159574468085,9.528691489361702,1.1163829787234039,0.5744080267558529,0.40200167224080263,0.02359030100334448
696149,Bubba,Chandler,PIT,585,R,0.2299849340974531,0.9658828716414196,0.9325031938602559,4.449415208577831,7.175222758632953,0.4620408798321419,0.5795969998024675,0.30589259768252997,0.11451040251500258
669467,Andre,Pallante,STL,580,R,0.22986705628082124,0.9653878124129618,0.8177818015378471,4.481548456562269,6.29248954065197,0.13167296210551968,0.5437857455863354,0.43016062038385083,0.026053634029813703
701519,Travis,Adams,MIN,196,R,0.22970958828405635,0.9647264836980886,1.1612317131563215,4.567387009760426,8.935193220940551,0.7864412422360249,0.5022360570575557,0.27570443864688077,0.22205950429556348
690925,Clayton,Beeter,WSH,188,R,0.22966810071635238,0.9645522456281532,0.9007541592990065,4.230132225462213,6.930927192839277,0.7253964536066102,0.4921869644592132,0.5078130355407868,0.0
623454,Drew,Anderson,DET,390,R,0.22921772912518135,0.9626607904009092,0.9724064477822769,4.409974275993693,7.482261638038336,0.7279246535557216,0.42119286953125096,0.27968164950217167,0.2991254809665774
544150,Albert,Suárez,BAL,231,R,0.2291217343976778,0.9622576350228084,1.2239086941873283,4.787612942612943,9.417466422466422,0.8165262515262517,0.7515065978551886,0.11436964432836477,0.1341237578164467
681217,Chase,Silseth,TEX,230,R,0.22888506163886874,0.9612636648533497,0.7529387583775904,4.153940304647841,5.793549395367903,0.38120662050610277,0.5506445338292055,0.277702892757118,0.17165257341367635
592779,Brock,Stewart,LAD,78,R,0.2288277511961722,0.9610229744134128,0.9234248746110443,4.744465448207641,7.105368882189458,0.3117659804983749,0.6053755145916371,0.26479939810493297,0.12982508730342998
608723,Austin,Voth,MIN,54,R,0.22875,0.9606964375951335,0.8486129325973154,4.641388888888889,6.529722222222222,0.36666666666666664,0.33598422897196256,0.17321748442367602,0.02079828660436137
519242,Chris,Sale,ATL,598,L,0.22817603783953627,0.958285930915912,0.8610419503637317,4.747572849735236,6.625358324846024,0.25188908602872706,0.5035853366782602,0.41157731846029666,0.08483734486144302
691946,George,Klassen,LAA,124,R,0.22814705882352943,0.9581642258341949,0.7042271910291928,4.294628330995793,5.418734221598877,0.22482117812061708,0.4617643727100657,0.4022968336937057,0.13593879359622857
642547,Freddy,Peralta,TB,638,R,0.22806581057794648,0.9578230022272336,1.059268836005026,4.6139440395904066,8.150631450548042,0.875727799404447,0.49096505780698707,0.22256527748331217,0.2864696647097008
593958,Eduardo,Rodríguez,AZ,683,L,0.22743408023752198,0.9551698827187458,0.8467904048431691,4.5900502629835955,6.515698632055569,0.269794429545758,0.6234918540094823,0.10679430993062129,0.2697138360598965
703615,Jose,Cabrera,AZ,104,R,0.2262980030721966,0.9503986246397895,0.9772403531553915,4.489030100334449,7.51945652173913,0.8980267558528429,0.5854423592493297,0.2791957104557641,0.13536193029490615
642701,Dennis,Santana,AZ,206,R,0.2259400805958183,0.9488954340474753,1.1039829164986839,4.509449451245251,8.494687631912198,1.126327775432672,0.4362033970529221,0.44849364386171914,0.11530295908535884
800600,Jackson,Kent,WSH,112,L,0.2256478494623656,0.9476681317136506,0.781521399460955,4.134268108651911,6.013480885311871,0.1561607142857143,0.4686626434271649,0.34002906261166477,0.19130829396117047
656945,Tanner,Scott,LAD,211,L,0.22557456864107464,0.9473603694231226,0.9702595000377457,4.778782750715652,7.465741771490336,0.1251184834123223,0.49409077346117897,0.505909226538821,0.0
663893,Brendon,Little,TOR,102,L,0.2253870683579986,0.9465729121378801,0.919959504670242,4.135784542449005,7.0787043072796445,0.7883114902376646,0.4345411588674306,0.5654588411325694,0.0
628708,Yunior,Marte,CIN,5,R,0.22499999999999995,0.9449473156673441,0.6861970741825743,3.96,5.279999999999999,0.0,0.12857142857142856,0.1714285714285714,0.0
805427,Drew,Sommers,DET,126,L,0.22484177299308877,0.9442827992875806,0.8546684169698183,4.532519332519332,6.576316646316646,0.5791229141229141,0.7802523292983818,0.19692200343516134,0.02282566726645674
693433,Bryan,Woo,SEA,601,R,0.22483553856382976,0.9442566161445005,1.1547719939237004,4.622011404196666,8.885488378364721,0.9447529045361067,0.6838672338037012,0.2668090728988416,0.04932369329745716
596001,Jakob,Junis,TEX,193,R,0.22293800904977376,0.9362874364969149,0.847620500485794,4.392345907466805,6.522085871462384,0.4843314143158703,0.37297231623354077,0.4655369230912158,0.16149076067524337
691587,Eury,Pérez,MIA,554,R,0.22277043832111273,0.9355836786736587,0.9882844662356873,4.233749235470867,7.6044363609980286,0.7735228187848336,0.5664172998958081,0.3557671108171143,0.07781558928707763
687562,Jake,Bennett,BOS,386,L,0.2227463035464713,0.9354823182713845,0.9585520044786044,4.6920122813042,7.375657481017511,0.6731825732942607,0.6356461697420783,0.09539200601521111,0.2689618242427105
683627,Anthony,Molina,SF,56,R,0.22247530019759845,0.9343441676622546,0.982750804321055,4.7501428571428574,7.561857142857141,0.7611428571428571,0.5388566082219374,0.21870843252151623,0.24243495925654646
668909,Gavin,Williams,CLE,654,R,0.22233133655807197,0.9337395540857023,1.0626252043316078,4.42945474075849,8.176457303544373,1.0641976186917665,0.47734053614041827,0.5226594638595817,0.0
681982,Grant,Anderson,MIL,217,R,0.22197518419055765,0.9322437975361413,1.047465346433105,4.460303531020917,8.059808526224174,0.9138309679046019,0.582867046436833,0.39579543577394705,0.02133751778922006
671737,Taj,Bradley,MIN,651,R,0.22171749104144917,0.9311615466494039,0.9861437842421018,4.343767311029984,7.587964706787617,0.7171523644229373,0.7067179585182968,0.08280961864533995,0.21047242283636325
455119,Chris,Martin,TEX,65,R,0.2215927419354839,0.9306376296146759,1.0327320950187662,4.752211538461538,7.946442307692308,0.7224038461538462,0.41832074316047363,0.07100142915475705,0.04067782768476929
606996,Kyle,Hart,SD,232,L,0.22152761711972238,0.9303641206376219,0.8192781540208959,4.438267311543913,6.3040033482850175,0.2357208142916494,0.45927743312486397,0.33581140728261877,0.2049111595925173
669165,Kyle,Hurt,LAD,189,R,0.22137032345540536,0.9297035240782091,1.0797189418456035,4.342587763908153,8.307986477115119,0.7683984820465403,0.5649661254119912,0.09329941907446697,0.3417344555135418
677952,Braxton,Ashcraft,PIT,637,R,0.22059420296674098,0.926443999756441,0.9310643311747093,4.599283820802206,7.164151310989816,0.6352095362264853,0.4964673248645927,0.4757285185199772,0.02780415661543012
676755,Isaac,Mattson,PIT,165,R,0.22053133306072376,0.92617996087232,0.8829143793557579,4.221616438356165,6.7936575342465755,0.32794520547945205,0.5864194217813601,0.1324394515053195,0.07614112671332048
663558,Jovani,Morán,BOS,238,L,0.22049899665551836,0.9260441555421104,1.0026765070615697,4.125567200545165,7.7151771065064265,1.05953409598693,0.633585180913848,0.03197264208557579,0.3344421770005762
695684,Elmer,Rodriguez,NYY,123,R,0.220078431372549,0.9242778798300891,0.8432330620820944,4.046121951219512,6.4883263646922185,0.5221742160278746,0.6589967921677733,0.2875376705347592,0.053465537297467426
650644,Aaron,Civale,CHC,443,R,0.21988038996607379,0.9234461522948014,0.8679938375627024,4.444064381579241,6.678850194443824,0.37852066244999216,0.6232494148244057,0.3004747866486241,0.07627579852697028
694918,Blade,Tidwell,SF,175,R,0.21985663585663587,0.9233463905972483,0.9275010865113453,4.17328125,7.1367336309523814,0.7716964285714285,0.4937589656641309,0.46392905191698364,0.042311982418885445
681676,Ryan,Fernandez,STL,99,R,0.21981717171717174,0.9231806504521295,1.0160364371086723,4.328595238095239,7.817976190476191,0.4821904761904762,0.46455680943113564,0.41343960395577517,0.12200358661308916
596133,Luke,Weaver,PIT,207,R,0.21941170867139134,0.921477800600074,0.8206322470188261,4.3616613644397315,6.314422528573112,0.1518743961352657,0.6626360048466027,0.000375,0.3369889951533973
656550,Grant,Holmes,ATL,554,R,0.21893517756453407,0.9194764815322661,0.8139774973118282,4.3522888810624005,6.263217007921767,0.4016586492990153,0.448695437949379,0.4695909401106955,0.08171362193992546
801139,Payton,Tolle,BOS,526,L,0.21843529541446208,0.9173770935506637,1.0289661334998728,4.39999401815002,7.917464806085435,0.7323363215253567,0.8670009524914972,0.10587311538076,0.027125932127742787
621383,Tanner,Banks,PHI,143,L,0.2180534351145038,0.915773369704417,1.563870857196397,4.606923076923077,12.033333333333333,2.00974358974359,0.1762530376203513,0.3156565874065643,0.03809037497308438
694297,Brandon,Pfaadt,AZ,452,R,0.2178417789529605,0.9148844633857734,0.9793461220623797,4.502122341285827,7.535659534324315,0.7091203819913083,0.5381336138336151,0.26483595464858517,0.19703043151779964
681035,Christian,Scott,NYM,411,R,0.21772137905441505,0.9143788120038305,0.8576031350937282,4.0614149100851344,6.598898077041489,0.6466602328593543,0.6499867027663055,0.3246909894085507,0.02532230782514383
675540,Xzavion,Curry,NYM,78,R,0.2175281803542673,0.913567422701186,0.988670370282403,4.069147812971343,7.607405731523379,1.0299321266968327,0.4447487695662743,0.3939140446185626,0.16133718581516307
676760,Ron,Marinaccio,CIN,260,R,0.21729489734599738,0.9125876886902728,0.9103390949023781,3.826811763686764,7.004679270616771,0.734931782744283,0.5127110955830539,0.10849667002711741,0.1737922343898286
656234,Jake,Bird,WSH,170,R,0.21711363085132182,0.9118264118566546,0.93520049640097,4.37415233785822,7.195977375565612,0.7808898944193061,0.4968579210933835,0.46496705495835433,0.038175023948262096
663767,Chase,Shugart,PHI,186,R,0.21702151425680835,0.9114395437290371,1.279090222382268,4.267469965235669,9.842065243754549,1.3059665292262916,0.680116288547302,0.22112164399051057,0.09876206746218735
663556,Shane,McClanahan,TB,484,L,0.21661177287964245,0.9097187258869449,0.940229016569166,4.418678489968812,7.234669738863288,0.6699069031327096,0.4131823280508456,0.33434944721750454,0.2524682247316498
805123,AJ,Blubaugh,HOU,347,R,0.21612195977491094,0.9076616255380795,0.9319301312677684,4.406114115448294,7.170813281236188,0.4394487110975247,0.5351161774994931,0.25851689774408054,0.20636692475642635
605242,Michael,Fulmer,NYY,31,R,0.2159126984126984,0.9067827768158766,1.0577553977606962,4.2442089093702,8.138986175115207,0.7789554531490015,0.5655612421929216,0.2841902324774462,0.15024852532963218
676702,Hunter,Stratton,PIT,15,R,0.21583333333333332,0.9064494620660821,0.7290843913189852,4.748333333333333,5.61,0.0,0.36038961038961037,0.1696103896103896,0.0
682052,Jacob,Lopez,ATH,459,L,0.21544878293934816,0.9048344404548151,0.8999690160118536,4.250438540469011,6.924885843040306,0.7197705742741715,0.5524907312995462,0.3700059951060572,0.07750327359439672
700712,Walbert,Ureña,LAA,520,R,0.21526769082810285,0.9040738959907716,0.7943132782382654,4.147270976670621,6.1119090519207955,0.3903891535115735,0.5140969720447948,0.12139254043686135,0.3645104875183439
681190,Randy,Vásquez,SD,527,R,0.21525116310544926,0.9040044834256356,0.9003225333764538,4.422701392177743,6.927606011568149,0.3385758788004817,0.7676939992506064,0.13176221723914153,0.100543783510252
665622,Luis,Medina,ATH,272,R,0.21506324195116513,0.9032152585798672,0.867307106848391,4.177015544125786,6.673566088305825,0.5415102922187137,0.5070030305889062,0.3361870912237449,0.15680987818734893
592662,Robbie,Ray,SD,613,L,0.2146955733614937,0.9016711365937995,0.936245605815594,4.121044908596596,7.204019056180161,0.7917487416764389,0.42599287562247123,0.34264754026610644,0.23135958411142235
676775,Keaton,Winn,SF,172,R,0.21464957264957268,0.901477944374917,0.9126841950540234,3.9581511627906973,7.022723837209302,0.5714912790697675,0.3490517959901352,0.12243377785896968,0.32351442615089515
694363,Jared,Shuster,STL,43,L,0.2146198830409357,0.9013532549705405,0.8323131662868579,3.7967054263565894,6.404302325581396,0.5751550387596899,0.30537766450417053,0.0968303985171455,0.12779193697868396
641835,Tim,Mayza,PHI,236,L,0.2145874539312039,0.901217060303027,0.8359341819847439,4.416783142635585,6.432164529610192,0.4208637652366466,0.7340563417530296,0.25418598189842273,0.011757676348547717
676263,Jack,Dreyer,LAD,220,L,0.21449600951636516,0.9008330151726507,0.8562782021281431,4.19142523364486,6.588703271028037,0.38978971962616826,0.45815585134363745,0.5418441486563625,0.0
702885,,,SF,15,L,0.2142857142857143,0.89994982444509,1.3342720886883388,4.4,10.266666666666667,1.4666666666666666,0.5344827586206896,0.39655172413793105,0.06896551724137931
592773,Ryne,Stanek,STL,234,R,0.21411548012258652,0.8992348808207234,0.9631566068932274,4.298871148412552,7.411087974186213,0.7835864276996639,0.6130557534078349,0.21421019246251044,0.17273405412965465
642232,Ryan,Yarbrough,NYY,223,L,0.21391842001920158,0.8984072745286402,0.806979493668379,4.27125648938393,6.2093702915372235,0.16910669798562175,0.57817084314144,0.19730524213132733,0.22452391472723277
650633,Mike,King,SD,658,R,0.21389128254694292,0.8982933034994632,0.8214872547570168,4.154584851861278,6.321001456154557,0.4894474494865607,0.5143569866865864,0.24354721505949137,0.2420957982539222
607536,Kyle,Freeland,COL,551,L,0.2136989322615787,0.897485477340251,1.044168192360849,4.392930864995064,8.034438302193054,0.7293547291742482,0.44645801599200946,0.2556454600212449,0.0928965239867457
628452,Raisel,Iglesias,ATL,209,R,0.21363116770452062,0.8972008820678535,0.9332512988832734,4.296092731829574,7.180979114452799,0.4561169590643275,0.535863000818566,0.10764993141377154,0.35648706776766254
605288,Adrian,Houser,SF,462,R,0.21311470500149748,0.8950318596462357,0.9140543197723262,4.416494781730445,7.033266374892454,0.3326482873851294,0.7720707968458405,0.10723435309089134,0.12069485006326823
663969,Tyler,Phillips,MIA,469,R,0.21295229067205113,0.8943497574922967,0.9036456132346492,4.190233701185193,6.953175723698112,0.7476568172650262,0.3086293409913068,0.4518622562302643,0.23950840277842889
702070,Noah,Cameron,KC,638,L,0.21290129127877788,0.8941355719821892,0.9301487540142547,4.25734287428391,7.157106326991656,0.4959221104879151,0.4859771013939912,0.3111537714004825,0.2028691272055263
815081,Mark,Manfredi,COL,39,L,0.21256493506493507,0.8927229546427278,0.6666361921630924,3.959230769230769,5.12948717948718,0.0,0.6397978663672095,0.31555095451993265,0.044651179112857944
669020,Ryan,Rolison,CHC,219,L,0.21251083336428578,0.8924957401680541,1.037650173924092,4.235881578167087,7.984284871581194,0.8212639319344437,0.592285604995614,0.40304711402473437,0.004667280979651517
660787,Yerry,De los Santos,NYY,81,R,0.21244880531465898,0.89223523688365,0.8365635699724471,4.277703703703704,6.437007407407408,0.5601962962962963,0.7363336863497152,0.06934064649702798,0.19432566715325678
693686,Spencer,Miles,TOR,341,R,0.21240781836449993,0.8920631012901825,0.7574965052678497,4.429679262672812,5.82861935483871,0.12820276497695854,0.6211678492768186,0.37838000302159897,0.00045214770158251693
670280,David,Bednar,NYY,245,R,0.21235772927513016,0.8918527388433195,0.8163594508314208,4.485828106354986,6.281545145794448,0.12443701618578466,0.41145134276829015,0.147709845916156,0.4408388113155539
808970,Woo Suk,Go,MIN,22,R,0.21200000000000002,0.8903503596510091,1.1709537193910973,4.24,9.01,1.06,0.2095348837209302,0.25883720930232557,0.06162790697674418
641386,Ben,Bowden,ATH,8,L,0.21200000000000002,0.8903503596510091,0.5682569520574442,2.915,4.3725,0.0,0.371,0.03975,0.11925000000000001
665665,Reiver,Sanmartin,SF,76,L,0.21166871455772818,0.8889590383648115,0.8840949264158149,4.326920983049904,6.8027413509978,0.26052631578947366,0.43155603325946845,0.2994550283751488,0.26898893836538273
670329,Rico,Garcia,BAL,231,R,0.21092617630221663,0.8858405515589184,0.8562189201701054,4.141564453752441,6.58824712111103,0.4628339140534263,0.33419891076844965,0.41223446829899707,0.2535666209325533
663765,Jake,Woodford,CHC,122,R,0.21050167224080268,0.8840577338997051,0.9782779116118006,4.4993190416141235,7.527440100882724,0.6056242118537202,0.33872471112134817,0.11839072517179162,0.07288456370686014
656271,Brock,Burke,CIN,278,L,0.210471240888706,0.8839299293464788,0.7419311980246832,3.9820661365644323,5.708850814085573,0.2937914931212924,0.5570271131344109,0.26058611523639374,0.18238677162919537
608379,Michael,Wacha,KC,707,R,0.21036582192729236,0.8834871943926644,1.0767092866599373,4.36351877486061,8.284828436986125,0.9063033902474944,0.5416696366972558,0.1865006699100026,0.27182969339274166
687377,Orlando,Ribalta,WSH,175,R,0.20936027581478903,0.8792641361713766,0.8799495576534021,4.044159271563922,6.770844469053771,0.82917125630614,0.4020451799677079,0.3811195869546909,0.21683523307760116
595345,Steven,Okert,HOU,255,L,0.20927393919205378,0.8789015425718324,1.0390421446116709,4.335611761839703,7.994995504877279,0.6852228405736178,0.3423272827517013,0.6566898396607699,0.0009828775875287503
592288,Kent,Emanuel,CIN,23,L,0.20921052631578946,0.8786352233398114,0.8894456640899129,3.8021739130434784,6.843913043478262,0.0,0.22359375,0.38093750000000004,0.19046875000000002
805345,Trent,Harris,SF,56,R,0.20906666666666668,0.8780310464986051,0.7915278299779153,4.1188690476190475,6.09047619047619,0.0,0.5362262773722628,0.45896487226277377,0.004808850364963504
669456,Shane,Bieber,TOR,241,R,0.2088593334669071,0.8771602956072205,0.9063928904950563,4.240415028704598,6.974314875234469,0.7234064684817826,0.569300212244972,0.2634848155371474,0.16721497221788068
800311,Didier,Fuentes,ATL,250,R,0.20874112193067318,0.8766638348345753,0.7751139072254074,4.282773830935252,5.964177907673862,0.4091419664268585,0.6697611407034239,0.24612809547763,0.08411076381894628
663568,Stephen,Kolek,KC,224,R,0.2085714285714286,0.8759511624598876,1.0934302164787688,4.150535714285715,8.41348901098901,0.8195604395604397,0.3480967741935484,0.12766093189964156,0.054242293906810034
694477,Chad,Patrick,MIL,399,R,0.20801195068667738,0.8736014863471281,0.8601570343578079,3.9544191084381453,6.618549265631012,0.6707518508750312,0.929667825896887,0.06756279166622735,0.0027693824368855736
677955,Jaden,Hill,COL,147,R,0.2076930593753532,0.8722622175087928,0.9750379114732283,4.043091560948704,7.502509652509652,0.7291292057363487,0.6027748732016971,0.18135058534562506,0.21587454145267793
699134,Bradgley,Rodriguez,SD,256,R,0.20747154526250539,0.8713319101029351,0.7549625415542218,4.3464212848932675,5.8091215619868635,0.16167708333333333,0.5285157846980436,0.042663266028427065,0.4288209492735293
682995,Hunter,Barco,PIT,86,L,0.20691421254801534,0.8689912432029753,0.986971628837132,3.895146425495263,7.594334625322997,0.9802174849267873,0.4324875798655523,0.2348107600923621,0.12770166004208558
642048,Tayler,Saucedo,LAA,63,L,0.20654907804060343,0.8674577637690357,0.6600229692888069,4.278791666666667,5.078601190476191,0.19676190476190475,0.31882655846506025,0.6042957339394013,0.07687770759553855
646241,Enmanuel,De Jesus,DET,176,L,0.2063956328687692,0.8668133299769163,0.9014546536351611,4.075967741935483,6.936317204301075,0.6290591397849463,0.7847685068120608,0.029179868532822346,0.1860516246551168
689818,David,Sandlin,CWS,106,R,0.20638182061043212,0.8667553217260766,0.9733937466416527,3.9935933720367682,7.4898584905660375,1.0328797774552492,0.5229723803001974,0.2104607410034474,0.06156687869635519
674841,Andrew,Alvarez,WSH,379,L,0.20586129346999338,0.8645692296190118,0.8289399527546714,4.01184854802739,6.378346855760774,0.44958016867696954,0.4358207345541273,0.4911750224679763,0.07300424297789639
594798,Jacob,deGrom,TEX,556,R,0.20585411619918526,0.8645390867621943,0.7949538083238941,4.179116761890027,6.116837663509745,0.3444867331940899,0.4455643105524192,0.4239558822305417,0.13047980721703903
837227,Tatsuya,Imai,HOU,312,R,0.20576984481302832,0.8641851666726984,0.7503686119421695,3.7774883607810437,5.773773191578069,0.32012820512820517,0.48135255032537927,0.47771337481426535,0.04093407486035532
670036,Matt,Festa,CLE,254,R,0.2047889479366477,0.8600656294714435,0.7288355364978687,4.103206056944264,5.608085166047874,0.19513031801257402,0.6287932272438449,0.3712067727561551,0.0
608331,Max,Fried,NYY,363,L,0.20471276647053577,0.859745685151861,0.7808586041852497,4.16136507936508,6.008380952380952,0.41514862914862916,0.6155551359608148,0.26990141809209645,0.11454344594708879
680732,Sean,Burke,CWS,630,R,0.20448508830298945,0.8587894901595989,0.9303499351848371,3.947613548793973,7.158654332106573,0.6969472449720092,0.6465251735258826,0.3425076276983483,0.010967198775769309
694738,Landen,Roupp,SF,609,R,0.20399498500651717,0.8567311710733714,0.7503833843459168,3.9041814882032666,5.773886859057458,0.4093386782606383,0.5607629817351419,0.23549747446342267,0.20373954380143536
675627,Michael,Grove,TB,27,R,0.2036574074074074,0.8553134242017794,1.711786374098968,4.480462962962963,13.171481481481482,2.7530555555555556,0.4330649188514357,0.3619350811485643,0.0
686973,Louis,Varland,TOR,267,R,0.2032323058467637,0.8535280971857071,0.7687773130007959,4.14727865141716,5.9154204606302345,0.2142872070515836,0.4191821067518904,0.38763672242441555,0.19318117082369402
657649,Jared,Koenig,MIL,38,L,0.20318181818181816,0.8533160608147533,0.7698538162511288,3.770877192982456,5.923703703703704,0.36109161793372324,0.3893291925465838,0.028906832298136648,0.1117639751552795
664199,Taylor,Clarke,AZ,237,R,0.20311724531058342,0.8530448698754725,1.0070706431360639,4.206190180185999,7.748988149057091,0.9248468984112632,0.43110237142522756,0.2650880681900926,0.3038095603846797
666126,Carlos,Cortes,ATH,41,L,0.20242424242424242,0.8501344200212607,1.1080966980448277,4.072682926829268,8.526341463414635,1.30390243902439,0.7769548872180452,0.0,0.018045112781954885
702021,Will,Dion,WSH,148,L,0.2019290232108205,0.8480546152817499,1.0111760814440052,4.0066738991091935,7.780577782824842,0.9203410502939914,0.49481335448128927,0.17832036072169877,0.32686628479701196
657424,Matt,Gage,SF,123,L,0.2010526315789474,0.8443739756372529,0.945002855845184,3.6107723577235773,7.271402439024391,0.954451219512195,0.24318809027351895,0.22177817981111247,0.06503372991536857
657514,Brennan,Bernardino,COL,227,L,0.20094784091563214,0.843933879388334,0.8809438841256014,4.180649932665931,6.778495396128134,0.4850897782615844,0.5157448463825438,0.40725342040466195,0.07700173321279416
689266,Dylan,Dodd,ATL,170,L,0.20092410721644388,0.8438342034090505,0.8546680201929012,3.999970129644778,6.576313593283921,0.4284399246424233,0.9788862846470668,0.021113715352933174,0.0
670990,Yohan,Ramírez,PIT,315,R,0.2008815994690559,0.84365568082332,0.6280018153197375,3.8100841389187257,4.832211779448621,0.0838095238095238,0.40153949686060786,0.5949999304713922,0.003460572667999914
671083,Buddy,Kennedy,SF,8,R,0.19999999999999998,0.8399531694820839,0.6433097570461632,3.3,4.949999999999999,0.0,0.3,0.0,0.0
805074,Yunior,Marte,SF,39,R,0.19999999999999996,0.8399531694820838,1.09967479836951,3.948717948717949,8.461538461538462,1.1282051282051282,0.5217391304347826,0.3623188405797102,0.11594202898550726
656848,Michael,Petersen,MIA,233,R,0.19924215520547747,0.8367703987964105,0.7356113373732683,3.743823070859245,5.660222124901463,0.43661049312428835,0.6304849145787017,0.26725248171758736,0.10226260370371089
615698,Cal,Quantrill,TEX,389,R,0.19892943423304527,0.8354570439366207,0.8778917740639822,4.147589349807383,6.755010683453505,0.5747202572088125,0.6753759516581391,0.09383736228695803,0.23078668605490282
695534,Chase,Petty,CIN,137,R,0.19891666666666669,0.8354034231473894,1.020149687782174,3.9614252368801064,7.849625937135285,1.1219508238878009,0.41893023248038147,0.21238533965942108,0.16368442786019746
693713,Emiliano,Teodo,TEX,10,R,0.19874999999999998,0.8347034621728208,0.606140748861274,3.498,4.664000000000001,0.0,0.3081395348837209,0.1848837209302326,0.03697674418604651
545121,Ildemaro,Vargas,AZ,16,R,0.19874999999999998,0.8347034621728208,0.5682569520574442,3.64375,4.3725,0.0,0.35333333333333333,0.11041666666666666,0.33125
668942,Josh,Rojas,KC,4,R,0.19874999999999998,0.8347034621728208,0.5682569520574442,4.3725,4.3725,0.0,0.24461538461538465,0.36692307692307696,0.18346153846153848
681168,Luis,Curvelo,TEX,52,R,0.19825,0.8326035792491157,0.9655144729684298,3.714615384615385,7.42923076923077,0.896923076923077,0.275924935630818,0.15051990493166964,0.10355515943751237
673540,Kodai,Senga,NYM,255,R,0.19823873329253075,0.8325562617158736,0.9547556275416191,3.6843053930432936,7.346445945466794,0.9364826436903875,0.6405678252730432,0.1076261683151594,0.25180600641179735
681402,Gus,Varland,WSH,146,R,0.1973939393939394,0.8290083251524689,1.0953034027455122,3.9994606164383564,8.427902397260274,1.1070633561643837,0.31911727522867556,0.20011452368558041,0.010768201085744031
691769,Philip,Abner,AZ,64,L,0.19671428571428573,0.8261539388405926,0.729045544111434,3.844619565217392,5.609701086956521,0.20625,0.412869582935644,0.34126309693609447,0.0408673201282615
571927,Steven,Matz,TB,297,L,0.1965993817057647,0.8256713689098754,0.9114680465059509,4.056066666666667,7.013366081871345,0.7573637426900585,0.5092192632515213,0.18635377866275324,0.30442695808572545
669093,Jeremiah,Estrada,SD,125,R,0.19598572118369317,0.8230941384073753,0.6117404154789772,3.928822580645161,4.707087096774194,0.10559999999999999,0.608804639125387,0.06366759384674922,0.3275277670278638
656876,Drew,Rasmussen,TB,571,R,0.19574192434580417,0.8220702487739024,0.7284185155571274,4.039845371641344,5.604876364014235,0.2900265988556344,0.7945215850751103,0.056142445727609215,0.14933596919728048
642397,Gregory,Soto,PIT,242,L,0.1953645147123408,0.8204852166847992,0.8071231743395323,3.9658455728553874,6.210475854315371,0.2607898658718331,0.5535052659378696,0.44619383135400603,0.00030090270812437313
681151,Jayden,Murray,CHC,78,R,0.19494565217391305,0.8187260921011508,0.9567170745814738,3.8669230769230776,7.361538461538462,0.8376923076923077,0.36957535885167464,0.1304677033492823,0.02995693779904306
666200,Jesús,Luzardo,PHI,690,L,0.19423801899990045,0.8157541984644381,0.8409314686254751,3.9245331962575296,6.47061656395396,0.5583982037044359,0.43600258208899306,0.3939160100333176,0.1700814078776893
800048,Parker,Messick,CLE,629,L,0.19412105583192354,0.8152629805461638,0.8189771789283673,4.0034361308753175,6.301687470604477,0.3884421006747637,0.6297931294246149,0.13677097497925253,0.23343589559613265
453286,Max,Scherzer,TOR,246,R,0.19391523972602742,0.8143986010937742,0.8201255797154106,3.8002266191955316,6.310523935205863,0.5900988186098425,0.5484240638577391,0.2917916710828186,0.15978426505944232
680755,Braydon,Fisher,TOR,272,R,0.19346903810820687,0.8125246587781921,0.6800227332067164,3.6949009586056647,5.232491023965142,0.3992559041394335,0.23301633203734212,0.7669836679626578,0.0
623149,Paul,Sewald,TOR,187,R,0.19340683494044245,0.8122634200386144,0.9149129094174412,3.8028735246907748,7.039872863752243,0.8783608724388633,0.5581601338445816,0.44183986615541837,0.0
703725,Luis,Gastelum,STL,109,R,0.19340266875981163,0.8122459230554869,0.9164704532259752,3.796756077333748,7.051857513087649,0.6336759446431348,0.38811860217744965,0.23751158918726098,0.37436980863528946
685112,Zach,McCambley,CIN,42,R,0.1933333333333333,0.8119547304993476,0.54606137299399,3.6574285714285715,4.201714285714286,0.0,0.5869027484143763,0.20809725158562367,0.0
696270,Ryan,Johnson,LAA,335,R,0.1931597849999389,0.8112258681358829,0.8223645501087349,3.6767836416641693,6.3277518776170645,0.7264583845885142,0.5701207987184098,0.22997804549541206,0.19990115578617815
691725,Andrew,Painter,PHI,449,R,0.1930053334389535,0.8105772077449772,0.7647732635350404,3.8764467077066445,5.8846109716734745,0.48638134376948533,0.39434112400494814,0.394340348958917,0.21131852703613485
680767,Victor,Vodnik,MIA,210,R,0.1926078155712264,0.8089077257803614,0.7110430000985949,3.6113947436898255,5.471179026801978,0.13576112412177985,0.4158159919660792,0.4520887924830613,0.13209521555085954
656794,Sean,Newcomb,CWS,317,L,0.19193649397931484,0.8060883322860221,0.6224992945410146,3.8346015370130564,4.7898721793471974,0.07428553983921847,0.6115775467079134,0.3625165368507493,0.02590591644133728
605280,Clay,Holmes,CHC,323,R,0.19165038749637678,0.8048867520502561,0.6526204504912233,3.863714525283798,5.02164189886481,0.180733746130031,0.6590682929181315,0.22185136259561913,0.1190803444862494
696136,Jordan,Wicks,CHC,50,L,0.19156028368794326,0.8045083371528754,0.7748308629311568,3.95725,5.962000000000001,0.132,0.23019607843137252,0.15166666666666667,0.14813725490196078
691799,Grant,Taylor,CWS,289,R,0.19130058912468442,0.8034176807953427,0.7493985066766498,3.7201912303382896,5.766308636576803,0.4697454592696807,0.5819129436336431,0.41808705636635696,0.0
684049,Brandan,Bidois,PIT,77,R,0.19128472222222223,0.8033510435202779,0.8502085718375759,3.6525714285714286,6.542000000000001,0.9345714285714286,0.2877223264540338,0.22651407129455908,0.01576360225140713
665660,Elvis,Alvarado,ATH,187,R,0.191133770011595,0.8027170795814945,0.8586055730292652,3.7105245390070927,6.606611418439717,0.6897554943679599,0.7508970468972131,0.16680072878484262,0.08230222431794426
670062,Julian,Garcia,CIN,146,R,0.1910221851145038,0.8022484491416041,1.03151940972426,3.8571434327155516,7.937111200644642,1.1069822723609992,0.31425193279599595,0.6857480672040042,0.0
687606,Paxton,Schultz,WSH,149,R,0.1899939172749392,0.7979299649870102,0.7397933049594828,3.8508518327310277,5.692400619514713,0.22147651006711408,0.428851081416173,0.044832621573219454,0.056316297010607516
592454,Tommy,Kahnle,BOS,43,R,0.18929729729729733,0.7950043241962861,0.9534947716839259,3.6018604651162787,7.336744186046513,0.7469767441860466,0.16773809523809524,0.029535330261136715,0.33272657450076804
682989,Victor,Mederos,ATL,118,R,0.18923137254901962,0.7947274556899702,0.7150935146505203,3.6421119854721544,5.502346045197739,0.1982774414850686,0.8247137996513684,0.034189208100447635,0.14109699224818392
690997,Nolan,McLean,NYM,664,R,0.18914416840864615,0.7943612187194768,0.6946176943267918,3.6065950758552354,5.344793156418558,0.32990608478003003,0.6673801327882302,0.2823677906521348,0.05025207655963504
808967,Yoshinobu,Yamamoto,LAD,630,R,0.18884087397974303,0.7930874531352597,0.8482273067492722,3.8199211272598363,6.52675499231951,0.6345099255583126,0.5605074254358156,0.16860068675002862,0.27089188781415574
650960,Daniel,Duarte,NYM,97,R,0.18873099415204678,0.7926259835875816,0.8156935854026074,3.8935522034436105,6.2764215893171444,0.5957173464683837,0.6252494541165198,0.2785990406245745,0.09615150525890571
543135,Nathan,Eovaldi,TEX,551,R,0.1887303370786517,0.7926232240331778,0.7958839292033829,3.8448965517241382,6.123994555353901,0.4738983666061706,0.33529049762409546,0.18075908288650613,0.27895041948939836
676917,Cade,Cavalli,WSH,635,R,0.18854692090889089,0.7918529190675535,0.9025284753571073,3.7650175892293647,6.944579814133141,0.839790092608393,0.4817043729229796,0.4480897878982538,0.07020583917876651
547973,Aroldis,Chapman,BOS,195,L,0.18839149409345257,0.7912001628363039,0.8949382263537752,3.7808444187391554,6.886176016965491,0.7563003663003663,0.6738984253690807,0.19492272227088503,0.1311788523600342
641329,Bryan,Baker,TB,214,R,0.18806619742779984,0.7898339930096191,0.8368125675814273,3.6178590800806307,6.438923340052532,0.719215793170851,0.5227605761983508,0.02115272068666824,0.45608670311498095
669310,CJ,Van Eyk,TOR,34,R,0.18806451612903227,0.7898269319484758,0.7131067633662046,3.7723529411764707,5.487058823529412,0.34294117647058825,0.6683306055646481,0.18274959083469722,0.14891980360065465
642152,Lou,Trivino,PHI,35,R,0.18777777777777777,0.7886226980137343,0.6628913612288944,3.076302521008403,5.100672268907563,0.486218487394958,0.33255081300813005,0.11170731707317073,0.08574186991869918
695380,Alex,Hoppe,BAL,163,R,0.18682782702121942,0.7846331272696189,0.6124394474596603,3.639051261252037,4.7124658560211685,0.1475605424604456,0.7329641244958894,0.2634114485265848,0.0036244269775258194
807743,Sean,Sullivan,COL,113,L,0.18666666666666668,0.7839562915166117,0.9252757986544478,3.589009024796285,7.119610969946553,0.542530447735039,0.3510416165182273,0.09487897509962824,0.08407940838214448
681806,Andrew,Wantz,CHC,20,R,0.18625,0.7822063890801906,0.6782549784165722,3.336666666666667,5.218888888888889,0.32999999999999996,0.4111111111111111,0.09925925925925924,0.01962962962962963
689296,Anthony,Nunez,BAL,212,R,0.1851644988138796,0.7776475382713988,0.5917361322975938,3.517161362996339,4.553162489439594,0.15566037735849056,0.4996460600835758,0.3121711148628423,0.18818282505358191
657612,Tim,Hill,NYY,209,L,0.1850481620326981,0.777158951030995,0.8104457764583641,3.8158109559613327,6.2360418904403865,0.7474274973147155,0.9011666297529553,0.0988333702470447,0.0
689017,Landon,Knack,LAD,34,R,0.1849560117302053,0.7767719413377571,1.0737118880229786,3.8035294117647065,8.261764705882353,1.371764705882353,0.37857142857142856,0.23765873015873018,0.17876984126984127
681751,Lazaro,Estrada,TOR,55,R,0.1848051948051948,0.7761385455668867,0.602394385638746,3.1746854942233638,4.635173299101412,0.4868292682926829,0.49728300474580733,0.24548675368684253,0.052230241567350164
663878,Nate,Pearson,KC,152,R,0.18434060100241512,0.774187360381054,0.5967291989163773,3.491210681571185,4.5915820524763244,0.04342105263157894,0.5951334868921527,0.37611522925418833,0.028751283853658927
676051,Codi,Heuer,CLE,45,R,0.1843076923076923,0.7740491515688742,0.5680186891844643,3.7840000000000003,4.370666666666667,0.0,0.28349206349206346,0.13515873015873014,0.11134920634920634
676879,Aaron,Ashby,MIL,334,L,0.18348735606337427,0.7706039314265944,0.6967239061030652,3.5775079222360238,5.3609995766979965,0.4482450207943246,0.5211707345479724,0.34522311222939733,0.13360615322263025
657044,Ryan,Thompson,AZ,181,R,0.1830714285714286,0.768857133350922,0.6708763920258167,3.764609684757881,5.162113747156321,0.16892167695807606,0.33755969279502734,0.19244030720497268,0.0
681544,Wyatt,Olds,BOS,37,R,0.18250841750841748,0.7664926187167735,0.7844976467646355,3.563635571054926,6.036381865736705,0.6181865736704446,0.6397817693059628,0.34017204301075266,0.020046187683284457
700669,Gordon,Graceffo,STL,275,R,0.18225924140147864,0.7654461374128612,0.7389399572544354,3.6602351443123933,5.685834465195246,0.186578947368421,0.5163702499812516,0.3454764947227368,0.13815325529601166
621112,Paul,Blackburn,NYY,304,R,0.1819420289855072,0.7641139195418898,0.825999092492278,3.7098987742488436,6.35571816384463,0.5261307024032599,0.535945431459991,0.23732758370200077,0.22672698483800827
663795,Justin,Hagenman,NYM,12,R,0.1818181818181818,0.763593790438258,0.47652574596012104,3.666666666666667,3.666666666666667,0.0,0.7826086956521741,0.06521739130434782,0.15217391304347827
806960,Luis,Morales,ATH,89,R,0.18133445945945947,0.7615622697964671,0.8879158081647809,3.490482485128884,6.8321414408460015,0.8167481824190349,0.2978241739280476,0.19671512380295056,0.03546070226900181
663687,Hogan,Harris,ATH,272,L,0.1813300761327308,0.7615438608505741,0.6552407224013503,3.4298496874205497,5.041803797255228,0.30881404174573057,0.6430819146328514,0.33082530751938205,0.026092777847766507
666661,Juan,Morillo,AZ,219,R,0.18130912364945978,0.761455865326914,0.5537105651063045,3.4718234347499664,4.2605716254969295,0.060273972602739714,0.6861053627541981,0.08615186306086406,0.22774277418493788
695049,Brett,Kerry,LAA,54,R,0.18124581939799328,0.7611900022936091,0.8769397408293893,3.832685185185185,6.747685185185185,0.2159259259259259,0.385,0.23841836734693878,0.17158163265306123
607192,Tyler,Glasnow,LAD,189,R,0.1810606060606061,0.7604121496447654,0.5992720233801921,3.8428940568475447,4.611148025101514,0.1746031746031746,0.6029174287371192,0.3970825712628808,0.0
641941,Emilio,Pagán,CIN,141,R,0.18017476097953455,0.7566918077271847,1.0991072962409367,3.739195640892579,8.457171769590035,1.4110742086144266,0.8506513264393166,0.0,0.14934867356068338
671131,Jackson,Rutledge,WSH,12,R,0.18,0.7559578525338755,0.6433097570461632,3.3,4.949999999999999,0.0,0.21818181818181817,0.0,0.0818181818181818
682120,Tim,Herrin,CLE,198,L,0.17989903780769756,0.7555338349667641,0.763270118470168,3.520121088435374,5.873044897959184,0.43816462585034016,0.4699038316196241,0.5286521250590763,0.001444043321299639
445276,Kenley,Jansen,DET,154,R,0.17945020775244658,0.7536488538294296,0.8129152934590139,3.515549151826789,6.255043792742234,0.8466908300108734,0.8673430918097678,0.1326569081902321,0.0
607074,Carlos,Rodón,NYY,242,L,0.17826295401640319,0.7486626661365842,0.829706948902848,3.443102218944004,6.384248570901716,0.6285002151330752,0.5870695371573724,0.26518465707703215,0.14774580576559546
676477,Garrett,Whitlock,BOS,174,R,0.1778499125779449,0.7469279888097818,0.6498962192245202,3.8494099616858235,5.000680076628353,0.17195402298850573,0.5811081290843149,0.2195394365797259,0.19935243433595923
694819,Jacob,Misiorowski,MIL,590,R,0.17776973918689995,0.7465912793402001,0.7965429753944973,3.5551082529192892,6.129065640644128,0.5752852701542215,0.7838972692698182,0.21233103565842573,0.0037716950717561074
701474,Duncan,Davitt,CWS,8,R,0.1777142857142857,0.7463583877397946,1.4324363923561236,3.6740000000000004,11.022,1.8370000000000002,0.2057142857142857,0.3028571428571428,0.021428571428571425
669062,Erik,Miller,BOS,189,L,0.1771239542566379,0.7438791338453132,0.6687819179515709,3.422148960890198,5.145997643593519,0.49902685321551304,0.5546929143838046,0.4306169385693003,0.014690147046895096
471911,Carlos,Carrasco,ATL,71,R,0.1770674486803519,0.7436418236558391,0.7540753438618812,3.5891714995857495,5.802294946147473,0.5765202982601492,0.29779164303270944,0.06820760068065797,0.16400075628663263
663884,Nolan,Kingham,TEX,5,R,0.1766666666666667,0.7419586330425075,0.303070374430637,2.3320000000000003,2.3320000000000003,0.0,0.3854545454545455,0.09636363636363637,0.04818181818181819
694357,Ricky,Tiedemann,TOR,11,L,0.17666666666666667,0.7419586330425074,0.4132777833145049,3.1799999999999997,3.1799999999999997,0.0,0.3498958333333334,0.5808928571428571,0.06921130952380952
605154,John,Brebbia,COL,21,R,0.17666666666666664,0.7419586330425073,1.0102345814354563,3.886666666666666,7.773333333333332,1.1104761904761904,0.20861702127659576,0.28191489361702127,0.03946808510638297
694350,Zach,Brzykcy,MIA,11,R,0.17666666666666664,0.7419586330425073,0.55103704441934,3.1799999999999997,4.24,0.0,0.25395833333333334,0.19874999999999998,0.07729166666666668
664208,Phil,Maton,CHC,132,R,0.17662873399715506,0.7417993247125915,0.7123453414790769,3.1168000000000005,5.4812,0.6548,0.29243956043956043,0.23756043956043957,0.0
676742,Cam,Sanders,BAL,106,R,0.1766073172295431,0.7417093793034129,0.5169503728833588,3.2333122821637996,3.9777172936442824,0.12797843665768194,0.5068974923357692,0.37244587780646893,0.12065662985776186
622554,Seranthony,Domínguez,SEA,223,R,0.17656217345872519,0.7415197860365085,0.7797429899606689,3.394698363840593,5.9997967666893945,0.6928120356165701,0.6404761097285252,0.22585191168645274,0.13367197858502206
671922,Cade,Smith,CLE,249,R,0.1754599447018443,0.7368906833473265,0.7330136704511551,3.312543237465993,5.640234162456276,0.6161725936002073,0.6830838782657322,0.08842259563577937,0.2284935260984884
621345,A. J.,Minter,MIN,140,L,0.1751053705829825,0.7354015550725551,0.7753648325853641,3.619326119828462,5.966108673557919,0.5984176148335439,0.8666054594118657,0.0,0.13339454058813421
686894,Joey,Wiemer,WSH,15,R,0.17499999999999996,0.7349590232968233,0.6290139846673596,3.0799999999999996,4.84,0.44,0.15348837209302327,0.11860465116279069,0.027906976744186046
624428,Adam,Frazier,LAA,14,R,0.17499999999999996,0.7349590232968233,0.6739435550007425,3.3,5.185714285714286,0.47142857142857136,0.1733333333333333,0.02666666666666667,0.09999999999999999
695418,Brad,Lord,WSH,304,R,0.17482138636512418,0.73420888785319,0.6954619519962782,3.3559837398373986,5.351289366709456,0.5481537227214378,0.6381645386077164,0.3140323218255096,0.04780313956677396
670970,Adrián,Morejón,SD,301,L,0.17433609723609728,0.7321707871429833,0.5990339156565054,3.5379631731208403,4.609315885577218,0.251392995389842,0.6196726479291478,0.10960117114138945,0.2707261809294627
686993,Justin,Sterner,ATH,180,R,0.17414285714285713,0.731359223999043,0.936032715278809,3.4938095238095235,7.2023809523809526,0.9454761904761904,0.3743828312450013,0.15561716875499867,0.0
667652,Jack,Ralston,MIA,26,R,0.1739130434782609,0.7303940604192035,0.7697723588586569,3.384615384615385,5.9230769230769225,0.8461538461538463,0.08653846153846154,0.25961538461538464,0.653846153846154
694335,Matt,Svanson,STL,203,R,0.1738095238095238,0.7299593020499062,0.6032080419715226,3.394526546250684,4.64143404488232,0.1625615763546798,0.35606068641563754,0.17393931358436246,0.0
682982,Daniel,Espino,CLE,34,R,0.17314285714285715,0.7271594581516326,0.6376635276192409,3.5347899159663867,4.9065546218487395,0.34294117647058825,0.5653424657534247,0.43465753424657533,0.0
693645,Cam,Schlittler,NYY,669,R,0.17310028050534498,0.7269806462435114,0.7275046213557701,3.475911500023906,5.597844329683697,0.4608347365549612,0.8745029063606491,0.12549709363935083,0.0
669371,Cole,Henry,WSH,70,R,0.1726906779661017,0.725260411488185,0.9035835811491436,3.289523809523809,6.952698412698412,0.9393650793650793,0.3567263056092843,0.17327369439071566,0.0
668964,Tobias,Myers,NYM,195,R,0.1723784872016106,0.7239492833775982,0.835403743650234,3.493137973137973,6.4280830280830275,0.5455677655677655,0.30250985915492956,0.10249690140845069,0.12499323943661972
656212,Charlie,Barnes,LAD,63,L,0.1715844155844156,0.7206143685193047,0.7928600174700389,3.3788471177944865,6.100726817042606,0.7137593984962405,0.2771615606179628,0.15875621890547262,0.09408222047656453
642100,Gabe,Speier,SEA,156,L,0.17134990864451297,0.719629494282121,0.7878823604163506,3.397960622710623,6.062425824175824,0.7006950549450549,0.7595843203978798,0.2399072050258491,0.0005084745762711864
687223,Carson,Palmquist,WSH,76,L,0.17123076923076924,0.7191291366411996,0.5582875318459102,3.2218421052631587,4.29578947368421,0.15342105263157893,0.3081789137380192,0.22182108626198083,0.0
621053,Tyler,Ferguson,CHC,78,R,0.17117332198318114,0.7188878716527514,1.1293922006587813,3.2528537851037855,8.690201465201465,1.7010613553113552,0.6334943141187388,0.29304776834194224,0.07345791753931898
687941,Alec,Gamboa,BOS,97,L,0.17104290567023778,0.7183401536757066,0.7155207233480013,3.4520354662447392,5.505633237766124,0.1224498392639397,0.6052189840834165,0.3869645735280217,0.007816442388561816
669713,Hayden,Wesneski,HOU,156,R,0.17060575139146567,0.7165042080656702,0.6611959268061879,3.360023075802892,5.087626608865142,0.25645965655139963,0.5483648536305467,0.31057298582172477,0.14106216054772855
662253,Andrés,Muñoz,SEA,212,R,0.1705741342740758,0.7163714235758627,0.9429714898880406,3.406913547454764,7.2557719260751865,0.9073587246341415,0.5828869014668924,0.3120947339420313,0.10501836459107647
687330,Kevin,Kelly,TB,238,R,0.17041893143974496,0.7157196080128186,0.7533655520588861,3.619149178797202,5.79683339456001,0.551577062063441,0.6386913243525723,0.03776456722861849,0.3235441084188094
596117,Garrett,Stubbs,PHI,15,R,0.16935064935064936,0.7112330733796347,0.44793420120251376,3.4466666666666668,3.4466666666666668,0.0,0.09261786600496277,0.0,0.4373821339950372
608337,Lucas,Giolito,SD,138,R,0.16894736842105262,0.7095393879046025,0.5827008858790009,3.1778766430738123,4.483640040444894,0.3089787664307381,0.23435126981646853,0.12463612216199324,0.1710126080215382
687849,Zak,Kent,WSH,68,R,0.16852459016393442,0.7077638182193297,0.7960558802747453,3.3662588235294115,6.125317647058824,0.2911764705882353,0.22568238213399505,0.304317617866005,0.0
664126,Pete,Fairbanks,MIA,175,R,0.16848269785769787,0.7075878803423282,0.690814657743293,3.178098522167488,5.315530377668309,0.5343579638752052,0.6392525803037963,0.3511470143437084,0.009600405352495452
680730,Mitchell,Parker,WSH,174,L,0.16840535605599516,0.7072630628849599,0.6866352587765605,3.290938697318008,5.283371647509578,0.48193486590038315,0.21400507670235075,0.31418496854651806,0.0018099547511312218
695243,Mason,Miller,SD,223,R,0.16802608065684618,0.7056701950168511,0.7538749349580891,3.394777569476731,5.800752883303088,0.7515941629047498,0.5189251349945961,0.4615307246976684,0.019544140307735464
689254,Mason,Fluharty,TOR,230,L,0.16793050755483854,0.7052688103671083,0.565272477499142,3.229535714285714,4.349535714285714,0.3101739130434782,0.5146647499728129,0.37226097375691697,0.11307427627027018
605130,Scott,Barlow,ATH,149,R,0.16744868035190616,0.7032452489358796,0.8167114979031541,3.0978316985028393,6.284254001032524,0.6992978833247291,0.12765556732424202,0.402344432675758,0.0
571578,Patrick,Corbin,TOR,356,L,0.16712820512820512,0.7018993280364387,0.7168731959861794,3.391076154806492,5.516039950062423,0.5035830212234707,0.2744437422822692,0.16828263238178254,0.08727362533594828
701121,Logan,VanWey,HOU,20,R,0.167,0.7013608965175401,0.47747879745204125,3.6740000000000004,3.6740000000000004,0.0,0.3252884615384616,0.15112179487179486,0.05358974358974359
676534,Calvin,Faucher,MIA,251,R,0.1668868308750143,0.7008856126914438,0.5683546528675039,3.3361118942309855,4.373251766943525,0.06917617664933486,0.5988342633507835,0.4011657366492165,0.0
642528,Jonathan,Loáisiga,AZ,211,R,0.16654100658985774,0.6994332316694382,0.6582678035075034,3.5587342541780993,5.065095922567082,0.3376170580479635,0.6396659009198654,0.12544526190337227,0.2348888371767623
676105,Jeff,Criswell,COL,18,R,0.16625,0.6982110721319823,1.134131275385088,3.153333333333333,8.726666666666667,1.8577777777777775,0.22498312236286921,0.24017299578059073,0.06484388185654008
681911,Alex,Vesia,LAD,206,L,0.16624371063910212,0.6981846582888813,0.7999980431983971,3.2220002297373522,6.1556509449115975,0.786248644923178,0.5638694576015775,0.28641730780519686,0.14971323459322564
621097,Jacob,Waguespack,DET,138,R,0.16611320009526456,0.6976365445641454,0.7851522000130777,3.1772692921562213,6.041418379708864,0.954716362517547,0.7514640859114516,0.06651076550850145,0.18202514858004684
682274,Yaramil,Hiraldo,BAL,36,R,0.1659108169129721,0.6967865825870633,0.6813064152108782,3.0471929824561403,5.242368421052632,0.36666666666666664,0.38501439583913816,0.16868893377913996,0.24129667038172195
683004,Jack,Leiter,TEX,353,R,0.1658775654635527,0.6966469342854148,0.7627665269774865,3.266750708215297,5.869169971671388,0.7677563739376772,0.2788312361074483,0.1626697245978224,0.0884990392947293
665871,Javier,Assad,CHC,328,R,0.16522627721398214,0.6939116761380486,0.8554109217309185,3.3789843129237163,6.582029910459135,1.0114120459646205,0.578655406469294,0.15278358377271936,0.0635610097579866
657756,Connor,Seabold,KC,110,R,0.16501855287569572,0.6930392825564373,0.5710607525324116,3.1118518518518514,4.394074074074074,0.12,0.35586952338187183,0.08125793828981974,0.09287253832830841
687859,Troy,Johnston,COL,9,L,0.16482142857142856,0.6922114066356816,0.39909031224160135,3.0708333333333333,3.0708333333333333,0.0,0.0,0.3846428571428571,0.6153571428571428
605483,Blake,Snell,LAD,130,L,0.16452837140751658,0.6909806351673451,0.5449512391037644,3.187871283128636,4.193172268907563,0.0,0.5084267580295486,0.32871229515843287,0.16286094681201843
608344,Cole,Irvin,LAD,30,L,0.16307692307692306,0.6848848920392376,0.6566524779330468,3.1093333333333333,5.052666666666667,0.38866666666666666,0.37931372549019604,0.03637254901960785,0.11431372549019608
669684,Chris,Murphy,CWS,130,L,0.1630284862327116,0.684681468635162,0.5588888670577542,3.08989417989418,4.300416497083164,0.16400759734093068,0.3092458853738236,0.4703249948314797,0.015429119794696695
663978,Chris,Paddack,TEX,263,R,0.16259325441143624,0.6828535968964634,0.6930803298046277,3.3719611767060234,5.33296377826696,0.3590134080448269,0.2994431188423645,0.0860899014778325,0.14446697967980296
683769,Hunter,Gaddis,CLE,210,R,0.16230144363993923,0.6816280599844238,0.5701940566629213,3.2305363041904243,4.387405211202048,0.2766704161979752,0.24768829964715483,0.5491919000572771,0.20311980029556803
668678,Zac,Gallen,AZ,435,R,0.16222926725738845,0.6813249360779975,0.7419786173861413,3.2896619337390134,5.70921568627451,0.5211426639621366,0.22850420852937753,0.19198937765815371,0.10950641381246876
669270,Joel,Kuhnel,MIL,154,R,0.16025950668036998,0.6730524028790598,0.6714972196204125,3.0536974789915967,5.166890756302521,0.5547899159663866,0.47750296559905103,0.02387900355871886,0.02861803084223013
656302,Dylan,Cease,TOR,618,R,0.1601141555085741,0.6724419619918705,0.6388877501902717,3.1581334092522324,4.915974503422473,0.37261704191150863,0.4416687741089438,0.4346804815994414,0.12365074429161473
679775,Kyle,Backhus,PHI,93,L,0.15979084967320262,0.6710841531862087,0.6160484640607773,3.136501240694789,4.740235732009926,0.3102109181141439,0.2900395187494511,0.1811952226222886,0.05876525862826029
664875,Justin,Lawrence,WSH,175,R,0.15906103286384976,0.6680190934754225,0.7410037236140395,2.7358571428571428,5.701714285714285,0.6844285714285714,0.28385964912280703,0.246140350877193,0.0
669145,Bruce,Zimmermann,STL,21,L,0.159,0.6677627697382568,0.6494365166370792,3.331428571428571,4.997142857142857,0.0,0.29444444444444445,0.15458333333333335,0.08097222222222222
694346,Trey,Gibson,BAL,160,R,0.15884821177133202,0.667125294719458,0.6364917732962724,2.890884615384615,4.897538461538462,0.5222884615384615,0.32791083195355913,0.20208916804644084,0.0
605447,Jordan,Romano,COL,120,R,0.158485413985414,0.6656016289686434,0.6466820930944965,3.1175833333333336,4.975948717948718,0.5461217948717948,0.3930589196028853,0.6017587387464429,0.005182341650671785
669199,Lake,Bachar,PIT,314,R,0.1579515668687886,0.6633595960805015,0.801322577899733,2.974437529687086,6.165842686447926,0.9578030770366319,0.3498517858751101,0.6120415405316033,0.03810667359328664
685464,Cade,Winquest,STL,21,R,0.15789473684210525,0.6631209232753293,0.4084506393943894,3.142857142857143,3.142857142857143,0.0,0.6463414634146343,0.32926829268292684,0.024390243902439025
656577,Alex,Jackson,MIN,10,R,0.1575,0.6614631209671411,0.9363730908116378,3.2449999999999997,7.205,1.3199999999999998,0.03244755244755245,0.0,0.49755244755244754
701656,Logan,Henderson,MIL,309,R,0.15729892930623576,0.6606186711345549,0.8597843687549936,3.323201547857353,6.6156817594044615,0.8653633499245948,0.6139075650583417,0.026935992418328766,0.3591564425233296
681895,Evan,Sisk,PIT,182,L,0.15686111111111112,0.6587799372312956,0.4771564350254615,2.542832328961361,3.671519555713104,0.154140375753279,0.5606807216361267,0.36907726288562415,0.07024201547824907
605452,Joe,Ross,TEX,57,R,0.15684491978609627,0.6587119374574739,0.7219687512326933,3.1537744360902256,5.555248120300751,0.6365112781954887,0.2227282538312109,0.21527735808331536,0.09199438808547378
697812,Joe,Rock,CWS,53,L,0.15669354838709676,0.658076213025681,0.38971106569407676,2.7373788883222847,2.998663946965834,0.0,0.2944786324786325,0.21623361823361822,0.01928774928774929
694462,Hurston,Waldrep,ATL,56,R,0.15659090909090911,0.6576451520149499,0.5953168069173226,2.7067857142857146,4.5807142857142855,0.6246428571428572,0.2884186046511628,0.14051162790697674,0.10106976744186047
682254,Mason,Montgomery,PIT,236,L,0.15631422119794214,0.6564831276516753,0.5816419596143617,3.204148061562439,4.475492044937983,0.22559322033898305,0.7408135667481361,0.25187796685999475,0.007308466391869169
622694,Elieser,Hernández,ATL,38,R,0.15611764705882353,0.6556575622957208,0.5209406815165954,3.0878947368421055,4.008421052631579,0.30684210526315786,0.40529220779220776,0.3933116883116883,0.20139610389610388
650556,Bryan,Abreu,HOU,234,R,0.15608496240601505,0.6555202944071212,0.6260349213037739,2.8111701408057836,4.817077351169894,0.2803867171080286,0.5704885721577201,0.42876459485175794,0.000746832990521967
680742,Jonathan,Bowlan,PHI,206,R,0.15591922514619885,0.6548242367237018,0.8536794315829612,3.0993414434684334,6.568706816664098,1.0400827451584733,0.615788046226919,0.25910456829812084,0.12510738547496017
669438,Mason,Englert,TB,151,R,0.15540996168582374,0.6526854494354843,0.8741833587365365,3.2790446667606035,6.726475975764408,0.9316753557841342,0.24851109093743406,0.14301816547917068,0.13847074358339523
641755,Tyler,Kinley,DET,191,R,0.15511325187969927,0.6514393377251311,0.7281799277040526,2.992601149350701,5.603040530094751,0.7548264669419371,0.15688121304545677,0.8362564829922636,0.006862303962279665
681870,Erik,Sabrowski,CLE,171,L,0.1549456205894562,0.6507353255574109,0.6116798450900459,2.981283067218608,4.706621032919378,0.2294973388527498,0.6080396299673746,0.3919603700326255,0.0
663992,Richard,Lovelady,WSH,139,L,0.1547142857142857,0.6497637732493549,0.7106575863942682,2.879388489208633,5.468213429256595,0.6115947242206234,0.29257614409400123,0.23742385590599877,0.0
621381,Matt,Strahm,KC,160,L,0.15352298850574714,0.6447606039188192,0.7936861202883515,3.0654166666666667,6.107083333333334,0.8016666666666666,0.33532385466034753,0.1443677374056521,0.05030840793400035
519141,Drew,Pomeranz,CHC,129,L,0.1534782608695652,0.644572758319947,0.6956290824876247,2.9490611541774334,5.352575366063738,0.7329543496985358,0.3836455000410206,0.14635449995897942,0.0
702474,Mike,Paredes,MIN,150,R,0.15335211696618944,0.6440429834626904,0.6921291516930311,3.0499813084112146,5.325644859813084,0.5004485981308411,0.27721799710002976,0.11577439768002382,0.13700760521994643
805299,Brandyn,Garcia,AZ,154,L,0.1531964285714286,0.6433891286595356,0.6167955344798195,3.0257698412698413,4.745984126984127,0.47943650793650794,0.7046069220931237,0.2953930779068763,0.0
670167,John,Schreiber,NYY,200,R,0.15172579158245575,0.6372127976593089,0.6689230158915199,2.9799305555555553,5.147083333333334,0.34344444444444444,0.6842800321121004,0.2671730525957281,0.048546915292171464
694360,Beck,Way,KC,103,R,0.15159610983981692,0.6366681647055418,0.5625026535231674,2.965678482727478,4.328223075186273,0.4328223075186272,0.4302862143599441,0.08129902094842203,0.018414764691633913
694361,Will,Klein,LAD,187,R,0.1513793103448276,0.6357576575907498,0.4930033365280423,2.835758077879039,3.793454846727423,0.24841756420878214,0.2711944437177911,0.2588055562822089,0.0
641656,Ian,Hamilton,ATL,23,R,0.15133333333333332,0.6355645649081101,0.5038482819377258,2.986739130434782,3.8769021739130434,0.0,0.19708125445473984,0.33291874554526013,0.0
683766,Christian,Koss,SF,10,R,0.15,0.6299648771115629,0.6004224399097524,3.3,4.62,0.0,0.0,0.0,0.3
686747,Joe,La Sorsa,BOS,2,L,0.15,0.6299648771115629,1.7154926854564354,3.3,13.2,3.3,0.15,0.15,0.0
664744,Jose,Espada,BAL,4,R,0.15,0.6299648771115629,0.42887317136410885,3.3,3.3,0.0,0.12,0.16,0.02
676130,José,Buttó,SF,16,R,0.15,0.6299648771115629,0.696918903466677,2.4749999999999996,5.3625,0.825,0.19523809523809524,0.06666666666666667,0.03809523809523809
605156,Aaron,Brooks,TB,4,R,0.15,0.6299648771115629,0.8577463427282177,1.65,6.6,1.65,0.21176470588235294,0.07058823529411765,0.01764705882352941
672335,Cionel,Pérez,NYM,181,L,0.14960526315789474,0.6283070748033747,0.6146885939756167,3.0591698895027624,4.729772099447515,0.4449986187845304,0.2757928802588997,0.25420711974110033,0.0
681347,Mike,Burrows,HOU,423,R,0.14929104477611943,0.6269874311749661,0.6746721233228334,2.9951889633731663,5.191320314777033,0.5356047799475372,0.21968112933652179,0.16680033006772,0.1435185405957582
674073,Jack,Weisenburger,NYM,18,R,0.1490625,0.6260275966296156,0.5051172907177283,2.915,3.8866666666666667,0.0,0.5031645569620253,0.2717088607594937,0.020126582278481013
669194,Ryne,Nelson,AZ,351,R,0.1486978021978022,0.6244959512553198,0.6962416133370298,3.0934217506631305,5.35728853521957,0.5129442970822281,0.34203715170278637,0.18796284829721363,0.0
594835,Marco,Gonzales,TEX,28,L,0.14839999999999998,0.6232452517557061,0.48707738747780943,2.915,3.747857142857143,0.0,0.28296610169491526,0.39974576271186446,0.11228813559322035
661563,Luis,Gil,NYY,95,R,0.1482594936708861,0.6226551580733486,0.5342104415237146,2.6515789473684217,4.110526315789473,0.4168421052631579,0.7758183306055646,0.1316352973267867,0.09254637206764867
676684,Will,Vest,DET,114,R,0.1480672268907563,0.621847682616568,0.4852411510507074,2.8860526315789476,3.733728070175439,0.11578947368421053,0.31229012614180074,0.16425054371465853,0.053459330143540665
668670,Jake,Rogers,DET,12,R,0.1475,0.6194654624930368,0.5051172907177282,2.493333333333333,3.886666666666666,0.0,0.19558139534883723,0.0,0.3344186046511628
672021,Eric,Cerantola,KC,28,R,0.14725490196078428,0.6184361081186714,0.3720985324882888,1.4488571428571426,2.863142857142857,0.47142857142857136,0.33997331300038125,0.19002668699961878,0.0
673513,Yuki,Matsui,SD,217,L,0.14662008281573502,0.6157700163540113,0.5691708947762218,2.7882639213623257,4.379532407651832,0.41160638706409125,0.38533612410536966,0.32754572143049654,0.28711815446413375
810938,Ben,Williamson,TB,21,R,0.14576923076923076,0.6121966369879034,0.6205307790799378,3.1283516483516483,4.774725274725275,0.3142857142857142,0.0,0.0,0.53
663432,Tanner,Rainey,DET,31,R,0.14568181818181816,0.6118295245886542,0.403192660901379,2.2563306451612903,3.1023991935483872,0.0,0.4747299545303316,0.5161228790063214,0.009147166463347012
669330,Tyler,Wells,TB,256,R,0.1456790501511339,0.6118178995079218,0.703304356573439,2.973328418240483,5.411633395743295,0.6035792624136268,0.602065732352381,0.18759973727268842,0.21033453037493052
668716,Noah,Murdock,PIT,14,R,0.14454545454545453,0.6070570633984151,0.3247182583185396,2.4985714285714287,2.4985714285714287,0.0,0.51925,0.48074999999999996,0.0
681799,Ethan,Roberts,CHC,110,R,0.1435993208828523,0.603083523555133,0.673200917474571,2.6399999999999997,5.180000000000001,0.62,0.32111819373287265,0.20888180626712738,0.0
679358,Eric,Orze,MIN,180,R,0.1431341719077568,0.6011300067755688,0.5677463887582013,2.7447619047619045,4.368571428571428,0.15714285714285717,0.15402867442749274,0.13845348152585965,0.2375178440466476
607455,Anthony,Banda,MIN,154,L,0.14308612440191387,0.6009282185014765,0.670973004896056,2.7742857142857145,5.162857142857142,0.3695238095238095,0.3004299481097109,0.19089001111934767,0.038680040770941435
680899,Erik,Tolman,WSH,23,L,0.14285714285714285,0.5999665496300599,0.3729331924905295,2.869565217391304,2.869565217391304,0.0,0.574468085106383,0.19148936170212766,0.23404255319148937
686934,Alex,McFarlane,PHI,43,R,0.14217860828541942,0.5971168633094486,0.35954992410686765,2.7665865546654222,2.7665865546654222,0.0,0.6335380301376226,0.36646196986237745,0.0
543510,James,McCann,AZ,22,R,0.14210526315789473,0.5968088309477965,0.5458385817361385,2.7,4.199999999999999,0.3,0.005263157894736842,0.005263157894736842,0.2894736842105263
702047,Alex,Cook,TB,17,R,0.14133333333333334,0.593566906434006,0.7131067633662046,2.743529411764706,5.487058823529412,0.6858823529411765,0.3827777777777778,0.08097222222222222,0.06625
663559,Bailey,Falter,KC,57,L,0.1411764705882353,0.5929081196344121,0.5868790766035175,2.778947368421052,4.515789473684211,0.4631578947368421,0.1733333333333333,0.09666666666666666,0.03
656605,Mitch,Keller,PIT,501,R,0.14082068157103111,0.5914138890710743,0.638623215381889,2.791777135384404,4.913939018514695,0.4593289283501961,0.2990236171093599,0.18709755255119165,0.043878830339448484
689149,Chad,Dallas,TOR,46,R,0.1407142857142857,0.590967051385609,0.5076553082777333,2.6997826086956525,3.9061956521739134,0.30160326086956524,0.4765157036829576,0.5234842963170425,0.0
640454,Matt,Krook,WSH,46,L,0.14029411764705882,0.5892024438866971,0.5600213440566117,2.281304347826087,4.309130434782609,0.5069565217391304,0.25167597765363126,0.2753631284916201,0.0029608938547486035
642546,Jonathan,Hernández,LAD,107,R,0.14014722222222223,0.5885855174983275,0.5822545865733809,2.837364139840775,4.480205953617169,0.3404326756663205,0.40858397214452696,0.3756510394923604,0.010764988363112633
676467,Colton,Gordon,HOU,48,L,0.13999999999999999,0.5879672186374587,0.7505280498871906,2.8875,5.775,0.825,0.1485148514851485,0.11435643564356435,0.03712871287128713
679883,Luinder,Avila,KC,305,R,0.13910919540229882,0.5842260479113172,0.5191873860583723,2.629603319166161,3.9949301760777174,0.24517911353976926,0.28598754426669926,0.18928932540167123,0.05472313033162954
668881,Hunter,Greene,CIN,120,R,0.13846846846846847,0.5815351448171004,0.5935128165933308,2.817833333333333,4.566833333333333,0.38866666666666666,0.3080043859649123,0.16853070175438595,0.05346491228070175
547184,Michael,Kelly,ATH,32,R,0.13846153846153847,0.5815060404106736,0.5360914642051361,2.4749999999999996,4.125,0.20625,0.09421487603305785,0.20330578512396694,0.0024793388429752068
686790,Trevor,McDonald,SF,306,R,0.13814302309689763,0.5801683504603794,0.5125202123835118,2.6910221793635483,3.9436290581806492,0.2754066216650594,0.3185700625099609,0.13031963308600875,0.08111030440403039
608566,Germán,Márquez,SD,234,R,0.1380503273322422,0.5797790499537799,0.69088353874385,2.6862353223100888,5.316060388209921,0.6786101126288042,0.28692857478722905,0.2275271547467908,0.015544270465980156
678061,Ray,Kerr,ATL,25,L,0.13769480519480518,0.5782859402229736,0.728691257578568,2.66255,5.606975,0.981475,0.5909411764705883,0.4090588235294118,0.0
671212,Joe,Boyle,TB,80,R,0.13742957746478873,0.5771720458606644,0.5189365373505719,2.5245000000000006,3.9930000000000003,0.08249999999999999,0.3349094277480445,0.35793433511733225,0.10215623713462331
686218,Emmet,Sheehan,LAD,406,R,0.1373170731707317,0.5766995541687966,0.6856823311292071,2.713117624127299,5.276039267108481,0.6163461742920934,0.22722653443002644,0.21574130712355616,0.08703215844641743
681320,Nate,Lavender,NYM,44,L,0.13677529466682226,0.5744242113112166,0.4222253546828194,2.8380978260869565,3.2488478260869567,0.0,0.6620807123735675,0.25676273555669843,0.08115655206973402
676664,JP,Sears,SD,141,L,0.13664062500000002,0.5738586302438144,0.5803475255054751,2.728936170212766,4.465531914893617,0.4961702127659575,0.2695085066162571,0.1502835538752363,0.1102079395085066
657746,Joe,Ryan,MIN,518,R,0.1365766896840343,0.5735901168873783,0.6445176106477077,2.823736958843342,4.959293929187546,0.4588363591555081,0.2901564443127392,0.16662265938235302,0.0732208963049078
542888,Shawn,Armstrong,CLE,143,R,0.13644599303135888,0.5730412215491011,0.5310096336975194,2.565128205128205,4.085897435897436,0.337948717948718,0.38517158282116903,0.14482841717883096,0.0
691548,Rolddy,Muñoz,ATL,12,R,0.13636363636363638,0.5726953428286936,0.5718308951521451,2.75,4.3999999999999995,0.5499999999999999,0.11020408163265306,0.1714285714285714,0.01836734693877551
678576,Wilkin,Ramos,SF,15,R,0.13636363636363633,0.5726953428286934,0.3430985370912871,2.1999999999999997,2.6399999999999997,0.0,0.25573770491803277,0.04426229508196721,0.0
664854,Ryan,Helsley,BAL,67,R,0.13510169491525426,0.5673954842323468,0.7556198277018933,2.660597014925373,5.814179104477612,0.9855223880597015,0.20899199565866233,0.2535097001763668,0.06749830416497082
518886,Craig,Kimbrel,KC,167,R,0.13461017811154155,0.5653312287466858,0.5121868559589609,2.6014436858688517,3.941064019669336,0.2119136195693719,0.7121615982205699,0.2419483840756932,0.04589001770373695
680728,Adrian,Del Castillo,AZ,10,R,0.13333333333333333,0.5599687796547226,0.3430985370912871,2.6399999999999997,2.6399999999999997,0.0,0.15,0.0,0.15
694341,Brendan,Beck,NYY,34,R,0.13294010889292196,0.5583173290795158,1.0308172901265071,2.5635854341736697,7.931708683473389,1.4993277310924369,0.5616305265342836,0.39689503909223,0.041474434373486475
676661,Max,Lazar,PHI,35,R,0.1325,0.5564689747818806,0.7360280521886898,2.665142857142857,5.663428571428572,0.9994285714285714,0.298125,0.09937499999999999,0.1325
680474,Max,Schuemann,NYY,5,R,0.1325,0.5564689747818806,0.303070374430637,2.3320000000000003,2.3320000000000003,0.0,0.0,0.0,0.53
699008,Antwone,Kelly,PIT,36,R,0.1325,0.5564689747818806,0.6247782002588252,2.591111111111111,4.807407407407407,0.554074074074074,0.6587253743104806,0.20972813238770688,0.13154649330181245
692437,Winston,Santos,TEX,9,R,0.1325,0.5564689747818806,0.8418621511962138,2.591111111111111,6.477777777777778,1.2955555555555556,0.28909090909090907,0.1606060606060606,0.0803030303030303
682997,Tyler,Callihan,PIT,15,R,0.1325,0.5564689747818806,0.303070374430637,2.3320000000000003,2.3320000000000003,0.0,0.2891823899371069,0.12032494758909852,0.12049266247379456
623381,Thomas,Pannone,MIL,14,L,0.13249999999999998,0.5564689747818805,0.6494365166370792,2.4985714285714287,4.997142857142857,0.8328571428571427,0.36910714285714286,0.10410714285714286,0.05678571428571429
663158,Robert,Suarez,ATL,120,R,0.1319298245614035,0.5540743714478308,0.3665844488564645,2.600714285714286,2.8207142857142857,0.055,0.36900674432863273,0.0,0.16099325567136724
669211,Keegan,Akin,BAL,111,L,0.1312941176470588,0.5514045512600033,0.462101182839166,2.604324324324324,3.555675675675676,0.1783783783783784,0.26560699774266366,0.13429209932279912,0.13010090293453724
691951,Sam,Aldegheri,LAA,148,L,0.12989667049368542,0.5455356004317048,0.5832012778163673,2.4995752895752896,4.487490347490347,0.4858301158301159,0.29964683562776673,0.06983557912146715,0.16051758525076615
676596,Josh,Fleming,TOR,17,L,0.1285714285714286,0.539969894667054,0.4541010049737623,2.3294117647058825,3.4941176470588236,0.38823529411764707,0.12857142857142856,0.10129870129870129,0.07012987012987013
500743,Miguel,Rojas,LAD,23,R,0.12857142857142856,0.5399698946670539,0.6339864272339,2.582608695652174,4.878260869565216,0.5739130434782609,0.09493710691823899,0.0,0.43506289308176105
625643,Reynaldo,López,ATL,304,R,0.12855766423357665,0.5399120876710312,0.5642085420475789,2.587441084053417,4.341349175176748,0.3681500392772977,0.2904588939464112,0.22111673240134638,0.018424373652242403
669212,Eli,Morgan,KC,91,R,0.12833333333333333,0.5389699504176705,0.7716575156558618,2.4635164835164836,5.9375824175824174,1.0854945054945055,0.2073377581120944,0.15646386430678466,0.16619837758112094
696062,Wilber,Dotel,PIT,127,R,0.1272748538011696,0.5345245842283063,0.39752033488236177,2.5390679736461514,3.0587530130162297,0.10393700787401575,0.7146523831328224,0.2536696701499964,0.03167794671718122
543056,Danny,Coulombe,BOS,96,L,0.12712962962962962,0.5339146767124542,0.3512975830144245,2.279264705882353,2.7030882352941177,0.06874999999999999,0.4274997594997595,0.10250024050024051,0.0
669169,Jonathan,Heasley,TB,19,R,0.1263157894736842,0.5304967386202634,0.7223127096658675,2.778947368421052,5.557894736842104,0.694736842105263,0.1171875,0.1265625,0.056249999999999994
689520,Cody,Laweryson,MIN,76,R,0.12568181818181817,0.5278342076404459,0.5438549578175487,2.4526315789473685,4.184736842105264,0.4905263157894737,0.45730499486828596,0.0,0.07269500513171398
592094,Jason,Adam,SD,134,R,0.1256575682382134,0.5277323635554929,0.6123237296844778,2.602056384742952,4.711575456053067,0.6210834715312327,0.10310254083484574,0.24427722323049,0.18262023593466425
687075,Brandon,Sproat,MIL,412,R,0.12528222771744973,0.5261560212552404,0.539681509207301,2.3687937051843386,4.152623897455422,0.4376895742115616,0.37563790811585257,0.10692283621229179,0.047439255671855626
671382,Cameron,Foster,BAL,49,R,0.12439024390243901,0.5224098980925156,0.3851106028575672,2.289795918367347,2.963265306122449,0.1346938775510204,0.2349206349206349,0.06507936507936507,0.0
664192,Joey,Lucchesi,LAA,24,L,0.1235294117647059,0.5187946046801107,0.39313374041709975,1.9250000000000003,3.0249999999999995,0.27499999999999997,0.1972972972972973,0.08108108108108109,0.02162162162162162
676568,Ricky,Vanasco,DET,40,R,0.12352941176470587,0.5187946046801106,0.5146478056369307,2.31,3.96,0.32999999999999996,0.15352941176470586,0.0688235294117647,0.07764705882352942
702566,Owen,Murphy,ATL,29,R,0.1223076923076923,0.5136636690294282,0.5225351283286844,2.412413793103448,4.020689655172414,0.40206896551724136,0.30612068965517236,0.11422413793103448,0.1096551724137931
696146,Hagen,Smith,CWS,53,L,0.12172757475083057,0.5112273111266371,0.47756814602940884,2.21375,3.6746875000000006,0.32999999999999996,0.6480209769253821,0.31914054540005987,0.032838477674557984
700842,Eduardo,Rivera,BOS,44,L,0.1206578947368421,0.5067349055362309,0.48552112501487626,2.241764705882353,3.735882352941177,0.2988235294117647,0.27989856297548604,0.16907016060862218,0.0810312764158918
694397,Marco,Raya,MIN,25,R,0.12045454545454547,0.505880886165346,0.4849125990890191,2.3320000000000003,3.7312,0.4664,0.24380000000000002,0.1961,0.09010000000000001
656730,Trevor,Megill,MIL,204,R,0.12024604859426288,0.5050052481722389,0.36397152256346743,2.5245304774083546,2.8006089087809034,0.0,0.6077810277274261,0.39221897227257385,0.0
681432,Luke,Little,CHC,5,L,0.12,0.5039719016892503,0.8577463427282177,2.6399999999999997,6.6,1.3199999999999998,0.23684210526315788,0.0631578947368421,0.0
670912,Johan,Oviedo,BOS,17,R,0.12,0.5039719016892503,0.706379341070297,2.3294117647058825,5.435294117647058,0.7764705882352941,0.16666666666666666,0.13333333333333333,0.0
702275,JR,Ritchie,ATL,253,R,0.1197894161083003,0.5030874986528752,0.5011187559709462,2.213404029692471,3.8558996111700243,0.4404736656062213,0.26452256776769045,0.17638564513202332,0.08909178710028623
801434,Paul,Gervase,LAD,34,R,0.1184137931034483,0.4973102041381856,0.27776491671756914,2.137285067873303,2.137285067873303,0.0,0.3048813146682897,0.2159403530127815,0.009178332318928787
643410,Mark,Leiter,ATH,142,R,0.11793198529411765,0.49528672415554315,0.35972420396241084,2.2566599597585513,2.767927565392354,0.09295774647887323,0.24000367571044592,0.12448620459923268,0.1655101196903214
682668,Luisangel,Acuña,CWS,10,R,0.11777777777777779,0.494639088695005,0.7576759360765924,2.3320000000000003,5.83,1.1660000000000001,0.018928571428571427,0.5267857142857143,0.4542857142857143
642121,Cole,Sulser,TB,191,R,0.11776190476190476,0.49457242574504606,0.5420854595175403,2.4674171029668415,4.171121291448516,0.3478853984874928,0.2987354838709677,0.026605278592375367,0.20465923753665688
663465,Kolby,Allard,CLE,44,L,0.1170731707317073,0.4916799040870734,0.5263443466741337,2.4,4.05,0.3,0.20338983050847456,0.04067796610169491,0.05593220338983051
695001,Alimber,Santa,HOU,56,R,0.11699999999999999,0.49137260414701905,0.5424967128683663,2.322857142857143,4.174285714285714,0.5778571428571428,0.1699439775910364,0.36005602240896356,0.0
689690,Alek,Jacob,SD,23,R,0.11681818181818182,0.49060901035658083,0.6345514775255524,2.3547826086956523,4.8826086956521735,0.7469565217391305,0.33406403940886703,0.026773399014778324,0.16916256157635468
696070,Kendry,Rojas,MIN,127,L,0.11652797202797202,0.4893901971910736,0.4357480450947547,2.101544247267599,3.3528992831119995,0.2549817839934187,0.31413686395863527,0.145502500424354,0.07036063561701072
660271,Shohei,Ohtani,LAD,337,R,0.1156476564303856,0.4856930778093874,0.4171275986208012,2.325722763883001,3.209622721492158,0.14405256464603647,0.27970554048818286,0.2048488957768307,0.04544556373498644
605335,Brandon,Leibrandt,CIN,28,L,0.11538461538461539,0.48458836700889457,0.5514083631824257,2.357142857142857,4.242857142857143,0.47142857142857136,0.11212121212121212,0.10606060606060606,0.0818181818181818
656641,Jacob,Latz,TEX,219,L,0.11487254901960783,0.48243780817752824,0.5125273181796975,2.2871070334983306,3.943683734315644,0.14101095890410958,0.561747445122057,0.21954316062601148,0.21870939425193153
676974,Max,Meyer,MIA,458,R,0.11436007040482776,0.4802855179936467,0.5184459315066614,2.2652646614700243,3.9892249928580172,0.3476741623474677,0.17522295491808199,0.3092685077595648,0.045508537322353125
683409,Angel,Chivilli,NYY,73,R,0.1139010989010989,0.4783579451473516,0.5701206246666445,2.277753424657534,4.386840182648402,0.6146438356164383,0.1060608187134503,0.20565380116959064,0.21828538011695908
690829,Ben,Joyce,LAA,35,R,0.11366666666666665,0.47737338465565093,0.3696733568168846,2.062892857142857,2.844482142857143,0.0,0.9321296203546029,0.06787037964539719,0.0
686228,Juan,Burgos,AZ,15,R,0.11357142857142859,0.4769734069558977,0.40409383257418263,2.3320000000000003,3.1093333333333333,0.0,0.7546666666666667,0.24533333333333335,0.0
686678,Chase,Solesky,TB,17,R,0.11250000000000002,0.4724736578336723,0.5550123394123763,2.3294117647058825,4.270588235294118,0.38823529411764707,0.1913793103448276,0.07758620689655173,0.03103448275862069
813349,Connelly,Early,BOS,387,L,0.11245771670190274,0.47229607788240746,0.4519975990362822,2.1845699520118127,3.477932816537468,0.3361314138058324,0.2848436449569132,0.16263567747061342,0.08252067757247336
621121,Lance,McCullers,MIL,195,R,0.112429718875502,0.4721784935672879,0.44866731773476004,2.0476923076923077,3.4523076923076923,0.2369230769230769,0.2687190754150362,0.16210423681439398,0.0991766877705698
683618,Edgardo,Henriquez,LAD,222,R,0.11134979380353179,0.46764306113226517,0.37794853136749923,2.172843843843844,2.9081561561561564,0.029729729729729728,0.7395235090924337,0.26047649090756614,0.0
682610,Roddery,Muñoz,HOU,25,R,0.1105263157894737,0.4641846462927306,0.6175773667643168,1.848,4.752,0.7919999999999999,0.16339285714285712,0.1232142857142857,0.013392857142857142
666129,Braxton,Garrett,MIA,27,L,0.11052631578947368,0.46418464629273054,0.3494522137040887,1.7111111111111108,2.6888888888888887,0.0,0.1511627906976744,0.10930232558139534,0.03953488372093023
696147,Sam,Bachman,LAA,197,R,0.11032212885154061,0.46332710896431195,0.45093603185651904,2.0515453108096864,3.4697645002912547,0.36691686777065824,0.19173671484888305,0.26269929040735873,0.07556399474375822
624522,Keegan,Thompson,COL,54,R,0.1096153846153846,0.4603589486584498,0.492409937492125,2.3222222222222224,3.7888888888888888,0.1222222222222222,0.22615384615384615,0.05384615384615384,0.02
679885,Justin,Martinez,AZ,24,R,0.10930921052631577,0.4590730891758165,0.2511165279697743,1.9322368421052634,1.9322368421052634,0.0,0.6997326303897571,0.04171954434193184,0.25854782526831105
687531,William,Kempner,MIA,50,R,0.10930735930735931,0.4590653144896671,0.48605626087932347,2.068,3.74,0.3344,0.39299339836437086,0.11819440338949651,0.018812198246132623
682769,Eiberson,Castellano,COL,12,R,0.10909090909090909,0.45815627426295485,0.35739430947009077,2.1999999999999997,2.75,0.0,0.1714285714285714,0.11142857142857143,0.01714285714285714
668970,Gavin,Hollowell,CHC,62,R,0.10726415094339622,0.4504843177835516,0.45721153356219274,2.063908918406072,3.5180518659076534,0.31211891208096143,0.3050926141207471,0.17283073703789817,0.052076648841354725
656427,Jack,Flaherty,DET,382,R,0.10651382167172505,0.44733311053407465,0.4864169691964572,2.052801362518135,3.742775499905381,0.37294392228600265,0.28969078706528373,0.2234215985356925,0.016887614399023795
686560,Gavin,Collyer,TEX,104,R,0.10625,0.4462251212873571,0.36285476364130487,1.824336870026525,2.7920159151193635,0.06346153846153846,0.4046110792676759,0.12538892073232408,0.0
434378,Justin,Verlander,DET,19,R,0.10588235294117646,0.44468108972580905,0.5417345322494006,2.0842105263157893,4.168421052631579,0.3473684210526315,0.1275,0.1425,0.03
592836,Taijuan,Walker,PHI,114,R,0.10588235294117646,0.44468108972580905,0.5041140786209701,2.0842105263157893,3.878947368421053,0.4631578947368421,0.15707547169811323,0.07358490566037736,0.06933962264150943
669084,DL,Hall,MIL,185,L,0.10533093204131073,0.44236525106300467,0.6363965562091263,2.067254004004004,4.896805805805806,0.9075082582582583,0.47550110462874046,0.3592696015887272,0.1652292937825323
472610,Luis,García,MIN,73,R,0.10454545454545454,0.43906642950199837,0.42299819641391556,2.0794520547945203,3.2547945205479447,0.18082191780821916,0.1460377358490566,0.06,0.09396226415094339
670090,Wyatt,Mills,LAD,34,R,0.10431818181818184,0.43811193726395065,0.2200828151089769,1.6934453781512606,1.6934453781512606,0.0,0.2921155965140739,0.23788440348592607,0.0
606115,Orlando,Arcia,MIN,5,R,0.1,0.419976584741042,0.17154926854564356,1.3199999999999998,1.3199999999999998,0.0,0.06428571428571428,0.0,0.2357142857142857
694851,Andrew,Hoffmann,AZ,57,R,0.09999999999999999,0.41997658474104194,0.42134908063842275,1.8526315789473684,3.2421052631578946,0.3473684210526315,0.15458515283842794,0.06157205240174672,0.08384279475982533
672582,Angel,Zerpa,MIL,54,L,0.09999999999999999,0.41997658474104194,0.3971047883001008,1.9555555555555553,3.055555555555556,0.2444444444444444,0.21944444444444444,0.0625,0.018055555555555554
687985,Josh,White,MIA,8,R,0.09999999999999999,0.41997658474104194,0.42887317136410885,0.825,3.3,0.825,0.15348837209302327,0.13953488372093023,0.0069767441860465115
701552,Andre,Granillo,WSH,48,R,0.09999999999999999,0.41997658474104194,0.3752640249435953,1.7874999999999996,2.8875,0.27499999999999997,0.11363636363636363,0.17878787878787877,0.007575757575757575
669622,Anthony,Bender,MIA,138,R,0.09922750424448218,0.4167322834497487,0.3384368721851555,2.0163478260869567,2.6041304347826086,0.04782608695652174,0.15629560915275204,0.3603586889301175,0.013345701917130488
676962,Ben,Brown,CHC,263,R,0.09760330578512397,0.40991103023071945,0.4647040201434746,2.049277566539924,3.5757034220532318,0.2801901140684411,0.28770916334661356,0.21797366091190792,0.02431717574147853
681252,Jack,Anderson,MIN,48,R,0.09733333333333333,0.40877720914794746,0.39134676886974934,2.0075,3.01125,0.13749999999999998,0.16160714285714284,0.24089285714285716,0.1275
684320,Yariel,Rodríguez,TOR,45,R,0.0972972972972973,0.40862586623452735,0.3621595669296919,1.76,2.786666666666666,0.29333333333333333,0.10813953488372093,0.11860465116279069,0.07325581395348836
662144,Brian,Keller,PHI,11,R,0.09636363636363637,0.40470470893227684,0.6887963055241749,2.12,5.3,1.06,0.39410256410256417,0.1358974358974359,0.0
691008,Max,Rajcic,STL,39,R,0.09636363636363637,0.40470470893227684,0.5051172907177282,1.793846153846154,3.886666666666666,0.298974358974359,0.2536196319018405,0.21460122699386502,0.06177914110429448
699044,Miguel,Ullola,HOU,23,R,0.09636363636363635,0.4047047089322767,0.658848640066602,2.0278260869565217,5.069565217391304,1.0139130434782608,0.6444318181818182,0.14454545454545453,0.006022727272727273
699823,Tyler,Davis,CWS,107,R,0.095426944971537,0.40077082441417455,0.3719572925475636,1.7085981308411213,2.8620560747663553,0.3433644859813084,0.6688756922850467,0.22712705538893696,0.10399725232601642
681343,Shane,Smith,CWS,48,R,0.09473684210526316,0.39787255396519766,0.3395245939965862,1.65,2.6125,0.13749999999999998,0.1413333333333333,0.104,0.05466666666666667
676508,Ben,Casparius,LAD,23,R,0.09473684210526315,0.3978725539651976,0.33563987324147654,1.7217391304347824,2.582608695652174,0.28695652173913044,0.1636363636363636,0.1303030303030303,0.006060606060606061
676571,PJ,Poulin,WSH,152,L,0.09468920392584515,0.39767248476624506,0.36075121148616607,1.8210863697705804,2.7758299595141698,0.17368421052631575,0.29520682414698163,0.19169343832020996,0.0430997375328084
680802,Ryan,Weiss,HOU,131,R,0.09459459459459459,0.39727514772801265,0.41250396635021164,1.7633587786259541,3.174045801526718,0.40305343511450376,0.14830188679245282,0.10698113207547169,0.04471698113207547
683742,Jose,Franco,CIN,91,R,0.09416666666666666,0.3954779506311478,0.3804874802358505,1.7672527472527475,2.927692307692308,0.2175824175824176,0.23376436781609194,0.20301005747126438,0.09322557471264367
685005,Christian,Roa,HOU,42,R,0.09375,0.39372804819472684,0.3267605115155115,1.5714285714285714,2.514285714285714,0.1571428571428571,0.17191011235955053,0.10449438202247191,0.023595505617977526
683155,Joey,Estes,ATH,17,R,0.09375,0.39372804819472684,0.6054680066316831,1.9411764705882355,4.658823529411765,0.38823529411764707,0.19014084507042253,0.09295774647887323,0.016901408450704224
702056,Trey,Yesavage,TOR,378,R,0.0925974025974026,0.3888874089874843,0.44819459778500553,1.7839864689045015,3.4486703096539157,0.3681550871714806,0.24621848354540124,0.1378631290247873,0.14591838742981145
623352,Josh,Hader,HOU,140,L,0.09091679704823231,0.38182925919911054,0.36870648151790025,1.8846321810631685,2.837042441099862,0.08794930875576036,0.6435203810161672,0.35647961898383285,0.0
700413,Tyler,Uberstine,BOS,11,R,0.09,0.37797892626693774,0.5458385817361385,1.7999999999999996,4.199999999999999,0.6,0.19333333333333333,0.07333333333333333,0.03333333333333333
682445,Domingo,Gonzalez,SEA,35,R,0.08999999999999998,0.3779789262669377,0.3430985370912871,1.697142857142857,2.6399999999999997,0.18857142857142856,0.1883720930232558,0.10697674418604651,0.004651162790697674
640451,Hunter,Harvey,CHC,18,R,0.08823529411764706,0.37056757477150765,0.5241783205561331,1.8333333333333333,4.033333333333333,0.7333333333333333,0.15,0.05131578947368421,0.09868421052631579
621366,Ryan,Borucki,SF,102,L,0.08804347826086956,0.3697619930872217,0.37000822627491753,1.7470588235294118,2.847058823529412,0.19411764705882353,0.11921052631578948,0.1413157894736842,0.039473684210526314
682842,Abner,Uribe,MIL,193,R,0.08779846659364732,0.36873300145500465,0.29832240028824675,1.754300518134715,2.295466321243523,0.15759067357512954,0.5615743339002268,0.43842566609977324,0.0
680704,Nick,Sandlin,LAA,39,R,0.08709677419354839,0.3657860576776817,0.3738894314456334,1.5230769230769232,2.876923076923077,0.3384615384615384,0.06687898089171974,0.1624203821656051,0.07070063694267516
500779,Jose,Quintana,COL,174,L,0.08653846153846155,0.36344127525667097,0.38450698122299415,1.706896551724138,2.9586206896551723,0.22758620689655173,0.14716157205240174,0.08995633187772925,0.06288209606986898
701719,Tyler,Samaniego,BOS,87,L,0.08571428571428573,0.359979929778036,0.2661971408466883,1.6689655172413793,2.048275862068966,0.07586206896551724,0.22547770700636943,0.05636942675159236,0.018152866242038216
606303,Joel,Payamps,ATL,36,R,0.08437499999999999,0.3543552433752541,0.4526994586621149,1.65,3.4833333333333334,0.36666666666666664,0.15496688741721854,0.13708609271523178,0.007947019867549669
669920,Jason,Alexander,HOU,84,R,0.08399999999999999,0.3527803311824752,0.42887317136410885,1.65,3.3,0.3142857142857142,0.16153846153846152,0.03311036789297658,0.10535117056856187
543238,Anthony,Gose,KC,12,L,0.08333333333333334,0.34998048728420167,0.23826287298006052,1.8333333333333335,1.8333333333333335,0.0,0.7111111111111111,0.15555555555555556,0.13333333333333333
702281,Robby,Snelling,MIA,22,L,0.08333333333333333,0.3499804872842016,0.3508962311160891,1.5,2.7,0.3,0.12209302325581395,0.12906976744186047,0.04883720930232558
572143,Burch,Smith,DET,72,R,0.08307692307692308,0.3489036242464041,0.35739430947009077,1.65,2.75,0.18333333333333332,0.1954703832752613,0.07630662020905923,0.028222996515679444
680702,Joey,Gerber,NYM,34,R,0.083,0.3485805653350648,0.5050741662158313,1.5539366515837105,3.886334841628959,0.5833484162895928,0.5138622891016872,0.0069767441860465115,0.009160966712266301
689441,Coleman,Crow,MIL,82,R,0.08289473684210526,0.3481384847195479,0.3765715651001932,1.6902439024390243,2.897560975609756,0.16097560975609754,0.21457627118644068,0.08542372881355932,0.0
693312,Kyle,Nicolas,CIN,42,R,0.08275862068965517,0.34756682875120715,0.2450703836366336,1.257142857142857,1.8857142857142855,0.1571428571428571,0.15151515151515152,0.1484848484848485,0.0
690953,Mick,Abel,MIN,92,R,0.0825,0.34648068241135965,0.2610532347433706,1.5782608695652174,2.008695652173913,0.0,0.13865546218487396,0.1084033613445378,0.052941176470588235
656222,Jalen,Beeks,TEX,110,L,0.0815533980582524,0.34250517590531565,0.3976823952649009,1.6799999999999997,3.0599999999999996,0.35999999999999993,0.17985257985257982,0.0,0.12014742014742014
676979,Garrett,Crochet,BOS,137,L,0.08114754098360656,0.34080067122428814,0.3568725659526161,1.5897810218978101,2.745985401459854,0.2408759124087591,0.24208494208494208,0.04285714285714285,0.015057915057915056
675989,Cody,Bolton,HOU,93,R,0.08076923076923076,0.33921185690622613,0.33203084234640684,1.4903225806451612,2.554838709677419,0.21290322580645157,0.20179028132992327,0.0659846547314578,0.032225063938618924
621107,Zach,Eflin,BAL,17,R,0.08,0.33598126779283355,0.40364533775445544,1.5529411764705883,3.1058823529411765,0.38823529411764707,0.12972972972972974,0.09324324324324323,0.07702702702702702
692230,Carlos,Rodriguez,MIL,42,R,0.07894736842105263,0.33156046163766467,0.30633797954579206,1.5714285714285714,2.357142857142857,0.1571428571428571,0.16153846153846152,0.028021978021978023,0.11043956043956045
666619,Gregory,Santos,SF,22,R,0.07894736842105263,0.33156046163766467,0.3508962311160891,1.5,2.7,0.0,0.13953488372093023,0.15348837209302327,0.0069767441860465115
702153,Brian,Fitzpatrick,MIL,30,L,0.07777777777777777,0.3266484547985881,0.2287323580608581,1.5399999999999998,1.76,0.0,0.11834862385321102,0.08256880733944955,0.09908256880733946
686799,Jack,Kochanowicz,LAA,291,R,0.07768924302788845,0.32627662957969394,0.28296786564229864,1.4742268041237112,2.177319587628866,0.15876288659793816,0.1814647377938517,0.048824593128390596,0.06971066907775769
622663,Luis,Severino,ATH,269,R,0.07754237288135594,0.32565980935428257,0.32524210765159184,1.4966542750929368,2.502602230483271,0.22081784386617098,0.19723756906077347,0.08646408839779005,0.016298342541436462
666201,Alek,Manoah,LAA,39,R,0.07741935483870967,0.32514316238016144,0.35189593547824316,1.3538461538461537,2.7076923076923074,0.1692307692307692,0.13975155279503104,0.04285714285714285,0.11739130434782609
683232,Nick,Mears,KC,80,R,0.07714285714285715,0.3239819368002324,0.33237670780718437,1.485,2.5574999999999997,0.16499999999999998,0.14604105571847506,0.12228739002932551,0.03167155425219941
608371,Lucas,Sims,CWS,43,R,0.07714285714285715,0.3239819368002324,0.2792662511208151,1.3813953488372095,2.1488372093023256,0.15348837209302324,0.13859649122807016,0.15438596491228068,0.007017543859649122
678368,Valente,Bellozo,COL,45,R,0.07692307692307691,0.323058911339263,0.476525745960121,1.4666666666666666,3.6666666666666665,0.7333333333333333,0.1676470588235294,0.07764705882352942,0.054705882352941174
663494,Bryan,Torres,STL,8,R,0.0757142857142857,0.31798227130393175,0.1894189840191481,1.4575,1.4575,0.0,0.0,0.0,0.53
663967,César,Salazar,HOU,4,R,0.075,0.31498243855578145,0.8577463427282177,1.65,6.6,1.65,0.0,0.0,0.3
656686,Corbin,Martin,CHC,25,R,0.075,0.31498243855578145,0.3774083908004158,1.3199999999999998,2.904,0.528,0.16216216216216217,0.11621621621621621,0.02162162162162162
669704,Kade,Strowd,AZ,7,R,0.075,0.31498243855578145,0.1225351918183168,0.9428571428571427,0.9428571428571427,0.0,0.24375,0.056249999999999994,0.0
694753,Khristian,Curtis,PIT,39,R,0.0742929292929293,0.3120129071485216,0.27758457789145513,1.366923076923077,2.135897435897436,0.0,0.6552688172043011,0.1468921023359288,0.19783908045977014
641745,Brad,Keller,PHI,133,R,0.07372881355932202,0.30964375315653087,0.277316486746717,1.4390977443609023,2.133834586466165,0.19849624060150373,0.2374899490753149,0.2196904315196998,0.07281961940498526
678868,Eddy,Yean,WSH,39,R,0.0736111111111111,0.30914943043437804,0.42740693829961623,1.4948717948717947,3.2887179487179488,0.298974358974359,0.318,0.053000000000000005,0.159
677053,Andrew,Nardi,MIA,98,L,0.07325581395348836,0.30765726556611206,0.3325955206497171,1.4142857142857141,2.559183673469388,0.2693877551020408,0.1492063492063492,0.11587301587301586,0.034920634920634915
641585,J. P.,France,HOU,31,R,0.07200000000000001,0.30238314101355024,0.27669236862200575,1.2774193548387096,2.129032258064516,0.21290322580645157,0.15128205128205127,0.10256410256410256,0.046153846153846156
690155,Matt,Pushard,STL,30,R,0.072,0.3023831410135502,0.2001408133032508,1.3199999999999998,1.5399999999999998,0.0,0.13749999999999998,0.13999999999999999,0.0225
595014,Blake,Treinen,LAD,97,R,0.0715909090909091,0.30066505498506413,0.3094961030462641,1.4288659793814433,2.381443298969072,0.1360824742268041,0.3010398098633393,0.2273559120617944,0.00160427807486631
666711,Joel,Peguero,SF,48,R,0.07142857142857142,0.29998327481502995,0.23230630115555895,1.375,1.7874999999999996,0.0,0.23076923076923078,0.06923076923076923,0.0
801403,Chase,Dollander,COL,185,R,0.07134146341463414,0.2996174415530604,0.31064327006913833,1.3913513513513516,2.3902702702702703,0.21405405405405403,0.18492597577388964,0.08358008075370121,0.03149394347240915
608650,Dietrich,Enns,BAL,66,L,0.0709090909090909,0.2978015782709206,0.23393082074405935,1.2999999999999998,1.7999999999999996,0.0,0.19484536082474227,0.0443298969072165,0.060824742268041236
686610,Ken,Waldichuk,WSH,40,L,0.07058823529411765,0.2964540598172061,0.42887317136410885,1.3199999999999998,3.3,0.6599999999999999,0.15302013422818792,0.14295302013422817,0.004026845637583892
605540,Brandon,Woodruff,MIL,171,R,0.07057391304347826,0.29639390971811275,0.34504817569442087,1.4625885468387951,2.6550016550810986,0.2884541542535584,0.39213049128101946,0.02370724346076459,0.11416226525821596
677161,Zack,Kelly,BOS,68,R,0.06999999999999999,0.29398360931872936,0.22705050248688116,1.3588235294117645,1.7470588235294118,0.09705882352941177,0.22367491166077738,0.0657243816254417,0.01060070671378092
675911,Spencer,Strider,ATL,163,R,0.06971830985915492,0.29280057668565596,0.37361957259940776,1.3361963190184047,2.874846625766871,0.3644171779141104,0.14283646888567292,0.12633863965267728,0.03082489146164978
671109,Jake,Eder,LAD,14,L,0.06923076923076922,0.29075302020533667,0.2450703836366336,1.4142857142857141,1.8857142857142855,0.0,0.18214285714285713,0.11249999999999999,0.005357142857142856
641401,Connor,Brogdon,CLE,64,R,0.06885245901639345,0.2891642058872748,0.42887317136410885,1.44375,3.3,0.515625,0.1752808988764045,0.007865168539325843,0.11685393258426965
674370,Osvaldo,Bido,CWS,81,R,0.0671641791044776,0.28207382557234156,0.28591544757607257,1.222222222222222,2.1999999999999997,0.2444444444444444,0.14858044164037854,0.13249211356466875,0.018927444794952678
700327,Welinton,Herrera,COL,10,L,0.06666666666666667,0.2799843898273613,0.17154926854564356,1.3199999999999998,1.3199999999999998,0.0,0.18666666666666668,0.06666666666666667,0.04666666666666667
675916,James,Karinchak,ATL,36,R,0.06630967741935484,0.27848511857860836,0.3266666148168002,1.2567816091954023,2.5135632183908045,0.357816091954023,0.3261589008363202,0.20384109916367982,0.0
688883,Peyton,Pallette,CLE,97,R,0.06538461538461537,0.27460007463837355,0.23875413663568948,1.156701030927835,1.8371134020618556,0.1360824742268041,0.15678733031674208,0.13914027149321267,0.004072398190045249
673929,Jordan,Leasure,CWS,76,R,0.06521739130434782,0.2738977726572013,0.3950147630985213,1.3026315789473684,3.039473684210526,0.5210526315789473,0.16773162939297126,0.12364217252396166,0.008626198083067091
675919,Nick,Raquet,BAL,17,L,0.0642857142857143,0.269984947333527,0.3531896705351485,1.1647058823529413,2.717647058823529,0.38823529411764707,0.19654545454545452,0.32945454545454544,0.004
804619,John,Klein,MIN,18,R,0.06428571428571428,0.26998494733352696,0.3335680221720847,1.0999999999999999,2.566666666666667,0.36666666666666664,0.18292682926829268,0.032926829268292684,0.08414634146341464
666142,Cole,Ragans,KC,150,L,0.06377952755905511,0.2678590816064913,0.35453515499433,1.188,2.7279999999999998,0.44,0.18526645768025077,0.06536050156739812,0.0493730407523511
683175,Connor,Phillips,CIN,132,R,0.06237623762376237,0.26196559246223405,0.23393082074405935,1.0499999999999998,1.7999999999999996,0.15,0.14670329670329668,0.15329670329670328,0.0
804636,Jonah,Tong,NYM,46,R,0.061538461538461535,0.25844712907141043,0.2051132558697912,1.1478260869565218,1.5782608695652174,0.14347826086956522,0.19732620320855612,0.019251336898395723,0.08342245989304813
665645,Kervin,Castro,NYY,23,R,0.060549450549450545,0.25429351449704846,0.1930136456245429,1.1982028985507247,1.485159420289855,0.0,0.6641848258124854,0.13081517418751462,0.0
647315,Zach,Pop,PHI,29,R,0.06000000000000001,0.2519859508446252,0.2366196807526118,1.1379310344827587,1.8206896551724139,0.0,0.22153846153846155,0.07846153846153846,0.0
621139,Brooks,Kriske,ATH,10,R,0.06,0.25198595084462516,0.17154926854564356,1.3199999999999998,1.3199999999999998,0.0,0.15,0.0,0.15
691945,Carter,Baumler,TEX,27,R,0.06,0.25198595084462516,0.2541470645120645,0.9777777777777776,1.9555555555555553,0.2444444444444444,0.12051282051282051,0.1794871794871795,0.0
601713,Nick,Pivetta,SD,66,R,0.06,0.25198595084462516,0.20793850732805277,1.2,1.5999999999999999,0.0,0.207773851590106,0.092226148409894,0.0
663460,Kris,Bubic,KC,207,L,0.06,0.25198595084462516,0.24033472404945236,1.1478260869565218,1.8492753623188407,0.12753623188405797,0.16165228113440197,0.0784217016029593,0.059926017262638714
642759,Julian,Fernández,WSH,17,R,0.06,0.25198595084462516,0.30273400331584155,1.1647058823529413,2.3294117647058825,0.38823529411764707,0.17746478873239435,0.0,0.12253521126760564
685801,Hunter,Bigge,TB,83,R,0.05999999999999999,0.2519859508446251,0.23768874557528927,1.1132530120481927,1.8289156626506025,0.07951807228915662,0.1542319749216301,0.12978056426332288,0.01598746081504702
668831,Garrett,Stallings,MIL,30,R,0.05888888888888889,0.2473195443475025,0.1515351872153185,1.1660000000000001,1.1660000000000001,0.0,0.2910655737704918,0.026065573770491804,0.21286885245901638
676395,Robert,Garcia,TEX,34,L,0.05555555555555555,0.2333203248561344,0.15136700165792077,0.9705882352941178,1.1647058823529413,0.0,0.13333333333333333,0.07058823529411765,0.09607843137254901
668933,Graham,Ashcraft,CIN,108,R,0.054838709677419356,0.23030974001928106,0.2303207772140585,1.0388888888888888,1.7722222222222224,0.1222222222222222,0.154,0.146,0.0
702303,Riley,Martin,CHC,31,L,0.05357142857142857,0.22498745611127247,0.22135389489760457,1.064516129032258,1.7032258064516126,0.21290322580645157,0.16525423728813557,0.13474576271186442,0.0
676428,Brant,Hurter,DET,98,L,0.05232558139534884,0.2197551896900801,0.2013078151300919,1.0102040816326532,1.5489795918367346,0.0673469387755102,0.18583333333333332,0.08083333333333333,0.03333333333333333
680689,Lyon,Richardson,MIL,16,R,0.049999999999999996,0.20998829237052097,0.42887317136410885,0.825,3.3,0.825,0.36117647058823527,0.07196078431372549,0.36186274509803923
690990,Cade,Horton,CHC,26,R,0.049999999999999996,0.20998829237052097,0.23093170765759707,1.0153846153846153,1.7769230769230768,0.25384615384615383,0.17282608695652174,0.06521739130434782,0.06195652173913043
664238,Dylan,Moore,PHI,8,R,0.049999999999999996,0.20998829237052097,0.10721829284102721,0.825,0.825,0.0,0.03,0.045,0.22499999999999998
666374,Matt,Brash,SEA,61,R,0.04528301886792453,0.19017807610915108,0.14061415454560944,0.8655737704918034,1.081967213114754,0.0,0.08129770992366413,0.17862595419847327,0.04007633587786259
605218,Carl,Edwards,NYM,25,R,0.04285714285714285,0.17998996488901794,0.20585912225477226,0.7919999999999999,1.5839999999999999,0.264,0.1606060606060606,0.09090909090909091,0.048484848484848485
680951,Doug,Nikhazy,CWS,9,L,0.04285714285714285,0.17998996488901794,0.0953051491920242,0.7333333333333333,0.7333333333333333,0.0,0.18461538461538463,0.06923076923076923,0.046153846153846156
621389,Ty,Blach,CHC,9,L,0.03333333333333333,0.13999219491368065,0.0953051491920242,0.7333333333333333,0.7333333333333333,0.0,0.27,0.0,0.03
681084,Tanner,Andrews,TOR,11,R,0.03333333333333333,0.13999219491368065,0.0779769402480198,0.6,0.6,0.0,0.11162790697674418,0.06279069767441861,0.12558139534883722
664074,Cody,Ponce,TOR,10,R,0.03333333333333333,0.13999219491368065,0.17154926854564356,0.6599999999999999,1.3199999999999998,0.0,0.07659574468085105,0.14680851063829786,0.07659574468085105
592826,Vince,Velasquez,CHC,11,R,0.02727272727272727,0.11453906856573871,0.1559538804960396,0.6,1.2,0.0,0.4271124031007752,0.08893410852713178,0.013953488372093023
