game_pk,home_team,away_team,side_team,is_long,venue_id,market_id,market_slug,event_slug,contract_url,scheduled_start_utc,model_probability,market_mid_probability,executable_buy,executable_qty,est_taker_fee_per_contract,total_acquisition_cost_per_contract,expected_net_value_per_contract,max_acceptable_price,min_edge,quote_age_seconds,quote_receive_time_utc,quote_stale,home_starter_status,away_starter_status,home_lineup_status,away_lineup_status,model_version,probability_source,policy_version,policy_hash,validation_status,evidence_verdict,decision_state,actionable,stake_guidance_enabled,permitted_exposure_units,uncertainty_note,pass_reason,rules_hash,fee_version,board_generated_at_utc,demo_fixture
849829,CLE,CWS,CLE,False,polymarket_us,1153144,aec-mlb-cws-cle-2026-10-03,mlb-cws-cle-2026-10-03,https://polymarket.us/event/mlb-cws-cle-2026-10-03,2026-10-03T17:00:00Z,0.5775,0.5775,0.5800000000000001,,0.0169302,0.5969302000000001,-0.019430200000000064,0.5503008471792719,0.01,1.0,2026-10-02T21:50:39Z,False,,,,,none,market_mid_display_only,polymarket_us_game_winner_v2_frozen_v1,c5361ddb1a247394,insufficient_data,insufficient_evidence,Pass—insufficient evidence,False,False,1.0,"No invented confidence score. Uncertainty is conveyed by validation status, sample size, quote age, and calibration reports. Registered evidence gates have not passed; treat probabilities as non-actionable. Polymarket labeled history (0 dates) is below the structural floor (70).",evidence_gate_failed_or_unavailable,39083387769d2df2,us_taker_theta_0.0695_2026-09-17,2026-10-02T21:50:40Z,False
849829,CLE,CWS,CWS,True,polymarket_us,1153144,aec-mlb-cws-cle-2026-10-03,mlb-cws-cle-2026-10-03,https://polymarket.us/event/mlb-cws-cle-2026-10-03,2026-10-03T17:00:00Z,0.4225,0.4225,0.425,,0.0169840625,0.4419840625,-0.01948406250000001,0.3958784698670847,0.01,1.0,2026-10-02T21:50:39Z,False,,,,,none,market_mid_display_only,polymarket_us_game_winner_v2_frozen_v1,c5361ddb1a247394,insufficient_data,insufficient_evidence,Pass—insufficient evidence,False,False,1.0,"No invented confidence score. Uncertainty is conveyed by validation status, sample size, quote age, and calibration reports. Registered evidence gates have not passed; treat probabilities as non-actionable. Polymarket labeled history (0 dates) is below the structural floor (70).",evidence_gate_failed_or_unavailable,39083387769d2df2,us_taker_theta_0.0695_2026-09-17,2026-10-02T21:50:40Z,False
849828,LAD,ATL,LAD,False,polymarket_us,1163744,aec-mlb-atl-lad-2026-10-03,mlb-atl-lad-2026-10-03,https://polymarket.us/event/mlb-atl-lad-2026-10-03,2026-10-03T20:00:00Z,0.6625,0.6625,0.665,,0.015482862500000001,0.6804828625,-0.01798286250000003,0.6364183934774877,0.01,1.0,2026-10-02T21:50:39Z,False,,,,,none,market_mid_display_only,polymarket_us_game_winner_v2_frozen_v1,c5361ddb1a247394,insufficient_data,insufficient_evidence,Pass—insufficient evidence,False,False,1.0,"No invented confidence score. Uncertainty is conveyed by validation status, sample size, quote age, and calibration reports. Registered evidence gates have not passed; treat probabilities as non-actionable. Polymarket labeled history (0 dates) is below the structural floor (70).",evidence_gate_failed_or_unavailable,5fdbc1ac69e84e06,us_taker_theta_0.0695_2026-09-17,2026-10-02T21:50:40Z,False
849828,LAD,ATL,ATL,True,polymarket_us,1163744,aec-mlb-atl-lad-2026-10-03,mlb-atl-lad-2026-10-03,https://polymarket.us/event/mlb-atl-lad-2026-10-03,2026-10-03T20:00:00Z,0.3375,0.3375,0.34,,0.015595800000000002,0.3555958,-0.018095799999999995,0.3125666233143559,0.01,1.0,2026-10-02T21:50:39Z,False,,,,,none,market_mid_display_only,polymarket_us_game_winner_v2_frozen_v1,c5361ddb1a247394,insufficient_data,insufficient_evidence,Pass—insufficient evidence,False,False,1.0,"No invented confidence score. Uncertainty is conveyed by validation status, sample size, quote age, and calibration reports. Registered evidence gates have not passed; treat probabilities as non-actionable. Polymarket labeled history (0 dates) is below the structural floor (70).",evidence_gate_failed_or_unavailable,5fdbc1ac69e84e06,us_taker_theta_0.0695_2026-09-17,2026-10-02T21:50:40Z,False
849835,TB,NYY,TB,False,polymarket_us,1154015,aec-mlb-nyy-tb-2026-10-03,mlb-nyy-tb-2026-10-03,https://polymarket.us/event/mlb-nyy-tb-2026-10-03,2026-10-03T22:30:00Z,0.5475,0.5475,0.55,,0.01720125,0.5672012500000001,-0.019701250000000115,0.520153227605511,0.01,1.0,2026-10-02T21:50:39Z,False,,,,,none,market_mid_display_only,polymarket_us_game_winner_v2_frozen_v1,c5361ddb1a247394,insufficient_data,insufficient_evidence,Pass—insufficient evidence,False,False,1.0,"No invented confidence score. Uncertainty is conveyed by validation status, sample size, quote age, and calibration reports. Registered evidence gates have not passed; treat probabilities as non-actionable. Polymarket labeled history (0 dates) is below the structural floor (70).",evidence_gate_failed_or_unavailable,8120afd7ee772022,us_taker_theta_0.0695_2026-09-17,2026-10-02T21:50:40Z,False
849835,TB,NYY,NYY,True,polymarket_us,1154015,aec-mlb-nyy-tb-2026-10-03,mlb-nyy-tb-2026-10-03,https://polymarket.us/event/mlb-nyy-tb-2026-10-03,2026-10-03T22:30:00Z,0.4525,0.4525,0.455,,0.0172342625,0.4722342625,-0.01973426249999999,0.42551063228126484,0.01,1.0,2026-10-02T21:50:39Z,False,,,,,none,market_mid_display_only,polymarket_us_game_winner_v2_frozen_v1,c5361ddb1a247394,insufficient_data,insufficient_evidence,Pass—insufficient evidence,False,False,1.0,"No invented confidence score. Uncertainty is conveyed by validation status, sample size, quote age, and calibration reports. Registered evidence gates have not passed; treat probabilities as non-actionable. Polymarket labeled history (0 dates) is below the structural floor (70).",evidence_gate_failed_or_unavailable,8120afd7ee772022,us_taker_theta_0.0695_2026-09-17,2026-10-02T21:50:40Z,False
849830,MIL,SD,MIL,False,polymarket_us,1154971,aec-mlb-sd-mil-2026-10-03,mlb-sd-mil-2026-10-03,https://polymarket.us/event/mlb-sd-mil-2026-10-03,2026-10-04T00:30:00Z,0.6475,0.6475,0.65,,0.015811250000000002,0.6658112500000001,-0.018311250000000112,0.6211449895411165,0.01,1.0,2026-10-02T21:50:39Z,False,,,,,none,market_mid_display_only,polymarket_us_game_winner_v2_frozen_v1,c5361ddb1a247394,insufficient_data,insufficient_evidence,Pass—insufficient evidence,False,False,1.0,"No invented confidence score. Uncertainty is conveyed by validation status, sample size, quote age, and calibration reports. Registered evidence gates have not passed; treat probabilities as non-actionable. Polymarket labeled history (0 dates) is below the structural floor (70).",evidence_gate_failed_or_unavailable,4b77e91c571875d6,us_taker_theta_0.0695_2026-09-17,2026-10-02T21:50:40Z,False
849830,MIL,SD,SD,True,polymarket_us,1154971,aec-mlb-sd-mil-2026-10-03,mlb-sd-mil-2026-10-03,https://polymarket.us/event/mlb-sd-mil-2026-10-03,2026-10-04T00:30:00Z,0.35250000000000004,0.35250000000000004,0.355,,0.0159137625,0.37091376249999997,-0.01841376249999993,0.3272002528087397,0.01,1.0,2026-10-02T21:50:39Z,False,,,,,none,market_mid_display_only,polymarket_us_game_winner_v2_frozen_v1,c5361ddb1a247394,insufficient_data,insufficient_evidence,Pass—insufficient evidence,False,False,1.0,"No invented confidence score. Uncertainty is conveyed by validation status, sample size, quote age, and calibration reports. Registered evidence gates have not passed; treat probabilities as non-actionable. Polymarket labeled history (0 dates) is below the structural floor (70).",evidence_gate_failed_or_unavailable,4b77e91c571875d6,us_taker_theta_0.0695_2026-09-17,2026-10-02T21:50:40Z,False
849825,MIL,SD,MIL,False,polymarket_us,1154961,aec-mlb-sd-mil-2026-10-04,mlb-sd-mil-2026-10-04,https://polymarket.us/event/mlb-sd-mil-2026-10-04,2026-10-04T20:00:00Z,0.5475,0.5475,0.55,,0.01720125,0.5672012500000001,-0.019701250000000115,0.520153227605511,0.01,1.0,2026-10-02T21:50:39Z,False,,,,,none,market_mid_display_only,polymarket_us_game_winner_v2_frozen_v1,c5361ddb1a247394,insufficient_data,insufficient_evidence,Pass—insufficient evidence,False,False,1.0,"No invented confidence score. Uncertainty is conveyed by validation status, sample size, quote age, and calibration reports. Registered evidence gates have not passed; treat probabilities as non-actionable. Polymarket labeled history (0 dates) is below the structural floor (70).",evidence_gate_failed_or_unavailable,8c0be93c70e3d3fe,us_taker_theta_0.0695_2026-09-17,2026-10-02T21:50:40Z,False
849825,MIL,SD,SD,True,polymarket_us,1154961,aec-mlb-sd-mil-2026-10-04,mlb-sd-mil-2026-10-04,https://polymarket.us/event/mlb-sd-mil-2026-10-04,2026-10-04T20:00:00Z,0.4525,0.4525,0.455,,0.0172342625,0.4722342625,-0.01973426249999999,0.42551063228126484,0.01,1.0,2026-10-02T21:50:39Z,False,,,,,none,market_mid_display_only,polymarket_us_game_winner_v2_frozen_v1,c5361ddb1a247394,insufficient_data,insufficient_evidence,Pass—insufficient evidence,False,False,1.0,"No invented confidence score. Uncertainty is conveyed by validation status, sample size, quote age, and calibration reports. Registered evidence gates have not passed; treat probabilities as non-actionable. Polymarket labeled history (0 dates) is below the structural floor (70).",evidence_gate_failed_or_unavailable,8c0be93c70e3d3fe,us_taker_theta_0.0695_2026-09-17,2026-10-02T21:50:40Z,False
849823,LAD,ATL,LAD,False,polymarket_us,1163752,aec-mlb-atl-lad-2026-10-04,mlb-atl-lad-2026-10-04,https://polymarket.us/event/mlb-atl-lad-2026-10-04,2026-10-05T00:00:00Z,0.5925,0.5925,0.595,,0.016747762500000003,0.6117477625,-0.019247762499999932,0.565422466893621,0.01,1.0,2026-10-02T21:50:39Z,False,,,,,none,market_mid_display_only,polymarket_us_game_winner_v2_frozen_v1,c5361ddb1a247394,insufficient_data,insufficient_evidence,Pass—insufficient evidence,False,False,1.0,"No invented confidence score. Uncertainty is conveyed by validation status, sample size, quote age, and calibration reports. Registered evidence gates have not passed; treat probabilities as non-actionable. Polymarket labeled history (0 dates) is below the structural floor (70).",evidence_gate_failed_or_unavailable,70a3570e5d398f89,us_taker_theta_0.0695_2026-09-17,2026-10-02T21:50:40Z,False
849823,LAD,ATL,ATL,True,polymarket_us,1163752,aec-mlb-atl-lad-2026-10-04,mlb-atl-lad-2026-10-04,https://polymarket.us/event/mlb-atl-lad-2026-10-04,2026-10-05T00:00:00Z,0.4075,0.4075,0.41,,0.016812050000000002,0.42681205,-0.019312050000000025,0.38110741357492317,0.01,1.0,2026-10-02T21:50:39Z,False,,,,,none,market_mid_display_only,polymarket_us_game_winner_v2_frozen_v1,c5361ddb1a247394,insufficient_data,insufficient_evidence,Pass—insufficient evidence,False,False,1.0,"No invented confidence score. Uncertainty is conveyed by validation status, sample size, quote age, and calibration reports. Registered evidence gates have not passed; treat probabilities as non-actionable. Polymarket labeled history (0 dates) is below the structural floor (70).",evidence_gate_failed_or_unavailable,70a3570e5d398f89,us_taker_theta_0.0695_2026-09-17,2026-10-02T21:50:40Z,False
849834,CLE,CWS,CLE,False,polymarket_us,1163873,aec-mlb-cws-cle-2026-10-05,mlb-cws-cle-2026-10-05,https://polymarket.us/event/mlb-cws-cle-2026-10-05,2026-10-05T21:00:00Z,0.6025,0.6025,0.605,,0.016608762500000002,0.6216087625,-0.01910876249999993,0.5755213919051507,0.01,1.0,2026-10-02T21:50:39Z,False,,,,,none,market_mid_display_only,polymarket_us_game_winner_v2_frozen_v1,c5361ddb1a247394,insufficient_data,insufficient_evidence,Pass—insufficient evidence,False,False,1.0,"No invented confidence score. Uncertainty is conveyed by validation status, sample size, quote age, and calibration reports. Registered evidence gates have not passed; treat probabilities as non-actionable. Polymarket labeled history (0 dates) is below the structural floor (70).",evidence_gate_failed_or_unavailable,2a41103894d92b00,us_taker_theta_0.0695_2026-09-17,2026-10-02T21:50:40Z,False
849834,CLE,CWS,CWS,True,polymarket_us,1163873,aec-mlb-cws-cle-2026-10-05,mlb-cws-cle-2026-10-05,https://polymarket.us/event/mlb-cws-cle-2026-10-05,2026-10-05T21:00:00Z,0.39749999999999996,0.39749999999999996,0.4,,0.016680000000000004,0.41668000000000005,-0.019180000000000086,0.3712765951897403,0.01,1.0,2026-10-02T21:50:39Z,False,,,,,none,market_mid_display_only,polymarket_us_game_winner_v2_frozen_v1,c5361ddb1a247394,insufficient_data,insufficient_evidence,Pass—insufficient evidence,False,False,1.0,"No invented confidence score. Uncertainty is conveyed by validation status, sample size, quote age, and calibration reports. Registered evidence gates have not passed; treat probabilities as non-actionable. Polymarket labeled history (0 dates) is below the structural floor (70).",evidence_gate_failed_or_unavailable,2a41103894d92b00,us_taker_theta_0.0695_2026-09-17,2026-10-02T21:50:40Z,False
849839,TB,NYY,TB,False,polymarket_us,1163859,aec-mlb-nyy-tb-2026-10-05,mlb-nyy-tb-2026-10-05,https://polymarket.us/event/mlb-nyy-tb-2026-10-05,2026-10-06T00:00:00Z,0.48,0.48,0.49,,0.017368050000000003,0.50736805,-0.027368049999999977,0.452779966345691,0.01,1.0,2026-10-02T21:50:39Z,False,,,,,none,market_mid_display_only,polymarket_us_game_winner_v2_frozen_v1,c5361ddb1a247394,insufficient_data,insufficient_evidence,Pass—insufficient evidence,False,False,1.0,"No invented confidence score. Uncertainty is conveyed by validation status, sample size, quote age, and calibration reports. Registered evidence gates have not passed; treat probabilities as non-actionable. Model probability is near 0.5; edge vs market is unlikely after fees. Polymarket labeled history (0 dates) is below the structural floor (70).",evidence_gate_failed_or_unavailable,517b00a3e70caf00,us_taker_theta_0.0695_2026-09-17,2026-10-02T21:50:40Z,False
849839,TB,NYY,NYY,True,polymarket_us,1163859,aec-mlb-nyy-tb-2026-10-05,mlb-nyy-tb-2026-10-05,https://polymarket.us/event/mlb-nyy-tb-2026-10-05,2026-10-06T00:00:00Z,0.52,0.52,0.53,,0.017312450000000004,0.5473124500000001,-0.027312450000000044,0.49262877627926827,0.01,1.0,2026-10-02T21:50:39Z,False,,,,,none,market_mid_display_only,polymarket_us_game_winner_v2_frozen_v1,c5361ddb1a247394,insufficient_data,insufficient_evidence,Pass—insufficient evidence,False,False,1.0,"No invented confidence score. Uncertainty is conveyed by validation status, sample size, quote age, and calibration reports. Registered evidence gates have not passed; treat probabilities as non-actionable. Model probability is near 0.5; edge vs market is unlikely after fees. Polymarket labeled history (0 dates) is below the structural floor (70).",evidence_gate_failed_or_unavailable,517b00a3e70caf00,us_taker_theta_0.0695_2026-09-17,2026-10-02T21:50:40Z,False
849844,ATL,PHI,ATL,False,polymarket_us,1149883,aec-mlb-phi-atl-2026-10-01,mlb-phi-atl-2026-10-01,https://polymarket.us/event/mlb-phi-atl-2026-10-01,2026-10-02T00:00:00Z,,,,,,,,,0.01,,,True,,,,,,,polymarket_us_game_winner_v2_frozen_v1,c5361ddb1a247394,insufficient_data,insufficient_evidence,Game started,False,False,1.0,"No invented confidence score. Uncertainty is conveyed by validation status, sample size, quote age, and calibration reports. Registered evidence gates have not passed; treat probabilities as non-actionable. Polymarket labeled history (0 dates) is below the structural floor (70).",game_started,ffca8dea3db6fd3e,us_taker_theta_0.0695_2026-09-17,2026-10-02T21:50:40Z,False
849844,ATL,PHI,PHI,True,polymarket_us,1149883,aec-mlb-phi-atl-2026-10-01,mlb-phi-atl-2026-10-01,https://polymarket.us/event/mlb-phi-atl-2026-10-01,2026-10-02T00:00:00Z,,,,,,,,,0.01,,,True,,,,,,,polymarket_us_game_winner_v2_frozen_v1,c5361ddb1a247394,insufficient_data,insufficient_evidence,Game started,False,False,1.0,"No invented confidence score. Uncertainty is conveyed by validation status, sample size, quote age, and calibration reports. Registered evidence gates have not passed; treat probabilities as non-actionable. Polymarket labeled history (0 dates) is below the structural floor (70).",game_started,ffca8dea3db6fd3e,us_taker_theta_0.0695_2026-09-17,2026-10-02T21:50:40Z,False
849846,HOU,CWS,HOU,False,polymarket_us,1103345,aec-mlb-cws-hou-2026-09-30,mlb-cws-hou-2026-09-30,https://polymarket.us/event/mlb-cws-hou-2026-09-30,2026-09-30T21:00:00Z,,,,,,,,,0.01,,,True,,,,,,,polymarket_us_game_winner_v2_frozen_v1,c5361ddb1a247394,insufficient_data,insufficient_evidence,Game started,False,False,1.0,"No invented confidence score. Uncertainty is conveyed by validation status, sample size, quote age, and calibration reports. Registered evidence gates have not passed; treat probabilities as non-actionable. Polymarket labeled history (0 dates) is below the structural floor (70).",game_started,701ad3bbd2e1eed1,us_taker_theta_0.0695_2026-09-17,2026-10-02T21:50:40Z,False
849846,HOU,CWS,CWS,True,polymarket_us,1103345,aec-mlb-cws-hou-2026-09-30,mlb-cws-hou-2026-09-30,https://polymarket.us/event/mlb-cws-hou-2026-09-30,2026-09-30T21:00:00Z,,,,,,,,,0.01,,,True,,,,,,,polymarket_us_game_winner_v2_frozen_v1,c5361ddb1a247394,insufficient_data,insufficient_evidence,Game started,False,False,1.0,"No invented confidence score. Uncertainty is conveyed by validation status, sample size, quote age, and calibration reports. Registered evidence gates have not passed; treat probabilities as non-actionable. Polymarket labeled history (0 dates) is below the structural floor (70).",game_started,701ad3bbd2e1eed1,us_taker_theta_0.0695_2026-09-17,2026-10-02T21:50:40Z,False
849848,NYY,BOS,NYY,False,polymarket_us,1081085,aec-mlb-bos-nyy-2026-09-30,mlb-bos-nyy-2026-09-30,https://polymarket.us/event/mlb-bos-nyy-2026-09-30,2026-10-01T00:00:00Z,,,,,,,,,0.01,,,True,,,,,,,polymarket_us_game_winner_v2_frozen_v1,c5361ddb1a247394,insufficient_data,insufficient_evidence,Game started,False,False,1.0,"No invented confidence score. Uncertainty is conveyed by validation status, sample size, quote age, and calibration reports. Registered evidence gates have not passed; treat probabilities as non-actionable. Polymarket labeled history (0 dates) is below the structural floor (70).",game_started,e5a32c3e9d2aa2f0,us_taker_theta_0.0695_2026-09-17,2026-10-02T21:50:40Z,False
849848,NYY,BOS,BOS,True,polymarket_us,1081085,aec-mlb-bos-nyy-2026-09-30,mlb-bos-nyy-2026-09-30,https://polymarket.us/event/mlb-bos-nyy-2026-09-30,2026-10-01T00:00:00Z,,,,,,,,,0.01,,,True,,,,,,,polymarket_us_game_winner_v2_frozen_v1,c5361ddb1a247394,insufficient_data,insufficient_evidence,Game started,False,False,1.0,"No invented confidence score. Uncertainty is conveyed by validation status, sample size, quote age, and calibration reports. Registered evidence gates have not passed; treat probabilities as non-actionable. Polymarket labeled history (0 dates) is below the structural floor (70).",game_started,e5a32c3e9d2aa2f0,us_taker_theta_0.0695_2026-09-17,2026-10-02T21:50:40Z,False
849842,SD,CHC,SD,False,polymarket_us,1096825,aec-mlb-chc-sd-2026-09-30,mlb-chc-sd-2026-09-30,https://polymarket.us/event/mlb-chc-sd-2026-09-30,2026-10-01T02:00:00Z,,,,,,,,,0.01,,,True,,,,,,,polymarket_us_game_winner_v2_frozen_v1,c5361ddb1a247394,insufficient_data,insufficient_evidence,Game started,False,False,1.0,"No invented confidence score. Uncertainty is conveyed by validation status, sample size, quote age, and calibration reports. Registered evidence gates have not passed; treat probabilities as non-actionable. Polymarket labeled history (0 dates) is below the structural floor (70).",game_started,9b3d6a080b8a78b8,us_taker_theta_0.0695_2026-09-17,2026-10-02T21:50:40Z,False
849842,SD,CHC,CHC,True,polymarket_us,1096825,aec-mlb-chc-sd-2026-09-30,mlb-chc-sd-2026-09-30,https://polymarket.us/event/mlb-chc-sd-2026-09-30,2026-10-01T02:00:00Z,,,,,,,,,0.01,,,True,,,,,,,polymarket_us_game_winner_v2_frozen_v1,c5361ddb1a247394,insufficient_data,insufficient_evidence,Game started,False,False,1.0,"No invented confidence score. Uncertainty is conveyed by validation status, sample size, quote age, and calibration reports. Registered evidence gates have not passed; treat probabilities as non-actionable. Polymarket labeled history (0 dates) is below the structural floor (70).",game_started,9b3d6a080b8a78b8,us_taker_theta_0.0695_2026-09-17,2026-10-02T21:50:40Z,False
849841,ATL,PHI,ATL,False,polymarket_us,1103329,aec-mlb-phi-atl-2026-09-30,mlb-phi-atl-2026-09-30,https://polymarket.us/event/mlb-phi-atl-2026-09-30,2026-09-30T18:00:00Z,,,,,,,,,0.01,,,True,,,,,,,polymarket_us_game_winner_v2_frozen_v1,c5361ddb1a247394,insufficient_data,insufficient_evidence,Game started,False,False,1.0,"No invented confidence score. Uncertainty is conveyed by validation status, sample size, quote age, and calibration reports. Registered evidence gates have not passed; treat probabilities as non-actionable. Polymarket labeled history (0 dates) is below the structural floor (70).",game_started,e3a118521593a420,us_taker_theta_0.0695_2026-09-17,2026-10-02T21:50:40Z,False
849841,ATL,PHI,PHI,True,polymarket_us,1103329,aec-mlb-phi-atl-2026-09-30,mlb-phi-atl-2026-09-30,https://polymarket.us/event/mlb-phi-atl-2026-09-30,2026-09-30T18:00:00Z,,,,,,,,,0.01,,,True,,,,,,,polymarket_us_game_winner_v2_frozen_v1,c5361ddb1a247394,insufficient_data,insufficient_evidence,Game started,False,False,1.0,"No invented confidence score. Uncertainty is conveyed by validation status, sample size, quote age, and calibration reports. Registered evidence gates have not passed; treat probabilities as non-actionable. Polymarket labeled history (0 dates) is below the structural floor (70).",game_started,e3a118521593a420,us_taker_theta_0.0695_2026-09-17,2026-10-02T21:50:40Z,False
849851,NYY,BOS,NYY,False,polymarket_us,1061472,aec-mlb-bos-nyy-2026-09-29,mlb-bos-nyy-2026-09-29,https://polymarket.us/event/mlb-bos-nyy-2026-09-29,2026-09-30T00:00:00Z,,,,,,,,,0.01,,,True,,,,,,,polymarket_us_game_winner_v2_frozen_v1,c5361ddb1a247394,insufficient_data,insufficient_evidence,Game started,False,False,1.0,"No invented confidence score. Uncertainty is conveyed by validation status, sample size, quote age, and calibration reports. Registered evidence gates have not passed; treat probabilities as non-actionable. Polymarket labeled history (0 dates) is below the structural floor (70).",game_started,c114c296a7dda78b,us_taker_theta_0.0695_2026-09-17,2026-10-02T21:50:40Z,False
849851,NYY,BOS,BOS,True,polymarket_us,1061472,aec-mlb-bos-nyy-2026-09-29,mlb-bos-nyy-2026-09-29,https://polymarket.us/event/mlb-bos-nyy-2026-09-29,2026-09-30T00:00:00Z,,,,,,,,,0.01,,,True,,,,,,,polymarket_us_game_winner_v2_frozen_v1,c5361ddb1a247394,insufficient_data,insufficient_evidence,Game started,False,False,1.0,"No invented confidence score. Uncertainty is conveyed by validation status, sample size, quote age, and calibration reports. Registered evidence gates have not passed; treat probabilities as non-actionable. Polymarket labeled history (0 dates) is below the structural floor (70).",game_started,c114c296a7dda78b,us_taker_theta_0.0695_2026-09-17,2026-10-02T21:50:40Z,False
849843,SD,CHC,SD,False,polymarket_us,1096814,aec-mlb-chc-sd-2026-09-29,mlb-chc-sd-2026-09-29,https://polymarket.us/event/mlb-chc-sd-2026-09-29,2026-09-30T02:00:00Z,,,,,,,,,0.01,,,True,,,,,,,polymarket_us_game_winner_v2_frozen_v1,c5361ddb1a247394,insufficient_data,insufficient_evidence,Game started,False,False,1.0,"No invented confidence score. Uncertainty is conveyed by validation status, sample size, quote age, and calibration reports. Registered evidence gates have not passed; treat probabilities as non-actionable. Polymarket labeled history (0 dates) is below the structural floor (70).",game_started,4d167f78871d0c2a,us_taker_theta_0.0695_2026-09-17,2026-10-02T21:50:40Z,False
849843,SD,CHC,CHC,True,polymarket_us,1096814,aec-mlb-chc-sd-2026-09-29,mlb-chc-sd-2026-09-29,https://polymarket.us/event/mlb-chc-sd-2026-09-29,2026-09-30T02:00:00Z,,,,,,,,,0.01,,,True,,,,,,,polymarket_us_game_winner_v2_frozen_v1,c5361ddb1a247394,insufficient_data,insufficient_evidence,Game started,False,False,1.0,"No invented confidence score. Uncertainty is conveyed by validation status, sample size, quote age, and calibration reports. Registered evidence gates have not passed; treat probabilities as non-actionable. Polymarket labeled history (0 dates) is below the structural floor (70).",game_started,4d167f78871d0c2a,us_taker_theta_0.0695_2026-09-17,2026-10-02T21:50:40Z,False
849849,HOU,CWS,HOU,False,polymarket_us,1103336,aec-mlb-cws-hou-2026-09-29,mlb-cws-hou-2026-09-29,https://polymarket.us/event/mlb-cws-hou-2026-09-29,2026-09-29T21:00:00Z,,,,,,,,,0.01,,,True,,,,,,,polymarket_us_game_winner_v2_frozen_v1,c5361ddb1a247394,insufficient_data,insufficient_evidence,Game started,False,False,1.0,"No invented confidence score. Uncertainty is conveyed by validation status, sample size, quote age, and calibration reports. Registered evidence gates have not passed; treat probabilities as non-actionable. Polymarket labeled history (0 dates) is below the structural floor (70).",game_started,8709cc94b6012911,us_taker_theta_0.0695_2026-09-17,2026-10-02T21:50:40Z,False
849849,HOU,CWS,CWS,True,polymarket_us,1103336,aec-mlb-cws-hou-2026-09-29,mlb-cws-hou-2026-09-29,https://polymarket.us/event/mlb-cws-hou-2026-09-29,2026-09-29T21:00:00Z,,,,,,,,,0.01,,,True,,,,,,,polymarket_us_game_winner_v2_frozen_v1,c5361ddb1a247394,insufficient_data,insufficient_evidence,Game started,False,False,1.0,"No invented confidence score. Uncertainty is conveyed by validation status, sample size, quote age, and calibration reports. Registered evidence gates have not passed; treat probabilities as non-actionable. Polymarket labeled history (0 dates) is below the structural floor (70).",game_started,8709cc94b6012911,us_taker_theta_0.0695_2026-09-17,2026-10-02T21:50:40Z,False
849845,ATL,PHI,ATL,False,polymarket_us,1103324,aec-mlb-phi-atl-2026-09-29,mlb-phi-atl-2026-09-29,https://polymarket.us/event/mlb-phi-atl-2026-09-29,2026-09-29T18:00:00Z,,,,,,,,,0.01,,,True,,,,,,,polymarket_us_game_winner_v2_frozen_v1,c5361ddb1a247394,insufficient_data,insufficient_evidence,Game started,False,False,1.0,"No invented confidence score. Uncertainty is conveyed by validation status, sample size, quote age, and calibration reports. Registered evidence gates have not passed; treat probabilities as non-actionable. Polymarket labeled history (0 dates) is below the structural floor (70).",game_started,67f408251caf1bfd,us_taker_theta_0.0695_2026-09-17,2026-10-02T21:50:40Z,False
849845,ATL,PHI,PHI,True,polymarket_us,1103324,aec-mlb-phi-atl-2026-09-29,mlb-phi-atl-2026-09-29,https://polymarket.us/event/mlb-phi-atl-2026-09-29,2026-09-29T18:00:00Z,,,,,,,,,0.01,,,True,,,,,,,polymarket_us_game_winner_v2_frozen_v1,c5361ddb1a247394,insufficient_data,insufficient_evidence,Game started,False,False,1.0,"No invented confidence score. Uncertainty is conveyed by validation status, sample size, quote age, and calibration reports. Registered evidence gates have not passed; treat probabilities as non-actionable. Polymarket labeled history (0 dates) is below the structural floor (70).",game_started,67f408251caf1bfd,us_taker_theta_0.0695_2026-09-17,2026-10-02T21:50:40Z,False
823490,NYY,BAL,NYY,False,polymarket_us,1028085,aec-mlb-bal-nyy-2026-09-27,mlb-bal-nyy-2026-09-27,https://polymarket.us/event/mlb-bal-nyy-2026-09-27,2026-09-27T17:05:00Z,,,,,,,,,0.01,,,True,,,,,,,polymarket_us_game_winner_v2_frozen_v1,c5361ddb1a247394,insufficient_data,insufficient_evidence,Game started,False,False,1.0,"No invented confidence score. Uncertainty is conveyed by validation status, sample size, quote age, and calibration reports. Registered evidence gates have not passed; treat probabilities as non-actionable. Polymarket labeled history (0 dates) is below the structural floor (70).",game_started,31b4eb04bf90e051,us_taker_theta_0.0695_2026-09-17,2026-10-02T21:50:40Z,False
823490,NYY,BAL,BAL,True,polymarket_us,1028085,aec-mlb-bal-nyy-2026-09-27,mlb-bal-nyy-2026-09-27,https://polymarket.us/event/mlb-bal-nyy-2026-09-27,2026-09-27T17:05:00Z,,,,,,,,,0.01,,,True,,,,,,,polymarket_us_game_winner_v2_frozen_v1,c5361ddb1a247394,insufficient_data,insufficient_evidence,Game started,False,False,1.0,"No invented confidence score. Uncertainty is conveyed by validation status, sample size, quote age, and calibration reports. Registered evidence gates have not passed; treat probabilities as non-actionable. Polymarket labeled history (0 dates) is below the structural floor (70).",game_started,31b4eb04bf90e051,us_taker_theta_0.0695_2026-09-17,2026-10-02T21:50:40Z,False
822679,WSH,NYM,WSH,False,polymarket_us,1028039,aec-mlb-nym-wsh-2026-09-27,mlb-nym-wsh-2026-09-27,https://polymarket.us/event/mlb-nym-wsh-2026-09-27,2026-09-27T17:05:00Z,,,,,,,,,0.01,,,True,,,,,,,polymarket_us_game_winner_v2_frozen_v1,c5361ddb1a247394,insufficient_data,insufficient_evidence,Game started,False,False,1.0,"No invented confidence score. Uncertainty is conveyed by validation status, sample size, quote age, and calibration reports. Registered evidence gates have not passed; treat probabilities as non-actionable. Polymarket labeled history (0 dates) is below the structural floor (70).",game_started,8c20b795df11477a,us_taker_theta_0.0695_2026-09-17,2026-10-02T21:50:40Z,False
822679,WSH,NYM,NYM,True,polymarket_us,1028039,aec-mlb-nym-wsh-2026-09-27,mlb-nym-wsh-2026-09-27,https://polymarket.us/event/mlb-nym-wsh-2026-09-27,2026-09-27T17:05:00Z,,,,,,,,,0.01,,,True,,,,,,,polymarket_us_game_winner_v2_frozen_v1,c5361ddb1a247394,insufficient_data,insufficient_evidence,Game started,False,False,1.0,"No invented confidence score. Uncertainty is conveyed by validation status, sample size, quote age, and calibration reports. Registered evidence gates have not passed; treat probabilities as non-actionable. Polymarket labeled history (0 dates) is below the structural floor (70).",game_started,8c20b795df11477a,us_taker_theta_0.0695_2026-09-17,2026-10-02T21:50:40Z,False
823408,PHI,TB,PHI,False,polymarket_us,1028049,aec-mlb-tb-phi-2026-09-27,mlb-tb-phi-2026-09-27,https://polymarket.us/event/mlb-tb-phi-2026-09-27,2026-09-27T18:30:00Z,,,,,,,,,0.01,,,True,,,,,,,polymarket_us_game_winner_v2_frozen_v1,c5361ddb1a247394,insufficient_data,insufficient_evidence,Game started,False,False,1.0,"No invented confidence score. Uncertainty is conveyed by validation status, sample size, quote age, and calibration reports. Registered evidence gates have not passed; treat probabilities as non-actionable. Polymarket labeled history (0 dates) is below the structural floor (70).",game_started,66798328e295d94d,us_taker_theta_0.0695_2026-09-17,2026-10-02T21:50:40Z,False
823408,PHI,TB,TB,True,polymarket_us,1028049,aec-mlb-tb-phi-2026-09-27,mlb-tb-phi-2026-09-27,https://polymarket.us/event/mlb-tb-phi-2026-09-27,2026-09-27T18:30:00Z,,,,,,,,,0.01,,,True,,,,,,,polymarket_us_game_winner_v2_frozen_v1,c5361ddb1a247394,insufficient_data,insufficient_evidence,Game started,False,False,1.0,"No invented confidence score. Uncertainty is conveyed by validation status, sample size, quote age, and calibration reports. Registered evidence gates have not passed; treat probabilities as non-actionable. Polymarket labeled history (0 dates) is below the structural floor (70).",game_started,66798328e295d94d,us_taker_theta_0.0695_2026-09-17,2026-10-02T21:50:40Z,False
824705,BOS,CHC,BOS,False,polymarket_us,1014169,aec-mlb-chc-bos-2026-09-26,mlb-chc-bos-2026-09-26,https://polymarket.us/event/mlb-chc-bos-2026-09-26,2026-09-27T19:05:00Z,,,,,,,,,0.01,,,True,,,,,,,polymarket_us_game_winner_v2_frozen_v1,c5361ddb1a247394,insufficient_data,insufficient_evidence,Game started,False,False,1.0,"No invented confidence score. Uncertainty is conveyed by validation status, sample size, quote age, and calibration reports. Registered evidence gates have not passed; treat probabilities as non-actionable. Polymarket labeled history (0 dates) is below the structural floor (70).",game_started,fc0f1b29dfc92c23,us_taker_theta_0.0695_2026-09-17,2026-10-02T21:50:40Z,False
824705,BOS,CHC,CHC,True,polymarket_us,1014169,aec-mlb-chc-bos-2026-09-26,mlb-chc-bos-2026-09-26,https://polymarket.us/event/mlb-chc-bos-2026-09-26,2026-09-27T19:05:00Z,,,,,,,,,0.01,,,True,,,,,,,polymarket_us_game_winner_v2_frozen_v1,c5361ddb1a247394,insufficient_data,insufficient_evidence,Game started,False,False,1.0,"No invented confidence score. Uncertainty is conveyed by validation status, sample size, quote age, and calibration reports. Registered evidence gates have not passed; treat probabilities as non-actionable. Polymarket labeled history (0 dates) is below the structural floor (70).",game_started,fc0f1b29dfc92c23,us_taker_theta_0.0695_2026-09-17,2026-10-02T21:50:40Z,False
823164,SF,LAD,SF,False,polymarket_us,1028012,aec-mlb-lad-sf-2026-09-27,mlb-lad-sf-2026-09-27,https://polymarket.us/event/mlb-lad-sf-2026-09-27,2026-09-27T19:05:00Z,,,,,,,,,0.01,,,True,,,,,,,polymarket_us_game_winner_v2_frozen_v1,c5361ddb1a247394,insufficient_data,insufficient_evidence,Game started,False,False,1.0,"No invented confidence score. Uncertainty is conveyed by validation status, sample size, quote age, and calibration reports. Registered evidence gates have not passed; treat probabilities as non-actionable. Polymarket labeled history (0 dates) is below the structural floor (70).",game_started,c5f38567976404ff,us_taker_theta_0.0695_2026-09-17,2026-10-02T21:50:40Z,False
823164,SF,LAD,LAD,True,polymarket_us,1028012,aec-mlb-lad-sf-2026-09-27,mlb-lad-sf-2026-09-27,https://polymarket.us/event/mlb-lad-sf-2026-09-27,2026-09-27T19:05:00Z,,,,,,,,,0.01,,,True,,,,,,,polymarket_us_game_winner_v2_frozen_v1,c5361ddb1a247394,insufficient_data,insufficient_evidence,Game started,False,False,1.0,"No invented confidence score. Uncertainty is conveyed by validation status, sample size, quote age, and calibration reports. Registered evidence gates have not passed; treat probabilities as non-actionable. Polymarket labeled history (0 dates) is below the structural floor (70).",game_started,c5f38567976404ff,us_taker_theta_0.0695_2026-09-17,2026-10-02T21:50:40Z,False
824948,ATH,HOU,ATH,False,polymarket_us,1028020,aec-mlb-hou-ath-2026-09-27,mlb-hou-ath-2026-09-27,https://polymarket.us/event/mlb-hou-ath-2026-09-27,2026-09-27T19:05:00Z,,,,,,,,,0.01,,,True,,,,,,,polymarket_us_game_winner_v2_frozen_v1,c5361ddb1a247394,insufficient_data,insufficient_evidence,Game started,False,False,1.0,"No invented confidence score. Uncertainty is conveyed by validation status, sample size, quote age, and calibration reports. Registered evidence gates have not passed; treat probabilities as non-actionable. Polymarket labeled history (0 dates) is below the structural floor (70).",game_started,931ea79f44eb4831,us_taker_theta_0.0695_2026-09-17,2026-10-02T21:50:40Z,False
824948,ATH,HOU,HOU,True,polymarket_us,1028020,aec-mlb-hou-ath-2026-09-27,mlb-hou-ath-2026-09-27,https://polymarket.us/event/mlb-hou-ath-2026-09-27,2026-09-27T19:05:00Z,,,,,,,,,0.01,,,True,,,,,,,polymarket_us_game_winner_v2_frozen_v1,c5361ddb1a247394,insufficient_data,insufficient_evidence,Game started,False,False,1.0,"No invented confidence score. Uncertainty is conveyed by validation status, sample size, quote age, and calibration reports. Registered evidence gates have not passed; treat probabilities as non-actionable. Polymarket labeled history (0 dates) is below the structural floor (70).",game_started,931ea79f44eb4831,us_taker_theta_0.0695_2026-09-17,2026-10-02T21:50:40Z,False
822761,TOR,CIN,TOR,False,polymarket_us,1028069,aec-mlb-cin-tor-2026-09-27,mlb-cin-tor-2026-09-27,https://polymarket.us/event/mlb-cin-tor-2026-09-27,2026-09-27T19:07:00Z,,,,,,,,,0.01,,,True,,,,,,,polymarket_us_game_winner_v2_frozen_v1,c5361ddb1a247394,insufficient_data,insufficient_evidence,Game started,False,False,1.0,"No invented confidence score. Uncertainty is conveyed by validation status, sample size, quote age, and calibration reports. Registered evidence gates have not passed; treat probabilities as non-actionable. Polymarket labeled history (0 dates) is below the structural floor (70).",game_started,52ddcaec01c4ee78,us_taker_theta_0.0695_2026-09-17,2026-10-02T21:50:40Z,False
822761,TOR,CIN,CIN,True,polymarket_us,1028069,aec-mlb-cin-tor-2026-09-27,mlb-cin-tor-2026-09-27,https://polymarket.us/event/mlb-cin-tor-2026-09-27,2026-09-27T19:07:00Z,,,,,,,,,0.01,,,True,,,,,,,polymarket_us_game_winner_v2_frozen_v1,c5361ddb1a247394,insufficient_data,insufficient_evidence,Game started,False,False,1.0,"No invented confidence score. Uncertainty is conveyed by validation status, sample size, quote age, and calibration reports. Registered evidence gates have not passed; treat probabilities as non-actionable. Polymarket labeled history (0 dates) is below the structural floor (70).",game_started,52ddcaec01c4ee78,us_taker_theta_0.0695_2026-09-17,2026-10-02T21:50:40Z,False
823246,SD,AZ,SD,False,polymarket_us,1028080,aec-mlb-az-sd-2026-09-27,mlb-az-sd-2026-09-27,https://polymarket.us/event/mlb-az-sd-2026-09-27,2026-09-27T19:10:00Z,,,,,,,,,0.01,,,True,,,,,,,polymarket_us_game_winner_v2_frozen_v1,c5361ddb1a247394,insufficient_data,insufficient_evidence,Game started,False,False,1.0,"No invented confidence score. Uncertainty is conveyed by validation status, sample size, quote age, and calibration reports. Registered evidence gates have not passed; treat probabilities as non-actionable. Polymarket labeled history (0 dates) is below the structural floor (70).",game_started,f59e1171464620ab,us_taker_theta_0.0695_2026-09-17,2026-10-02T21:50:40Z,False
823246,SD,AZ,AZ,True,polymarket_us,1028080,aec-mlb-az-sd-2026-09-27,mlb-az-sd-2026-09-27,https://polymarket.us/event/mlb-az-sd-2026-09-27,2026-09-27T19:10:00Z,,,,,,,,,0.01,,,True,,,,,,,polymarket_us_game_winner_v2_frozen_v1,c5361ddb1a247394,insufficient_data,insufficient_evidence,Game started,False,False,1.0,"No invented confidence score. Uncertainty is conveyed by validation status, sample size, quote age, and calibration reports. Registered evidence gates have not passed; treat probabilities as non-actionable. Polymarket labeled history (0 dates) is below the structural floor (70).",game_started,f59e1171464620ab,us_taker_theta_0.0695_2026-09-17,2026-10-02T21:50:40Z,False
824217,DET,PIT,DET,False,polymarket_us,1028029,aec-mlb-pit-det-2026-09-27,mlb-pit-det-2026-09-27,https://polymarket.us/event/mlb-pit-det-2026-09-27,2026-09-27T19:10:00Z,,,,,,,,,0.01,,,True,,,,,,,polymarket_us_game_winner_v2_frozen_v1,c5361ddb1a247394,insufficient_data,insufficient_evidence,Game started,False,False,1.0,"No invented confidence score. Uncertainty is conveyed by validation status, sample size, quote age, and calibration reports. Registered evidence gates have not passed; treat probabilities as non-actionable. Polymarket labeled history (0 dates) is below the structural floor (70).",game_started,8557d7cd3f6cbe4f,us_taker_theta_0.0695_2026-09-17,2026-10-02T21:50:40Z,False
824217,DET,PIT,PIT,True,polymarket_us,1028029,aec-mlb-pit-det-2026-09-27,mlb-pit-det-2026-09-27,https://polymarket.us/event/mlb-pit-det-2026-09-27,2026-09-27T19:10:00Z,,,,,,,,,0.01,,,True,,,,,,,polymarket_us_game_winner_v2_frozen_v1,c5361ddb1a247394,insufficient_data,insufficient_evidence,Game started,False,False,1.0,"No invented confidence score. Uncertainty is conveyed by validation status, sample size, quote age, and calibration reports. Registered evidence gates have not passed; treat probabilities as non-actionable. Polymarket labeled history (0 dates) is below the structural floor (70).",game_started,8557d7cd3f6cbe4f,us_taker_theta_0.0695_2026-09-17,2026-10-02T21:50:40Z,False
823084,SEA,LAA,SEA,False,polymarket_us,1028090,aec-mlb-laa-sea-2026-09-27,mlb-laa-sea-2026-09-27,https://polymarket.us/event/mlb-laa-sea-2026-09-27,2026-09-27T19:10:00Z,,,,,,,,,0.01,,,True,,,,,,,polymarket_us_game_winner_v2_frozen_v1,c5361ddb1a247394,insufficient_data,insufficient_evidence,Game started,False,False,1.0,"No invented confidence score. Uncertainty is conveyed by validation status, sample size, quote age, and calibration reports. Registered evidence gates have not passed; treat probabilities as non-actionable. Polymarket labeled history (0 dates) is below the structural floor (70).",game_started,9d96d94000a2445f,us_taker_theta_0.0695_2026-09-17,2026-10-02T21:50:40Z,False
823084,SEA,LAA,LAA,True,polymarket_us,1028090,aec-mlb-laa-sea-2026-09-27,mlb-laa-sea-2026-09-27,https://polymarket.us/event/mlb-laa-sea-2026-09-27,2026-09-27T19:10:00Z,,,,,,,,,0.01,,,True,,,,,,,polymarket_us_game_winner_v2_frozen_v1,c5361ddb1a247394,insufficient_data,insufficient_evidence,Game started,False,False,1.0,"No invented confidence score. Uncertainty is conveyed by validation status, sample size, quote age, and calibration reports. Registered evidence gates have not passed; treat probabilities as non-actionable. Polymarket labeled history (0 dates) is below the structural floor (70).",game_started,9d96d94000a2445f,us_taker_theta_0.0695_2026-09-17,2026-10-02T21:50:40Z,False
823814,MIA,ATL,MIA,False,polymarket_us,1028095,aec-mlb-atl-mia-2026-09-27,mlb-atl-mia-2026-09-27,https://polymarket.us/event/mlb-atl-mia-2026-09-27,2026-09-27T19:10:00Z,,,,,,,,,0.01,,,True,,,,,,,polymarket_us_game_winner_v2_frozen_v1,c5361ddb1a247394,insufficient_data,insufficient_evidence,Game started,False,False,1.0,"No invented confidence score. Uncertainty is conveyed by validation status, sample size, quote age, and calibration reports. Registered evidence gates have not passed; treat probabilities as non-actionable. Polymarket labeled history (0 dates) is below the structural floor (70).",game_started,f532d5e464fa41a2,us_taker_theta_0.0695_2026-09-17,2026-10-02T21:50:40Z,False
823814,MIA,ATL,ATL,True,polymarket_us,1028095,aec-mlb-atl-mia-2026-09-27,mlb-atl-mia-2026-09-27,https://polymarket.us/event/mlb-atl-mia-2026-09-27,2026-09-27T19:10:00Z,,,,,,,,,0.01,,,True,,,,,,,polymarket_us_game_winner_v2_frozen_v1,c5361ddb1a247394,insufficient_data,insufficient_evidence,Game started,False,False,1.0,"No invented confidence score. Uncertainty is conveyed by validation status, sample size, quote age, and calibration reports. Registered evidence gates have not passed; treat probabilities as non-actionable. Polymarket labeled history (0 dates) is below the structural floor (70).",game_started,f532d5e464fa41a2,us_taker_theta_0.0695_2026-09-17,2026-10-02T21:50:40Z,False
824542,CWS,COL,CWS,False,polymarket_us,1028100,aec-mlb-col-cws-2026-09-27,mlb-col-cws-2026-09-27,https://polymarket.us/event/mlb-col-cws-2026-09-27,2026-09-27T19:10:00Z,,,,,,,,,0.01,,,True,,,,,,,polymarket_us_game_winner_v2_frozen_v1,c5361ddb1a247394,insufficient_data,insufficient_evidence,Game started,False,False,1.0,"No invented confidence score. Uncertainty is conveyed by validation status, sample size, quote age, and calibration reports. Registered evidence gates have not passed; treat probabilities as non-actionable. Polymarket labeled history (0 dates) is below the structural floor (70).",game_started,cc42a12c31e11f67,us_taker_theta_0.0695_2026-09-17,2026-10-02T21:50:40Z,False
824542,CWS,COL,COL,True,polymarket_us,1028100,aec-mlb-col-cws-2026-09-27,mlb-col-cws-2026-09-27,https://polymarket.us/event/mlb-col-cws-2026-09-27,2026-09-27T19:10:00Z,,,,,,,,,0.01,,,True,,,,,,,polymarket_us_game_winner_v2_frozen_v1,c5361ddb1a247394,insufficient_data,insufficient_evidence,Game started,False,False,1.0,"No invented confidence score. Uncertainty is conveyed by validation status, sample size, quote age, and calibration reports. Registered evidence gates have not passed; treat probabilities as non-actionable. Polymarket labeled history (0 dates) is below the structural floor (70).",game_started,cc42a12c31e11f67,us_taker_theta_0.0695_2026-09-17,2026-10-02T21:50:40Z,False
823731,MIL,STL,MIL,False,polymarket_us,1028105,aec-mlb-stl-mil-2026-09-27,mlb-stl-mil-2026-09-27,https://polymarket.us/event/mlb-stl-mil-2026-09-27,2026-09-27T19:10:00Z,,,,,,,,,0.01,,,True,,,,,,,polymarket_us_game_winner_v2_frozen_v1,c5361ddb1a247394,insufficient_data,insufficient_evidence,Game started,False,False,1.0,"No invented confidence score. Uncertainty is conveyed by validation status, sample size, quote age, and calibration reports. Registered evidence gates have not passed; treat probabilities as non-actionable. Polymarket labeled history (0 dates) is below the structural floor (70).",game_started,bdd01f5e31f61877,us_taker_theta_0.0695_2026-09-17,2026-10-02T21:50:40Z,False
823731,MIL,STL,STL,True,polymarket_us,1028105,aec-mlb-stl-mil-2026-09-27,mlb-stl-mil-2026-09-27,https://polymarket.us/event/mlb-stl-mil-2026-09-27,2026-09-27T19:10:00Z,,,,,,,,,0.01,,,True,,,,,,,polymarket_us_game_winner_v2_frozen_v1,c5361ddb1a247394,insufficient_data,insufficient_evidence,Game started,False,False,1.0,"No invented confidence score. Uncertainty is conveyed by validation status, sample size, quote age, and calibration reports. Registered evidence gates have not passed; treat probabilities as non-actionable. Polymarket labeled history (0 dates) is below the structural floor (70).",game_started,bdd01f5e31f61877,us_taker_theta_0.0695_2026-09-17,2026-10-02T21:50:40Z,False
823650,MIN,TEX,MIN,False,polymarket_us,1028110,aec-mlb-tex-min-2026-09-27,mlb-tex-min-2026-09-27,https://polymarket.us/event/mlb-tex-min-2026-09-27,2026-09-27T19:10:00Z,,,,,,,,,0.01,,,True,,,,,,,polymarket_us_game_winner_v2_frozen_v1,c5361ddb1a247394,insufficient_data,insufficient_evidence,Game started,False,False,1.0,"No invented confidence score. Uncertainty is conveyed by validation status, sample size, quote age, and calibration reports. Registered evidence gates have not passed; treat probabilities as non-actionable. Polymarket labeled history (0 dates) is below the structural floor (70).",game_started,5fdfc3bf18dad8e0,us_taker_theta_0.0695_2026-09-17,2026-10-02T21:50:40Z,False
823650,MIN,TEX,TEX,True,polymarket_us,1028110,aec-mlb-tex-min-2026-09-27,mlb-tex-min-2026-09-27,https://polymarket.us/event/mlb-tex-min-2026-09-27,2026-09-27T19:10:00Z,,,,,,,,,0.01,,,True,,,,,,,polymarket_us_game_winner_v2_frozen_v1,c5361ddb1a247394,insufficient_data,insufficient_evidence,Game started,False,False,1.0,"No invented confidence score. Uncertainty is conveyed by validation status, sample size, quote age, and calibration reports. Registered evidence gates have not passed; treat probabilities as non-actionable. Polymarket labeled history (0 dates) is below the structural floor (70).",game_started,5fdfc3bf18dad8e0,us_taker_theta_0.0695_2026-09-17,2026-10-02T21:50:40Z,False
824055,KC,CLE,KC,False,polymarket_us,1028059,aec-mlb-cle-kc-2026-09-27,mlb-cle-kc-2026-09-27,https://polymarket.us/event/mlb-cle-kc-2026-09-27,2026-09-27T19:10:00Z,,,,,,,,,0.01,,,True,,,,,,,polymarket_us_game_winner_v2_frozen_v1,c5361ddb1a247394,insufficient_data,insufficient_evidence,Game started,False,False,1.0,"No invented confidence score. Uncertainty is conveyed by validation status, sample size, quote age, and calibration reports. Registered evidence gates have not passed; treat probabilities as non-actionable. Polymarket labeled history (0 dates) is below the structural floor (70).",game_started,2ed07277a1b4828d,us_taker_theta_0.0695_2026-09-17,2026-10-02T21:50:40Z,False
824055,KC,CLE,CLE,True,polymarket_us,1028059,aec-mlb-cle-kc-2026-09-27,mlb-cle-kc-2026-09-27,https://polymarket.us/event/mlb-cle-kc-2026-09-27,2026-09-27T19:10:00Z,,,,,,,,,0.01,,,True,,,,,,,polymarket_us_game_winner_v2_frozen_v1,c5361ddb1a247394,insufficient_data,insufficient_evidence,Game started,False,False,1.0,"No invented confidence score. Uncertainty is conveyed by validation status, sample size, quote age, and calibration reports. Registered evidence gates have not passed; treat probabilities as non-actionable. Polymarket labeled history (0 dates) is below the structural floor (70).",game_started,2ed07277a1b4828d,us_taker_theta_0.0695_2026-09-17,2026-10-02T21:50:40Z,False
823653,MIN,TEX,MIN,False,polymarket_us,1014181,aec-mlb-tex-min-2026-09-26,mlb-tex-min-2026-09-26,https://polymarket.us/event/mlb-tex-min-2026-09-26,2026-09-26T20:10:00Z,,,,,,,,,0.01,,,True,,,,,,,polymarket_us_game_winner_v2_frozen_v1,c5361ddb1a247394,insufficient_data,insufficient_evidence,Game started,False,False,1.0,"No invented confidence score. Uncertainty is conveyed by validation status, sample size, quote age, and calibration reports. Registered evidence gates have not passed; treat probabilities as non-actionable. Polymarket labeled history (0 dates) is below the structural floor (70).",game_started,d6274185e1bd178b,us_taker_theta_0.0695_2026-09-17,2026-10-02T21:50:40Z,False
823653,MIN,TEX,TEX,True,polymarket_us,1014181,aec-mlb-tex-min-2026-09-26,mlb-tex-min-2026-09-26,https://polymarket.us/event/mlb-tex-min-2026-09-26,2026-09-26T20:10:00Z,,,,,,,,,0.01,,,True,,,,,,,polymarket_us_game_winner_v2_frozen_v1,c5361ddb1a247394,insufficient_data,insufficient_evidence,Game started,False,False,1.0,"No invented confidence score. Uncertainty is conveyed by validation status, sample size, quote age, and calibration reports. Registered evidence gates have not passed; treat probabilities as non-actionable. Polymarket labeled history (0 dates) is below the structural floor (70).",game_started,d6274185e1bd178b,us_taker_theta_0.0695_2026-09-17,2026-10-02T21:50:40Z,False
824057,KC,CLE,KC,False,polymarket_us,1014092,aec-mlb-cle-kc-2026-09-26,mlb-cle-kc-2026-09-26,https://polymarket.us/event/mlb-cle-kc-2026-09-26,2026-09-26T23:10:00Z,,,,,,,,,0.01,,,True,,,,,,,polymarket_us_game_winner_v2_frozen_v1,c5361ddb1a247394,insufficient_data,insufficient_evidence,Game started,False,False,1.0,"No invented confidence score. Uncertainty is conveyed by validation status, sample size, quote age, and calibration reports. Registered evidence gates have not passed; treat probabilities as non-actionable. Polymarket labeled history (0 dates) is below the structural floor (70).",game_started,1b422949160c8dc6,us_taker_theta_0.0695_2026-09-17,2026-10-02T21:50:40Z,False
824057,KC,CLE,CLE,True,polymarket_us,1014092,aec-mlb-cle-kc-2026-09-26,mlb-cle-kc-2026-09-26,https://polymarket.us/event/mlb-cle-kc-2026-09-26,2026-09-26T23:10:00Z,,,,,,,,,0.01,,,True,,,,,,,polymarket_us_game_winner_v2_frozen_v1,c5361ddb1a247394,insufficient_data,insufficient_evidence,Game started,False,False,1.0,"No invented confidence score. Uncertainty is conveyed by validation status, sample size, quote age, and calibration reports. Registered evidence gates have not passed; treat probabilities as non-actionable. Polymarket labeled history (0 dates) is below the structural floor (70).",game_started,1b422949160c8dc6,us_taker_theta_0.0695_2026-09-17,2026-10-02T21:50:40Z,False
824543,CWS,COL,CWS,False,polymarket_us,1014102,aec-mlb-col-cws-2026-09-26,mlb-col-cws-2026-09-26,https://polymarket.us/event/mlb-col-cws-2026-09-26,2026-09-26T23:10:00Z,,,,,,,,,0.01,,,True,,,,,,,polymarket_us_game_winner_v2_frozen_v1,c5361ddb1a247394,insufficient_data,insufficient_evidence,Game started,False,False,1.0,"No invented confidence score. Uncertainty is conveyed by validation status, sample size, quote age, and calibration reports. Registered evidence gates have not passed; treat probabilities as non-actionable. Polymarket labeled history (0 dates) is below the structural floor (70).",game_started,3a32114129a6e329,us_taker_theta_0.0695_2026-09-17,2026-10-02T21:50:40Z,False
824543,CWS,COL,COL,True,polymarket_us,1014102,aec-mlb-col-cws-2026-09-26,mlb-col-cws-2026-09-26,https://polymarket.us/event/mlb-col-cws-2026-09-26,2026-09-26T23:10:00Z,,,,,,,,,0.01,,,True,,,,,,,polymarket_us_game_winner_v2_frozen_v1,c5361ddb1a247394,insufficient_data,insufficient_evidence,Game started,False,False,1.0,"No invented confidence score. Uncertainty is conveyed by validation status, sample size, quote age, and calibration reports. Registered evidence gates have not passed; treat probabilities as non-actionable. Polymarket labeled history (0 dates) is below the structural floor (70).",game_started,3a32114129a6e329,us_taker_theta_0.0695_2026-09-17,2026-10-02T21:50:40Z,False
823733,MIL,STL,MIL,False,polymarket_us,1014121,aec-mlb-stl-mil-2026-09-26,mlb-stl-mil-2026-09-26,https://polymarket.us/event/mlb-stl-mil-2026-09-26,2026-09-26T23:10:00Z,,,,,,,,,0.01,,,True,,,,,,,polymarket_us_game_winner_v2_frozen_v1,c5361ddb1a247394,insufficient_data,insufficient_evidence,Game started,False,False,1.0,"No invented confidence score. Uncertainty is conveyed by validation status, sample size, quote age, and calibration reports. Registered evidence gates have not passed; treat probabilities as non-actionable. Polymarket labeled history (0 dates) is below the structural floor (70).",game_started,9a89455d98999460,us_taker_theta_0.0695_2026-09-17,2026-10-02T21:50:40Z,False
823733,MIL,STL,STL,True,polymarket_us,1014121,aec-mlb-stl-mil-2026-09-26,mlb-stl-mil-2026-09-26,https://polymarket.us/event/mlb-stl-mil-2026-09-26,2026-09-26T23:10:00Z,,,,,,,,,0.01,,,True,,,,,,,polymarket_us_game_winner_v2_frozen_v1,c5361ddb1a247394,insufficient_data,insufficient_evidence,Game started,False,False,1.0,"No invented confidence score. Uncertainty is conveyed by validation status, sample size, quote age, and calibration reports. Registered evidence gates have not passed; treat probabilities as non-actionable. Polymarket labeled history (0 dates) is below the structural floor (70).",game_started,9a89455d98999460,us_taker_theta_0.0695_2026-09-17,2026-10-02T21:50:40Z,False
823407,PHI,TB,PHI,False,polymarket_us,1014083,aec-mlb-tb-phi-2026-09-26,mlb-tb-phi-2026-09-26,https://polymarket.us/event/mlb-tb-phi-2026-09-26,2026-09-26T23:15:00Z,,,,,,,,,0.01,,,True,,,,,,,polymarket_us_game_winner_v2_frozen_v1,c5361ddb1a247394,insufficient_data,insufficient_evidence,Game started,False,False,1.0,"No invented confidence score. Uncertainty is conveyed by validation status, sample size, quote age, and calibration reports. Registered evidence gates have not passed; treat probabilities as non-actionable. Polymarket labeled history (0 dates) is below the structural floor (70).",game_started,38e9d814d060f8ed,us_taker_theta_0.0695_2026-09-17,2026-10-02T21:50:40Z,False
823407,PHI,TB,TB,True,polymarket_us,1014083,aec-mlb-tb-phi-2026-09-26,mlb-tb-phi-2026-09-26,https://polymarket.us/event/mlb-tb-phi-2026-09-26,2026-09-26T23:15:00Z,,,,,,,,,0.01,,,True,,,,,,,polymarket_us_game_winner_v2_frozen_v1,c5361ddb1a247394,insufficient_data,insufficient_evidence,Game started,False,False,1.0,"No invented confidence score. Uncertainty is conveyed by validation status, sample size, quote age, and calibration reports. Registered evidence gates have not passed; treat probabilities as non-actionable. Polymarket labeled history (0 dates) is below the structural floor (70).",game_started,38e9d814d060f8ed,us_taker_theta_0.0695_2026-09-17,2026-10-02T21:50:40Z,False
823245,SD,AZ,SD,False,polymarket_us,1014130,aec-mlb-az-sd-2026-09-26,mlb-az-sd-2026-09-26,https://polymarket.us/event/mlb-az-sd-2026-09-26,2026-09-27T00:40:00Z,,,,,,,,,0.01,,,True,,,,,,,polymarket_us_game_winner_v2_frozen_v1,c5361ddb1a247394,insufficient_data,insufficient_evidence,Game started,False,False,1.0,"No invented confidence score. Uncertainty is conveyed by validation status, sample size, quote age, and calibration reports. Registered evidence gates have not passed; treat probabilities as non-actionable. Polymarket labeled history (0 dates) is below the structural floor (70).",game_started,ae94b85cb82007ee,us_taker_theta_0.0695_2026-09-17,2026-10-02T21:50:40Z,False
823245,SD,AZ,AZ,True,polymarket_us,1014130,aec-mlb-az-sd-2026-09-26,mlb-az-sd-2026-09-26,https://polymarket.us/event/mlb-az-sd-2026-09-26,2026-09-27T00:40:00Z,,,,,,,,,0.01,,,True,,,,,,,polymarket_us_game_winner_v2_frozen_v1,c5361ddb1a247394,insufficient_data,insufficient_evidence,Game started,False,False,1.0,"No invented confidence score. Uncertainty is conveyed by validation status, sample size, quote age, and calibration reports. Registered evidence gates have not passed; treat probabilities as non-actionable. Polymarket labeled history (0 dates) is below the structural floor (70).",game_started,ae94b85cb82007ee,us_taker_theta_0.0695_2026-09-17,2026-10-02T21:50:40Z,False
824949,ATH,HOU,ATH,False,polymarket_us,1014140,aec-mlb-hou-ath-2026-09-26,mlb-hou-ath-2026-09-26,https://polymarket.us/event/mlb-hou-ath-2026-09-26,2026-09-27T01:40:00Z,,,,,,,,,0.01,,,True,,,,,,,polymarket_us_game_winner_v2_frozen_v1,c5361ddb1a247394,insufficient_data,insufficient_evidence,Game started,False,False,1.0,"No invented confidence score. Uncertainty is conveyed by validation status, sample size, quote age, and calibration reports. Registered evidence gates have not passed; treat probabilities as non-actionable. Polymarket labeled history (0 dates) is below the structural floor (70).",game_started,6992a86a47a9cc1a,us_taker_theta_0.0695_2026-09-17,2026-10-02T21:50:40Z,False
824949,ATH,HOU,HOU,True,polymarket_us,1014140,aec-mlb-hou-ath-2026-09-26,mlb-hou-ath-2026-09-26,https://polymarket.us/event/mlb-hou-ath-2026-09-26,2026-09-27T01:40:00Z,,,,,,,,,0.01,,,True,,,,,,,polymarket_us_game_winner_v2_frozen_v1,c5361ddb1a247394,insufficient_data,insufficient_evidence,Game started,False,False,1.0,"No invented confidence score. Uncertainty is conveyed by validation status, sample size, quote age, and calibration reports. Registered evidence gates have not passed; treat probabilities as non-actionable. Polymarket labeled history (0 dates) is below the structural floor (70).",game_started,6992a86a47a9cc1a,us_taker_theta_0.0695_2026-09-17,2026-10-02T21:50:40Z,False
823083,SEA,LAA,SEA,False,polymarket_us,1014159,aec-mlb-laa-sea-2026-09-26,mlb-laa-sea-2026-09-26,https://polymarket.us/event/mlb-laa-sea-2026-09-26,2026-09-27T01:40:00Z,,,,,,,,,0.01,,,True,,,,,,,polymarket_us_game_winner_v2_frozen_v1,c5361ddb1a247394,insufficient_data,insufficient_evidence,Game started,False,False,1.0,"No invented confidence score. Uncertainty is conveyed by validation status, sample size, quote age, and calibration reports. Registered evidence gates have not passed; treat probabilities as non-actionable. Polymarket labeled history (0 dates) is below the structural floor (70).",game_started,2beb208f4cba0c75,us_taker_theta_0.0695_2026-09-17,2026-10-02T21:50:40Z,False
823083,SEA,LAA,LAA,True,polymarket_us,1014159,aec-mlb-laa-sea-2026-09-26,mlb-laa-sea-2026-09-26,https://polymarket.us/event/mlb-laa-sea-2026-09-26,2026-09-27T01:40:00Z,,,,,,,,,0.01,,,True,,,,,,,polymarket_us_game_winner_v2_frozen_v1,c5361ddb1a247394,insufficient_data,insufficient_evidence,Game started,False,False,1.0,"No invented confidence score. Uncertainty is conveyed by validation status, sample size, quote age, and calibration reports. Registered evidence gates have not passed; treat probabilities as non-actionable. Polymarket labeled history (0 dates) is below the structural floor (70).",game_started,2beb208f4cba0c75,us_taker_theta_0.0695_2026-09-17,2026-10-02T21:50:40Z,False
823165,SF,LAD,SF,False,polymarket_us,1014078,aec-mlb-lad-sf-2026-09-26,mlb-lad-sf-2026-09-26,https://polymarket.us/event/mlb-lad-sf-2026-09-26,2026-09-26T20:05:00Z,,,,,,,,,0.01,,,True,,,,,,,polymarket_us_game_winner_v2_frozen_v1,c5361ddb1a247394,insufficient_data,insufficient_evidence,Game started,False,False,1.0,"No invented confidence score. Uncertainty is conveyed by validation status, sample size, quote age, and calibration reports. Registered evidence gates have not passed; treat probabilities as non-actionable. Polymarket labeled history (0 dates) is below the structural floor (70).",game_started,6e77bcb955a42647,us_taker_theta_0.0695_2026-09-17,2026-10-02T21:50:40Z,False
823165,SF,LAD,LAD,True,polymarket_us,1014078,aec-mlb-lad-sf-2026-09-26,mlb-lad-sf-2026-09-26,https://polymarket.us/event/mlb-lad-sf-2026-09-26,2026-09-26T20:05:00Z,,,,,,,,,0.01,,,True,,,,,,,polymarket_us_game_winner_v2_frozen_v1,c5361ddb1a247394,insufficient_data,insufficient_evidence,Game started,False,False,1.0,"No invented confidence score. Uncertainty is conveyed by validation status, sample size, quote age, and calibration reports. Registered evidence gates have not passed; treat probabilities as non-actionable. Polymarket labeled history (0 dates) is below the structural floor (70).",game_started,6e77bcb955a42647,us_taker_theta_0.0695_2026-09-17,2026-10-02T21:50:40Z,False
823813,MIA,ATL,MIA,False,polymarket_us,1014135,aec-mlb-atl-mia-2026-09-26,mlb-atl-mia-2026-09-26,https://polymarket.us/event/mlb-atl-mia-2026-09-26,2026-09-26T20:10:00Z,,,,,,,,,0.01,,,True,,,,,,,polymarket_us_game_winner_v2_frozen_v1,c5361ddb1a247394,insufficient_data,insufficient_evidence,Game started,False,False,1.0,"No invented confidence score. Uncertainty is conveyed by validation status, sample size, quote age, and calibration reports. Registered evidence gates have not passed; treat probabilities as non-actionable. Polymarket labeled history (0 dates) is below the structural floor (70).",game_started,7ff96b6b8e608808,us_taker_theta_0.0695_2026-09-17,2026-10-02T21:50:40Z,False
823813,MIA,ATL,ATL,True,polymarket_us,1014135,aec-mlb-atl-mia-2026-09-26,mlb-atl-mia-2026-09-26,https://polymarket.us/event/mlb-atl-mia-2026-09-26,2026-09-26T20:10:00Z,,,,,,,,,0.01,,,True,,,,,,,polymarket_us_game_winner_v2_frozen_v1,c5361ddb1a247394,insufficient_data,insufficient_evidence,Game started,False,False,1.0,"No invented confidence score. Uncertainty is conveyed by validation status, sample size, quote age, and calibration reports. Registered evidence gates have not passed; treat probabilities as non-actionable. Polymarket labeled history (0 dates) is below the structural floor (70).",game_started,7ff96b6b8e608808,us_taker_theta_0.0695_2026-09-17,2026-10-02T21:50:40Z,False
822678,WSH,NYM,WSH,False,polymarket_us,1014176,aec-mlb-nym-wsh-2026-09-26,mlb-nym-wsh-2026-09-26,https://polymarket.us/event/mlb-nym-wsh-2026-09-26,2026-09-26T16:35:00Z,,,,,,,,,0.01,,,True,,,,,,,polymarket_us_game_winner_v2_frozen_v1,c5361ddb1a247394,insufficient_data,insufficient_evidence,Game started,False,False,1.0,"No invented confidence score. Uncertainty is conveyed by validation status, sample size, quote age, and calibration reports. Registered evidence gates have not passed; treat probabilities as non-actionable. Polymarket labeled history (0 dates) is below the structural floor (70).",game_started,51958c7133642556,us_taker_theta_0.0695_2026-09-17,2026-10-02T21:50:40Z,False
822678,WSH,NYM,NYM,True,polymarket_us,1014176,aec-mlb-nym-wsh-2026-09-26,mlb-nym-wsh-2026-09-26,https://polymarket.us/event/mlb-nym-wsh-2026-09-26,2026-09-26T16:35:00Z,,,,,,,,,0.01,,,True,,,,,,,polymarket_us_game_winner_v2_frozen_v1,c5361ddb1a247394,insufficient_data,insufficient_evidence,Game started,False,False,1.0,"No invented confidence score. Uncertainty is conveyed by validation status, sample size, quote age, and calibration reports. Registered evidence gates have not passed; treat probabilities as non-actionable. Polymarket labeled history (0 dates) is below the structural floor (70).",game_started,51958c7133642556,us_taker_theta_0.0695_2026-09-17,2026-10-02T21:50:40Z,False
824219,DET,PIT,DET,False,polymarket_us,1014112,aec-mlb-pit-det-2026-09-26,mlb-pit-det-2026-09-26,https://polymarket.us/event/mlb-pit-det-2026-09-26,2026-09-26T17:10:00Z,,,,,,,,,0.01,,,True,,,,,,,polymarket_us_game_winner_v2_frozen_v1,c5361ddb1a247394,insufficient_data,insufficient_evidence,Game started,False,False,1.0,"No invented confidence score. Uncertainty is conveyed by validation status, sample size, quote age, and calibration reports. Registered evidence gates have not passed; treat probabilities as non-actionable. Polymarket labeled history (0 dates) is below the structural floor (70).",game_started,97e628fefd49c182,us_taker_theta_0.0695_2026-09-17,2026-10-02T21:50:40Z,False
824219,DET,PIT,PIT,True,polymarket_us,1014112,aec-mlb-pit-det-2026-09-26,mlb-pit-det-2026-09-26,https://polymarket.us/event/mlb-pit-det-2026-09-26,2026-09-26T17:10:00Z,,,,,,,,,0.01,,,True,,,,,,,polymarket_us_game_winner_v2_frozen_v1,c5361ddb1a247394,insufficient_data,insufficient_evidence,Game started,False,False,1.0,"No invented confidence score. Uncertainty is conveyed by validation status, sample size, quote age, and calibration reports. Registered evidence gates have not passed; treat probabilities as non-actionable. Polymarket labeled history (0 dates) is below the structural floor (70).",game_started,97e628fefd49c182,us_taker_theta_0.0695_2026-09-17,2026-10-02T21:50:40Z,False
822759,TOR,CIN,TOR,False,polymarket_us,1014149,aec-mlb-cin-tor-2026-09-26,mlb-cin-tor-2026-09-26,https://polymarket.us/event/mlb-cin-tor-2026-09-26,2026-09-26T19:07:00Z,,,,,,,,,0.01,,,True,,,,,,,polymarket_us_game_winner_v2_frozen_v1,c5361ddb1a247394,insufficient_data,insufficient_evidence,Game started,False,False,1.0,"No invented confidence score. Uncertainty is conveyed by validation status, sample size, quote age, and calibration reports. Registered evidence gates have not passed; treat probabilities as non-actionable. Polymarket labeled history (0 dates) is below the structural floor (70).",game_started,175e4d2305aac04e,us_taker_theta_0.0695_2026-09-17,2026-10-02T21:50:40Z,False
822759,TOR,CIN,CIN,True,polymarket_us,1014149,aec-mlb-cin-tor-2026-09-26,mlb-cin-tor-2026-09-26,https://polymarket.us/event/mlb-cin-tor-2026-09-26,2026-09-26T19:07:00Z,,,,,,,,,0.01,,,True,,,,,,,polymarket_us_game_winner_v2_frozen_v1,c5361ddb1a247394,insufficient_data,insufficient_evidence,Game started,False,False,1.0,"No invented confidence score. Uncertainty is conveyed by validation status, sample size, quote age, and calibration reports. Registered evidence gates have not passed; treat probabilities as non-actionable. Polymarket labeled history (0 dates) is below the structural floor (70).",game_started,175e4d2305aac04e,us_taker_theta_0.0695_2026-09-17,2026-10-02T21:50:40Z,False
824220,DET,PIT,DET,False,polymarket_us,994596,aec-mlb-pit-det-2026-09-25,mlb-pit-det-2026-09-25,https://polymarket.us/event/mlb-pit-det-2026-09-25,2026-09-25T22:40:00Z,,,,,,,,,0.01,,,True,,,,,,,polymarket_us_game_winner_v2_frozen_v1,c5361ddb1a247394,insufficient_data,insufficient_evidence,Game started,False,False,1.0,"No invented confidence score. Uncertainty is conveyed by validation status, sample size, quote age, and calibration reports. Registered evidence gates have not passed; treat probabilities as non-actionable. Polymarket labeled history (0 dates) is below the structural floor (70).",game_started,849f9db5f7bc870b,us_taker_theta_0.0695_2026-09-17,2026-10-02T21:50:40Z,False
824220,DET,PIT,PIT,True,polymarket_us,994596,aec-mlb-pit-det-2026-09-25,mlb-pit-det-2026-09-25,https://polymarket.us/event/mlb-pit-det-2026-09-25,2026-09-25T22:40:00Z,,,,,,,,,0.01,,,True,,,,,,,polymarket_us_game_winner_v2_frozen_v1,c5361ddb1a247394,insufficient_data,insufficient_evidence,Game started,False,False,1.0,"No invented confidence score. Uncertainty is conveyed by validation status, sample size, quote age, and calibration reports. Registered evidence gates have not passed; treat probabilities as non-actionable. Polymarket labeled history (0 dates) is below the structural floor (70).",game_started,849f9db5f7bc870b,us_taker_theta_0.0695_2026-09-17,2026-10-02T21:50:40Z,False
823409,PHI,TB,PHI,False,polymarket_us,994581,aec-mlb-tb-phi-2026-09-25,mlb-tb-phi-2026-09-25,https://polymarket.us/event/mlb-tb-phi-2026-09-25,2026-09-25T22:40:00Z,,,,,,,,,0.01,,,True,,,,,,,polymarket_us_game_winner_v2_frozen_v1,c5361ddb1a247394,insufficient_data,insufficient_evidence,Game started,False,False,1.0,"No invented confidence score. Uncertainty is conveyed by validation status, sample size, quote age, and calibration reports. Registered evidence gates have not passed; treat probabilities as non-actionable. Polymarket labeled history (0 dates) is below the structural floor (70).",game_started,beb4b436af935119,us_taker_theta_0.0695_2026-09-17,2026-10-02T21:50:40Z,False
823409,PHI,TB,TB,True,polymarket_us,994581,aec-mlb-tb-phi-2026-09-25,mlb-tb-phi-2026-09-25,https://polymarket.us/event/mlb-tb-phi-2026-09-25,2026-09-25T22:40:00Z,,,,,,,,,0.01,,,True,,,,,,,polymarket_us_game_winner_v2_frozen_v1,c5361ddb1a247394,insufficient_data,insufficient_evidence,Game started,False,False,1.0,"No invented confidence score. Uncertainty is conveyed by validation status, sample size, quote age, and calibration reports. Registered evidence gates have not passed; treat probabilities as non-actionable. Polymarket labeled history (0 dates) is below the structural floor (70).",game_started,beb4b436af935119,us_taker_theta_0.0695_2026-09-17,2026-10-02T21:50:40Z,False
822681,WSH,NYM,WSH,False,polymarket_us,994631,aec-mlb-nym-wsh-2026-09-25,mlb-nym-wsh-2026-09-25,https://polymarket.us/event/mlb-nym-wsh-2026-09-25,2026-09-25T22:45:00Z,,,,,,,,,0.01,,,True,,,,,,,polymarket_us_game_winner_v2_frozen_v1,c5361ddb1a247394,insufficient_data,insufficient_evidence,Game started,False,False,1.0,"No invented confidence score. Uncertainty is conveyed by validation status, sample size, quote age, and calibration reports. Registered evidence gates have not passed; treat probabilities as non-actionable. Polymarket labeled history (0 dates) is below the structural floor (70).",game_started,8e1624882ae06618,us_taker_theta_0.0695_2026-09-17,2026-10-02T21:50:40Z,False
822681,WSH,NYM,NYM,True,polymarket_us,994631,aec-mlb-nym-wsh-2026-09-25,mlb-nym-wsh-2026-09-25,https://polymarket.us/event/mlb-nym-wsh-2026-09-25,2026-09-25T22:45:00Z,,,,,,,,,0.01,,,True,,,,,,,polymarket_us_game_winner_v2_frozen_v1,c5361ddb1a247394,insufficient_data,insufficient_evidence,Game started,False,False,1.0,"No invented confidence score. Uncertainty is conveyed by validation status, sample size, quote age, and calibration reports. Registered evidence gates have not passed; treat probabilities as non-actionable. Polymarket labeled history (0 dates) is below the structural floor (70).",game_started,8e1624882ae06618,us_taker_theta_0.0695_2026-09-17,2026-10-02T21:50:40Z,False
822760,TOR,CIN,TOR,False,polymarket_us,994636,aec-mlb-cin-tor-2026-09-25,mlb-cin-tor-2026-09-25,https://polymarket.us/event/mlb-cin-tor-2026-09-25,2026-09-25T23:07:00Z,,,,,,,,,0.01,,,True,,,,,,,polymarket_us_game_winner_v2_frozen_v1,c5361ddb1a247394,insufficient_data,insufficient_evidence,Game started,False,False,1.0,"No invented confidence score. Uncertainty is conveyed by validation status, sample size, quote age, and calibration reports. Registered evidence gates have not passed; treat probabilities as non-actionable. Polymarket labeled history (0 dates) is below the structural floor (70).",game_started,976aa8840f5ea11a,us_taker_theta_0.0695_2026-09-17,2026-10-02T21:50:40Z,False
822760,TOR,CIN,CIN,True,polymarket_us,994636,aec-mlb-cin-tor-2026-09-25,mlb-cin-tor-2026-09-25,https://polymarket.us/event/mlb-cin-tor-2026-09-25,2026-09-25T23:07:00Z,,,,,,,,,0.01,,,True,,,,,,,polymarket_us_game_winner_v2_frozen_v1,c5361ddb1a247394,insufficient_data,insufficient_evidence,Game started,False,False,1.0,"No invented confidence score. Uncertainty is conveyed by validation status, sample size, quote age, and calibration reports. Registered evidence gates have not passed; treat probabilities as non-actionable. Polymarket labeled history (0 dates) is below the structural floor (70).",game_started,976aa8840f5ea11a,us_taker_theta_0.0695_2026-09-17,2026-10-02T21:50:40Z,False
823816,MIA,ATL,MIA,False,polymarket_us,994606,aec-mlb-atl-mia-2026-09-25,mlb-atl-mia-2026-09-25,https://polymarket.us/event/mlb-atl-mia-2026-09-25,2026-09-25T23:10:00Z,,,,,,,,,0.01,,,True,,,,,,,polymarket_us_game_winner_v2_frozen_v1,c5361ddb1a247394,insufficient_data,insufficient_evidence,Game started,False,False,1.0,"No invented confidence score. Uncertainty is conveyed by validation status, sample size, quote age, and calibration reports. Registered evidence gates have not passed; treat probabilities as non-actionable. Polymarket labeled history (0 dates) is below the structural floor (70).",game_started,e737e82d8dcc0260,us_taker_theta_0.0695_2026-09-17,2026-10-02T21:50:40Z,False
823816,MIA,ATL,ATL,True,polymarket_us,994606,aec-mlb-atl-mia-2026-09-25,mlb-atl-mia-2026-09-25,https://polymarket.us/event/mlb-atl-mia-2026-09-25,2026-09-25T23:10:00Z,,,,,,,,,0.01,,,True,,,,,,,polymarket_us_game_winner_v2_frozen_v1,c5361ddb1a247394,insufficient_data,insufficient_evidence,Game started,False,False,1.0,"No invented confidence score. Uncertainty is conveyed by validation status, sample size, quote age, and calibration reports. Registered evidence gates have not passed; treat probabilities as non-actionable. Polymarket labeled history (0 dates) is below the structural floor (70).",game_started,e737e82d8dcc0260,us_taker_theta_0.0695_2026-09-17,2026-10-02T21:50:40Z,False
823735,MIL,STL,MIL,False,polymarket_us,994621,aec-mlb-stl-mil-2026-09-25,mlb-stl-mil-2026-09-25,https://polymarket.us/event/mlb-stl-mil-2026-09-25,2026-09-25T23:40:00Z,,,,,,,,,0.01,,,True,,,,,,,polymarket_us_game_winner_v2_frozen_v1,c5361ddb1a247394,insufficient_data,insufficient_evidence,Game started,False,False,1.0,"No invented confidence score. Uncertainty is conveyed by validation status, sample size, quote age, and calibration reports. Registered evidence gates have not passed; treat probabilities as non-actionable. Polymarket labeled history (0 dates) is below the structural floor (70).",game_started,140b86813e05e4c4,us_taker_theta_0.0695_2026-09-17,2026-10-02T21:50:40Z,False
823735,MIL,STL,STL,True,polymarket_us,994621,aec-mlb-stl-mil-2026-09-25,mlb-stl-mil-2026-09-25,https://polymarket.us/event/mlb-stl-mil-2026-09-25,2026-09-25T23:40:00Z,,,,,,,,,0.01,,,True,,,,,,,polymarket_us_game_winner_v2_frozen_v1,c5361ddb1a247394,insufficient_data,insufficient_evidence,Game started,False,False,1.0,"No invented confidence score. Uncertainty is conveyed by validation status, sample size, quote age, and calibration reports. Registered evidence gates have not passed; treat probabilities as non-actionable. Polymarket labeled history (0 dates) is below the structural floor (70).",game_started,140b86813e05e4c4,us_taker_theta_0.0695_2026-09-17,2026-10-02T21:50:40Z,False
824058,KC,CLE,KC,False,polymarket_us,994601,aec-mlb-cle-kc-2026-09-25,mlb-cle-kc-2026-09-25,https://polymarket.us/event/mlb-cle-kc-2026-09-25,2026-09-25T23:40:00Z,,,,,,,,,0.01,,,True,,,,,,,polymarket_us_game_winner_v2_frozen_v1,c5361ddb1a247394,insufficient_data,insufficient_evidence,Game started,False,False,1.0,"No invented confidence score. Uncertainty is conveyed by validation status, sample size, quote age, and calibration reports. Registered evidence gates have not passed; treat probabilities as non-actionable. Polymarket labeled history (0 dates) is below the structural floor (70).",game_started,b2f83d97466c90a7,us_taker_theta_0.0695_2026-09-17,2026-10-02T21:50:40Z,False
824058,KC,CLE,CLE,True,polymarket_us,994601,aec-mlb-cle-kc-2026-09-25,mlb-cle-kc-2026-09-25,https://polymarket.us/event/mlb-cle-kc-2026-09-25,2026-09-25T23:40:00Z,,,,,,,,,0.01,,,True,,,,,,,polymarket_us_game_winner_v2_frozen_v1,c5361ddb1a247394,insufficient_data,insufficient_evidence,Game started,False,False,1.0,"No invented confidence score. Uncertainty is conveyed by validation status, sample size, quote age, and calibration reports. Registered evidence gates have not passed; treat probabilities as non-actionable. Polymarket labeled history (0 dates) is below the structural floor (70).",game_started,b2f83d97466c90a7,us_taker_theta_0.0695_2026-09-17,2026-10-02T21:50:40Z,False
824544,CWS,COL,CWS,False,polymarket_us,994616,aec-mlb-col-cws-2026-09-25,mlb-col-cws-2026-09-25,https://polymarket.us/event/mlb-col-cws-2026-09-25,2026-09-25T23:40:00Z,,,,,,,,,0.01,,,True,,,,,,,polymarket_us_game_winner_v2_frozen_v1,c5361ddb1a247394,insufficient_data,insufficient_evidence,Game started,False,False,1.0,"No invented confidence score. Uncertainty is conveyed by validation status, sample size, quote age, and calibration reports. Registered evidence gates have not passed; treat probabilities as non-actionable. Polymarket labeled history (0 dates) is below the structural floor (70).",game_started,1f1095ec62f9d8c7,us_taker_theta_0.0695_2026-09-17,2026-10-02T21:50:40Z,False
824544,CWS,COL,COL,True,polymarket_us,994616,aec-mlb-col-cws-2026-09-25,mlb-col-cws-2026-09-25,https://polymarket.us/event/mlb-col-cws-2026-09-25,2026-09-25T23:40:00Z,,,,,,,,,0.01,,,True,,,,,,,polymarket_us_game_winner_v2_frozen_v1,c5361ddb1a247394,insufficient_data,insufficient_evidence,Game started,False,False,1.0,"No invented confidence score. Uncertainty is conveyed by validation status, sample size, quote age, and calibration reports. Registered evidence gates have not passed; treat probabilities as non-actionable. Polymarket labeled history (0 dates) is below the structural floor (70).",game_started,1f1095ec62f9d8c7,us_taker_theta_0.0695_2026-09-17,2026-10-02T21:50:40Z,False
823652,MIN,TEX,MIN,False,polymarket_us,994626,aec-mlb-tex-min-2026-09-25,mlb-tex-min-2026-09-25,https://polymarket.us/event/mlb-tex-min-2026-09-25,2026-09-26T00:10:00Z,,,,,,,,,0.01,,,True,,,,,,,polymarket_us_game_winner_v2_frozen_v1,c5361ddb1a247394,insufficient_data,insufficient_evidence,Game started,False,False,1.0,"No invented confidence score. Uncertainty is conveyed by validation status, sample size, quote age, and calibration reports. Registered evidence gates have not passed; treat probabilities as non-actionable. Polymarket labeled history (0 dates) is below the structural floor (70).",game_started,47c4e1c5d4c23369,us_taker_theta_0.0695_2026-09-17,2026-10-02T21:50:40Z,False
823652,MIN,TEX,TEX,True,polymarket_us,994626,aec-mlb-tex-min-2026-09-25,mlb-tex-min-2026-09-25,https://polymarket.us/event/mlb-tex-min-2026-09-25,2026-09-26T00:10:00Z,,,,,,,,,0.01,,,True,,,,,,,polymarket_us_game_winner_v2_frozen_v1,c5361ddb1a247394,insufficient_data,insufficient_evidence,Game started,False,False,1.0,"No invented confidence score. Uncertainty is conveyed by validation status, sample size, quote age, and calibration reports. Registered evidence gates have not passed; treat probabilities as non-actionable. Polymarket labeled history (0 dates) is below the structural floor (70).",game_started,47c4e1c5d4c23369,us_taker_theta_0.0695_2026-09-17,2026-10-02T21:50:40Z,False
823248,SD,AZ,SD,False,polymarket_us,994586,aec-mlb-az-sd-2026-09-25,mlb-az-sd-2026-09-25,https://polymarket.us/event/mlb-az-sd-2026-09-25,2026-09-26T01:40:00Z,,,,,,,,,0.01,,,True,,,,,,,polymarket_us_game_winner_v2_frozen_v1,c5361ddb1a247394,insufficient_data,insufficient_evidence,Game started,False,False,1.0,"No invented confidence score. Uncertainty is conveyed by validation status, sample size, quote age, and calibration reports. Registered evidence gates have not passed; treat probabilities as non-actionable. Polymarket labeled history (0 dates) is below the structural floor (70).",game_started,eb17b43ff87bd72b,us_taker_theta_0.0695_2026-09-17,2026-10-02T21:50:40Z,False
823248,SD,AZ,AZ,True,polymarket_us,994586,aec-mlb-az-sd-2026-09-25,mlb-az-sd-2026-09-25,https://polymarket.us/event/mlb-az-sd-2026-09-25,2026-09-26T01:40:00Z,,,,,,,,,0.01,,,True,,,,,,,polymarket_us_game_winner_v2_frozen_v1,c5361ddb1a247394,insufficient_data,insufficient_evidence,Game started,False,False,1.0,"No invented confidence score. Uncertainty is conveyed by validation status, sample size, quote age, and calibration reports. Registered evidence gates have not passed; treat probabilities as non-actionable. Polymarket labeled history (0 dates) is below the structural floor (70).",game_started,eb17b43ff87bd72b,us_taker_theta_0.0695_2026-09-17,2026-10-02T21:50:40Z,False
824947,ATH,HOU,ATH,False,polymarket_us,994576,aec-mlb-hou-ath-2026-09-25,mlb-hou-ath-2026-09-25,https://polymarket.us/event/mlb-hou-ath-2026-09-25,2026-09-26T01:40:00Z,,,,,,,,,0.01,,,True,,,,,,,polymarket_us_game_winner_v2_frozen_v1,c5361ddb1a247394,insufficient_data,insufficient_evidence,Game started,False,False,1.0,"No invented confidence score. Uncertainty is conveyed by validation status, sample size, quote age, and calibration reports. Registered evidence gates have not passed; treat probabilities as non-actionable. Polymarket labeled history (0 dates) is below the structural floor (70).",game_started,bfb63e6a1501bd5d,us_taker_theta_0.0695_2026-09-17,2026-10-02T21:50:40Z,False
824947,ATH,HOU,HOU,True,polymarket_us,994576,aec-mlb-hou-ath-2026-09-25,mlb-hou-ath-2026-09-25,https://polymarket.us/event/mlb-hou-ath-2026-09-25,2026-09-26T01:40:00Z,,,,,,,,,0.01,,,True,,,,,,,polymarket_us_game_winner_v2_frozen_v1,c5361ddb1a247394,insufficient_data,insufficient_evidence,Game started,False,False,1.0,"No invented confidence score. Uncertainty is conveyed by validation status, sample size, quote age, and calibration reports. Registered evidence gates have not passed; treat probabilities as non-actionable. Polymarket labeled history (0 dates) is below the structural floor (70).",game_started,bfb63e6a1501bd5d,us_taker_theta_0.0695_2026-09-17,2026-10-02T21:50:40Z,False
823085,SEA,LAA,SEA,False,polymarket_us,994591,aec-mlb-laa-sea-2026-09-25,mlb-laa-sea-2026-09-25,https://polymarket.us/event/mlb-laa-sea-2026-09-25,2026-09-26T02:10:00Z,,,,,,,,,0.01,,,True,,,,,,,polymarket_us_game_winner_v2_frozen_v1,c5361ddb1a247394,insufficient_data,insufficient_evidence,Game started,False,False,1.0,"No invented confidence score. Uncertainty is conveyed by validation status, sample size, quote age, and calibration reports. Registered evidence gates have not passed; treat probabilities as non-actionable. Polymarket labeled history (0 dates) is below the structural floor (70).",game_started,f9163aa8b0d353e0,us_taker_theta_0.0695_2026-09-17,2026-10-02T21:50:40Z,False
823085,SEA,LAA,LAA,True,polymarket_us,994591,aec-mlb-laa-sea-2026-09-25,mlb-laa-sea-2026-09-25,https://polymarket.us/event/mlb-laa-sea-2026-09-25,2026-09-26T02:10:00Z,,,,,,,,,0.01,,,True,,,,,,,polymarket_us_game_winner_v2_frozen_v1,c5361ddb1a247394,insufficient_data,insufficient_evidence,Game started,False,False,1.0,"No invented confidence score. Uncertainty is conveyed by validation status, sample size, quote age, and calibration reports. Registered evidence gates have not passed; treat probabilities as non-actionable. Polymarket labeled history (0 dates) is below the structural floor (70).",game_started,f9163aa8b0d353e0,us_taker_theta_0.0695_2026-09-17,2026-10-02T21:50:40Z,False
823167,SF,LAD,SF,False,polymarket_us,994611,aec-mlb-lad-sf-2026-09-25,mlb-lad-sf-2026-09-25,https://polymarket.us/event/mlb-lad-sf-2026-09-25,2026-09-26T02:15:00Z,,,,,,,,,0.01,,,True,,,,,,,polymarket_us_game_winner_v2_frozen_v1,c5361ddb1a247394,insufficient_data,insufficient_evidence,Game started,False,False,1.0,"No invented confidence score. Uncertainty is conveyed by validation status, sample size, quote age, and calibration reports. Registered evidence gates have not passed; treat probabilities as non-actionable. Polymarket labeled history (0 dates) is below the structural floor (70).",game_started,0d09a6ffc052b1ca,us_taker_theta_0.0695_2026-09-17,2026-10-02T21:50:40Z,False
823167,SF,LAD,LAD,True,polymarket_us,994611,aec-mlb-lad-sf-2026-09-25,mlb-lad-sf-2026-09-25,https://polymarket.us/event/mlb-lad-sf-2026-09-25,2026-09-26T02:15:00Z,,,,,,,,,0.01,,,True,,,,,,,polymarket_us_game_winner_v2_frozen_v1,c5361ddb1a247394,insufficient_data,insufficient_evidence,Game started,False,False,1.0,"No invented confidence score. Uncertainty is conveyed by validation status, sample size, quote age, and calibration reports. Registered evidence gates have not passed; treat probabilities as non-actionable. Polymarket labeled history (0 dates) is below the structural floor (70).",game_started,0d09a6ffc052b1ca,us_taker_theta_0.0695_2026-09-17,2026-10-02T21:50:40Z,False
824706,BOS,CHC,BOS,False,polymarket_us,994561,aec-mlb-chc-bos-2026-09-25,mlb-chc-bos-2026-09-25,https://polymarket.us/event/mlb-chc-bos-2026-09-25,2026-09-25T21:35:00Z,,,,,,,,,0.01,,,True,,,,,,,polymarket_us_game_winner_v2_frozen_v1,c5361ddb1a247394,insufficient_data,insufficient_evidence,Game started,False,False,1.0,"No invented confidence score. Uncertainty is conveyed by validation status, sample size, quote age, and calibration reports. Registered evidence gates have not passed; treat probabilities as non-actionable. Polymarket labeled history (0 dates) is below the structural floor (70).",game_started,99e7af7c6cb4bc77,us_taker_theta_0.0695_2026-09-17,2026-10-02T21:50:40Z,False
824706,BOS,CHC,CHC,True,polymarket_us,994561,aec-mlb-chc-bos-2026-09-25,mlb-chc-bos-2026-09-25,https://polymarket.us/event/mlb-chc-bos-2026-09-25,2026-09-25T21:35:00Z,,,,,,,,,0.01,,,True,,,,,,,polymarket_us_game_winner_v2_frozen_v1,c5361ddb1a247394,insufficient_data,insufficient_evidence,Game started,False,False,1.0,"No invented confidence score. Uncertainty is conveyed by validation status, sample size, quote age, and calibration reports. Registered evidence gates have not passed; treat probabilities as non-actionable. Polymarket labeled history (0 dates) is below the structural floor (70).",game_started,99e7af7c6cb4bc77,us_taker_theta_0.0695_2026-09-17,2026-10-02T21:50:40Z,False
824703,BOS,CHC,BOS,False,polymarket_us,1024323,aec-mlb-chc-bos-2026-09-25-dh1,mlb-chc-bos-2026-09-25-dh1,https://polymarket.us/event/mlb-chc-bos-2026-09-25-dh1,2026-09-25T17:05:00Z,,,,,,,,,0.01,,,True,,,,,,,polymarket_us_game_winner_v2_frozen_v1,c5361ddb1a247394,insufficient_data,insufficient_evidence,Game started,False,False,1.0,"No invented confidence score. Uncertainty is conveyed by validation status, sample size, quote age, and calibration reports. Registered evidence gates have not passed; treat probabilities as non-actionable. Polymarket labeled history (0 dates) is below the structural floor (70).",game_started,a8053431841a563d,us_taker_theta_0.0695_2026-09-17,2026-10-02T21:50:40Z,False
824703,BOS,CHC,CHC,True,polymarket_us,1024323,aec-mlb-chc-bos-2026-09-25-dh1,mlb-chc-bos-2026-09-25-dh1,https://polymarket.us/event/mlb-chc-bos-2026-09-25-dh1,2026-09-25T17:05:00Z,,,,,,,,,0.01,,,True,,,,,,,polymarket_us_game_winner_v2_frozen_v1,c5361ddb1a247394,insufficient_data,insufficient_evidence,Game started,False,False,1.0,"No invented confidence score. Uncertainty is conveyed by validation status, sample size, quote age, and calibration reports. Registered evidence gates have not passed; treat probabilities as non-actionable. Polymarket labeled history (0 dates) is below the structural floor (70).",game_started,a8053431841a563d,us_taker_theta_0.0695_2026-09-17,2026-10-02T21:50:40Z,False
824707,BOS,CLE,BOS,False,polymarket_us,977999,aec-mlb-cle-bos-2026-09-24,mlb-cle-bos-2026-09-24,https://polymarket.us/event/mlb-cle-bos-2026-09-24,2026-09-24T22:45:00Z,,,,,,,,,0.01,,,True,,,,,,,polymarket_us_game_winner_v2_frozen_v1,c5361ddb1a247394,insufficient_data,insufficient_evidence,Game started,False,False,1.0,"No invented confidence score. Uncertainty is conveyed by validation status, sample size, quote age, and calibration reports. Registered evidence gates have not passed; treat probabilities as non-actionable. Polymarket labeled history (0 dates) is below the structural floor (70).",game_started,50145641e8cd11de,us_taker_theta_0.0695_2026-09-17,2026-10-02T21:50:40Z,False
824707,BOS,CLE,CLE,True,polymarket_us,977999,aec-mlb-cle-bos-2026-09-24,mlb-cle-bos-2026-09-24,https://polymarket.us/event/mlb-cle-bos-2026-09-24,2026-09-24T22:45:00Z,,,,,,,,,0.01,,,True,,,,,,,polymarket_us_game_winner_v2_frozen_v1,c5361ddb1a247394,insufficient_data,insufficient_evidence,Game started,False,False,1.0,"No invented confidence score. Uncertainty is conveyed by validation status, sample size, quote age, and calibration reports. Registered evidence gates have not passed; treat probabilities as non-actionable. Polymarket labeled history (0 dates) is below the structural floor (70).",game_started,50145641e8cd11de,us_taker_theta_0.0695_2026-09-17,2026-10-02T21:50:40Z,False
823493,NYY,TB,NYY,False,polymarket_us,977979,aec-mlb-tb-nyy-2026-09-24,mlb-tb-nyy-2026-09-24,https://polymarket.us/event/mlb-tb-nyy-2026-09-24,2026-09-24T23:05:00Z,,,,,,,,,0.01,,,True,,,,,,,polymarket_us_game_winner_v2_frozen_v1,c5361ddb1a247394,insufficient_data,insufficient_evidence,Game started,False,False,1.0,"No invented confidence score. Uncertainty is conveyed by validation status, sample size, quote age, and calibration reports. Registered evidence gates have not passed; treat probabilities as non-actionable. Polymarket labeled history (0 dates) is below the structural floor (70).",game_started,00f871ec1b81a9d3,us_taker_theta_0.0695_2026-09-17,2026-10-02T21:50:40Z,False
823493,NYY,TB,TB,True,polymarket_us,977979,aec-mlb-tb-nyy-2026-09-24,mlb-tb-nyy-2026-09-24,https://polymarket.us/event/mlb-tb-nyy-2026-09-24,2026-09-24T23:05:00Z,,,,,,,,,0.01,,,True,,,,,,,polymarket_us_game_winner_v2_frozen_v1,c5361ddb1a247394,insufficient_data,insufficient_evidence,Game started,False,False,1.0,"No invented confidence score. Uncertainty is conveyed by validation status, sample size, quote age, and calibration reports. Registered evidence gates have not passed; treat probabilities as non-actionable. Polymarket labeled history (0 dates) is below the structural floor (70).",game_started,00f871ec1b81a9d3,us_taker_theta_0.0695_2026-09-17,2026-10-02T21:50:40Z,False
824866,ATL,CIN,ATL,False,polymarket_us,977994,aec-mlb-cin-atl-2026-09-24,mlb-cin-atl-2026-09-24,https://polymarket.us/event/mlb-cin-atl-2026-09-24,2026-09-24T23:15:00Z,,,,,,,,,0.01,,,True,,,,,,,polymarket_us_game_winner_v2_frozen_v1,c5361ddb1a247394,insufficient_data,insufficient_evidence,Game started,False,False,1.0,"No invented confidence score. Uncertainty is conveyed by validation status, sample size, quote age, and calibration reports. Registered evidence gates have not passed; treat probabilities as non-actionable. Polymarket labeled history (0 dates) is below the structural floor (70).",game_started,dd4be850c45768b1,us_taker_theta_0.0695_2026-09-17,2026-10-02T21:50:40Z,False
824866,ATL,CIN,CIN,True,polymarket_us,977994,aec-mlb-cin-atl-2026-09-24,mlb-cin-atl-2026-09-24,https://polymarket.us/event/mlb-cin-atl-2026-09-24,2026-09-24T23:15:00Z,,,,,,,,,0.01,,,True,,,,,,,polymarket_us_game_winner_v2_frozen_v1,c5361ddb1a247394,insufficient_data,insufficient_evidence,Game started,False,False,1.0,"No invented confidence score. Uncertainty is conveyed by validation status, sample size, quote age, and calibration reports. Registered evidence gates have not passed; treat probabilities as non-actionable. Polymarket labeled history (0 dates) is below the structural floor (70).",game_started,dd4be850c45768b1,us_taker_theta_0.0695_2026-09-17,2026-10-02T21:50:40Z,False
823087,SEA,LAA,SEA,False,polymarket_us,977954,aec-mlb-laa-sea-2026-09-24,mlb-laa-sea-2026-09-24,https://polymarket.us/event/mlb-laa-sea-2026-09-24,2026-09-25T01:40:00Z,,,,,,,,,0.01,,,True,,,,,,,polymarket_us_game_winner_v2_frozen_v1,c5361ddb1a247394,insufficient_data,insufficient_evidence,Game started,False,False,1.0,"No invented confidence score. Uncertainty is conveyed by validation status, sample size, quote age, and calibration reports. Registered evidence gates have not passed; treat probabilities as non-actionable. Polymarket labeled history (0 dates) is below the structural floor (70).",game_started,193379af77964349,us_taker_theta_0.0695_2026-09-17,2026-10-02T21:50:40Z,False
823087,SEA,LAA,LAA,True,polymarket_us,977954,aec-mlb-laa-sea-2026-09-24,mlb-laa-sea-2026-09-24,https://polymarket.us/event/mlb-laa-sea-2026-09-24,2026-09-25T01:40:00Z,,,,,,,,,0.01,,,True,,,,,,,polymarket_us_game_winner_v2_frozen_v1,c5361ddb1a247394,insufficient_data,insufficient_evidence,Game started,False,False,1.0,"No invented confidence score. Uncertainty is conveyed by validation status, sample size, quote age, and calibration reports. Registered evidence gates have not passed; treat probabilities as non-actionable. Polymarket labeled history (0 dates) is below the structural floor (70).",game_started,193379af77964349,us_taker_theta_0.0695_2026-09-17,2026-10-02T21:50:40Z,False
824950,ATH,HOU,ATH,False,polymarket_us,977959,aec-mlb-hou-ath-2026-09-24,mlb-hou-ath-2026-09-24,https://polymarket.us/event/mlb-hou-ath-2026-09-24,2026-09-25T01:40:00Z,,,,,,,,,0.01,,,True,,,,,,,polymarket_us_game_winner_v2_frozen_v1,c5361ddb1a247394,insufficient_data,insufficient_evidence,Game started,False,False,1.0,"No invented confidence score. Uncertainty is conveyed by validation status, sample size, quote age, and calibration reports. Registered evidence gates have not passed; treat probabilities as non-actionable. Polymarket labeled history (0 dates) is below the structural floor (70).",game_started,c6b4a1d2f38f316d,us_taker_theta_0.0695_2026-09-17,2026-10-02T21:50:40Z,False
824950,ATH,HOU,HOU,True,polymarket_us,977959,aec-mlb-hou-ath-2026-09-24,mlb-hou-ath-2026-09-24,https://polymarket.us/event/mlb-hou-ath-2026-09-24,2026-09-25T01:40:00Z,,,,,,,,,0.01,,,True,,,,,,,polymarket_us_game_winner_v2_frozen_v1,c5361ddb1a247394,insufficient_data,insufficient_evidence,Game started,False,False,1.0,"No invented confidence score. Uncertainty is conveyed by validation status, sample size, quote age, and calibration reports. Registered evidence gates have not passed; treat probabilities as non-actionable. Polymarket labeled history (0 dates) is below the structural floor (70).",game_started,c6b4a1d2f38f316d,us_taker_theta_0.0695_2026-09-17,2026-10-02T21:50:40Z,False
823895,LAD,SD,LAD,False,polymarket_us,977974,aec-mlb-sd-lad-2026-09-24,mlb-sd-lad-2026-09-24,https://polymarket.us/event/mlb-sd-lad-2026-09-24,2026-09-25T02:10:00Z,,,,,,,,,0.01,,,True,,,,,,,polymarket_us_game_winner_v2_frozen_v1,c5361ddb1a247394,insufficient_data,insufficient_evidence,Game started,False,False,1.0,"No invented confidence score. Uncertainty is conveyed by validation status, sample size, quote age, and calibration reports. Registered evidence gates have not passed; treat probabilities as non-actionable. Polymarket labeled history (0 dates) is below the structural floor (70).",game_started,2ef84f3898577aac,us_taker_theta_0.0695_2026-09-17,2026-10-02T21:50:40Z,False
823895,LAD,SD,SD,True,polymarket_us,977974,aec-mlb-sd-lad-2026-09-24,mlb-sd-lad-2026-09-24,https://polymarket.us/event/mlb-sd-lad-2026-09-24,2026-09-25T02:10:00Z,,,,,,,,,0.01,,,True,,,,,,,polymarket_us_game_winner_v2_frozen_v1,c5361ddb1a247394,insufficient_data,insufficient_evidence,Game started,False,False,1.0,"No invented confidence score. Uncertainty is conveyed by validation status, sample size, quote age, and calibration reports. Registered evidence gates have not passed; treat probabilities as non-actionable. Polymarket labeled history (0 dates) is below the structural floor (70).",game_started,2ef84f3898577aac,us_taker_theta_0.0695_2026-09-17,2026-10-02T21:50:40Z,False
823411,PHI,MIL,PHI,False,polymarket_us,977989,aec-mlb-mil-phi-2026-09-24,mlb-mil-phi-2026-09-24,https://polymarket.us/event/mlb-mil-phi-2026-09-24,2026-09-24T22:05:00Z,,,,,,,,,0.01,,,True,,,,,,,polymarket_us_game_winner_v2_frozen_v1,c5361ddb1a247394,insufficient_data,insufficient_evidence,Game started,False,False,1.0,"No invented confidence score. Uncertainty is conveyed by validation status, sample size, quote age, and calibration reports. Registered evidence gates have not passed; treat probabilities as non-actionable. Polymarket labeled history (0 dates) is below the structural floor (70).",game_started,9186eab5c5a30208,us_taker_theta_0.0695_2026-09-17,2026-10-02T21:50:40Z,False
823411,PHI,MIL,MIL,True,polymarket_us,977989,aec-mlb-mil-phi-2026-09-24,mlb-mil-phi-2026-09-24,https://polymarket.us/event/mlb-mil-phi-2026-09-24,2026-09-24T22:05:00Z,,,,,,,,,0.01,,,True,,,,,,,polymarket_us_game_winner_v2_frozen_v1,c5361ddb1a247394,insufficient_data,insufficient_evidence,Game started,False,False,1.0,"No invented confidence score. Uncertainty is conveyed by validation status, sample size, quote age, and calibration reports. Registered evidence gates have not passed; treat probabilities as non-actionable. Polymarket labeled history (0 dates) is below the structural floor (70).",game_started,9186eab5c5a30208,us_taker_theta_0.0695_2026-09-17,2026-10-02T21:50:40Z,False
824059,KC,CWS,KC,False,polymarket_us,977964,aec-mlb-cws-kc-2026-09-24,mlb-cws-kc-2026-09-24,https://polymarket.us/event/mlb-cws-kc-2026-09-24,2026-09-24T18:10:00Z,,,,,,,,,0.01,,,True,,,,,,,polymarket_us_game_winner_v2_frozen_v1,c5361ddb1a247394,insufficient_data,insufficient_evidence,Game started,False,False,1.0,"No invented confidence score. Uncertainty is conveyed by validation status, sample size, quote age, and calibration reports. Registered evidence gates have not passed; treat probabilities as non-actionable. Polymarket labeled history (0 dates) is below the structural floor (70).",game_started,26acef17a68753ac,us_taker_theta_0.0695_2026-09-17,2026-10-02T21:50:40Z,False
824059,KC,CWS,CWS,True,polymarket_us,977964,aec-mlb-cws-kc-2026-09-24,mlb-cws-kc-2026-09-24,https://polymarket.us/event/mlb-cws-kc-2026-09-24,2026-09-24T18:10:00Z,,,,,,,,,0.01,,,True,,,,,,,polymarket_us_game_winner_v2_frozen_v1,c5361ddb1a247394,insufficient_data,insufficient_evidence,Game started,False,False,1.0,"No invented confidence score. Uncertainty is conveyed by validation status, sample size, quote age, and calibration reports. Registered evidence gates have not passed; treat probabilities as non-actionable. Polymarket labeled history (0 dates) is below the structural floor (70).",game_started,26acef17a68753ac,us_taker_theta_0.0695_2026-09-17,2026-10-02T21:50:40Z,False
824623,CHC,MIA,CHC,False,polymarket_us,977943,aec-mlb-mia-chc-2026-09-24,mlb-mia-chc-2026-09-24,https://polymarket.us/event/mlb-mia-chc-2026-09-24,2026-09-24T18:20:00Z,,,,,,,,,0.01,,,True,,,,,,,polymarket_us_game_winner_v2_frozen_v1,c5361ddb1a247394,insufficient_data,insufficient_evidence,Game started,False,False,1.0,"No invented confidence score. Uncertainty is conveyed by validation status, sample size, quote age, and calibration reports. Registered evidence gates have not passed; treat probabilities as non-actionable. Polymarket labeled history (0 dates) is below the structural floor (70).",game_started,739612887d05e3a0,us_taker_theta_0.0695_2026-09-17,2026-10-02T21:50:40Z,False
824623,CHC,MIA,MIA,True,polymarket_us,977943,aec-mlb-mia-chc-2026-09-24,mlb-mia-chc-2026-09-24,https://polymarket.us/event/mlb-mia-chc-2026-09-24,2026-09-24T18:20:00Z,,,,,,,,,0.01,,,True,,,,,,,polymarket_us_game_winner_v2_frozen_v1,c5361ddb1a247394,insufficient_data,insufficient_evidence,Game started,False,False,1.0,"No invented confidence score. Uncertainty is conveyed by validation status, sample size, quote age, and calibration reports. Registered evidence gates have not passed; treat probabilities as non-actionable. Polymarket labeled history (0 dates) is below the structural floor (70).",game_started,739612887d05e3a0,us_taker_theta_0.0695_2026-09-17,2026-10-02T21:50:40Z,False
822842,TEX,NYM,TEX,False,polymarket_us,977984,aec-mlb-nym-tex-2026-09-24,mlb-nym-tex-2026-09-24,https://polymarket.us/event/mlb-nym-tex-2026-09-24,2026-09-24T18:35:00Z,,,,,,,,,0.01,,,True,,,,,,,polymarket_us_game_winner_v2_frozen_v1,c5361ddb1a247394,insufficient_data,insufficient_evidence,Game started,False,False,1.0,"No invented confidence score. Uncertainty is conveyed by validation status, sample size, quote age, and calibration reports. Registered evidence gates have not passed; treat probabilities as non-actionable. Polymarket labeled history (0 dates) is below the structural floor (70).",game_started,b79cdc9b6e8fe934,us_taker_theta_0.0695_2026-09-17,2026-10-02T21:50:40Z,False
822842,TEX,NYM,NYM,True,polymarket_us,977984,aec-mlb-nym-tex-2026-09-24,mlb-nym-tex-2026-09-24,https://polymarket.us/event/mlb-nym-tex-2026-09-24,2026-09-24T18:35:00Z,,,,,,,,,0.01,,,True,,,,,,,polymarket_us_game_winner_v2_frozen_v1,c5361ddb1a247394,insufficient_data,insufficient_evidence,Game started,False,False,1.0,"No invented confidence score. Uncertainty is conveyed by validation status, sample size, quote age, and calibration reports. Registered evidence gates have not passed; treat probabilities as non-actionable. Polymarket labeled history (0 dates) is below the structural floor (70).",game_started,b79cdc9b6e8fe934,us_taker_theta_0.0695_2026-09-17,2026-10-02T21:50:40Z,False
824298,COL,AZ,COL,False,polymarket_us,977949,aec-mlb-az-col-2026-09-24,mlb-az-col-2026-09-24,https://polymarket.us/event/mlb-az-col-2026-09-24,2026-09-24T19:10:00Z,,,,,,,,,0.01,,,True,,,,,,,polymarket_us_game_winner_v2_frozen_v1,c5361ddb1a247394,insufficient_data,insufficient_evidence,Game started,False,False,1.0,"No invented confidence score. Uncertainty is conveyed by validation status, sample size, quote age, and calibration reports. Registered evidence gates have not passed; treat probabilities as non-actionable. Polymarket labeled history (0 dates) is below the structural floor (70).",game_started,1de44a83e2889cdd,us_taker_theta_0.0695_2026-09-17,2026-10-02T21:50:40Z,False
824298,COL,AZ,AZ,True,polymarket_us,977949,aec-mlb-az-col-2026-09-24,mlb-az-col-2026-09-24,https://polymarket.us/event/mlb-az-col-2026-09-24,2026-09-24T19:10:00Z,,,,,,,,,0.01,,,True,,,,,,,polymarket_us_game_winner_v2_frozen_v1,c5361ddb1a247394,insufficient_data,insufficient_evidence,Game started,False,False,1.0,"No invented confidence score. Uncertainty is conveyed by validation status, sample size, quote age, and calibration reports. Registered evidence gates have not passed; treat probabilities as non-actionable. Polymarket labeled history (0 dates) is below the structural floor (70).",game_started,1de44a83e2889cdd,us_taker_theta_0.0695_2026-09-17,2026-10-02T21:50:40Z,False
823894,LAD,SD,LAD,False,polymarket_us,959227,aec-mlb-sd-lad-2026-09-23,mlb-sd-lad-2026-09-23,https://polymarket.us/event/mlb-sd-lad-2026-09-23,2026-09-24T02:10:00Z,,,,,,,,,0.01,,,True,,,,,,,polymarket_us_game_winner_v2_frozen_v1,c5361ddb1a247394,insufficient_data,insufficient_evidence,Game started,False,False,1.0,"No invented confidence score. Uncertainty is conveyed by validation status, sample size, quote age, and calibration reports. Registered evidence gates have not passed; treat probabilities as non-actionable. Polymarket labeled history (0 dates) is below the structural floor (70).",game_started,3bf8ba39b4570a67,us_taker_theta_0.0695_2026-09-17,2026-10-02T21:50:40Z,False
823894,LAD,SD,SD,True,polymarket_us,959227,aec-mlb-sd-lad-2026-09-23,mlb-sd-lad-2026-09-23,https://polymarket.us/event/mlb-sd-lad-2026-09-23,2026-09-24T02:10:00Z,,,,,,,,,0.01,,,True,,,,,,,polymarket_us_game_winner_v2_frozen_v1,c5361ddb1a247394,insufficient_data,insufficient_evidence,Game started,False,False,1.0,"No invented confidence score. Uncertainty is conveyed by validation status, sample size, quote age, and calibration reports. Registered evidence gates have not passed; treat probabilities as non-actionable. Polymarket labeled history (0 dates) is below the structural floor (70).",game_started,3bf8ba39b4570a67,us_taker_theta_0.0695_2026-09-17,2026-10-02T21:50:40Z,False
823086,SEA,HOU,SEA,False,polymarket_us,959242,aec-mlb-hou-sea-2026-09-23,mlb-hou-sea-2026-09-23,https://polymarket.us/event/mlb-hou-sea-2026-09-23,2026-09-24T02:10:00Z,,,,,,,,,0.01,,,True,,,,,,,polymarket_us_game_winner_v2_frozen_v1,c5361ddb1a247394,insufficient_data,insufficient_evidence,Game started,False,False,1.0,"No invented confidence score. Uncertainty is conveyed by validation status, sample size, quote age, and calibration reports. Registered evidence gates have not passed; treat probabilities as non-actionable. Polymarket labeled history (0 dates) is below the structural floor (70).",game_started,8be2c6aa9b44011b,us_taker_theta_0.0695_2026-09-17,2026-10-02T21:50:40Z,False
823086,SEA,HOU,HOU,True,polymarket_us,959242,aec-mlb-hou-sea-2026-09-23,mlb-hou-sea-2026-09-23,https://polymarket.us/event/mlb-hou-sea-2026-09-23,2026-09-24T02:10:00Z,,,,,,,,,0.01,,,True,,,,,,,polymarket_us_game_winner_v2_frozen_v1,c5361ddb1a247394,insufficient_data,insufficient_evidence,Game started,False,False,1.0,"No invented confidence score. Uncertainty is conveyed by validation status, sample size, quote age, and calibration reports. Registered evidence gates have not passed; treat probabilities as non-actionable. Polymarket labeled history (0 dates) is below the structural floor (70).",game_started,8be2c6aa9b44011b,us_taker_theta_0.0695_2026-09-17,2026-10-02T21:50:40Z,False
823326,PIT,STL,PIT,False,polymarket_us,977969,aec-mlb-stl-pit-2026-09-24,mlb-stl-pit-2026-09-24,https://polymarket.us/event/mlb-stl-pit-2026-09-24,2026-09-24T16:35:00Z,,,,,,,,,0.01,,,True,,,,,,,polymarket_us_game_winner_v2_frozen_v1,c5361ddb1a247394,insufficient_data,insufficient_evidence,Game started,False,False,1.0,"No invented confidence score. Uncertainty is conveyed by validation status, sample size, quote age, and calibration reports. Registered evidence gates have not passed; treat probabilities as non-actionable. Polymarket labeled history (0 dates) is below the structural floor (70).",game_started,3fb90d858d822424,us_taker_theta_0.0695_2026-09-17,2026-10-02T21:50:40Z,False
823326,PIT,STL,STL,True,polymarket_us,977969,aec-mlb-stl-pit-2026-09-24,mlb-stl-pit-2026-09-24,https://polymarket.us/event/mlb-stl-pit-2026-09-24,2026-09-24T16:35:00Z,,,,,,,,,0.01,,,True,,,,,,,polymarket_us_game_winner_v2_frozen_v1,c5361ddb1a247394,insufficient_data,insufficient_evidence,Game started,False,False,1.0,"No invented confidence score. Uncertainty is conveyed by validation status, sample size, quote age, and calibration reports. Registered evidence gates have not passed; treat probabilities as non-actionable. Polymarket labeled history (0 dates) is below the structural floor (70).",game_started,3fb90d858d822424,us_taker_theta_0.0695_2026-09-17,2026-10-02T21:50:40Z,False
824784,BAL,TOR,BAL,False,polymarket_us,959187,aec-mlb-tor-bal-2026-09-23,mlb-tor-bal-2026-09-23,https://polymarket.us/event/mlb-tor-bal-2026-09-23,2026-09-23T22:35:00Z,,,,,,,,,0.01,,,True,,,,,,,polymarket_us_game_winner_v2_frozen_v1,c5361ddb1a247394,insufficient_data,insufficient_evidence,Game started,False,False,1.0,"No invented confidence score. Uncertainty is conveyed by validation status, sample size, quote age, and calibration reports. Registered evidence gates have not passed; treat probabilities as non-actionable. Polymarket labeled history (0 dates) is below the structural floor (70).",game_started,d4638a7213c39fb5,us_taker_theta_0.0695_2026-09-17,2026-10-02T21:50:40Z,False
824784,BAL,TOR,TOR,True,polymarket_us,959187,aec-mlb-tor-bal-2026-09-23,mlb-tor-bal-2026-09-23,https://polymarket.us/event/mlb-tor-bal-2026-09-23,2026-09-23T22:35:00Z,,,,,,,,,0.01,,,True,,,,,,,polymarket_us_game_winner_v2_frozen_v1,c5361ddb1a247394,insufficient_data,insufficient_evidence,Game started,False,False,1.0,"No invented confidence score. Uncertainty is conveyed by validation status, sample size, quote age, and calibration reports. Registered evidence gates have not passed; treat probabilities as non-actionable. Polymarket labeled history (0 dates) is below the structural floor (70).",game_started,d4638a7213c39fb5,us_taker_theta_0.0695_2026-09-17,2026-10-02T21:50:40Z,False
823410,PHI,MIL,PHI,False,polymarket_us,959197,aec-mlb-mil-phi-2026-09-23,mlb-mil-phi-2026-09-23,https://polymarket.us/event/mlb-mil-phi-2026-09-23,2026-09-23T22:40:00Z,,,,,,,,,0.01,,,True,,,,,,,polymarket_us_game_winner_v2_frozen_v1,c5361ddb1a247394,insufficient_data,insufficient_evidence,Game started,False,False,1.0,"No invented confidence score. Uncertainty is conveyed by validation status, sample size, quote age, and calibration reports. Registered evidence gates have not passed; treat probabilities as non-actionable. Polymarket labeled history (0 dates) is below the structural floor (70).",game_started,bc9bd37a7051099f,us_taker_theta_0.0695_2026-09-17,2026-10-02T21:50:40Z,False
823410,PHI,MIL,MIL,True,polymarket_us,959197,aec-mlb-mil-phi-2026-09-23,mlb-mil-phi-2026-09-23,https://polymarket.us/event/mlb-mil-phi-2026-09-23,2026-09-23T22:40:00Z,,,,,,,,,0.01,,,True,,,,,,,polymarket_us_game_winner_v2_frozen_v1,c5361ddb1a247394,insufficient_data,insufficient_evidence,Game started,False,False,1.0,"No invented confidence score. Uncertainty is conveyed by validation status, sample size, quote age, and calibration reports. Registered evidence gates have not passed; treat probabilities as non-actionable. Polymarket labeled history (0 dates) is below the structural floor (70).",game_started,bc9bd37a7051099f,us_taker_theta_0.0695_2026-09-17,2026-10-02T21:50:40Z,False
823327,PIT,STL,PIT,False,polymarket_us,959222,aec-mlb-stl-pit-2026-09-23,mlb-stl-pit-2026-09-23,https://polymarket.us/event/mlb-stl-pit-2026-09-23,2026-09-23T22:40:00Z,,,,,,,,,0.01,,,True,,,,,,,polymarket_us_game_winner_v2_frozen_v1,c5361ddb1a247394,insufficient_data,insufficient_evidence,Game started,False,False,1.0,"No invented confidence score. Uncertainty is conveyed by validation status, sample size, quote age, and calibration reports. Registered evidence gates have not passed; treat probabilities as non-actionable. Polymarket labeled history (0 dates) is below the structural floor (70).",game_started,323d16ea0c1bd2c2,us_taker_theta_0.0695_2026-09-17,2026-10-02T21:50:40Z,False
823327,PIT,STL,STL,True,polymarket_us,959222,aec-mlb-stl-pit-2026-09-23,mlb-stl-pit-2026-09-23,https://polymarket.us/event/mlb-stl-pit-2026-09-23,2026-09-23T22:40:00Z,,,,,,,,,0.01,,,True,,,,,,,polymarket_us_game_winner_v2_frozen_v1,c5361ddb1a247394,insufficient_data,insufficient_evidence,Game started,False,False,1.0,"No invented confidence score. Uncertainty is conveyed by validation status, sample size, quote age, and calibration reports. Registered evidence gates have not passed; treat probabilities as non-actionable. Polymarket labeled history (0 dates) is below the structural floor (70).",game_started,323d16ea0c1bd2c2,us_taker_theta_0.0695_2026-09-17,2026-10-02T21:50:40Z,False
823492,NYY,TB,NYY,False,polymarket_us,959247,aec-mlb-tb-nyy-2026-09-23,mlb-tb-nyy-2026-09-23,https://polymarket.us/event/mlb-tb-nyy-2026-09-23,2026-09-23T23:05:00Z,,,,,,,,,0.01,,,True,,,,,,,polymarket_us_game_winner_v2_frozen_v1,c5361ddb1a247394,insufficient_data,insufficient_evidence,Game started,False,False,1.0,"No invented confidence score. Uncertainty is conveyed by validation status, sample size, quote age, and calibration reports. Registered evidence gates have not passed; treat probabilities as non-actionable. Polymarket labeled history (0 dates) is below the structural floor (70).",game_started,b53e34a861fa4132,us_taker_theta_0.0695_2026-09-17,2026-10-02T21:50:40Z,False
823492,NYY,TB,TB,True,polymarket_us,959247,aec-mlb-tb-nyy-2026-09-23,mlb-tb-nyy-2026-09-23,https://polymarket.us/event/mlb-tb-nyy-2026-09-23,2026-09-23T23:05:00Z,,,,,,,,,0.01,,,True,,,,,,,polymarket_us_game_winner_v2_frozen_v1,c5361ddb1a247394,insufficient_data,insufficient_evidence,Game started,False,False,1.0,"No invented confidence score. Uncertainty is conveyed by validation status, sample size, quote age, and calibration reports. Registered evidence gates have not passed; treat probabilities as non-actionable. Polymarket labeled history (0 dates) is below the structural floor (70).",game_started,b53e34a861fa4132,us_taker_theta_0.0695_2026-09-17,2026-10-02T21:50:40Z,False
824710,BOS,CLE,BOS,False,polymarket_us,959256,aec-mlb-cle-bos-2026-09-23,mlb-cle-bos-2026-09-23,https://polymarket.us/event/mlb-cle-bos-2026-09-23,2026-09-23T23:10:00Z,,,,,,,,,0.01,,,True,,,,,,,polymarket_us_game_winner_v2_frozen_v1,c5361ddb1a247394,insufficient_data,insufficient_evidence,Game started,False,False,1.0,"No invented confidence score. Uncertainty is conveyed by validation status, sample size, quote age, and calibration reports. Registered evidence gates have not passed; treat probabilities as non-actionable. Polymarket labeled history (0 dates) is below the structural floor (70).",game_started,37613b1d278b2606,us_taker_theta_0.0695_2026-09-17,2026-10-02T21:50:40Z,False
824710,BOS,CLE,CLE,True,polymarket_us,959256,aec-mlb-cle-bos-2026-09-23,mlb-cle-bos-2026-09-23,https://polymarket.us/event/mlb-cle-bos-2026-09-23,2026-09-23T23:10:00Z,,,,,,,,,0.01,,,True,,,,,,,polymarket_us_game_winner_v2_frozen_v1,c5361ddb1a247394,insufficient_data,insufficient_evidence,Game started,False,False,1.0,"No invented confidence score. Uncertainty is conveyed by validation status, sample size, quote age, and calibration reports. Registered evidence gates have not passed; treat probabilities as non-actionable. Polymarket labeled history (0 dates) is below the structural floor (70).",game_started,37613b1d278b2606,us_taker_theta_0.0695_2026-09-17,2026-10-02T21:50:40Z,False
824868,ATL,CIN,ATL,False,polymarket_us,959202,aec-mlb-cin-atl-2026-09-23,mlb-cin-atl-2026-09-23,https://polymarket.us/event/mlb-cin-atl-2026-09-23,2026-09-23T23:15:00Z,,,,,,,,,0.01,,,True,,,,,,,polymarket_us_game_winner_v2_frozen_v1,c5361ddb1a247394,insufficient_data,insufficient_evidence,Game started,False,False,1.0,"No invented confidence score. Uncertainty is conveyed by validation status, sample size, quote age, and calibration reports. Registered evidence gates have not passed; treat probabilities as non-actionable. Polymarket labeled history (0 dates) is below the structural floor (70).",game_started,0ff337cb0385ea3d,us_taker_theta_0.0695_2026-09-17,2026-10-02T21:50:40Z,False
824868,ATL,CIN,CIN,True,polymarket_us,959202,aec-mlb-cin-atl-2026-09-23,mlb-cin-atl-2026-09-23,https://polymarket.us/event/mlb-cin-atl-2026-09-23,2026-09-23T23:15:00Z,,,,,,,,,0.01,,,True,,,,,,,polymarket_us_game_winner_v2_frozen_v1,c5361ddb1a247394,insufficient_data,insufficient_evidence,Game started,False,False,1.0,"No invented confidence score. Uncertainty is conveyed by validation status, sample size, quote age, and calibration reports. Registered evidence gates have not passed; treat probabilities as non-actionable. Polymarket labeled history (0 dates) is below the structural floor (70).",game_started,0ff337cb0385ea3d,us_taker_theta_0.0695_2026-09-17,2026-10-02T21:50:40Z,False
824060,KC,CWS,KC,False,polymarket_us,959207,aec-mlb-cws-kc-2026-09-23,mlb-cws-kc-2026-09-23,https://polymarket.us/event/mlb-cws-kc-2026-09-23,2026-09-23T23:40:00Z,,,,,,,,,0.01,,,True,,,,,,,polymarket_us_game_winner_v2_frozen_v1,c5361ddb1a247394,insufficient_data,insufficient_evidence,Game started,False,False,1.0,"No invented confidence score. Uncertainty is conveyed by validation status, sample size, quote age, and calibration reports. Registered evidence gates have not passed; treat probabilities as non-actionable. Polymarket labeled history (0 dates) is below the structural floor (70).",game_started,1f64bae8acbda183,us_taker_theta_0.0695_2026-09-17,2026-10-02T21:50:40Z,False
824060,KC,CWS,CWS,True,polymarket_us,959207,aec-mlb-cws-kc-2026-09-23,mlb-cws-kc-2026-09-23,https://polymarket.us/event/mlb-cws-kc-2026-09-23,2026-09-23T23:40:00Z,,,,,,,,,0.01,,,True,,,,,,,polymarket_us_game_winner_v2_frozen_v1,c5361ddb1a247394,insufficient_data,insufficient_evidence,Game started,False,False,1.0,"No invented confidence score. Uncertainty is conveyed by validation status, sample size, quote age, and calibration reports. Registered evidence gates have not passed; treat probabilities as non-actionable. Polymarket labeled history (0 dates) is below the structural floor (70).",game_started,1f64bae8acbda183,us_taker_theta_0.0695_2026-09-17,2026-10-02T21:50:40Z,False
824625,CHC,MIA,CHC,False,polymarket_us,959232,aec-mlb-mia-chc-2026-09-23,mlb-mia-chc-2026-09-23,https://polymarket.us/event/mlb-mia-chc-2026-09-23,2026-09-23T23:40:00Z,,,,,,,,,0.01,,,True,,,,,,,polymarket_us_game_winner_v2_frozen_v1,c5361ddb1a247394,insufficient_data,insufficient_evidence,Game started,False,False,1.0,"No invented confidence score. Uncertainty is conveyed by validation status, sample size, quote age, and calibration reports. Registered evidence gates have not passed; treat probabilities as non-actionable. Polymarket labeled history (0 dates) is below the structural floor (70).",game_started,1b165091973a0474,us_taker_theta_0.0695_2026-09-17,2026-10-02T21:50:40Z,False
824625,CHC,MIA,MIA,True,polymarket_us,959232,aec-mlb-mia-chc-2026-09-23,mlb-mia-chc-2026-09-23,https://polymarket.us/event/mlb-mia-chc-2026-09-23,2026-09-23T23:40:00Z,,,,,,,,,0.01,,,True,,,,,,,polymarket_us_game_winner_v2_frozen_v1,c5361ddb1a247394,insufficient_data,insufficient_evidence,Game started,False,False,1.0,"No invented confidence score. Uncertainty is conveyed by validation status, sample size, quote age, and calibration reports. Registered evidence gates have not passed; treat probabilities as non-actionable. Polymarket labeled history (0 dates) is below the structural floor (70).",game_started,1b165091973a0474,us_taker_theta_0.0695_2026-09-17,2026-10-02T21:50:40Z,False
822841,TEX,NYM,TEX,False,polymarket_us,959212,aec-mlb-nym-tex-2026-09-23,mlb-nym-tex-2026-09-23,https://polymarket.us/event/mlb-nym-tex-2026-09-23,2026-09-24T00:05:00Z,,,,,,,,,0.01,,,True,,,,,,,polymarket_us_game_winner_v2_frozen_v1,c5361ddb1a247394,insufficient_data,insufficient_evidence,Game started,False,False,1.0,"No invented confidence score. Uncertainty is conveyed by validation status, sample size, quote age, and calibration reports. Registered evidence gates have not passed; treat probabilities as non-actionable. Polymarket labeled history (0 dates) is below the structural floor (70).",game_started,8235f98d13d45d2c,us_taker_theta_0.0695_2026-09-17,2026-10-02T21:50:40Z,False
822841,TEX,NYM,NYM,True,polymarket_us,959212,aec-mlb-nym-tex-2026-09-23,mlb-nym-tex-2026-09-23,https://polymarket.us/event/mlb-nym-tex-2026-09-23,2026-09-24T00:05:00Z,,,,,,,,,0.01,,,True,,,,,,,polymarket_us_game_winner_v2_frozen_v1,c5361ddb1a247394,insufficient_data,insufficient_evidence,Game started,False,False,1.0,"No invented confidence score. Uncertainty is conveyed by validation status, sample size, quote age, and calibration reports. Registered evidence gates have not passed; treat probabilities as non-actionable. Polymarket labeled history (0 dates) is below the structural floor (70).",game_started,8235f98d13d45d2c,us_taker_theta_0.0695_2026-09-17,2026-10-02T21:50:40Z,False
824301,COL,AZ,COL,False,polymarket_us,959237,aec-mlb-az-col-2026-09-23,mlb-az-col-2026-09-23,https://polymarket.us/event/mlb-az-col-2026-09-23,2026-09-24T00:40:00Z,,,,,,,,,0.01,,,True,,,,,,,polymarket_us_game_winner_v2_frozen_v1,c5361ddb1a247394,insufficient_data,insufficient_evidence,Game started,False,False,1.0,"No invented confidence score. Uncertainty is conveyed by validation status, sample size, quote age, and calibration reports. Registered evidence gates have not passed; treat probabilities as non-actionable. Polymarket labeled history (0 dates) is below the structural floor (70).",game_started,d931bdce0c898a09,us_taker_theta_0.0695_2026-09-17,2026-10-02T21:50:40Z,False
824301,COL,AZ,AZ,True,polymarket_us,959237,aec-mlb-az-col-2026-09-23,mlb-az-col-2026-09-23,https://polymarket.us/event/mlb-az-col-2026-09-23,2026-09-24T00:40:00Z,,,,,,,,,0.01,,,True,,,,,,,polymarket_us_game_winner_v2_frozen_v1,c5361ddb1a247394,insufficient_data,insufficient_evidence,Game started,False,False,1.0,"No invented confidence score. Uncertainty is conveyed by validation status, sample size, quote age, and calibration reports. Registered evidence gates have not passed; treat probabilities as non-actionable. Polymarket labeled history (0 dates) is below the structural floor (70).",game_started,d931bdce0c898a09,us_taker_theta_0.0695_2026-09-17,2026-10-02T21:50:40Z,False
824951,ATH,LAA,ATH,False,polymarket_us,959192,aec-mlb-laa-ath-2026-09-23,mlb-laa-ath-2026-09-23,https://polymarket.us/event/mlb-laa-ath-2026-09-23,2026-09-24T01:40:00Z,,,,,,,,,0.01,,,True,,,,,,,polymarket_us_game_winner_v2_frozen_v1,c5361ddb1a247394,insufficient_data,insufficient_evidence,Game started,False,False,1.0,"No invented confidence score. Uncertainty is conveyed by validation status, sample size, quote age, and calibration reports. Registered evidence gates have not passed; treat probabilities as non-actionable. Polymarket labeled history (0 dates) is below the structural floor (70).",game_started,ef43ef7624f5a7ad,us_taker_theta_0.0695_2026-09-17,2026-10-02T21:50:40Z,False
824951,ATH,LAA,LAA,True,polymarket_us,959192,aec-mlb-laa-ath-2026-09-23,mlb-laa-ath-2026-09-23,https://polymarket.us/event/mlb-laa-ath-2026-09-23,2026-09-24T01:40:00Z,,,,,,,,,0.01,,,True,,,,,,,polymarket_us_game_winner_v2_frozen_v1,c5361ddb1a247394,insufficient_data,insufficient_evidence,Game started,False,False,1.0,"No invented confidence score. Uncertainty is conveyed by validation status, sample size, quote age, and calibration reports. Registered evidence gates have not passed; treat probabilities as non-actionable. Polymarket labeled history (0 dates) is below the structural floor (70).",game_started,ef43ef7624f5a7ad,us_taker_theta_0.0695_2026-09-17,2026-10-02T21:50:40Z,False
823168,SF,MIN,SF,False,polymarket_us,959263,aec-mlb-min-sf-2026-09-23,mlb-min-sf-2026-09-23,https://polymarket.us/event/mlb-min-sf-2026-09-23,2026-09-23T19:45:00Z,,,,,,,,,0.01,,,True,,,,,,,polymarket_us_game_winner_v2_frozen_v1,c5361ddb1a247394,insufficient_data,insufficient_evidence,Game started,False,False,1.0,"No invented confidence score. Uncertainty is conveyed by validation status, sample size, quote age, and calibration reports. Registered evidence gates have not passed; treat probabilities as non-actionable. Polymarket labeled history (0 dates) is below the structural floor (70).",game_started,5e1a5e2eea09c295,us_taker_theta_0.0695_2026-09-17,2026-10-02T21:50:40Z,False
823168,SF,MIN,MIN,True,polymarket_us,959263,aec-mlb-min-sf-2026-09-23,mlb-min-sf-2026-09-23,https://polymarket.us/event/mlb-min-sf-2026-09-23,2026-09-23T19:45:00Z,,,,,,,,,0.01,,,True,,,,,,,polymarket_us_game_winner_v2_frozen_v1,c5361ddb1a247394,insufficient_data,insufficient_evidence,Game started,False,False,1.0,"No invented confidence score. Uncertainty is conveyed by validation status, sample size, quote age, and calibration reports. Registered evidence gates have not passed; treat probabilities as non-actionable. Polymarket labeled history (0 dates) is below the structural floor (70).",game_started,5e1a5e2eea09c295,us_taker_theta_0.0695_2026-09-17,2026-10-02T21:50:40Z,False
824223,DET,WSH,DET,False,polymarket_us,959217,aec-mlb-wsh-det-2026-09-23,mlb-wsh-det-2026-09-23,https://polymarket.us/event/mlb-wsh-det-2026-09-23,2026-09-23T17:10:00Z,,,,,,,,,0.01,,,True,,,,,,,polymarket_us_game_winner_v2_frozen_v1,c5361ddb1a247394,insufficient_data,insufficient_evidence,Game started,False,False,1.0,"No invented confidence score. Uncertainty is conveyed by validation status, sample size, quote age, and calibration reports. Registered evidence gates have not passed; treat probabilities as non-actionable. Polymarket labeled history (0 dates) is below the structural floor (70).",game_started,e5fe87ef41edbf1c,us_taker_theta_0.0695_2026-09-17,2026-10-02T21:50:40Z,False
824223,DET,WSH,WSH,True,polymarket_us,959217,aec-mlb-wsh-det-2026-09-23,mlb-wsh-det-2026-09-23,https://polymarket.us/event/mlb-wsh-det-2026-09-23,2026-09-23T17:10:00Z,,,,,,,,,0.01,,,True,,,,,,,polymarket_us_game_winner_v2_frozen_v1,c5361ddb1a247394,insufficient_data,insufficient_evidence,Game started,False,False,1.0,"No invented confidence score. Uncertainty is conveyed by validation status, sample size, quote age, and calibration reports. Registered evidence gates have not passed; treat probabilities as non-actionable. Polymarket labeled history (0 dates) is below the structural floor (70).",game_started,e5fe87ef41edbf1c,us_taker_theta_0.0695_2026-09-17,2026-10-02T21:50:40Z,False
824785,BAL,TOR,BAL,False,polymarket_us,945215,aec-mlb-tor-bal-2026-09-22,mlb-tor-bal-2026-09-22,https://polymarket.us/event/mlb-tor-bal-2026-09-22,2026-09-23T17:35:00Z,,,,,,,,,0.01,,,True,,,,,,,polymarket_us_game_winner_v2_frozen_v1,c5361ddb1a247394,insufficient_data,insufficient_evidence,Game started,False,False,1.0,"No invented confidence score. Uncertainty is conveyed by validation status, sample size, quote age, and calibration reports. Registered evidence gates have not passed; treat probabilities as non-actionable. Polymarket labeled history (0 dates) is below the structural floor (70).",game_started,21461313a4ee9e9a,us_taker_theta_0.0695_2026-09-17,2026-10-02T21:50:40Z,False
824785,BAL,TOR,TOR,True,polymarket_us,945215,aec-mlb-tor-bal-2026-09-22,mlb-tor-bal-2026-09-22,https://polymarket.us/event/mlb-tor-bal-2026-09-22,2026-09-23T17:35:00Z,,,,,,,,,0.01,,,True,,,,,,,polymarket_us_game_winner_v2_frozen_v1,c5361ddb1a247394,insufficient_data,insufficient_evidence,Game started,False,False,1.0,"No invented confidence score. Uncertainty is conveyed by validation status, sample size, quote age, and calibration reports. Registered evidence gates have not passed; treat probabilities as non-actionable. Polymarket labeled history (0 dates) is below the structural floor (70).",game_started,21461313a4ee9e9a,us_taker_theta_0.0695_2026-09-17,2026-10-02T21:50:40Z,False
824953,ATH,LAA,ATH,False,polymarket_us,945200,aec-mlb-laa-ath-2026-09-22,mlb-laa-ath-2026-09-22,https://polymarket.us/event/mlb-laa-ath-2026-09-22,2026-09-23T01:40:00Z,,,,,,,,,0.01,,,True,,,,,,,polymarket_us_game_winner_v2_frozen_v1,c5361ddb1a247394,insufficient_data,insufficient_evidence,Game started,False,False,1.0,"No invented confidence score. Uncertainty is conveyed by validation status, sample size, quote age, and calibration reports. Registered evidence gates have not passed; treat probabilities as non-actionable. Polymarket labeled history (0 dates) is below the structural floor (70).",game_started,e92d38f9228c572d,us_taker_theta_0.0695_2026-09-17,2026-10-02T21:50:40Z,False
824953,ATH,LAA,LAA,True,polymarket_us,945200,aec-mlb-laa-ath-2026-09-22,mlb-laa-ath-2026-09-22,https://polymarket.us/event/mlb-laa-ath-2026-09-22,2026-09-23T01:40:00Z,,,,,,,,,0.01,,,True,,,,,,,polymarket_us_game_winner_v2_frozen_v1,c5361ddb1a247394,insufficient_data,insufficient_evidence,Game started,False,False,1.0,"No invented confidence score. Uncertainty is conveyed by validation status, sample size, quote age, and calibration reports. Registered evidence gates have not passed; treat probabilities as non-actionable. Polymarket labeled history (0 dates) is below the structural floor (70).",game_started,e92d38f9228c572d,us_taker_theta_0.0695_2026-09-17,2026-10-02T21:50:40Z,False
823328,PIT,STL,PIT,False,polymarket_us,945185,aec-mlb-stl-pit-2026-09-22,mlb-stl-pit-2026-09-22,https://polymarket.us/event/mlb-stl-pit-2026-09-22,2026-09-22T22:40:00Z,,,,,,,,,0.01,,,True,,,,,,,polymarket_us_game_winner_v2_frozen_v1,c5361ddb1a247394,insufficient_data,insufficient_evidence,Game started,False,False,1.0,"No invented confidence score. Uncertainty is conveyed by validation status, sample size, quote age, and calibration reports. Registered evidence gates have not passed; treat probabilities as non-actionable. Polymarket labeled history (0 dates) is below the structural floor (70).",game_started,42d20ca48c1bcc8a,us_taker_theta_0.0695_2026-09-17,2026-10-02T21:50:40Z,False
823328,PIT,STL,STL,True,polymarket_us,945185,aec-mlb-stl-pit-2026-09-22,mlb-stl-pit-2026-09-22,https://polymarket.us/event/mlb-stl-pit-2026-09-22,2026-09-22T22:40:00Z,,,,,,,,,0.01,,,True,,,,,,,polymarket_us_game_winner_v2_frozen_v1,c5361ddb1a247394,insufficient_data,insufficient_evidence,Game started,False,False,1.0,"No invented confidence score. Uncertainty is conveyed by validation status, sample size, quote age, and calibration reports. Registered evidence gates have not passed; treat probabilities as non-actionable. Polymarket labeled history (0 dates) is below the structural floor (70).",game_started,42d20ca48c1bcc8a,us_taker_theta_0.0695_2026-09-17,2026-10-02T21:50:40Z,False
824222,DET,WSH,DET,False,polymarket_us,945152,aec-mlb-wsh-det-2026-09-22,mlb-wsh-det-2026-09-22,https://polymarket.us/event/mlb-wsh-det-2026-09-22,2026-09-22T22:40:00Z,,,,,,,,,0.01,,,True,,,,,,,polymarket_us_game_winner_v2_frozen_v1,c5361ddb1a247394,insufficient_data,insufficient_evidence,Game started,False,False,1.0,"No invented confidence score. Uncertainty is conveyed by validation status, sample size, quote age, and calibration reports. Registered evidence gates have not passed; treat probabilities as non-actionable. Polymarket labeled history (0 dates) is below the structural floor (70).",game_started,6f301e7e03820926,us_taker_theta_0.0695_2026-09-17,2026-10-02T21:50:40Z,False
824222,DET,WSH,WSH,True,polymarket_us,945152,aec-mlb-wsh-det-2026-09-22,mlb-wsh-det-2026-09-22,https://polymarket.us/event/mlb-wsh-det-2026-09-22,2026-09-22T22:40:00Z,,,,,,,,,0.01,,,True,,,,,,,polymarket_us_game_winner_v2_frozen_v1,c5361ddb1a247394,insufficient_data,insufficient_evidence,Game started,False,False,1.0,"No invented confidence score. Uncertainty is conveyed by validation status, sample size, quote age, and calibration reports. Registered evidence gates have not passed; treat probabilities as non-actionable. Polymarket labeled history (0 dates) is below the structural floor (70).",game_started,6f301e7e03820926,us_taker_theta_0.0695_2026-09-17,2026-10-02T21:50:40Z,False
823412,PHI,MIL,PHI,False,polymarket_us,945161,aec-mlb-mil-phi-2026-09-22,mlb-mil-phi-2026-09-22,https://polymarket.us/event/mlb-mil-phi-2026-09-22,2026-09-22T22:40:00Z,,,,,,,,,0.01,,,True,,,,,,,polymarket_us_game_winner_v2_frozen_v1,c5361ddb1a247394,insufficient_data,insufficient_evidence,Game started,False,False,1.0,"No invented confidence score. Uncertainty is conveyed by validation status, sample size, quote age, and calibration reports. Registered evidence gates have not passed; treat probabilities as non-actionable. Polymarket labeled history (0 dates) is below the structural floor (70).",game_started,09877d8809cf8b84,us_taker_theta_0.0695_2026-09-17,2026-10-02T21:50:40Z,False
823412,PHI,MIL,MIL,True,polymarket_us,945161,aec-mlb-mil-phi-2026-09-22,mlb-mil-phi-2026-09-22,https://polymarket.us/event/mlb-mil-phi-2026-09-22,2026-09-22T22:40:00Z,,,,,,,,,0.01,,,True,,,,,,,polymarket_us_game_winner_v2_frozen_v1,c5361ddb1a247394,insufficient_data,insufficient_evidence,Game started,False,False,1.0,"No invented confidence score. Uncertainty is conveyed by validation status, sample size, quote age, and calibration reports. Registered evidence gates have not passed; treat probabilities as non-actionable. Polymarket labeled history (0 dates) is below the structural floor (70).",game_started,09877d8809cf8b84,us_taker_theta_0.0695_2026-09-17,2026-10-02T21:50:40Z,False
824709,BOS,CLE,BOS,False,polymarket_us,945170,aec-mlb-cle-bos-2026-09-22,mlb-cle-bos-2026-09-22,https://polymarket.us/event/mlb-cle-bos-2026-09-22,2026-09-22T22:45:00Z,,,,,,,,,0.01,,,True,,,,,,,polymarket_us_game_winner_v2_frozen_v1,c5361ddb1a247394,insufficient_data,insufficient_evidence,Game started,False,False,1.0,"No invented confidence score. Uncertainty is conveyed by validation status, sample size, quote age, and calibration reports. Registered evidence gates have not passed; treat probabilities as non-actionable. Polymarket labeled history (0 dates) is below the structural floor (70).",game_started,8f494bd094604cf9,us_taker_theta_0.0695_2026-09-17,2026-10-02T21:50:40Z,False
824709,BOS,CLE,CLE,True,polymarket_us,945170,aec-mlb-cle-bos-2026-09-22,mlb-cle-bos-2026-09-22,https://polymarket.us/event/mlb-cle-bos-2026-09-22,2026-09-22T22:45:00Z,,,,,,,,,0.01,,,True,,,,,,,polymarket_us_game_winner_v2_frozen_v1,c5361ddb1a247394,insufficient_data,insufficient_evidence,Game started,False,False,1.0,"No invented confidence score. Uncertainty is conveyed by validation status, sample size, quote age, and calibration reports. Registered evidence gates have not passed; treat probabilities as non-actionable. Polymarket labeled history (0 dates) is below the structural floor (70).",game_started,8f494bd094604cf9,us_taker_theta_0.0695_2026-09-17,2026-10-02T21:50:40Z,False
823494,NYY,TB,NYY,False,polymarket_us,945225,aec-mlb-tb-nyy-2026-09-22-dh2,mlb-tb-nyy-2026-09-22-dh2,https://polymarket.us/event/mlb-tb-nyy-2026-09-22-dh2,2026-09-22T23:05:00Z,,,,,,,,,0.01,,,True,,,,,,,polymarket_us_game_winner_v2_frozen_v1,c5361ddb1a247394,insufficient_data,insufficient_evidence,Game started,False,False,1.0,"No invented confidence score. Uncertainty is conveyed by validation status, sample size, quote age, and calibration reports. Registered evidence gates have not passed; treat probabilities as non-actionable. Polymarket labeled history (0 dates) is below the structural floor (70).",game_started,5a9b89537d9552bf,us_taker_theta_0.0695_2026-09-17,2026-10-02T21:50:40Z,False
823494,NYY,TB,TB,True,polymarket_us,945225,aec-mlb-tb-nyy-2026-09-22-dh2,mlb-tb-nyy-2026-09-22-dh2,https://polymarket.us/event/mlb-tb-nyy-2026-09-22-dh2,2026-09-22T23:05:00Z,,,,,,,,,0.01,,,True,,,,,,,polymarket_us_game_winner_v2_frozen_v1,c5361ddb1a247394,insufficient_data,insufficient_evidence,Game started,False,False,1.0,"No invented confidence score. Uncertainty is conveyed by validation status, sample size, quote age, and calibration reports. Registered evidence gates have not passed; treat probabilities as non-actionable. Polymarket labeled history (0 dates) is below the structural floor (70).",game_started,5a9b89537d9552bf,us_taker_theta_0.0695_2026-09-17,2026-10-02T21:50:40Z,False
824867,ATL,CIN,ATL,False,polymarket_us,945230,aec-mlb-cin-atl-2026-09-22,mlb-cin-atl-2026-09-22,https://polymarket.us/event/mlb-cin-atl-2026-09-22,2026-09-22T23:15:00Z,,,,,,,,,0.01,,,True,,,,,,,polymarket_us_game_winner_v2_frozen_v1,c5361ddb1a247394,insufficient_data,insufficient_evidence,Game started,False,False,1.0,"No invented confidence score. Uncertainty is conveyed by validation status, sample size, quote age, and calibration reports. Registered evidence gates have not passed; treat probabilities as non-actionable. Polymarket labeled history (0 dates) is below the structural floor (70).",game_started,676309a5857a7d95,us_taker_theta_0.0695_2026-09-17,2026-10-02T21:50:40Z,False
824867,ATL,CIN,CIN,True,polymarket_us,945230,aec-mlb-cin-atl-2026-09-22,mlb-cin-atl-2026-09-22,https://polymarket.us/event/mlb-cin-atl-2026-09-22,2026-09-22T23:15:00Z,,,,,,,,,0.01,,,True,,,,,,,polymarket_us_game_winner_v2_frozen_v1,c5361ddb1a247394,insufficient_data,insufficient_evidence,Game started,False,False,1.0,"No invented confidence score. Uncertainty is conveyed by validation status, sample size, quote age, and calibration reports. Registered evidence gates have not passed; treat probabilities as non-actionable. Polymarket labeled history (0 dates) is below the structural floor (70).",game_started,676309a5857a7d95,us_taker_theta_0.0695_2026-09-17,2026-10-02T21:50:40Z,False
824624,CHC,MIA,CHC,False,polymarket_us,945205,aec-mlb-mia-chc-2026-09-22,mlb-mia-chc-2026-09-22,https://polymarket.us/event/mlb-mia-chc-2026-09-22,2026-09-22T23:40:00Z,,,,,,,,,0.01,,,True,,,,,,,polymarket_us_game_winner_v2_frozen_v1,c5361ddb1a247394,insufficient_data,insufficient_evidence,Game started,False,False,1.0,"No invented confidence score. Uncertainty is conveyed by validation status, sample size, quote age, and calibration reports. Registered evidence gates have not passed; treat probabilities as non-actionable. Polymarket labeled history (0 dates) is below the structural floor (70).",game_started,e3fade7e93105b51,us_taker_theta_0.0695_2026-09-17,2026-10-02T21:50:40Z,False
824624,CHC,MIA,MIA,True,polymarket_us,945205,aec-mlb-mia-chc-2026-09-22,mlb-mia-chc-2026-09-22,https://polymarket.us/event/mlb-mia-chc-2026-09-22,2026-09-22T23:40:00Z,,,,,,,,,0.01,,,True,,,,,,,polymarket_us_game_winner_v2_frozen_v1,c5361ddb1a247394,insufficient_data,insufficient_evidence,Game started,False,False,1.0,"No invented confidence score. Uncertainty is conveyed by validation status, sample size, quote age, and calibration reports. Registered evidence gates have not passed; treat probabilities as non-actionable. Polymarket labeled history (0 dates) is below the structural floor (70).",game_started,e3fade7e93105b51,us_taker_theta_0.0695_2026-09-17,2026-10-02T21:50:40Z,False
824061,KC,CWS,KC,False,polymarket_us,945135,aec-mlb-cws-kc-2026-09-22,mlb-cws-kc-2026-09-22,https://polymarket.us/event/mlb-cws-kc-2026-09-22,2026-09-22T23:40:00Z,,,,,,,,,0.01,,,True,,,,,,,polymarket_us_game_winner_v2_frozen_v1,c5361ddb1a247394,insufficient_data,insufficient_evidence,Game started,False,False,1.0,"No invented confidence score. Uncertainty is conveyed by validation status, sample size, quote age, and calibration reports. Registered evidence gates have not passed; treat probabilities as non-actionable. Polymarket labeled history (0 dates) is below the structural floor (70).",game_started,36ee5650b8b49420,us_taker_theta_0.0695_2026-09-17,2026-10-02T21:50:40Z,False
824061,KC,CWS,CWS,True,polymarket_us,945135,aec-mlb-cws-kc-2026-09-22,mlb-cws-kc-2026-09-22,https://polymarket.us/event/mlb-cws-kc-2026-09-22,2026-09-22T23:40:00Z,,,,,,,,,0.01,,,True,,,,,,,polymarket_us_game_winner_v2_frozen_v1,c5361ddb1a247394,insufficient_data,insufficient_evidence,Game started,False,False,1.0,"No invented confidence score. Uncertainty is conveyed by validation status, sample size, quote age, and calibration reports. Registered evidence gates have not passed; treat probabilities as non-actionable. Polymarket labeled history (0 dates) is below the structural floor (70).",game_started,36ee5650b8b49420,us_taker_theta_0.0695_2026-09-17,2026-10-02T21:50:40Z,False
822840,TEX,NYM,TEX,False,polymarket_us,945195,aec-mlb-nym-tex-2026-09-22,mlb-nym-tex-2026-09-22,https://polymarket.us/event/mlb-nym-tex-2026-09-22,2026-09-23T00:05:00Z,,,,,,,,,0.01,,,True,,,,,,,polymarket_us_game_winner_v2_frozen_v1,c5361ddb1a247394,insufficient_data,insufficient_evidence,Game started,False,False,1.0,"No invented confidence score. Uncertainty is conveyed by validation status, sample size, quote age, and calibration reports. Registered evidence gates have not passed; treat probabilities as non-actionable. Polymarket labeled history (0 dates) is below the structural floor (70).",game_started,732e97dc01df8104,us_taker_theta_0.0695_2026-09-17,2026-10-02T21:50:40Z,False
822840,TEX,NYM,NYM,True,polymarket_us,945195,aec-mlb-nym-tex-2026-09-22,mlb-nym-tex-2026-09-22,https://polymarket.us/event/mlb-nym-tex-2026-09-22,2026-09-23T00:05:00Z,,,,,,,,,0.01,,,True,,,,,,,polymarket_us_game_winner_v2_frozen_v1,c5361ddb1a247394,insufficient_data,insufficient_evidence,Game started,False,False,1.0,"No invented confidence score. Uncertainty is conveyed by validation status, sample size, quote age, and calibration reports. Registered evidence gates have not passed; treat probabilities as non-actionable. Polymarket labeled history (0 dates) is below the structural floor (70).",game_started,732e97dc01df8104,us_taker_theta_0.0695_2026-09-17,2026-10-02T21:50:40Z,False
824302,COL,AZ,COL,False,polymarket_us,945143,aec-mlb-az-col-2026-09-22,mlb-az-col-2026-09-22,https://polymarket.us/event/mlb-az-col-2026-09-22,2026-09-23T00:40:00Z,,,,,,,,,0.01,,,True,,,,,,,polymarket_us_game_winner_v2_frozen_v1,c5361ddb1a247394,insufficient_data,insufficient_evidence,Game started,False,False,1.0,"No invented confidence score. Uncertainty is conveyed by validation status, sample size, quote age, and calibration reports. Registered evidence gates have not passed; treat probabilities as non-actionable. Polymarket labeled history (0 dates) is below the structural floor (70).",game_started,a763294a582ccf73,us_taker_theta_0.0695_2026-09-17,2026-10-02T21:50:40Z,False
824302,COL,AZ,AZ,True,polymarket_us,945143,aec-mlb-az-col-2026-09-22,mlb-az-col-2026-09-22,https://polymarket.us/event/mlb-az-col-2026-09-22,2026-09-23T00:40:00Z,,,,,,,,,0.01,,,True,,,,,,,polymarket_us_game_winner_v2_frozen_v1,c5361ddb1a247394,insufficient_data,insufficient_evidence,Game started,False,False,1.0,"No invented confidence score. Uncertainty is conveyed by validation status, sample size, quote age, and calibration reports. Registered evidence gates have not passed; treat probabilities as non-actionable. Polymarket labeled history (0 dates) is below the structural floor (70).",game_started,a763294a582ccf73,us_taker_theta_0.0695_2026-09-17,2026-10-02T21:50:40Z,False
823089,SEA,HOU,SEA,False,polymarket_us,945190,aec-mlb-hou-sea-2026-09-22,mlb-hou-sea-2026-09-22,https://polymarket.us/event/mlb-hou-sea-2026-09-22,2026-09-23T01:40:00Z,,,,,,,,,0.01,,,True,,,,,,,polymarket_us_game_winner_v2_frozen_v1,c5361ddb1a247394,insufficient_data,insufficient_evidence,Game started,False,False,1.0,"No invented confidence score. Uncertainty is conveyed by validation status, sample size, quote age, and calibration reports. Registered evidence gates have not passed; treat probabilities as non-actionable. Polymarket labeled history (0 dates) is below the structural floor (70).",game_started,15b1c2a2196742f8,us_taker_theta_0.0695_2026-09-17,2026-10-02T21:50:40Z,False
823089,SEA,HOU,HOU,True,polymarket_us,945190,aec-mlb-hou-sea-2026-09-22,mlb-hou-sea-2026-09-22,https://polymarket.us/event/mlb-hou-sea-2026-09-22,2026-09-23T01:40:00Z,,,,,,,,,0.01,,,True,,,,,,,polymarket_us_game_winner_v2_frozen_v1,c5361ddb1a247394,insufficient_data,insufficient_evidence,Game started,False,False,1.0,"No invented confidence score. Uncertainty is conveyed by validation status, sample size, quote age, and calibration reports. Registered evidence gates have not passed; treat probabilities as non-actionable. Polymarket labeled history (0 dates) is below the structural floor (70).",game_started,15b1c2a2196742f8,us_taker_theta_0.0695_2026-09-17,2026-10-02T21:50:40Z,False
823166,SF,MIN,SF,False,polymarket_us,945220,aec-mlb-min-sf-2026-09-22,mlb-min-sf-2026-09-22,https://polymarket.us/event/mlb-min-sf-2026-09-22,2026-09-23T01:45:00Z,,,,,,,,,0.01,,,True,,,,,,,polymarket_us_game_winner_v2_frozen_v1,c5361ddb1a247394,insufficient_data,insufficient_evidence,Game started,False,False,1.0,"No invented confidence score. Uncertainty is conveyed by validation status, sample size, quote age, and calibration reports. Registered evidence gates have not passed; treat probabilities as non-actionable. Polymarket labeled history (0 dates) is below the structural floor (70).",game_started,2916efb148886bae,us_taker_theta_0.0695_2026-09-17,2026-10-02T21:50:40Z,False
823166,SF,MIN,MIN,True,polymarket_us,945220,aec-mlb-min-sf-2026-09-22,mlb-min-sf-2026-09-22,https://polymarket.us/event/mlb-min-sf-2026-09-22,2026-09-23T01:45:00Z,,,,,,,,,0.01,,,True,,,,,,,polymarket_us_game_winner_v2_frozen_v1,c5361ddb1a247394,insufficient_data,insufficient_evidence,Game started,False,False,1.0,"No invented confidence score. Uncertainty is conveyed by validation status, sample size, quote age, and calibration reports. Registered evidence gates have not passed; treat probabilities as non-actionable. Polymarket labeled history (0 dates) is below the structural floor (70).",game_started,2916efb148886bae,us_taker_theta_0.0695_2026-09-17,2026-10-02T21:50:40Z,False
823897,LAD,SD,LAD,False,polymarket_us,945180,aec-mlb-sd-lad-2026-09-22,mlb-sd-lad-2026-09-22,https://polymarket.us/event/mlb-sd-lad-2026-09-22,2026-09-23T02:10:00Z,,,,,,,,,0.01,,,True,,,,,,,polymarket_us_game_winner_v2_frozen_v1,c5361ddb1a247394,insufficient_data,insufficient_evidence,Game started,False,False,1.0,"No invented confidence score. Uncertainty is conveyed by validation status, sample size, quote age, and calibration reports. Registered evidence gates have not passed; treat probabilities as non-actionable. Polymarket labeled history (0 dates) is below the structural floor (70).",game_started,a312e5be90d8a491,us_taker_theta_0.0695_2026-09-17,2026-10-02T21:50:40Z,False
823897,LAD,SD,SD,True,polymarket_us,945180,aec-mlb-sd-lad-2026-09-22,mlb-sd-lad-2026-09-22,https://polymarket.us/event/mlb-sd-lad-2026-09-22,2026-09-23T02:10:00Z,,,,,,,,,0.01,,,True,,,,,,,polymarket_us_game_winner_v2_frozen_v1,c5361ddb1a247394,insufficient_data,insufficient_evidence,Game started,False,False,1.0,"No invented confidence score. Uncertainty is conveyed by validation status, sample size, quote age, and calibration reports. Registered evidence gates have not passed; treat probabilities as non-actionable. Polymarket labeled history (0 dates) is below the structural floor (70).",game_started,a312e5be90d8a491,us_taker_theta_0.0695_2026-09-17,2026-10-02T21:50:40Z,False
823543,NYY,TB,NYY,False,polymarket_us,945210,aec-mlb-tb-nyy-2026-09-22-dh1,mlb-tb-nyy-2026-09-22-dh1,https://polymarket.us/event/mlb-tb-nyy-2026-09-22-dh1,2026-09-22T17:05:00Z,,,,,,,,,0.01,,,True,,,,,,,polymarket_us_game_winner_v2_frozen_v1,c5361ddb1a247394,insufficient_data,insufficient_evidence,Game started,False,False,1.0,"No invented confidence score. Uncertainty is conveyed by validation status, sample size, quote age, and calibration reports. Registered evidence gates have not passed; treat probabilities as non-actionable. Polymarket labeled history (0 dates) is below the structural floor (70).",game_started,e1a64b84d953e91f,us_taker_theta_0.0695_2026-09-17,2026-10-02T21:50:40Z,False
823543,NYY,TB,TB,True,polymarket_us,945210,aec-mlb-tb-nyy-2026-09-22-dh1,mlb-tb-nyy-2026-09-22-dh1,https://polymarket.us/event/mlb-tb-nyy-2026-09-22-dh1,2026-09-22T17:05:00Z,,,,,,,,,0.01,,,True,,,,,,,polymarket_us_game_winner_v2_frozen_v1,c5361ddb1a247394,insufficient_data,insufficient_evidence,Game started,False,False,1.0,"No invented confidence score. Uncertainty is conveyed by validation status, sample size, quote age, and calibration reports. Registered evidence gates have not passed; treat probabilities as non-actionable. Polymarket labeled history (0 dates) is below the structural floor (70).",game_started,e1a64b84d953e91f,us_taker_theta_0.0695_2026-09-17,2026-10-02T21:50:40Z,False
824785,BAL,TOR,BAL,False,polymarket_us,1003274,aec-mlb-tor-bal-2026-09-23-dh1,mlb-tor-bal-2026-09-23-dh1,https://polymarket.us/event/mlb-tor-bal-2026-09-23-dh1,2026-09-23T17:35:00Z,,,,,,,,,0.01,,,True,,,,,,,polymarket_us_game_winner_v2_frozen_v1,c5361ddb1a247394,insufficient_data,insufficient_evidence,Game started,False,False,1.0,"No invented confidence score. Uncertainty is conveyed by validation status, sample size, quote age, and calibration reports. Registered evidence gates have not passed; treat probabilities as non-actionable. Polymarket labeled history (0 dates) is below the structural floor (70).",game_started,8e1e9d13f25a086a,us_taker_theta_0.0695_2026-09-17,2026-10-02T21:50:40Z,False
824785,BAL,TOR,TOR,True,polymarket_us,1003274,aec-mlb-tor-bal-2026-09-23-dh1,mlb-tor-bal-2026-09-23-dh1,https://polymarket.us/event/mlb-tor-bal-2026-09-23-dh1,2026-09-23T17:35:00Z,,,,,,,,,0.01,,,True,,,,,,,polymarket_us_game_winner_v2_frozen_v1,c5361ddb1a247394,insufficient_data,insufficient_evidence,Game started,False,False,1.0,"No invented confidence score. Uncertainty is conveyed by validation status, sample size, quote age, and calibration reports. Registered evidence gates have not passed; treat probabilities as non-actionable. Polymarket labeled history (0 dates) is below the structural floor (70).",game_started,8e1e9d13f25a086a,us_taker_theta_0.0695_2026-09-17,2026-10-02T21:50:40Z,False
824787,BAL,TOR,BAL,False,polymarket_us,929957,aec-mlb-tor-bal-2026-09-21,mlb-tor-bal-2026-09-21,https://polymarket.us/event/mlb-tor-bal-2026-09-21,2026-09-21T22:35:00Z,,,,,,,,,0.01,,,True,,,,,,,polymarket_us_game_winner_v2_frozen_v1,c5361ddb1a247394,insufficient_data,insufficient_evidence,Game started,False,False,1.0,"No invented confidence score. Uncertainty is conveyed by validation status, sample size, quote age, and calibration reports. Registered evidence gates have not passed; treat probabilities as non-actionable. Polymarket labeled history (0 dates) is below the structural floor (70).",game_started,6d5253e478d5107f,us_taker_theta_0.0695_2026-09-17,2026-10-02T21:50:40Z,False
824787,BAL,TOR,TOR,True,polymarket_us,929957,aec-mlb-tor-bal-2026-09-21,mlb-tor-bal-2026-09-21,https://polymarket.us/event/mlb-tor-bal-2026-09-21,2026-09-21T22:35:00Z,,,,,,,,,0.01,,,True,,,,,,,polymarket_us_game_winner_v2_frozen_v1,c5361ddb1a247394,insufficient_data,insufficient_evidence,Game started,False,False,1.0,"No invented confidence score. Uncertainty is conveyed by validation status, sample size, quote age, and calibration reports. Registered evidence gates have not passed; treat probabilities as non-actionable. Polymarket labeled history (0 dates) is below the structural floor (70).",game_started,6d5253e478d5107f,us_taker_theta_0.0695_2026-09-17,2026-10-02T21:50:40Z,False
823169,SF,MIN,SF,False,polymarket_us,929935,aec-mlb-min-sf-2026-09-21,mlb-min-sf-2026-09-21,https://polymarket.us/event/mlb-min-sf-2026-09-21,2026-09-22T01:45:00Z,,,,,,,,,0.01,,,True,,,,,,,polymarket_us_game_winner_v2_frozen_v1,c5361ddb1a247394,insufficient_data,insufficient_evidence,Game started,False,False,1.0,"No invented confidence score. Uncertainty is conveyed by validation status, sample size, quote age, and calibration reports. Registered evidence gates have not passed; treat probabilities as non-actionable. Polymarket labeled history (0 dates) is below the structural floor (70).",game_started,73453d8ec495f101,us_taker_theta_0.0695_2026-09-17,2026-10-02T21:50:40Z,False
823169,SF,MIN,MIN,True,polymarket_us,929935,aec-mlb-min-sf-2026-09-21,mlb-min-sf-2026-09-21,https://polymarket.us/event/mlb-min-sf-2026-09-21,2026-09-22T01:45:00Z,,,,,,,,,0.01,,,True,,,,,,,polymarket_us_game_winner_v2_frozen_v1,c5361ddb1a247394,insufficient_data,insufficient_evidence,Game started,False,False,1.0,"No invented confidence score. Uncertainty is conveyed by validation status, sample size, quote age, and calibration reports. Registered evidence gates have not passed; treat probabilities as non-actionable. Polymarket labeled history (0 dates) is below the structural floor (70).",game_started,73453d8ec495f101,us_taker_theta_0.0695_2026-09-17,2026-10-02T21:50:40Z,False
824221,DET,WSH,DET,False,polymarket_us,929948,aec-mlb-wsh-det-2026-09-21,mlb-wsh-det-2026-09-21,https://polymarket.us/event/mlb-wsh-det-2026-09-21,2026-09-21T22:40:00Z,,,,,,,,,0.01,,,True,,,,,,,polymarket_us_game_winner_v2_frozen_v1,c5361ddb1a247394,insufficient_data,insufficient_evidence,Game started,False,False,1.0,"No invented confidence score. Uncertainty is conveyed by validation status, sample size, quote age, and calibration reports. Registered evidence gates have not passed; treat probabilities as non-actionable. Polymarket labeled history (0 dates) is below the structural floor (70).",game_started,07c439cc2c347fa3,us_taker_theta_0.0695_2026-09-17,2026-10-02T21:50:40Z,False
824221,DET,WSH,WSH,True,polymarket_us,929948,aec-mlb-wsh-det-2026-09-21,mlb-wsh-det-2026-09-21,https://polymarket.us/event/mlb-wsh-det-2026-09-21,2026-09-21T22:40:00Z,,,,,,,,,0.01,,,True,,,,,,,polymarket_us_game_winner_v2_frozen_v1,c5361ddb1a247394,insufficient_data,insufficient_evidence,Game started,False,False,1.0,"No invented confidence score. Uncertainty is conveyed by validation status, sample size, quote age, and calibration reports. Registered evidence gates have not passed; treat probabilities as non-actionable. Polymarket labeled history (0 dates) is below the structural floor (70).",game_started,07c439cc2c347fa3,us_taker_theta_0.0695_2026-09-17,2026-10-02T21:50:40Z,False
824789,BAL,MIL,BAL,False,polymarket_us,917962,aec-mlb-mil-bal-2026-09-20,mlb-mil-bal-2026-09-20,https://polymarket.us/event/mlb-mil-bal-2026-09-20,2026-09-20T23:20:00Z,,,,,,,,,0.01,,,True,,,,,,,polymarket_us_game_winner_v2_frozen_v1,c5361ddb1a247394,insufficient_data,insufficient_evidence,Game started,False,False,1.0,"No invented confidence score. Uncertainty is conveyed by validation status, sample size, quote age, and calibration reports. Registered evidence gates have not passed; treat probabilities as non-actionable. Polymarket labeled history (0 dates) is below the structural floor (70).",game_started,e92f810d9b89c15d,us_taker_theta_0.0695_2026-09-17,2026-10-02T21:50:40Z,False
824789,BAL,MIL,MIL,True,polymarket_us,917962,aec-mlb-mil-bal-2026-09-20,mlb-mil-bal-2026-09-20,https://polymarket.us/event/mlb-mil-bal-2026-09-20,2026-09-20T23:20:00Z,,,,,,,,,0.01,,,True,,,,,,,polymarket_us_game_winner_v2_frozen_v1,c5361ddb1a247394,insufficient_data,insufficient_evidence,Game started,False,False,1.0,"No invented confidence score. Uncertainty is conveyed by validation status, sample size, quote age, and calibration reports. Registered evidence gates have not passed; treat probabilities as non-actionable. Polymarket labeled history (0 dates) is below the structural floor (70).",game_started,e92f810d9b89c15d,us_taker_theta_0.0695_2026-09-17,2026-10-02T21:50:40Z,False
824546,CWS,DET,CWS,False,polymarket_us,918017,aec-mlb-det-cws-2026-09-20,mlb-det-cws-2026-09-20,https://polymarket.us/event/mlb-det-cws-2026-09-20,2026-09-20T18:10:00Z,,,,,,,,,0.01,,,True,,,,,,,polymarket_us_game_winner_v2_frozen_v1,c5361ddb1a247394,insufficient_data,insufficient_evidence,Game started,False,False,1.0,"No invented confidence score. Uncertainty is conveyed by validation status, sample size, quote age, and calibration reports. Registered evidence gates have not passed; treat probabilities as non-actionable. Polymarket labeled history (0 dates) is below the structural floor (70).",game_started,ab61a36303d29ce6,us_taker_theta_0.0695_2026-09-17,2026-10-02T21:50:40Z,False
824546,CWS,DET,DET,True,polymarket_us,918017,aec-mlb-det-cws-2026-09-20,mlb-det-cws-2026-09-20,https://polymarket.us/event/mlb-det-cws-2026-09-20,2026-09-20T18:10:00Z,,,,,,,,,0.01,,,True,,,,,,,polymarket_us_game_winner_v2_frozen_v1,c5361ddb1a247394,insufficient_data,insufficient_evidence,Game started,False,False,1.0,"No invented confidence score. Uncertainty is conveyed by validation status, sample size, quote age, and calibration reports. Registered evidence gates have not passed; treat probabilities as non-actionable. Polymarket labeled history (0 dates) is below the structural floor (70).",game_started,ab61a36303d29ce6,us_taker_theta_0.0695_2026-09-17,2026-10-02T21:50:40Z,False
824381,CLE,ATH,CLE,False,polymarket_us,917972,aec-mlb-ath-cle-2026-09-20,mlb-ath-cle-2026-09-20,https://polymarket.us/event/mlb-ath-cle-2026-09-20,2026-09-20T17:40:00Z,,,,,,,,,0.01,,,True,,,,,,,polymarket_us_game_winner_v2_frozen_v1,c5361ddb1a247394,insufficient_data,insufficient_evidence,Game started,False,False,1.0,"No invented confidence score. Uncertainty is conveyed by validation status, sample size, quote age, and calibration reports. Registered evidence gates have not passed; treat probabilities as non-actionable. Polymarket labeled history (0 dates) is below the structural floor (70).",game_started,6335042d7357014d,us_taker_theta_0.0695_2026-09-17,2026-10-02T21:50:40Z,False
824381,CLE,ATH,ATH,True,polymarket_us,917972,aec-mlb-ath-cle-2026-09-20,mlb-ath-cle-2026-09-20,https://polymarket.us/event/mlb-ath-cle-2026-09-20,2026-09-20T17:40:00Z,,,,,,,,,0.01,,,True,,,,,,,polymarket_us_game_winner_v2_frozen_v1,c5361ddb1a247394,insufficient_data,insufficient_evidence,Game started,False,False,1.0,"No invented confidence score. Uncertainty is conveyed by validation status, sample size, quote age, and calibration reports. Registered evidence gates have not passed; treat probabilities as non-actionable. Polymarket labeled history (0 dates) is below the structural floor (70).",game_started,6335042d7357014d,us_taker_theta_0.0695_2026-09-17,2026-10-02T21:50:40Z,False
824139,HOU,ATL,HOU,False,polymarket_us,917997,aec-mlb-atl-hou-2026-09-20,mlb-atl-hou-2026-09-20,https://polymarket.us/event/mlb-atl-hou-2026-09-20,2026-09-20T18:10:00Z,,,,,,,,,0.01,,,True,,,,,,,polymarket_us_game_winner_v2_frozen_v1,c5361ddb1a247394,insufficient_data,insufficient_evidence,Game started,False,False,1.0,"No invented confidence score. Uncertainty is conveyed by validation status, sample size, quote age, and calibration reports. Registered evidence gates have not passed; treat probabilities as non-actionable. Polymarket labeled history (0 dates) is below the structural floor (70).",game_started,399cef3c67f215bb,us_taker_theta_0.0695_2026-09-17,2026-10-02T21:50:40Z,False
824139,HOU,ATL,ATL,True,polymarket_us,917997,aec-mlb-atl-hou-2026-09-20,mlb-atl-hou-2026-09-20,https://polymarket.us/event/mlb-atl-hou-2026-09-20,2026-09-20T18:10:00Z,,,,,,,,,0.01,,,True,,,,,,,polymarket_us_game_winner_v2_frozen_v1,c5361ddb1a247394,insufficient_data,insufficient_evidence,Game started,False,False,1.0,"No invented confidence score. Uncertainty is conveyed by validation status, sample size, quote age, and calibration reports. Registered evidence gates have not passed; treat probabilities as non-actionable. Polymarket labeled history (0 dates) is below the structural floor (70).",game_started,399cef3c67f215bb,us_taker_theta_0.0695_2026-09-17,2026-10-02T21:50:40Z,False
822844,TEX,TOR,TEX,False,polymarket_us,918007,aec-mlb-tor-tex-2026-09-20,mlb-tor-tex-2026-09-20,https://polymarket.us/event/mlb-tor-tex-2026-09-20,2026-09-20T18:35:00Z,,,,,,,,,0.01,,,True,,,,,,,polymarket_us_game_winner_v2_frozen_v1,c5361ddb1a247394,insufficient_data,insufficient_evidence,Game started,False,False,1.0,"No invented confidence score. Uncertainty is conveyed by validation status, sample size, quote age, and calibration reports. Registered evidence gates have not passed; treat probabilities as non-actionable. Polymarket labeled history (0 dates) is below the structural floor (70).",game_started,b058c13ba7c84954,us_taker_theta_0.0695_2026-09-17,2026-10-02T21:50:40Z,False
822844,TEX,TOR,TOR,True,polymarket_us,918007,aec-mlb-tor-tex-2026-09-20,mlb-tor-tex-2026-09-20,https://polymarket.us/event/mlb-tor-tex-2026-09-20,2026-09-20T18:35:00Z,,,,,,,,,0.01,,,True,,,,,,,polymarket_us_game_winner_v2_frozen_v1,c5361ddb1a247394,insufficient_data,insufficient_evidence,Game started,False,False,1.0,"No invented confidence score. Uncertainty is conveyed by validation status, sample size, quote age, and calibration reports. Registered evidence gates have not passed; treat probabilities as non-actionable. Polymarket labeled history (0 dates) is below the structural floor (70).",game_started,b058c13ba7c84954,us_taker_theta_0.0695_2026-09-17,2026-10-02T21:50:40Z,False
824300,COL,SEA,COL,False,polymarket_us,917953,aec-mlb-sea-col-2026-09-20,mlb-sea-col-2026-09-20,https://polymarket.us/event/mlb-sea-col-2026-09-20,2026-09-20T19:10:00Z,,,,,,,,,0.01,,,True,,,,,,,polymarket_us_game_winner_v2_frozen_v1,c5361ddb1a247394,insufficient_data,insufficient_evidence,Game started,False,False,1.0,"No invented confidence score. Uncertainty is conveyed by validation status, sample size, quote age, and calibration reports. Registered evidence gates have not passed; treat probabilities as non-actionable. Polymarket labeled history (0 dates) is below the structural floor (70).",game_started,be774c0ccb6e2c93,us_taker_theta_0.0695_2026-09-17,2026-10-02T21:50:40Z,False
824300,COL,SEA,SEA,True,polymarket_us,917953,aec-mlb-sea-col-2026-09-20,mlb-sea-col-2026-09-20,https://polymarket.us/event/mlb-sea-col-2026-09-20,2026-09-20T19:10:00Z,,,,,,,,,0.01,,,True,,,,,,,polymarket_us_game_winner_v2_frozen_v1,c5361ddb1a247394,insufficient_data,insufficient_evidence,Game started,False,False,1.0,"No invented confidence score. Uncertainty is conveyed by validation status, sample size, quote age, and calibration reports. Registered evidence gates have not passed; treat probabilities as non-actionable. Polymarket labeled history (0 dates) is below the structural floor (70).",game_started,be774c0ccb6e2c93,us_taker_theta_0.0695_2026-09-17,2026-10-02T21:50:40Z,False
823975,LAA,MIN,LAA,False,polymarket_us,917967,aec-mlb-min-laa-2026-09-20,mlb-min-laa-2026-09-20,https://polymarket.us/event/mlb-min-laa-2026-09-20,2026-09-20T20:07:00Z,,,,,,,,,0.01,,,True,,,,,,,polymarket_us_game_winner_v2_frozen_v1,c5361ddb1a247394,insufficient_data,insufficient_evidence,Game started,False,False,1.0,"No invented confidence score. Uncertainty is conveyed by validation status, sample size, quote age, and calibration reports. Registered evidence gates have not passed; treat probabilities as non-actionable. Polymarket labeled history (0 dates) is below the structural floor (70).",game_started,751ba76fe8dbc4d0,us_taker_theta_0.0695_2026-09-17,2026-10-02T21:50:40Z,False
823975,LAA,MIN,MIN,True,polymarket_us,917967,aec-mlb-min-laa-2026-09-20,mlb-min-laa-2026-09-20,https://polymarket.us/event/mlb-min-laa-2026-09-20,2026-09-20T20:07:00Z,,,,,,,,,0.01,,,True,,,,,,,polymarket_us_game_winner_v2_frozen_v1,c5361ddb1a247394,insufficient_data,insufficient_evidence,Game started,False,False,1.0,"No invented confidence score. Uncertainty is conveyed by validation status, sample size, quote age, and calibration reports. Registered evidence gates have not passed; treat probabilities as non-actionable. Polymarket labeled history (0 dates) is below the structural floor (70).",game_started,751ba76fe8dbc4d0,us_taker_theta_0.0695_2026-09-17,2026-10-02T21:50:40Z,False
825028,AZ,NYY,AZ,False,polymarket_us,917992,aec-mlb-nyy-az-2026-09-20,mlb-nyy-az-2026-09-20,https://polymarket.us/event/mlb-nyy-az-2026-09-20,2026-09-20T20:10:00Z,,,,,,,,,0.01,,,True,,,,,,,polymarket_us_game_winner_v2_frozen_v1,c5361ddb1a247394,insufficient_data,insufficient_evidence,Game started,False,False,1.0,"No invented confidence score. Uncertainty is conveyed by validation status, sample size, quote age, and calibration reports. Registered evidence gates have not passed; treat probabilities as non-actionable. Polymarket labeled history (0 dates) is below the structural floor (70).",game_started,6ab36cb69219c8c4,us_taker_theta_0.0695_2026-09-17,2026-10-02T21:50:40Z,False
825028,AZ,NYY,NYY,True,polymarket_us,917992,aec-mlb-nyy-az-2026-09-20,mlb-nyy-az-2026-09-20,https://polymarket.us/event/mlb-nyy-az-2026-09-20,2026-09-20T20:10:00Z,,,,,,,,,0.01,,,True,,,,,,,polymarket_us_game_winner_v2_frozen_v1,c5361ddb1a247394,insufficient_data,insufficient_evidence,Game started,False,False,1.0,"No invented confidence score. Uncertainty is conveyed by validation status, sample size, quote age, and calibration reports. Registered evidence gates have not passed; treat probabilities as non-actionable. Polymarket labeled history (0 dates) is below the structural floor (70).",game_started,6ab36cb69219c8c4,us_taker_theta_0.0695_2026-09-17,2026-10-02T21:50:40Z,False
823247,SD,MIA,SD,False,polymarket_us,917977,aec-mlb-mia-sd-2026-09-20,mlb-mia-sd-2026-09-20,https://polymarket.us/event/mlb-mia-sd-2026-09-20,2026-09-20T20:10:00Z,,,,,,,,,0.01,,,True,,,,,,,polymarket_us_game_winner_v2_frozen_v1,c5361ddb1a247394,insufficient_data,insufficient_evidence,Game started,False,False,1.0,"No invented confidence score. Uncertainty is conveyed by validation status, sample size, quote age, and calibration reports. Registered evidence gates have not passed; treat probabilities as non-actionable. Polymarket labeled history (0 dates) is below the structural floor (70).",game_started,6af1cb36b40624ad,us_taker_theta_0.0695_2026-09-17,2026-10-02T21:50:40Z,False
823247,SD,MIA,MIA,True,polymarket_us,917977,aec-mlb-mia-sd-2026-09-20,mlb-mia-sd-2026-09-20,https://polymarket.us/event/mlb-mia-sd-2026-09-20,2026-09-20T20:10:00Z,,,,,,,,,0.01,,,True,,,,,,,polymarket_us_game_winner_v2_frozen_v1,c5361ddb1a247394,insufficient_data,insufficient_evidence,Game started,False,False,1.0,"No invented confidence score. Uncertainty is conveyed by validation status, sample size, quote age, and calibration reports. Registered evidence gates have not passed; treat probabilities as non-actionable. Polymarket labeled history (0 dates) is below the structural floor (70).",game_started,6af1cb36b40624ad,us_taker_theta_0.0695_2026-09-17,2026-10-02T21:50:40Z,False
823896,LAD,SF,LAD,False,polymarket_us,918002,aec-mlb-sf-lad-2026-09-20,mlb-sf-lad-2026-09-20,https://polymarket.us/event/mlb-sf-lad-2026-09-20,2026-09-20T20:10:00Z,,,,,,,,,0.01,,,True,,,,,,,polymarket_us_game_winner_v2_frozen_v1,c5361ddb1a247394,insufficient_data,insufficient_evidence,Game started,False,False,1.0,"No invented confidence score. Uncertainty is conveyed by validation status, sample size, quote age, and calibration reports. Registered evidence gates have not passed; treat probabilities as non-actionable. Polymarket labeled history (0 dates) is below the structural floor (70).",game_started,be7a8d4fb5f99208,us_taker_theta_0.0695_2026-09-17,2026-10-02T21:50:40Z,False
823896,LAD,SF,SF,True,polymarket_us,918002,aec-mlb-sf-lad-2026-09-20,mlb-sf-lad-2026-09-20,https://polymarket.us/event/mlb-sf-lad-2026-09-20,2026-09-20T20:10:00Z,,,,,,,,,0.01,,,True,,,,,,,polymarket_us_game_winner_v2_frozen_v1,c5361ddb1a247394,insufficient_data,insufficient_evidence,Game started,False,False,1.0,"No invented confidence score. Uncertainty is conveyed by validation status, sample size, quote age, and calibration reports. Registered evidence gates have not passed; treat probabilities as non-actionable. Polymarket labeled history (0 dates) is below the structural floor (70).",game_started,be7a8d4fb5f99208,us_taker_theta_0.0695_2026-09-17,2026-10-02T21:50:40Z,False
823570,NYM,PHI,NYM,False,polymarket_us,917987,aec-mlb-phi-nym-2026-09-20,mlb-phi-nym-2026-09-20,https://polymarket.us/event/mlb-phi-nym-2026-09-20,2026-09-20T17:10:00Z,,,,,,,,,0.01,,,True,,,,,,,polymarket_us_game_winner_v2_frozen_v1,c5361ddb1a247394,insufficient_data,insufficient_evidence,Game started,False,False,1.0,"No invented confidence score. Uncertainty is conveyed by validation status, sample size, quote age, and calibration reports. Registered evidence gates have not passed; treat probabilities as non-actionable. Polymarket labeled history (0 dates) is below the structural floor (70).",game_started,f00d5402fe70c097,us_taker_theta_0.0695_2026-09-17,2026-10-02T21:50:40Z,False
823570,NYM,PHI,PHI,True,polymarket_us,917987,aec-mlb-phi-nym-2026-09-20,mlb-phi-nym-2026-09-20,https://polymarket.us/event/mlb-phi-nym-2026-09-20,2026-09-20T17:10:00Z,,,,,,,,,0.01,,,True,,,,,,,polymarket_us_game_winner_v2_frozen_v1,c5361ddb1a247394,insufficient_data,insufficient_evidence,Game started,False,False,1.0,"No invented confidence score. Uncertainty is conveyed by validation status, sample size, quote age, and calibration reports. Registered evidence gates have not passed; treat probabilities as non-actionable. Polymarket labeled history (0 dates) is below the structural floor (70).",game_started,f00d5402fe70c097,us_taker_theta_0.0695_2026-09-17,2026-10-02T21:50:40Z,False
823329,PIT,KC,PIT,False,polymarket_us,918012,aec-mlb-kc-pit-2026-09-20,mlb-kc-pit-2026-09-20,https://polymarket.us/event/mlb-kc-pit-2026-09-20,2026-09-20T17:35:00Z,,,,,,,,,0.01,,,True,,,,,,,polymarket_us_game_winner_v2_frozen_v1,c5361ddb1a247394,insufficient_data,insufficient_evidence,Game started,False,False,1.0,"No invented confidence score. Uncertainty is conveyed by validation status, sample size, quote age, and calibration reports. Registered evidence gates have not passed; treat probabilities as non-actionable. Polymarket labeled history (0 dates) is below the structural floor (70).",game_started,5641896d89dab38c,us_taker_theta_0.0695_2026-09-17,2026-10-02T21:50:40Z,False
823329,PIT,KC,KC,True,polymarket_us,918012,aec-mlb-kc-pit-2026-09-20,mlb-kc-pit-2026-09-20,https://polymarket.us/event/mlb-kc-pit-2026-09-20,2026-09-20T17:35:00Z,,,,,,,,,0.01,,,True,,,,,,,polymarket_us_game_winner_v2_frozen_v1,c5361ddb1a247394,insufficient_data,insufficient_evidence,Game started,False,False,1.0,"No invented confidence score. Uncertainty is conveyed by validation status, sample size, quote age, and calibration reports. Registered evidence gates have not passed; treat probabilities as non-actionable. Polymarket labeled history (0 dates) is below the structural floor (70).",game_started,5641896d89dab38c,us_taker_theta_0.0695_2026-09-17,2026-10-02T21:50:40Z,False
822922,TB,BOS,TB,False,polymarket_us,917926,aec-mlb-bos-tb-2026-09-20,mlb-bos-tb-2026-09-20,https://polymarket.us/event/mlb-bos-tb-2026-09-20,2026-09-20T17:40:00Z,,,,,,,,,0.01,,,True,,,,,,,polymarket_us_game_winner_v2_frozen_v1,c5361ddb1a247394,insufficient_data,insufficient_evidence,Game started,False,False,1.0,"No invented confidence score. Uncertainty is conveyed by validation status, sample size, quote age, and calibration reports. Registered evidence gates have not passed; treat probabilities as non-actionable. Polymarket labeled history (0 dates) is below the structural floor (70).",game_started,854674264a7525f5,us_taker_theta_0.0695_2026-09-17,2026-10-02T21:50:40Z,False
822922,TB,BOS,BOS,True,polymarket_us,917926,aec-mlb-bos-tb-2026-09-20,mlb-bos-tb-2026-09-20,https://polymarket.us/event/mlb-bos-tb-2026-09-20,2026-09-20T17:40:00Z,,,,,,,,,0.01,,,True,,,,,,,polymarket_us_game_winner_v2_frozen_v1,c5361ddb1a247394,insufficient_data,insufficient_evidence,Game started,False,False,1.0,"No invented confidence score. Uncertainty is conveyed by validation status, sample size, quote age, and calibration reports. Registered evidence gates have not passed; treat probabilities as non-actionable. Polymarket labeled history (0 dates) is below the structural floor (70).",game_started,854674264a7525f5,us_taker_theta_0.0695_2026-09-17,2026-10-02T21:50:40Z,False
824462,CIN,CHC,CIN,False,polymarket_us,917982,aec-mlb-chc-cin-2026-09-20,mlb-chc-cin-2026-09-20,https://polymarket.us/event/mlb-chc-cin-2026-09-20,2026-09-20T17:40:00Z,,,,,,,,,0.01,,,True,,,,,,,polymarket_us_game_winner_v2_frozen_v1,c5361ddb1a247394,insufficient_data,insufficient_evidence,Game started,False,False,1.0,"No invented confidence score. Uncertainty is conveyed by validation status, sample size, quote age, and calibration reports. Registered evidence gates have not passed; treat probabilities as non-actionable. Polymarket labeled history (0 dates) is below the structural floor (70).",game_started,480f6521a5950478,us_taker_theta_0.0695_2026-09-17,2026-10-02T21:50:40Z,False
824462,CIN,CHC,CHC,True,polymarket_us,917982,aec-mlb-chc-cin-2026-09-20,mlb-chc-cin-2026-09-20,https://polymarket.us/event/mlb-chc-cin-2026-09-20,2026-09-20T17:40:00Z,,,,,,,,,0.01,,,True,,,,,,,polymarket_us_game_winner_v2_frozen_v1,c5361ddb1a247394,insufficient_data,insufficient_evidence,Game started,False,False,1.0,"No invented confidence score. Uncertainty is conveyed by validation status, sample size, quote age, and calibration reports. Registered evidence gates have not passed; treat probabilities as non-actionable. Polymarket labeled history (0 dates) is below the structural floor (70).",game_started,480f6521a5950478,us_taker_theta_0.0695_2026-09-17,2026-10-02T21:50:40Z,False
823001,STL,WSH,STL,False,polymarket_us,917939,aec-mlb-wsh-stl-2026-09-20,mlb-wsh-stl-2026-09-20,https://polymarket.us/event/mlb-wsh-stl-2026-09-20,2026-09-20T18:15:00Z,,,,,,,,,0.01,,,True,,,,,,,polymarket_us_game_winner_v2_frozen_v1,c5361ddb1a247394,insufficient_data,insufficient_evidence,Game started,False,False,1.0,"No invented confidence score. Uncertainty is conveyed by validation status, sample size, quote age, and calibration reports. Registered evidence gates have not passed; treat probabilities as non-actionable. Polymarket labeled history (0 dates) is below the structural floor (70).",game_started,ab242346c05e9eac,us_taker_theta_0.0695_2026-09-17,2026-10-02T21:50:40Z,False
823001,STL,WSH,WSH,True,polymarket_us,917939,aec-mlb-wsh-stl-2026-09-20,mlb-wsh-stl-2026-09-20,https://polymarket.us/event/mlb-wsh-stl-2026-09-20,2026-09-20T18:15:00Z,,,,,,,,,0.01,,,True,,,,,,,polymarket_us_game_winner_v2_frozen_v1,c5361ddb1a247394,insufficient_data,insufficient_evidence,Game started,False,False,1.0,"No invented confidence score. Uncertainty is conveyed by validation status, sample size, quote age, and calibration reports. Registered evidence gates have not passed; treat probabilities as non-actionable. Polymarket labeled history (0 dates) is below the structural floor (70).",game_started,ab242346c05e9eac,us_taker_theta_0.0695_2026-09-17,2026-10-02T21:50:40Z,False
823976,LAA,MIN,LAA,False,polymarket_us,905965,aec-mlb-min-laa-2026-09-19,mlb-min-laa-2026-09-19,https://polymarket.us/event/mlb-min-laa-2026-09-19,2026-09-20T01:38:00Z,,,,,,,,,0.01,,,True,,,,,,,polymarket_us_game_winner_v2_frozen_v1,c5361ddb1a247394,insufficient_data,insufficient_evidence,Game started,False,False,1.0,"No invented confidence score. Uncertainty is conveyed by validation status, sample size, quote age, and calibration reports. Registered evidence gates have not passed; treat probabilities as non-actionable. Polymarket labeled history (0 dates) is below the structural floor (70).",game_started,dc0cd325a7776982,us_taker_theta_0.0695_2026-09-17,2026-10-02T21:50:40Z,False
823976,LAA,MIN,MIN,True,polymarket_us,905965,aec-mlb-min-laa-2026-09-19,mlb-min-laa-2026-09-19,https://polymarket.us/event/mlb-min-laa-2026-09-19,2026-09-20T01:38:00Z,,,,,,,,,0.01,,,True,,,,,,,polymarket_us_game_winner_v2_frozen_v1,c5361ddb1a247394,insufficient_data,insufficient_evidence,Game started,False,False,1.0,"No invented confidence score. Uncertainty is conveyed by validation status, sample size, quote age, and calibration reports. Registered evidence gates have not passed; treat probabilities as non-actionable. Polymarket labeled history (0 dates) is below the structural floor (70).",game_started,dc0cd325a7776982,us_taker_theta_0.0695_2026-09-17,2026-10-02T21:50:40Z,False
824380,CLE,ATH,CLE,False,polymarket_us,905920,aec-mlb-ath-cle-2026-09-19,mlb-ath-cle-2026-09-19,https://polymarket.us/event/mlb-ath-cle-2026-09-19,2026-09-19T22:10:00Z,,,,,,,,,0.01,,,True,,,,,,,polymarket_us_game_winner_v2_frozen_v1,c5361ddb1a247394,insufficient_data,insufficient_evidence,Game started,False,False,1.0,"No invented confidence score. Uncertainty is conveyed by validation status, sample size, quote age, and calibration reports. Registered evidence gates have not passed; treat probabilities as non-actionable. Polymarket labeled history (0 dates) is below the structural floor (70).",game_started,968acea1bdc87bf2,us_taker_theta_0.0695_2026-09-17,2026-10-02T21:50:40Z,False
824380,CLE,ATH,ATH,True,polymarket_us,905920,aec-mlb-ath-cle-2026-09-19,mlb-ath-cle-2026-09-19,https://polymarket.us/event/mlb-ath-cle-2026-09-19,2026-09-19T22:10:00Z,,,,,,,,,0.01,,,True,,,,,,,polymarket_us_game_winner_v2_frozen_v1,c5361ddb1a247394,insufficient_data,insufficient_evidence,Game started,False,False,1.0,"No invented confidence score. Uncertainty is conveyed by validation status, sample size, quote age, and calibration reports. Registered evidence gates have not passed; treat probabilities as non-actionable. Polymarket labeled history (0 dates) is below the structural floor (70).",game_started,968acea1bdc87bf2,us_taker_theta_0.0695_2026-09-17,2026-10-02T21:50:40Z,False
823330,PIT,KC,PIT,False,polymarket_us,905950,aec-mlb-kc-pit-2026-09-19,mlb-kc-pit-2026-09-19,https://polymarket.us/event/mlb-kc-pit-2026-09-19,2026-09-19T22:40:00Z,,,,,,,,,0.01,,,True,,,,,,,polymarket_us_game_winner_v2_frozen_v1,c5361ddb1a247394,insufficient_data,insufficient_evidence,Game started,False,False,1.0,"No invented confidence score. Uncertainty is conveyed by validation status, sample size, quote age, and calibration reports. Registered evidence gates have not passed; treat probabilities as non-actionable. Polymarket labeled history (0 dates) is below the structural floor (70).",game_started,b2a4205ce34edf03,us_taker_theta_0.0695_2026-09-17,2026-10-02T21:50:40Z,False
823330,PIT,KC,KC,True,polymarket_us,905950,aec-mlb-kc-pit-2026-09-19,mlb-kc-pit-2026-09-19,https://polymarket.us/event/mlb-kc-pit-2026-09-19,2026-09-19T22:40:00Z,,,,,,,,,0.01,,,True,,,,,,,polymarket_us_game_winner_v2_frozen_v1,c5361ddb1a247394,insufficient_data,insufficient_evidence,Game started,False,False,1.0,"No invented confidence score. Uncertainty is conveyed by validation status, sample size, quote age, and calibration reports. Registered evidence gates have not passed; treat probabilities as non-actionable. Polymarket labeled history (0 dates) is below the structural floor (70).",game_started,b2a4205ce34edf03,us_taker_theta_0.0695_2026-09-17,2026-10-02T21:50:40Z,False
824461,CIN,CHC,CIN,False,polymarket_us,905960,aec-mlb-chc-cin-2026-09-19,mlb-chc-cin-2026-09-19,https://polymarket.us/event/mlb-chc-cin-2026-09-19,2026-09-19T22:40:00Z,,,,,,,,,0.01,,,True,,,,,,,polymarket_us_game_winner_v2_frozen_v1,c5361ddb1a247394,insufficient_data,insufficient_evidence,Game started,False,False,1.0,"No invented confidence score. Uncertainty is conveyed by validation status, sample size, quote age, and calibration reports. Registered evidence gates have not passed; treat probabilities as non-actionable. Polymarket labeled history (0 dates) is below the structural floor (70).",game_started,5429c2e69e9169f7,us_taker_theta_0.0695_2026-09-17,2026-10-02T21:50:40Z,False
824461,CIN,CHC,CHC,True,polymarket_us,905960,aec-mlb-chc-cin-2026-09-19,mlb-chc-cin-2026-09-19,https://polymarket.us/event/mlb-chc-cin-2026-09-19,2026-09-19T22:40:00Z,,,,,,,,,0.01,,,True,,,,,,,polymarket_us_game_winner_v2_frozen_v1,c5361ddb1a247394,insufficient_data,insufficient_evidence,Game started,False,False,1.0,"No invented confidence score. Uncertainty is conveyed by validation status, sample size, quote age, and calibration reports. Registered evidence gates have not passed; treat probabilities as non-actionable. Polymarket labeled history (0 dates) is below the structural floor (70).",game_started,5429c2e69e9169f7,us_taker_theta_0.0695_2026-09-17,2026-10-02T21:50:40Z,False
822843,TEX,TOR,TEX,False,polymarket_us,905915,aec-mlb-tor-tex-2026-09-19,mlb-tor-tex-2026-09-19,https://polymarket.us/event/mlb-tor-tex-2026-09-19,2026-09-19T23:05:00Z,,,,,,,,,0.01,,,True,,,,,,,polymarket_us_game_winner_v2_frozen_v1,c5361ddb1a247394,insufficient_data,insufficient_evidence,Game started,False,False,1.0,"No invented confidence score. Uncertainty is conveyed by validation status, sample size, quote age, and calibration reports. Registered evidence gates have not passed; treat probabilities as non-actionable. Polymarket labeled history (0 dates) is below the structural floor (70).",game_started,c8f3428dd535d1d4,us_taker_theta_0.0695_2026-09-17,2026-10-02T21:50:40Z,False
822843,TEX,TOR,TOR,True,polymarket_us,905915,aec-mlb-tor-tex-2026-09-19,mlb-tor-tex-2026-09-19,https://polymarket.us/event/mlb-tor-tex-2026-09-19,2026-09-19T23:05:00Z,,,,,,,,,0.01,,,True,,,,,,,polymarket_us_game_winner_v2_frozen_v1,c5361ddb1a247394,insufficient_data,insufficient_evidence,Game started,False,False,1.0,"No invented confidence score. Uncertainty is conveyed by validation status, sample size, quote age, and calibration reports. Registered evidence gates have not passed; treat probabilities as non-actionable. Polymarket labeled history (0 dates) is below the structural floor (70).",game_started,c8f3428dd535d1d4,us_taker_theta_0.0695_2026-09-17,2026-10-02T21:50:40Z,False
824137,HOU,ATL,HOU,False,polymarket_us,905935,aec-mlb-atl-hou-2026-09-19,mlb-atl-hou-2026-09-19,https://polymarket.us/event/mlb-atl-hou-2026-09-19,2026-09-19T23:10:00Z,,,,,,,,,0.01,,,True,,,,,,,polymarket_us_game_winner_v2_frozen_v1,c5361ddb1a247394,insufficient_data,insufficient_evidence,Game started,False,False,1.0,"No invented confidence score. Uncertainty is conveyed by validation status, sample size, quote age, and calibration reports. Registered evidence gates have not passed; treat probabilities as non-actionable. Polymarket labeled history (0 dates) is below the structural floor (70).",game_started,579792c8bf25bdd1,us_taker_theta_0.0695_2026-09-17,2026-10-02T21:50:40Z,False
824137,HOU,ATL,ATL,True,polymarket_us,905935,aec-mlb-atl-hou-2026-09-19,mlb-atl-hou-2026-09-19,https://polymarket.us/event/mlb-atl-hou-2026-09-19,2026-09-19T23:10:00Z,,,,,,,,,0.01,,,True,,,,,,,polymarket_us_game_winner_v2_frozen_v1,c5361ddb1a247394,insufficient_data,insufficient_evidence,Game started,False,False,1.0,"No invented confidence score. Uncertainty is conveyed by validation status, sample size, quote age, and calibration reports. Registered evidence gates have not passed; treat probabilities as non-actionable. Polymarket labeled history (0 dates) is below the structural floor (70).",game_started,579792c8bf25bdd1,us_taker_theta_0.0695_2026-09-17,2026-10-02T21:50:40Z,False
823003,STL,WSH,STL,False,polymarket_us,905910,aec-mlb-wsh-stl-2026-09-19,mlb-wsh-stl-2026-09-19,https://polymarket.us/event/mlb-wsh-stl-2026-09-19,2026-09-19T23:15:00Z,,,,,,,,,0.01,,,True,,,,,,,polymarket_us_game_winner_v2_frozen_v1,c5361ddb1a247394,insufficient_data,insufficient_evidence,Game started,False,False,1.0,"No invented confidence score. Uncertainty is conveyed by validation status, sample size, quote age, and calibration reports. Registered evidence gates have not passed; treat probabilities as non-actionable. Polymarket labeled history (0 dates) is below the structural floor (70).",game_started,d088de3a8beb4dd1,us_taker_theta_0.0695_2026-09-17,2026-10-02T21:50:40Z,False
823003,STL,WSH,WSH,True,polymarket_us,905910,aec-mlb-wsh-stl-2026-09-19,mlb-wsh-stl-2026-09-19,https://polymarket.us/event/mlb-wsh-stl-2026-09-19,2026-09-19T23:15:00Z,,,,,,,,,0.01,,,True,,,,,,,polymarket_us_game_winner_v2_frozen_v1,c5361ddb1a247394,insufficient_data,insufficient_evidence,Game started,False,False,1.0,"No invented confidence score. Uncertainty is conveyed by validation status, sample size, quote age, and calibration reports. Registered evidence gates have not passed; treat probabilities as non-actionable. Polymarket labeled history (0 dates) is below the structural floor (70).",game_started,d088de3a8beb4dd1,us_taker_theta_0.0695_2026-09-17,2026-10-02T21:50:40Z,False
825029,AZ,NYY,AZ,False,polymarket_us,905905,aec-mlb-nyy-az-2026-09-19,mlb-nyy-az-2026-09-19,https://polymarket.us/event/mlb-nyy-az-2026-09-19,2026-09-20T00:10:00Z,,,,,,,,,0.01,,,True,,,,,,,polymarket_us_game_winner_v2_frozen_v1,c5361ddb1a247394,insufficient_data,insufficient_evidence,Game started,False,False,1.0,"No invented confidence score. Uncertainty is conveyed by validation status, sample size, quote age, and calibration reports. Registered evidence gates have not passed; treat probabilities as non-actionable. Polymarket labeled history (0 dates) is below the structural floor (70).",game_started,308275750f232ee2,us_taker_theta_0.0695_2026-09-17,2026-10-02T21:50:40Z,False
825029,AZ,NYY,NYY,True,polymarket_us,905905,aec-mlb-nyy-az-2026-09-19,mlb-nyy-az-2026-09-19,https://polymarket.us/event/mlb-nyy-az-2026-09-19,2026-09-20T00:10:00Z,,,,,,,,,0.01,,,True,,,,,,,polymarket_us_game_winner_v2_frozen_v1,c5361ddb1a247394,insufficient_data,insufficient_evidence,Game started,False,False,1.0,"No invented confidence score. Uncertainty is conveyed by validation status, sample size, quote age, and calibration reports. Registered evidence gates have not passed; treat probabilities as non-actionable. Polymarket labeled history (0 dates) is below the structural floor (70).",game_started,308275750f232ee2,us_taker_theta_0.0695_2026-09-17,2026-10-02T21:50:40Z,False
824304,COL,SEA,COL,False,polymarket_us,905894,aec-mlb-sea-col-2026-09-19,mlb-sea-col-2026-09-19,https://polymarket.us/event/mlb-sea-col-2026-09-19,2026-09-20T00:10:00Z,,,,,,,,,0.01,,,True,,,,,,,polymarket_us_game_winner_v2_frozen_v1,c5361ddb1a247394,insufficient_data,insufficient_evidence,Game started,False,False,1.0,"No invented confidence score. Uncertainty is conveyed by validation status, sample size, quote age, and calibration reports. Registered evidence gates have not passed; treat probabilities as non-actionable. Polymarket labeled history (0 dates) is below the structural floor (70).",game_started,1d8c04425e27efec,us_taker_theta_0.0695_2026-09-17,2026-10-02T21:50:40Z,False
824304,COL,SEA,SEA,True,polymarket_us,905894,aec-mlb-sea-col-2026-09-19,mlb-sea-col-2026-09-19,https://polymarket.us/event/mlb-sea-col-2026-09-19,2026-09-20T00:10:00Z,,,,,,,,,0.01,,,True,,,,,,,polymarket_us_game_winner_v2_frozen_v1,c5361ddb1a247394,insufficient_data,insufficient_evidence,Game started,False,False,1.0,"No invented confidence score. Uncertainty is conveyed by validation status, sample size, quote age, and calibration reports. Registered evidence gates have not passed; treat probabilities as non-actionable. Polymarket labeled history (0 dates) is below the structural floor (70).",game_started,1d8c04425e27efec,us_taker_theta_0.0695_2026-09-17,2026-10-02T21:50:40Z,False
823249,SD,MIA,SD,False,polymarket_us,905925,aec-mlb-mia-sd-2026-09-19,mlb-mia-sd-2026-09-19,https://polymarket.us/event/mlb-mia-sd-2026-09-19,2026-09-20T00:40:00Z,,,,,,,,,0.01,,,True,,,,,,,polymarket_us_game_winner_v2_frozen_v1,c5361ddb1a247394,insufficient_data,insufficient_evidence,Game started,False,False,1.0,"No invented confidence score. Uncertainty is conveyed by validation status, sample size, quote age, and calibration reports. Registered evidence gates have not passed; treat probabilities as non-actionable. Polymarket labeled history (0 dates) is below the structural floor (70).",game_started,cec9a6314315ffbd,us_taker_theta_0.0695_2026-09-17,2026-10-02T21:50:40Z,False
823249,SD,MIA,MIA,True,polymarket_us,905925,aec-mlb-mia-sd-2026-09-19,mlb-mia-sd-2026-09-19,https://polymarket.us/event/mlb-mia-sd-2026-09-19,2026-09-20T00:40:00Z,,,,,,,,,0.01,,,True,,,,,,,polymarket_us_game_winner_v2_frozen_v1,c5361ddb1a247394,insufficient_data,insufficient_evidence,Game started,False,False,1.0,"No invented confidence score. Uncertainty is conveyed by validation status, sample size, quote age, and calibration reports. Registered evidence gates have not passed; treat probabilities as non-actionable. Polymarket labeled history (0 dates) is below the structural floor (70).",game_started,cec9a6314315ffbd,us_taker_theta_0.0695_2026-09-17,2026-10-02T21:50:40Z,False
823899,LAD,SF,LAD,False,polymarket_us,905930,aec-mlb-sf-lad-2026-09-19,mlb-sf-lad-2026-09-19,https://polymarket.us/event/mlb-sf-lad-2026-09-19,2026-09-20T01:10:00Z,,,,,,,,,0.01,,,True,,,,,,,polymarket_us_game_winner_v2_frozen_v1,c5361ddb1a247394,insufficient_data,insufficient_evidence,Game started,False,False,1.0,"No invented confidence score. Uncertainty is conveyed by validation status, sample size, quote age, and calibration reports. Registered evidence gates have not passed; treat probabilities as non-actionable. Polymarket labeled history (0 dates) is below the structural floor (70).",game_started,2ad9c97c55a9c865,us_taker_theta_0.0695_2026-09-17,2026-10-02T21:50:40Z,False
823899,LAD,SF,SF,True,polymarket_us,905930,aec-mlb-sf-lad-2026-09-19,mlb-sf-lad-2026-09-19,https://polymarket.us/event/mlb-sf-lad-2026-09-19,2026-09-20T01:10:00Z,,,,,,,,,0.01,,,True,,,,,,,polymarket_us_game_winner_v2_frozen_v1,c5361ddb1a247394,insufficient_data,insufficient_evidence,Game started,False,False,1.0,"No invented confidence score. Uncertainty is conveyed by validation status, sample size, quote age, and calibration reports. Registered evidence gates have not passed; treat probabilities as non-actionable. Polymarket labeled history (0 dates) is below the structural floor (70).",game_started,2ad9c97c55a9c865,us_taker_theta_0.0695_2026-09-17,2026-10-02T21:50:40Z,False
823571,NYM,PHI,NYM,False,polymarket_us,905900,aec-mlb-phi-nym-2026-09-19,mlb-phi-nym-2026-09-19,https://polymarket.us/event/mlb-phi-nym-2026-09-19,2026-09-19T20:10:00Z,,,,,,,,,0.01,,,True,,,,,,,polymarket_us_game_winner_v2_frozen_v1,c5361ddb1a247394,insufficient_data,insufficient_evidence,Game started,False,False,1.0,"No invented confidence score. Uncertainty is conveyed by validation status, sample size, quote age, and calibration reports. Registered evidence gates have not passed; treat probabilities as non-actionable. Polymarket labeled history (0 dates) is below the structural floor (70).",game_started,395c11a2d09bfffe,us_taker_theta_0.0695_2026-09-17,2026-10-02T21:50:40Z,False
823571,NYM,PHI,PHI,True,polymarket_us,905900,aec-mlb-phi-nym-2026-09-19,mlb-phi-nym-2026-09-19,https://polymarket.us/event/mlb-phi-nym-2026-09-19,2026-09-19T20:10:00Z,,,,,,,,,0.01,,,True,,,,,,,polymarket_us_game_winner_v2_frozen_v1,c5361ddb1a247394,insufficient_data,insufficient_evidence,Game started,False,False,1.0,"No invented confidence score. Uncertainty is conveyed by validation status, sample size, quote age, and calibration reports. Registered evidence gates have not passed; treat probabilities as non-actionable. Polymarket labeled history (0 dates) is below the structural floor (70).",game_started,395c11a2d09bfffe,us_taker_theta_0.0695_2026-09-17,2026-10-02T21:50:40Z,False
822921,TB,BOS,TB,False,polymarket_us,905940,aec-mlb-bos-tb-2026-09-19,mlb-bos-tb-2026-09-19,https://polymarket.us/event/mlb-bos-tb-2026-09-19,2026-09-19T20:10:00Z,,,,,,,,,0.01,,,True,,,,,,,polymarket_us_game_winner_v2_frozen_v1,c5361ddb1a247394,insufficient_data,insufficient_evidence,Game started,False,False,1.0,"No invented confidence score. Uncertainty is conveyed by validation status, sample size, quote age, and calibration reports. Registered evidence gates have not passed; treat probabilities as non-actionable. Polymarket labeled history (0 dates) is below the structural floor (70).",game_started,48dbf13b3eb90e7d,us_taker_theta_0.0695_2026-09-17,2026-10-02T21:50:40Z,False
822921,TB,BOS,BOS,True,polymarket_us,905940,aec-mlb-bos-tb-2026-09-19,mlb-bos-tb-2026-09-19,https://polymarket.us/event/mlb-bos-tb-2026-09-19,2026-09-19T20:10:00Z,,,,,,,,,0.01,,,True,,,,,,,polymarket_us_game_winner_v2_frozen_v1,c5361ddb1a247394,insufficient_data,insufficient_evidence,Game started,False,False,1.0,"No invented confidence score. Uncertainty is conveyed by validation status, sample size, quote age, and calibration reports. Registered evidence gates have not passed; treat probabilities as non-actionable. Polymarket labeled history (0 dates) is below the structural floor (70).",game_started,48dbf13b3eb90e7d,us_taker_theta_0.0695_2026-09-17,2026-10-02T21:50:40Z,False
824788,BAL,MIL,BAL,False,polymarket_us,905945,aec-mlb-mil-bal-2026-09-19,mlb-mil-bal-2026-09-19,https://polymarket.us/event/mlb-mil-bal-2026-09-19,2026-09-19T20:05:00Z,,,,,,,,,0.01,,,True,,,,,,,polymarket_us_game_winner_v2_frozen_v1,c5361ddb1a247394,insufficient_data,insufficient_evidence,Game started,False,False,1.0,"No invented confidence score. Uncertainty is conveyed by validation status, sample size, quote age, and calibration reports. Registered evidence gates have not passed; treat probabilities as non-actionable. Polymarket labeled history (0 dates) is below the structural floor (70).",game_started,65ba2762e2fed5a0,us_taker_theta_0.0695_2026-09-17,2026-10-02T21:50:40Z,False
824788,BAL,MIL,MIL,True,polymarket_us,905945,aec-mlb-mil-bal-2026-09-19,mlb-mil-bal-2026-09-19,https://polymarket.us/event/mlb-mil-bal-2026-09-19,2026-09-19T20:05:00Z,,,,,,,,,0.01,,,True,,,,,,,polymarket_us_game_winner_v2_frozen_v1,c5361ddb1a247394,insufficient_data,insufficient_evidence,Game started,False,False,1.0,"No invented confidence score. Uncertainty is conveyed by validation status, sample size, quote age, and calibration reports. Registered evidence gates have not passed; treat probabilities as non-actionable. Polymarket labeled history (0 dates) is below the structural floor (70).",game_started,65ba2762e2fed5a0,us_taker_theta_0.0695_2026-09-17,2026-10-02T21:50:40Z,False
824545,CWS,DET,CWS,False,polymarket_us,905955,aec-mlb-det-cws-2026-09-19,mlb-det-cws-2026-09-19,https://polymarket.us/event/mlb-det-cws-2026-09-19,2026-09-19T18:10:00Z,,,,,,,,,0.01,,,True,,,,,,,polymarket_us_game_winner_v2_frozen_v1,c5361ddb1a247394,insufficient_data,insufficient_evidence,Game started,False,False,1.0,"No invented confidence score. Uncertainty is conveyed by validation status, sample size, quote age, and calibration reports. Registered evidence gates have not passed; treat probabilities as non-actionable. Polymarket labeled history (0 dates) is below the structural floor (70).",game_started,604c4eab2d8de7d5,us_taker_theta_0.0695_2026-09-17,2026-10-02T21:50:40Z,False
824545,CWS,DET,DET,True,polymarket_us,905955,aec-mlb-det-cws-2026-09-19,mlb-det-cws-2026-09-19,https://polymarket.us/event/mlb-det-cws-2026-09-19,2026-09-19T18:10:00Z,,,,,,,,,0.01,,,True,,,,,,,polymarket_us_game_winner_v2_frozen_v1,c5361ddb1a247394,insufficient_data,insufficient_evidence,Game started,False,False,1.0,"No invented confidence score. Uncertainty is conveyed by validation status, sample size, quote age, and calibration reports. Registered evidence gates have not passed; treat probabilities as non-actionable. Polymarket labeled history (0 dates) is below the structural floor (70).",game_started,604c4eab2d8de7d5,us_taker_theta_0.0695_2026-09-17,2026-10-02T21:50:40Z,False
823898,LAD,SF,LAD,False,polymarket_us,887295,aec-mlb-sf-lad-2026-09-18,mlb-sf-lad-2026-09-18,https://polymarket.us/event/mlb-sf-lad-2026-09-18,2026-09-19T02:15:00Z,,,,,,,,,0.01,,,True,,,,,,,polymarket_us_game_winner_v2_frozen_v1,c5361ddb1a247394,insufficient_data,insufficient_evidence,Game started,False,False,1.0,"No invented confidence score. Uncertainty is conveyed by validation status, sample size, quote age, and calibration reports. Registered evidence gates have not passed; treat probabilities as non-actionable. Polymarket labeled history (0 dates) is below the structural floor (70).",game_started,832ac148d0ffc131,us_taker_theta_0.0695_2026-09-17,2026-10-02T21:50:40Z,False
823898,LAD,SF,SF,True,polymarket_us,887295,aec-mlb-sf-lad-2026-09-18,mlb-sf-lad-2026-09-18,https://polymarket.us/event/mlb-sf-lad-2026-09-18,2026-09-19T02:15:00Z,,,,,,,,,0.01,,,True,,,,,,,polymarket_us_game_winner_v2_frozen_v1,c5361ddb1a247394,insufficient_data,insufficient_evidence,Game started,False,False,1.0,"No invented confidence score. Uncertainty is conveyed by validation status, sample size, quote age, and calibration reports. Registered evidence gates have not passed; treat probabilities as non-actionable. Polymarket labeled history (0 dates) is below the structural floor (70).",game_started,832ac148d0ffc131,us_taker_theta_0.0695_2026-09-17,2026-10-02T21:50:40Z,False
823331,PIT,KC,PIT,False,polymarket_us,887272,aec-mlb-kc-pit-2026-09-18,mlb-kc-pit-2026-09-18,https://polymarket.us/event/mlb-kc-pit-2026-09-18,2026-09-18T22:40:00Z,0.6375,0.6375,0.64,,0.0160128,0.6560128000000001,-0.018512800000000107,0.6109810166316543,0.01,1449930.0,2026-09-16T03:05:10Z,True,,,,,none,market_mid_display_only,polymarket_us_game_winner_v2_frozen_v1,c5361ddb1a247394,insufficient_data,insufficient_evidence,Game started,False,False,1.0,"No invented confidence score. Uncertainty is conveyed by validation status, sample size, quote age, and calibration reports. Registered evidence gates have not passed; treat probabilities as non-actionable. Polymarket labeled history (0 dates) is below the structural floor (70).",game_started,98e09df5cb7f548c,us_taker_theta_0.0695_2026-09-17,2026-10-02T21:50:40Z,False
823331,PIT,KC,KC,True,polymarket_us,887272,aec-mlb-kc-pit-2026-09-18,mlb-kc-pit-2026-09-18,https://polymarket.us/event/mlb-kc-pit-2026-09-18,2026-09-18T22:40:00Z,0.36250000000000004,0.36250000000000004,0.365,,0.0161083625,0.3811083625,-0.018608362499999975,0.33697217596398754,0.01,1449930.0,2026-09-16T03:05:10Z,True,,,,,none,market_mid_display_only,polymarket_us_game_winner_v2_frozen_v1,c5361ddb1a247394,insufficient_data,insufficient_evidence,Game started,False,False,1.0,"No invented confidence score. Uncertainty is conveyed by validation status, sample size, quote age, and calibration reports. Registered evidence gates have not passed; treat probabilities as non-actionable. Polymarket labeled history (0 dates) is below the structural floor (70).",game_started,98e09df5cb7f548c,us_taker_theta_0.0695_2026-09-17,2026-10-02T21:50:40Z,False
824463,CIN,CHC,CIN,False,polymarket_us,887289,aec-mlb-chc-cin-2026-09-18,mlb-chc-cin-2026-09-18,https://polymarket.us/event/mlb-chc-cin-2026-09-18,2026-09-18T22:40:00Z,0.4624999999999999,0.4624999999999999,0.46499999999999997,,0.0172898625,0.48228986249999994,-0.019789862500000033,0.4354149008358649,0.01,1449930.0,2026-09-16T03:05:10Z,True,,,,,none,market_mid_display_only,polymarket_us_game_winner_v2_frozen_v1,c5361ddb1a247394,insufficient_data,insufficient_evidence,Game started,False,False,1.0,"No invented confidence score. Uncertainty is conveyed by validation status, sample size, quote age, and calibration reports. Registered evidence gates have not passed; treat probabilities as non-actionable. Polymarket labeled history (0 dates) is below the structural floor (70).",game_started,1e122a1bfa291dbd,us_taker_theta_0.0695_2026-09-17,2026-10-02T21:50:40Z,False
824463,CIN,CHC,CHC,True,polymarket_us,887289,aec-mlb-chc-cin-2026-09-18,mlb-chc-cin-2026-09-18,https://polymarket.us/event/mlb-chc-cin-2026-09-18,2026-09-18T22:40:00Z,0.5375000000000001,0.5375000000000001,0.54,,0.017263800000000003,0.5572638000000001,-0.019763799999999998,0.5101321348819281,0.01,1449930.0,2026-09-16T03:05:10Z,True,,,,,none,market_mid_display_only,polymarket_us_game_winner_v2_frozen_v1,c5361ddb1a247394,insufficient_data,insufficient_evidence,Game started,False,False,1.0,"No invented confidence score. Uncertainty is conveyed by validation status, sample size, quote age, and calibration reports. Registered evidence gates have not passed; treat probabilities as non-actionable. Polymarket labeled history (0 dates) is below the structural floor (70).",game_started,1e122a1bfa291dbd,us_taker_theta_0.0695_2026-09-17,2026-10-02T21:50:40Z,False
824790,BAL,MIL,BAL,False,polymarket_us,887278,aec-mlb-mil-bal-2026-09-18,mlb-mil-bal-2026-09-18,https://polymarket.us/event/mlb-mil-bal-2026-09-18,2026-09-18T23:05:00Z,0.44499999999999995,0.44499999999999995,0.44999999999999996,,0.01720125,0.46720124999999996,-0.022201250000000006,0.4180912781912294,0.01,1449930.0,2026-09-16T03:05:10Z,True,,,,,none,market_mid_display_only,polymarket_us_game_winner_v2_frozen_v1,c5361ddb1a247394,insufficient_data,insufficient_evidence,Game started,False,False,1.0,"No invented confidence score. Uncertainty is conveyed by validation status, sample size, quote age, and calibration reports. Registered evidence gates have not passed; treat probabilities as non-actionable. Polymarket labeled history (0 dates) is below the structural floor (70).",game_started,4b2963657f6648c1,us_taker_theta_0.0695_2026-09-17,2026-10-02T21:50:40Z,False
824790,BAL,MIL,MIL,True,polymarket_us,887278,aec-mlb-mil-bal-2026-09-18,mlb-mil-bal-2026-09-18,https://polymarket.us/event/mlb-mil-bal-2026-09-18,2026-09-18T23:05:00Z,0.555,0.555,0.56,,0.017124800000000003,0.5771248000000001,-0.022124800000000056,0.5276782429176049,0.01,1449930.0,2026-09-16T03:05:10Z,True,,,,,none,market_mid_display_only,polymarket_us_game_winner_v2_frozen_v1,c5361ddb1a247394,insufficient_data,insufficient_evidence,Game started,False,False,1.0,"No invented confidence score. Uncertainty is conveyed by validation status, sample size, quote age, and calibration reports. Registered evidence gates have not passed; treat probabilities as non-actionable. Polymarket labeled history (0 dates) is below the structural floor (70).",game_started,4b2963657f6648c1,us_taker_theta_0.0695_2026-09-17,2026-10-02T21:50:40Z,False
822923,TB,BOS,TB,False,polymarket_us,887250,aec-mlb-bos-tb-2026-09-18,mlb-bos-tb-2026-09-18,https://polymarket.us/event/mlb-bos-tb-2026-09-18,2026-09-18T23:10:00Z,0.54,0.54,0.5449999999999999,,0.017234262500000003,0.5622342625,-0.022234262499999935,0.5126360971320738,0.01,1449930.0,2026-09-16T03:05:10Z,True,,,,,none,market_mid_display_only,polymarket_us_game_winner_v2_frozen_v1,c5361ddb1a247394,insufficient_data,insufficient_evidence,Game started,False,False,1.0,"No invented confidence score. Uncertainty is conveyed by validation status, sample size, quote age, and calibration reports. Registered evidence gates have not passed; treat probabilities as non-actionable. Polymarket labeled history (0 dates) is below the structural floor (70).",game_started,e46d70c7c294308c,us_taker_theta_0.0695_2026-09-17,2026-10-02T21:50:40Z,False
822923,TB,BOS,BOS,True,polymarket_us,887250,aec-mlb-bos-tb-2026-09-18,mlb-bos-tb-2026-09-18,https://polymarket.us/event/mlb-bos-tb-2026-09-18,2026-09-18T23:10:00Z,0.45999999999999996,0.45999999999999996,0.465,,0.0172898625,0.4822898625,-0.022289862500000035,0.432937567208486,0.01,1449930.0,2026-09-16T03:05:10Z,True,,,,,none,market_mid_display_only,polymarket_us_game_winner_v2_frozen_v1,c5361ddb1a247394,insufficient_data,insufficient_evidence,Game started,False,False,1.0,"No invented confidence score. Uncertainty is conveyed by validation status, sample size, quote age, and calibration reports. Registered evidence gates have not passed; treat probabilities as non-actionable. Polymarket labeled history (0 dates) is below the structural floor (70).",game_started,e46d70c7c294308c,us_taker_theta_0.0695_2026-09-17,2026-10-02T21:50:40Z,False
824383,CLE,ATH,CLE,False,polymarket_us,887255,aec-mlb-ath-cle-2026-09-18,mlb-ath-cle-2026-09-18,https://polymarket.us/event/mlb-ath-cle-2026-09-18,2026-09-18T23:10:00Z,0.6125,0.6125,0.615,,0.0164558625,0.6314558625,-0.01895586249999992,0.585634664051256,0.01,1449930.0,2026-09-16T03:05:10Z,True,,,,,none,market_mid_display_only,polymarket_us_game_winner_v2_frozen_v1,c5361ddb1a247394,insufficient_data,insufficient_evidence,Game started,False,False,1.0,"No invented confidence score. Uncertainty is conveyed by validation status, sample size, quote age, and calibration reports. Registered evidence gates have not passed; treat probabilities as non-actionable. Polymarket labeled history (0 dates) is below the structural floor (70).",game_started,f7b5f7cffbc69b27,us_taker_theta_0.0695_2026-09-17,2026-10-02T21:50:40Z,False
824383,CLE,ATH,ATH,True,polymarket_us,887255,aec-mlb-ath-cle-2026-09-18,mlb-ath-cle-2026-09-18,https://polymarket.us/event/mlb-ath-cle-2026-09-18,2026-09-18T23:10:00Z,0.38749999999999996,0.38749999999999996,0.39,,0.01653405,0.40653405000000004,-0.01903405000000008,0.3614589566393338,0.01,1449930.0,2026-09-16T03:05:10Z,True,,,,,none,market_mid_display_only,polymarket_us_game_winner_v2_frozen_v1,c5361ddb1a247394,insufficient_data,insufficient_evidence,Game started,False,False,1.0,"No invented confidence score. Uncertainty is conveyed by validation status, sample size, quote age, and calibration reports. Registered evidence gates have not passed; treat probabilities as non-actionable. Polymarket labeled history (0 dates) is below the structural floor (70).",game_started,f7b5f7cffbc69b27,us_taker_theta_0.0695_2026-09-17,2026-10-02T21:50:40Z,False
823572,NYM,PHI,NYM,False,polymarket_us,887201,aec-mlb-phi-nym-2026-09-18,mlb-phi-nym-2026-09-18,https://polymarket.us/event/mlb-phi-nym-2026-09-18,2026-09-18T23:15:00Z,0.4375,0.4375,0.44499999999999995,,0.017164762500000003,0.46216476249999994,-0.024664762499999937,0.4106794817718676,0.01,1449930.0,2026-09-16T03:05:10Z,True,,,,,none,market_mid_display_only,polymarket_us_game_winner_v2_frozen_v1,c5361ddb1a247394,insufficient_data,insufficient_evidence,Game started,False,False,1.0,"No invented confidence score. Uncertainty is conveyed by validation status, sample size, quote age, and calibration reports. Registered evidence gates have not passed; treat probabilities as non-actionable. Polymarket labeled history (0 dates) is below the structural floor (70).",game_started,7ac64566f1ea7899,us_taker_theta_0.0695_2026-09-17,2026-10-02T21:50:40Z,False
823572,NYM,PHI,PHI,True,polymarket_us,887201,aec-mlb-phi-nym-2026-09-18,mlb-phi-nym-2026-09-18,https://polymarket.us/event/mlb-phi-nym-2026-09-18,2026-09-18T23:15:00Z,0.5625,0.5625,0.57,,0.01703445,0.58703445,-0.024534449999999985,0.5352111679321236,0.01,1449930.0,2026-09-16T03:05:10Z,True,,,,,none,market_mid_display_only,polymarket_us_game_winner_v2_frozen_v1,c5361ddb1a247394,insufficient_data,insufficient_evidence,Game started,False,False,1.0,"No invented confidence score. Uncertainty is conveyed by validation status, sample size, quote age, and calibration reports. Registered evidence gates have not passed; treat probabilities as non-actionable. Polymarket labeled history (0 dates) is below the structural floor (70).",game_started,7ac64566f1ea7899,us_taker_theta_0.0695_2026-09-17,2026-10-02T21:50:40Z,False
824547,CWS,DET,CWS,False,polymarket_us,887220,aec-mlb-det-cws-2026-09-18,mlb-det-cws-2026-09-18,https://polymarket.us/event/mlb-det-cws-2026-09-18,2026-09-18T23:40:00Z,0.51,0.51,0.515,,0.017359362500000003,0.5323593625,-0.022359362500000035,0.4826459308791957,0.01,1449930.0,2026-09-16T03:05:10Z,True,,,,,none,market_mid_display_only,polymarket_us_game_winner_v2_frozen_v1,c5361ddb1a247394,insufficient_data,insufficient_evidence,Game started,False,False,1.0,"No invented confidence score. Uncertainty is conveyed by validation status, sample size, quote age, and calibration reports. Registered evidence gates have not passed; treat probabilities as non-actionable. Model probability is near 0.5; edge vs market is unlikely after fees. Polymarket labeled history (0 dates) is below the structural floor (70).",game_started,32e635808d5aff29,us_taker_theta_0.0695_2026-09-17,2026-10-02T21:50:40Z,False
824547,CWS,DET,DET,True,polymarket_us,887220,aec-mlb-det-cws-2026-09-18,mlb-det-cws-2026-09-18,https://polymarket.us/event/mlb-det-cws-2026-09-18,2026-09-18T23:40:00Z,0.49,0.49,0.495,,0.0173732625,0.5123732625,-0.022373262500000046,0.46272158278809006,0.01,1449930.0,2026-09-16T03:05:10Z,True,,,,,none,market_mid_display_only,polymarket_us_game_winner_v2_frozen_v1,c5361ddb1a247394,insufficient_data,insufficient_evidence,Game started,False,False,1.0,"No invented confidence score. Uncertainty is conveyed by validation status, sample size, quote age, and calibration reports. Registered evidence gates have not passed; treat probabilities as non-actionable. Model probability is near 0.5; edge vs market is unlikely after fees. Polymarket labeled history (0 dates) is below the structural floor (70).",game_started,32e635808d5aff29,us_taker_theta_0.0695_2026-09-17,2026-10-02T21:50:40Z,False
822847,TEX,TOR,TEX,False,polymarket_us,887284,aec-mlb-tor-tex-2026-09-18,mlb-tor-tex-2026-09-18,https://polymarket.us/event/mlb-tor-tex-2026-09-18,2026-09-19T00:05:00Z,0.5,0.5,0.505,,0.0173732625,0.5223732625,-0.022373262500000046,0.4726768854060811,0.01,1449929.0,2026-09-16T03:05:11Z,True,,,,,none,market_mid_display_only,polymarket_us_game_winner_v2_frozen_v1,c5361ddb1a247394,insufficient_data,insufficient_evidence,Game started,False,False,1.0,"No invented confidence score. Uncertainty is conveyed by validation status, sample size, quote age, and calibration reports. Registered evidence gates have not passed; treat probabilities as non-actionable. Model probability is near 0.5; edge vs market is unlikely after fees. Polymarket labeled history (0 dates) is below the structural floor (70).",game_started,1972dbb831a2e289,us_taker_theta_0.0695_2026-09-17,2026-10-02T21:50:40Z,False
822847,TEX,TOR,TOR,True,polymarket_us,887284,aec-mlb-tor-tex-2026-09-18,mlb-tor-tex-2026-09-18,https://polymarket.us/event/mlb-tor-tex-2026-09-18,2026-09-19T00:05:00Z,0.5,0.5,0.505,,0.0173732625,0.5223732625,-0.022373262500000046,0.4726768854060811,0.01,1449929.0,2026-09-16T03:05:11Z,True,,,,,none,market_mid_display_only,polymarket_us_game_winner_v2_frozen_v1,c5361ddb1a247394,insufficient_data,insufficient_evidence,Game started,False,False,1.0,"No invented confidence score. Uncertainty is conveyed by validation status, sample size, quote age, and calibration reports. Registered evidence gates have not passed; treat probabilities as non-actionable. Model probability is near 0.5; edge vs market is unlikely after fees. Polymarket labeled history (0 dates) is below the structural floor (70).",game_started,1972dbb831a2e289,us_taker_theta_0.0695_2026-09-17,2026-10-02T21:50:40Z,False
824303,COL,SEA,COL,False,polymarket_us,887229,aec-mlb-sea-col-2026-09-18,mlb-sea-col-2026-09-18,https://polymarket.us/event/mlb-sea-col-2026-09-18,2026-09-19T00:10:00Z,0.3474999999999999,0.3474999999999999,0.35,,0.01581125,0.36581125,-0.018311250000000057,0.3223191487027799,0.01,1449929.0,2026-09-16T03:05:11Z,True,,,,,none,market_mid_display_only,polymarket_us_game_winner_v2_frozen_v1,c5361ddb1a247394,insufficient_data,insufficient_evidence,Game started,False,False,1.0,"No invented confidence score. Uncertainty is conveyed by validation status, sample size, quote age, and calibration reports. Registered evidence gates have not passed; treat probabilities as non-actionable. Polymarket labeled history (0 dates) is below the structural floor (70).",game_started,1cc24f3999626ebf,us_taker_theta_0.0695_2026-09-17,2026-10-02T21:50:40Z,False
824303,COL,SEA,SEA,True,polymarket_us,887229,aec-mlb-sea-col-2026-09-18,mlb-sea-col-2026-09-18,https://polymarket.us/event/mlb-sea-col-2026-09-18,2026-09-19T00:10:00Z,0.6525000000000001,0.6525000000000001,0.655,,0.0157052625,0.6707052625000001,-0.018205262499999986,0.626232457008566,0.01,1449929.0,2026-09-16T03:05:11Z,True,,,,,none,market_mid_display_only,polymarket_us_game_winner_v2_frozen_v1,c5361ddb1a247394,insufficient_data,insufficient_evidence,Game started,False,False,1.0,"No invented confidence score. Uncertainty is conveyed by validation status, sample size, quote age, and calibration reports. Registered evidence gates have not passed; treat probabilities as non-actionable. Polymarket labeled history (0 dates) is below the structural floor (70).",game_started,1cc24f3999626ebf,us_taker_theta_0.0695_2026-09-17,2026-10-02T21:50:40Z,False
824138,HOU,ATL,HOU,False,polymarket_us,887238,aec-mlb-atl-hou-2026-09-18,mlb-atl-hou-2026-09-18,https://polymarket.us/event/mlb-atl-hou-2026-09-18,2026-09-19T00:10:00Z,0.475,0.475,0.485,,0.0173593625,0.5023593625,-0.02735936250000004,0.44781427283432546,0.01,1449929.0,2026-09-16T03:05:11Z,True,,,,,none,market_mid_display_only,polymarket_us_game_winner_v2_frozen_v1,c5361ddb1a247394,insufficient_data,insufficient_evidence,Game started,False,False,1.0,"No invented confidence score. Uncertainty is conveyed by validation status, sample size, quote age, and calibration reports. Registered evidence gates have not passed; treat probabilities as non-actionable. Model probability is near 0.5; edge vs market is unlikely after fees. Polymarket labeled history (0 dates) is below the structural floor (70).",game_started,3b872b3f73ecf377,us_taker_theta_0.0695_2026-09-17,2026-10-02T21:50:40Z,False
824138,HOU,ATL,ATL,True,polymarket_us,887238,aec-mlb-atl-hou-2026-09-18,mlb-atl-hou-2026-09-18,https://polymarket.us/event/mlb-atl-hou-2026-09-18,2026-09-19T00:10:00Z,0.525,0.525,0.535,,0.017289862500000003,0.5522898625,-0.027289862499999984,0.49762539189507204,0.01,1449929.0,2026-09-16T03:05:11Z,True,,,,,none,market_mid_display_only,polymarket_us_game_winner_v2_frozen_v1,c5361ddb1a247394,insufficient_data,insufficient_evidence,Game started,False,False,1.0,"No invented confidence score. Uncertainty is conveyed by validation status, sample size, quote age, and calibration reports. Registered evidence gates have not passed; treat probabilities as non-actionable. Model probability is near 0.5; edge vs market is unlikely after fees. Polymarket labeled history (0 dates) is below the structural floor (70).",game_started,3b872b3f73ecf377,us_taker_theta_0.0695_2026-09-17,2026-10-02T21:50:40Z,False
823005,STL,WSH,STL,False,polymarket_us,887211,aec-mlb-wsh-stl-2026-09-18,mlb-wsh-stl-2026-09-18,https://polymarket.us/event/mlb-wsh-stl-2026-09-18,2026-09-19T00:15:00Z,0.5325,0.5325,0.5349999999999999,,0.017289862500000003,0.5522898624999999,-0.019789862499999922,0.5051268267635081,0.01,1449929.0,2026-09-16T03:05:11Z,True,,,,,none,market_mid_display_only,polymarket_us_game_winner_v2_frozen_v1,c5361ddb1a247394,insufficient_data,insufficient_evidence,Game started,False,False,1.0,"No invented confidence score. Uncertainty is conveyed by validation status, sample size, quote age, and calibration reports. Registered evidence gates have not passed; treat probabilities as non-actionable. Polymarket labeled history (0 dates) is below the structural floor (70).",game_started,abdc81970309f13e,us_taker_theta_0.0695_2026-09-17,2026-10-02T21:50:40Z,False
823005,STL,WSH,WSH,True,polymarket_us,887211,aec-mlb-wsh-stl-2026-09-18,mlb-wsh-stl-2026-09-18,https://polymarket.us/event/mlb-wsh-stl-2026-09-18,2026-09-19T00:15:00Z,0.4675,0.4675,0.47,,0.01731245,0.48731244999999995,-0.019812449999999926,0.44037210625799056,0.01,1449929.0,2026-09-16T03:05:11Z,True,,,,,none,market_mid_display_only,polymarket_us_game_winner_v2_frozen_v1,c5361ddb1a247394,insufficient_data,insufficient_evidence,Game started,False,False,1.0,"No invented confidence score. Uncertainty is conveyed by validation status, sample size, quote age, and calibration reports. Registered evidence gates have not passed; treat probabilities as non-actionable. Polymarket labeled history (0 dates) is below the structural floor (70).",game_started,abdc81970309f13e,us_taker_theta_0.0695_2026-09-17,2026-10-02T21:50:40Z,False
823977,LAA,MIN,LAA,False,polymarket_us,887244,aec-mlb-min-laa-2026-09-18,mlb-min-laa-2026-09-18,https://polymarket.us/event/mlb-min-laa-2026-09-18,2026-09-19T01:38:00Z,0.4225000000000001,0.4225000000000001,0.42500000000000004,,0.0169840625,0.44198406250000005,-0.019484062499999955,0.3958784698670847,0.01,1449929.0,2026-09-16T03:05:11Z,True,,,,,none,market_mid_display_only,polymarket_us_game_winner_v2_frozen_v1,c5361ddb1a247394,insufficient_data,insufficient_evidence,Game started,False,False,1.0,"No invented confidence score. Uncertainty is conveyed by validation status, sample size, quote age, and calibration reports. Registered evidence gates have not passed; treat probabilities as non-actionable. Polymarket labeled history (0 dates) is below the structural floor (70).",game_started,96cae6ece2e05d25,us_taker_theta_0.0695_2026-09-17,2026-10-02T21:50:40Z,False
823977,LAA,MIN,MIN,True,polymarket_us,887244,aec-mlb-min-laa-2026-09-18,mlb-min-laa-2026-09-18,https://polymarket.us/event/mlb-min-laa-2026-09-18,2026-09-19T01:38:00Z,0.5774999999999999,0.5774999999999999,0.58,,0.0169302,0.5969302,-0.019430200000000064,0.5503008471792719,0.01,1449929.0,2026-09-16T03:05:11Z,True,,,,,none,market_mid_display_only,polymarket_us_game_winner_v2_frozen_v1,c5361ddb1a247394,insufficient_data,insufficient_evidence,Game started,False,False,1.0,"No invented confidence score. Uncertainty is conveyed by validation status, sample size, quote age, and calibration reports. Registered evidence gates have not passed; treat probabilities as non-actionable. Polymarket labeled history (0 dates) is below the structural floor (70).",game_started,96cae6ece2e05d25,us_taker_theta_0.0695_2026-09-17,2026-10-02T21:50:40Z,False
823252,SD,MIA,SD,False,polymarket_us,887261,aec-mlb-mia-sd-2026-09-18,mlb-mia-sd-2026-09-18,https://polymarket.us/event/mlb-mia-sd-2026-09-18,2026-09-19T01:40:00Z,,,,,,,,,0.01,,,True,,,,,,,polymarket_us_game_winner_v2_frozen_v1,c5361ddb1a247394,insufficient_data,insufficient_evidence,Game started,False,False,1.0,"No invented confidence score. Uncertainty is conveyed by validation status, sample size, quote age, and calibration reports. Registered evidence gates have not passed; treat probabilities as non-actionable. Polymarket labeled history (0 dates) is below the structural floor (70).",game_started,bf9f1831491d1ea4,us_taker_theta_0.0695_2026-09-17,2026-10-02T21:50:40Z,False
823252,SD,MIA,MIA,True,polymarket_us,887261,aec-mlb-mia-sd-2026-09-18,mlb-mia-sd-2026-09-18,https://polymarket.us/event/mlb-mia-sd-2026-09-18,2026-09-19T01:40:00Z,,,,,,,,,0.01,,,True,,,,,,,polymarket_us_game_winner_v2_frozen_v1,c5361ddb1a247394,insufficient_data,insufficient_evidence,Game started,False,False,1.0,"No invented confidence score. Uncertainty is conveyed by validation status, sample size, quote age, and calibration reports. Registered evidence gates have not passed; treat probabilities as non-actionable. Polymarket labeled history (0 dates) is below the structural floor (70).",game_started,bf9f1831491d1ea4,us_taker_theta_0.0695_2026-09-17,2026-10-02T21:50:40Z,False
825032,AZ,NYY,AZ,False,polymarket_us,887267,aec-mlb-nyy-az-2026-09-18,mlb-nyy-az-2026-09-18,https://polymarket.us/event/mlb-nyy-az-2026-09-18,2026-09-19T01:40:00Z,,,,,,,,,0.01,,,True,,,,,,,polymarket_us_game_winner_v2_frozen_v1,c5361ddb1a247394,insufficient_data,insufficient_evidence,Game started,False,False,1.0,"No invented confidence score. Uncertainty is conveyed by validation status, sample size, quote age, and calibration reports. Registered evidence gates have not passed; treat probabilities as non-actionable. Polymarket labeled history (0 dates) is below the structural floor (70).",game_started,bf63c33f51e8c186,us_taker_theta_0.0695_2026-09-17,2026-10-02T21:50:40Z,False
825032,AZ,NYY,NYY,True,polymarket_us,887267,aec-mlb-nyy-az-2026-09-18,mlb-nyy-az-2026-09-18,https://polymarket.us/event/mlb-nyy-az-2026-09-18,2026-09-19T01:40:00Z,,,,,,,,,0.01,,,True,,,,,,,polymarket_us_game_winner_v2_frozen_v1,c5361ddb1a247394,insufficient_data,insufficient_evidence,Game started,False,False,1.0,"No invented confidence score. Uncertainty is conveyed by validation status, sample size, quote age, and calibration reports. Registered evidence gates have not passed; treat probabilities as non-actionable. Polymarket labeled history (0 dates) is below the structural floor (70).",game_started,bf63c33f51e8c186,us_taker_theta_0.0695_2026-09-17,2026-10-02T21:50:40Z,False
824141,HOU,KC,HOU,False,polymarket_us,846526,aec-mlb-kc-hou-2026-09-17,mlb-kc-hou-2026-09-17,https://polymarket.us/event/mlb-kc-hou-2026-09-17,2026-09-17T23:15:00Z,0.5625,0.5625,0.565,,0.017081362500000002,0.5820813625,-0.019581362499999977,0.5352111679321236,0.01,1449931.0,2026-09-16T03:05:09Z,True,,,,,none,market_mid_display_only,polymarket_us_game_winner_v2_frozen_v1,c5361ddb1a247394,insufficient_data,insufficient_evidence,Game started,False,False,1.0,"No invented confidence score. Uncertainty is conveyed by validation status, sample size, quote age, and calibration reports. Registered evidence gates have not passed; treat probabilities as non-actionable. Polymarket labeled history (0 dates) is below the structural floor (70).",game_started,89cfd44364252eb1,us_taker_theta_0.0695_2026-09-17,2026-10-02T21:50:40Z,False
824141,HOU,KC,KC,True,polymarket_us,846526,aec-mlb-kc-hou-2026-09-17,mlb-kc-hou-2026-09-17,https://polymarket.us/event/mlb-kc-hou-2026-09-17,2026-09-17T23:15:00Z,0.4375,0.4375,0.44,,0.017124800000000003,0.4571248,-0.019624799999999998,0.4106794817718676,0.01,1449931.0,2026-09-16T03:05:09Z,True,,,,,none,market_mid_display_only,polymarket_us_game_winner_v2_frozen_v1,c5361ddb1a247394,insufficient_data,insufficient_evidence,Game started,False,False,1.0,"No invented confidence score. Uncertainty is conveyed by validation status, sample size, quote age, and calibration reports. Registered evidence gates have not passed; treat probabilities as non-actionable. Polymarket labeled history (0 dates) is below the structural floor (70).",game_started,89cfd44364252eb1,us_taker_theta_0.0695_2026-09-17,2026-10-02T21:50:40Z,False
823573,NYM,PHI,NYM,False,polymarket_us,846546,aec-mlb-phi-nym-2026-09-17,mlb-phi-nym-2026-09-17,https://polymarket.us/event/mlb-phi-nym-2026-09-17,2026-09-17T23:15:00Z,0.5375,0.5375,0.54,,0.017263800000000003,0.5572638000000001,-0.01976380000000011,0.5101321348819281,0.01,1449931.0,2026-09-16T03:05:09Z,True,,,,,none,market_mid_display_only,polymarket_us_game_winner_v2_frozen_v1,c5361ddb1a247394,insufficient_data,insufficient_evidence,Game started,False,False,1.0,"No invented confidence score. Uncertainty is conveyed by validation status, sample size, quote age, and calibration reports. Registered evidence gates have not passed; treat probabilities as non-actionable. Polymarket labeled history (0 dates) is below the structural floor (70).",game_started,db4be5b0f657977f,us_taker_theta_0.0695_2026-09-17,2026-10-02T21:50:40Z,False
823573,NYM,PHI,PHI,True,polymarket_us,846546,aec-mlb-phi-nym-2026-09-17,mlb-phi-nym-2026-09-17,https://polymarket.us/event/mlb-phi-nym-2026-09-17,2026-09-17T23:15:00Z,0.4625,0.4625,0.465,,0.0172898625,0.4822898625,-0.019789862499999977,0.4354149008358649,0.01,1449931.0,2026-09-16T03:05:09Z,True,,,,,none,market_mid_display_only,polymarket_us_game_winner_v2_frozen_v1,c5361ddb1a247394,insufficient_data,insufficient_evidence,Game started,False,False,1.0,"No invented confidence score. Uncertainty is conveyed by validation status, sample size, quote age, and calibration reports. Registered evidence gates have not passed; treat probabilities as non-actionable. Polymarket labeled history (0 dates) is below the structural floor (70).",game_started,db4be5b0f657977f,us_taker_theta_0.0695_2026-09-17,2026-10-02T21:50:40Z,False
824548,CWS,DET,CWS,False,polymarket_us,846551,aec-mlb-det-cws-2026-09-17,mlb-det-cws-2026-09-17,https://polymarket.us/event/mlb-det-cws-2026-09-17,2026-09-17T23:40:00Z,0.5525,0.5525,0.5549999999999999,,0.0171647625,0.5721647624999999,-0.019664762499999933,0.5251690268549405,0.01,1449931.0,2026-09-16T03:05:09Z,True,,,,,none,market_mid_display_only,polymarket_us_game_winner_v2_frozen_v1,c5361ddb1a247394,insufficient_data,insufficient_evidence,Game started,False,False,1.0,"No invented confidence score. Uncertainty is conveyed by validation status, sample size, quote age, and calibration reports. Registered evidence gates have not passed; treat probabilities as non-actionable. Polymarket labeled history (0 dates) is below the structural floor (70).",game_started,186f8786ca2857a8,us_taker_theta_0.0695_2026-09-17,2026-10-02T21:50:40Z,False
824548,CWS,DET,DET,True,polymarket_us,846551,aec-mlb-det-cws-2026-09-17,mlb-det-cws-2026-09-17,https://polymarket.us/event/mlb-det-cws-2026-09-17,2026-09-17T23:40:00Z,0.4475,0.4475,0.45,,0.017201250000000005,0.46720125,-0.019701250000000003,0.42056355533846107,0.01,1449931.0,2026-09-16T03:05:09Z,True,,,,,none,market_mid_display_only,polymarket_us_game_winner_v2_frozen_v1,c5361ddb1a247394,insufficient_data,insufficient_evidence,Game started,False,False,1.0,"No invented confidence score. Uncertainty is conveyed by validation status, sample size, quote age, and calibration reports. Registered evidence gates have not passed; treat probabilities as non-actionable. Polymarket labeled history (0 dates) is below the structural floor (70).",game_started,186f8786ca2857a8,us_taker_theta_0.0695_2026-09-17,2026-10-02T21:50:40Z,False
822845,TEX,BOS,TEX,False,polymarket_us,846531,aec-mlb-bos-tex-2026-09-17,mlb-bos-tex-2026-09-17,https://polymarket.us/event/mlb-bos-tex-2026-09-17,2026-09-18T00:05:00Z,0.4575,0.4575,0.45999999999999996,,0.0172638,0.47726379999999996,-0.019763799999999943,0.4304610784826016,0.01,1449931.0,2026-09-16T03:05:09Z,True,,,,,none,market_mid_display_only,polymarket_us_game_winner_v2_frozen_v1,c5361ddb1a247394,insufficient_data,insufficient_evidence,Game started,False,False,1.0,"No invented confidence score. Uncertainty is conveyed by validation status, sample size, quote age, and calibration reports. Registered evidence gates have not passed; treat probabilities as non-actionable. Polymarket labeled history (0 dates) is below the structural floor (70).",game_started,2ce9c619e9193f1c,us_taker_theta_0.0695_2026-09-17,2026-10-02T21:50:40Z,False
822845,TEX,BOS,BOS,True,polymarket_us,846531,aec-mlb-bos-tex-2026-09-17,mlb-bos-tex-2026-09-17,https://polymarket.us/event/mlb-bos-tex-2026-09-17,2026-09-18T00:05:00Z,0.5425,0.5425,0.545,,0.017234262500000003,0.5622342625000001,-0.0197342625000001,0.5151409327261426,0.01,1449931.0,2026-09-16T03:05:09Z,True,,,,,none,market_mid_display_only,polymarket_us_game_winner_v2_frozen_v1,c5361ddb1a247394,insufficient_data,insufficient_evidence,Game started,False,False,1.0,"No invented confidence score. Uncertainty is conveyed by validation status, sample size, quote age, and calibration reports. Registered evidence gates have not passed; treat probabilities as non-actionable. Polymarket labeled history (0 dates) is below the structural floor (70).",game_started,2ce9c619e9193f1c,us_taker_theta_0.0695_2026-09-17,2026-10-02T21:50:40Z,False
823978,LAA,MIN,LAA,False,polymarket_us,846515,aec-mlb-min-laa-2026-09-17,mlb-min-laa-2026-09-17,https://polymarket.us/event/mlb-min-laa-2026-09-17,2026-09-18T01:38:00Z,0.47750000000000004,0.47750000000000004,0.48,,0.0173472,0.4973472,-0.019847199999999954,0.4502966940949429,0.01,1449930.0,2026-09-16T03:05:10Z,True,,,,,none,market_mid_display_only,polymarket_us_game_winner_v2_frozen_v1,c5361ddb1a247394,insufficient_data,insufficient_evidence,Game started,False,False,1.0,"No invented confidence score. Uncertainty is conveyed by validation status, sample size, quote age, and calibration reports. Registered evidence gates have not passed; treat probabilities as non-actionable. Model probability is near 0.5; edge vs market is unlikely after fees. Polymarket labeled history (0 dates) is below the structural floor (70).",game_started,f724235fefe55f48,us_taker_theta_0.0695_2026-09-17,2026-10-02T21:50:40Z,False
823978,LAA,MIN,MIN,True,polymarket_us,846515,aec-mlb-min-laa-2026-09-17,mlb-min-laa-2026-09-17,https://polymarket.us/event/mlb-min-laa-2026-09-17,2026-09-18T01:38:00Z,0.5225,0.5225,0.525,,0.0173315625,0.5423315625,-0.019831562500000066,0.49512665059364014,0.01,1449930.0,2026-09-16T03:05:10Z,True,,,,,none,market_mid_display_only,polymarket_us_game_winner_v2_frozen_v1,c5361ddb1a247394,insufficient_data,insufficient_evidence,Game started,False,False,1.0,"No invented confidence score. Uncertainty is conveyed by validation status, sample size, quote age, and calibration reports. Registered evidence gates have not passed; treat probabilities as non-actionable. Model probability is near 0.5; edge vs market is unlikely after fees. Polymarket labeled history (0 dates) is below the structural floor (70).",game_started,f724235fefe55f48,us_taker_theta_0.0695_2026-09-17,2026-10-02T21:50:40Z,False
823334,PIT,MIL,PIT,False,polymarket_us,846541,aec-mlb-mil-pit-2026-09-17,mlb-mil-pit-2026-09-17,https://polymarket.us/event/mlb-mil-pit-2026-09-17,2026-09-17T16:35:00Z,0.4375,0.4375,0.43999999999999995,,0.017124800000000003,0.45712479999999994,-0.019624799999999942,0.4106794817718676,0.01,1449931.0,2026-09-16T03:05:09Z,True,,,,,none,market_mid_display_only,polymarket_us_game_winner_v2_frozen_v1,c5361ddb1a247394,insufficient_data,insufficient_evidence,Game started,False,False,1.0,"No invented confidence score. Uncertainty is conveyed by validation status, sample size, quote age, and calibration reports. Registered evidence gates have not passed; treat probabilities as non-actionable. Polymarket labeled history (0 dates) is below the structural floor (70).",game_started,45f75ad7a745c8e0,us_taker_theta_0.0695_2026-09-17,2026-10-02T21:50:40Z,False
823334,PIT,MIL,MIL,True,polymarket_us,846541,aec-mlb-mil-pit-2026-09-17,mlb-mil-pit-2026-09-17,https://polymarket.us/event/mlb-mil-pit-2026-09-17,2026-09-17T16:35:00Z,0.5625,0.5625,0.565,,0.017081362500000002,0.5820813625,-0.019581362499999977,0.5352111679321236,0.01,1449931.0,2026-09-16T03:05:09Z,True,,,,,none,market_mid_display_only,polymarket_us_game_winner_v2_frozen_v1,c5361ddb1a247394,insufficient_data,insufficient_evidence,Game started,False,False,1.0,"No invented confidence score. Uncertainty is conveyed by validation status, sample size, quote age, and calibration reports. Registered evidence gates have not passed; treat probabilities as non-actionable. Polymarket labeled history (0 dates) is below the structural floor (70).",game_started,45f75ad7a745c8e0,us_taker_theta_0.0695_2026-09-17,2026-10-02T21:50:40Z,False
824464,CIN,LAD,CIN,False,polymarket_us,846536,aec-mlb-lad-cin-2026-09-17,mlb-lad-cin-2026-09-17,https://polymarket.us/event/mlb-lad-cin-2026-09-17,2026-09-17T16:40:00Z,0.38749999999999996,0.38749999999999996,0.39,,0.01653405,0.40653405000000004,-0.01903405000000008,0.3614589566393338,0.01,1449931.0,2026-09-16T03:05:09Z,True,,,,,none,market_mid_display_only,polymarket_us_game_winner_v2_frozen_v1,c5361ddb1a247394,insufficient_data,insufficient_evidence,Game started,False,False,1.0,"No invented confidence score. Uncertainty is conveyed by validation status, sample size, quote age, and calibration reports. Registered evidence gates have not passed; treat probabilities as non-actionable. Polymarket labeled history (0 dates) is below the structural floor (70).",game_started,4c23402c40c3db63,us_taker_theta_0.0695_2026-09-17,2026-10-02T21:50:40Z,False
824464,CIN,LAD,LAD,True,polymarket_us,846536,aec-mlb-lad-cin-2026-09-17,mlb-lad-cin-2026-09-17,https://polymarket.us/event/mlb-lad-cin-2026-09-17,2026-09-17T16:40:00Z,0.6125,0.6125,0.615,,0.0164558625,0.6314558625,-0.01895586249999992,0.585634664051256,0.01,1449931.0,2026-09-16T03:05:09Z,True,,,,,none,market_mid_display_only,polymarket_us_game_winner_v2_frozen_v1,c5361ddb1a247394,insufficient_data,insufficient_evidence,Game started,False,False,1.0,"No invented confidence score. Uncertainty is conveyed by validation status, sample size, quote age, and calibration reports. Registered evidence gates have not passed; treat probabilities as non-actionable. Polymarket labeled history (0 dates) is below the structural floor (70).",game_started,4c23402c40c3db63,us_taker_theta_0.0695_2026-09-17,2026-10-02T21:50:40Z,False
822924,TB,ATH,TB,False,polymarket_us,846556,aec-mlb-ath-tb-2026-09-17,mlb-ath-tb-2026-09-17,https://polymarket.us/event/mlb-ath-tb-2026-09-17,2026-09-17T17:10:00Z,0.7375,0.7375,0.74,,0.013371800000000001,0.7533718,-0.01587179999999999,0.7132866376933892,0.01,1449931.0,2026-09-16T03:05:09Z,True,,,,,none,market_mid_display_only,polymarket_us_game_winner_v2_frozen_v1,c5361ddb1a247394,insufficient_data,insufficient_evidence,Game started,False,False,1.0,"No invented confidence score. Uncertainty is conveyed by validation status, sample size, quote age, and calibration reports. Registered evidence gates have not passed; treat probabilities as non-actionable. Polymarket labeled history (0 dates) is below the structural floor (70).",game_started,b6f4e66e8fe1a068,us_taker_theta_0.0695_2026-09-17,2026-10-02T21:50:40Z,False
822924,TB,ATH,ATH,True,polymarket_us,846556,aec-mlb-ath-tb-2026-09-17,mlb-ath-tb-2026-09-17,https://polymarket.us/event/mlb-ath-tb-2026-09-17,2026-09-17T17:10:00Z,0.26249999999999996,0.26249999999999996,0.265,,0.013536862500000002,0.27853686250000004,-0.016036862500000082,0.23982936864178261,0.01,1449931.0,2026-09-16T03:05:09Z,True,,,,,none,market_mid_display_only,polymarket_us_game_winner_v2_frozen_v1,c5361ddb1a247394,insufficient_data,insufficient_evidence,Game started,False,False,1.0,"No invented confidence score. Uncertainty is conveyed by validation status, sample size, quote age, and calibration reports. Registered evidence gates have not passed; treat probabilities as non-actionable. Polymarket labeled history (0 dates) is below the structural floor (70).",game_started,b6f4e66e8fe1a068,us_taker_theta_0.0695_2026-09-17,2026-10-02T21:50:40Z,False
824305,COL,SD,COL,False,polymarket_us,846521,aec-mlb-sd-col-2026-09-17,mlb-sd-col-2026-09-17,https://polymarket.us/event/mlb-sd-col-2026-09-17,2026-09-17T19:10:00Z,0.38749999999999996,0.38749999999999996,0.39,,0.01653405,0.40653405000000004,-0.01903405000000008,0.3614589566393338,0.01,1449931.0,2026-09-16T03:05:09Z,True,,,,,none,market_mid_display_only,polymarket_us_game_winner_v2_frozen_v1,c5361ddb1a247394,insufficient_data,insufficient_evidence,Game started,False,False,1.0,"No invented confidence score. Uncertainty is conveyed by validation status, sample size, quote age, and calibration reports. Registered evidence gates have not passed; treat probabilities as non-actionable. Polymarket labeled history (0 dates) is below the structural floor (70).",game_started,b12e96b202eae7af,us_taker_theta_0.0695_2026-09-17,2026-10-02T21:50:40Z,False
824305,COL,SD,SD,True,polymarket_us,846521,aec-mlb-sd-col-2026-09-17,mlb-sd-col-2026-09-17,https://polymarket.us/event/mlb-sd-col-2026-09-17,2026-09-17T19:10:00Z,0.6125,0.6125,0.615,,0.0164558625,0.6314558625,-0.01895586249999992,0.585634664051256,0.01,1449931.0,2026-09-16T03:05:09Z,True,,,,,none,market_mid_display_only,polymarket_us_game_winner_v2_frozen_v1,c5361ddb1a247394,insufficient_data,insufficient_evidence,Game started,False,False,1.0,"No invented confidence score. Uncertainty is conveyed by validation status, sample size, quote age, and calibration reports. Registered evidence gates have not passed; treat probabilities as non-actionable. Polymarket labeled history (0 dates) is below the structural floor (70).",game_started,b12e96b202eae7af,us_taker_theta_0.0695_2026-09-17,2026-10-02T21:50:40Z,False
823332,PIT,MIL,PIT,False,polymarket_us,823218,aec-mlb-mil-pit-2026-09-16,mlb-mil-pit-2026-09-16,https://polymarket.us/event/mlb-mil-pit-2026-09-16,2026-09-16T22:40:00Z,0.4424999999999999,0.4424999999999999,0.44499999999999995,,0.017164762500000003,0.46216476249999994,-0.019664762500000044,0.41561984078421493,0.01,1449933.0,2026-09-16T03:05:07Z,True,,,,,none,market_mid_display_only,polymarket_us_game_winner_v2_frozen_v1,c5361ddb1a247394,insufficient_data,insufficient_evidence,Game started,False,False,1.0,"No invented confidence score. Uncertainty is conveyed by validation status, sample size, quote age, and calibration reports. Registered evidence gates have not passed; treat probabilities as non-actionable. Polymarket labeled history (0 dates) is below the structural floor (70).",game_started,2f8e73c64a91e957,us_taker_theta_0.0695_2026-09-17,2026-10-02T21:50:40Z,False
823332,PIT,MIL,MIL,True,polymarket_us,823218,aec-mlb-mil-pit-2026-09-16,mlb-mil-pit-2026-09-16,https://polymarket.us/event/mlb-mil-pit-2026-09-16,2026-09-16T22:40:00Z,0.5575000000000001,0.5575000000000001,0.56,,0.017124800000000003,0.5771248000000001,-0.019624799999999998,0.5301883378350142,0.01,1449933.0,2026-09-16T03:05:07Z,True,,,,,none,market_mid_display_only,polymarket_us_game_winner_v2_frozen_v1,c5361ddb1a247394,insufficient_data,insufficient_evidence,Game started,False,False,1.0,"No invented confidence score. Uncertainty is conveyed by validation status, sample size, quote age, and calibration reports. Registered evidence gates have not passed; treat probabilities as non-actionable. Polymarket labeled history (0 dates) is below the structural floor (70).",game_started,2f8e73c64a91e957,us_taker_theta_0.0695_2026-09-17,2026-10-02T21:50:40Z,False
822926,TB,ATH,TB,False,polymarket_us,823208,aec-mlb-ath-tb-2026-09-16,mlb-ath-tb-2026-09-16,https://polymarket.us/event/mlb-ath-tb-2026-09-16,2026-09-16T22:40:00Z,0.6375,0.6375,0.64,,0.0160128,0.6560128000000001,-0.018512800000000107,0.6109810166316543,0.01,1449933.0,2026-09-16T03:05:07Z,True,,,,,none,market_mid_display_only,polymarket_us_game_winner_v2_frozen_v1,c5361ddb1a247394,insufficient_data,insufficient_evidence,Game started,False,False,1.0,"No invented confidence score. Uncertainty is conveyed by validation status, sample size, quote age, and calibration reports. Registered evidence gates have not passed; treat probabilities as non-actionable. Polymarket labeled history (0 dates) is below the structural floor (70).",game_started,b247f42d030c90c0,us_taker_theta_0.0695_2026-09-17,2026-10-02T21:50:40Z,False
822926,TB,ATH,ATH,True,polymarket_us,823208,aec-mlb-ath-tb-2026-09-16,mlb-ath-tb-2026-09-16,https://polymarket.us/event/mlb-ath-tb-2026-09-16,2026-09-16T22:40:00Z,0.36250000000000004,0.36250000000000004,0.365,,0.0161083625,0.3811083625,-0.018608362499999975,0.33697217596398754,0.01,1449933.0,2026-09-16T03:05:07Z,True,,,,,none,market_mid_display_only,polymarket_us_game_winner_v2_frozen_v1,c5361ddb1a247394,insufficient_data,insufficient_evidence,Game started,False,False,1.0,"No invented confidence score. Uncertainty is conveyed by validation status, sample size, quote age, and calibration reports. Registered evidence gates have not passed; treat probabilities as non-actionable. Polymarket labeled history (0 dates) is below the structural floor (70).",game_started,b247f42d030c90c0,us_taker_theta_0.0695_2026-09-17,2026-10-02T21:50:40Z,False
824467,CIN,LAD,CIN,False,polymarket_us,823213,aec-mlb-lad-cin-2026-09-16,mlb-lad-cin-2026-09-16,https://polymarket.us/event/mlb-lad-cin-2026-09-16,2026-09-16T22:40:00Z,0.3425,0.3425,0.345,,0.0157052625,0.36070526249999996,-0.01820526249999993,0.31744127433889296,0.01,1449933.0,2026-09-16T03:05:07Z,True,,,,,none,market_mid_display_only,polymarket_us_game_winner_v2_frozen_v1,c5361ddb1a247394,insufficient_data,insufficient_evidence,Game started,False,False,1.0,"No invented confidence score. Uncertainty is conveyed by validation status, sample size, quote age, and calibration reports. Registered evidence gates have not passed; treat probabilities as non-actionable. Polymarket labeled history (0 dates) is below the structural floor (70).",game_started,e990307c4092b06a,us_taker_theta_0.0695_2026-09-17,2026-10-02T21:50:40Z,False
824467,CIN,LAD,LAD,True,polymarket_us,823213,aec-mlb-lad-cin-2026-09-16,mlb-lad-cin-2026-09-16,https://polymarket.us/event/mlb-lad-cin-2026-09-16,2026-09-16T22:40:00Z,0.6575,0.6575,0.66,,0.015595800000000002,0.6755958000000001,-0.018095800000000106,0.6313235890106286,0.01,1449933.0,2026-09-16T03:05:07Z,True,,,,,none,market_mid_display_only,polymarket_us_game_winner_v2_frozen_v1,c5361ddb1a247394,insufficient_data,insufficient_evidence,Game started,False,False,1.0,"No invented confidence score. Uncertainty is conveyed by validation status, sample size, quote age, and calibration reports. Registered evidence gates have not passed; treat probabilities as non-actionable. Polymarket labeled history (0 dates) is below the structural floor (70).",game_started,e990307c4092b06a,us_taker_theta_0.0695_2026-09-17,2026-10-02T21:50:40Z,False
822680,WSH,PHI,WSH,False,polymarket_us,823191,aec-mlb-phi-wsh-2026-09-16,mlb-phi-wsh-2026-09-16,https://polymarket.us/event/mlb-phi-wsh-2026-09-16,2026-09-16T22:45:00Z,0.36749999999999994,0.36749999999999994,0.37,,0.01620045,0.38620045,-0.018700450000000035,0.34186300792523944,0.01,1449932.0,2026-09-16T03:05:08Z,True,,,,,none,market_mid_display_only,polymarket_us_game_winner_v2_frozen_v1,c5361ddb1a247394,insufficient_data,insufficient_evidence,Game started,False,False,1.0,"No invented confidence score. Uncertainty is conveyed by validation status, sample size, quote age, and calibration reports. Registered evidence gates have not passed; treat probabilities as non-actionable. Polymarket labeled history (0 dates) is below the structural floor (70).",game_started,dde63b809f697410,us_taker_theta_0.0695_2026-09-17,2026-10-02T21:50:40Z,False
822680,WSH,PHI,PHI,True,polymarket_us,823191,aec-mlb-phi-wsh-2026-09-16,mlb-phi-wsh-2026-09-16,https://polymarket.us/event/mlb-phi-wsh-2026-09-16,2026-09-16T22:45:00Z,0.6325000000000001,0.6325000000000001,0.635,,0.0161083625,0.6511083625,-0.018608362499999975,0.6059044954711887,0.01,1449932.0,2026-09-16T03:05:08Z,True,,,,,none,market_mid_display_only,polymarket_us_game_winner_v2_frozen_v1,c5361ddb1a247394,insufficient_data,insufficient_evidence,Game started,False,False,1.0,"No invented confidence score. Uncertainty is conveyed by validation status, sample size, quote age, and calibration reports. Registered evidence gates have not passed; treat probabilities as non-actionable. Polymarket labeled history (0 dates) is below the structural floor (70).",game_started,dde63b809f697410,us_taker_theta_0.0695_2026-09-17,2026-10-02T21:50:40Z,False
823576,NYM,BAL,NYM,False,polymarket_us,823238,aec-mlb-bal-nym-2026-09-16,mlb-bal-nym-2026-09-16,https://polymarket.us/event/mlb-bal-nym-2026-09-16,2026-09-16T23:10:00Z,0.5575,0.5575,0.56,,0.017124800000000003,0.5771248000000001,-0.01962480000000011,0.5301883378350142,0.01,1449932.0,2026-09-16T03:05:08Z,True,,,,,none,market_mid_display_only,polymarket_us_game_winner_v2_frozen_v1,c5361ddb1a247394,insufficient_data,insufficient_evidence,Game started,False,False,1.0,"No invented confidence score. Uncertainty is conveyed by validation status, sample size, quote age, and calibration reports. Registered evidence gates have not passed; treat probabilities as non-actionable. Polymarket labeled history (0 dates) is below the structural floor (70).",game_started,a9f64576ce83d53e,us_taker_theta_0.0695_2026-09-17,2026-10-02T21:50:40Z,False
823576,NYM,BAL,BAL,True,polymarket_us,823238,aec-mlb-bal-nym-2026-09-16,mlb-bal-nym-2026-09-16,https://polymarket.us/event/mlb-bal-nym-2026-09-16,2026-09-16T23:10:00Z,0.4425,0.4425,0.445,,0.0171647625,0.4621647625,-0.019664762499999988,0.41561984078421493,0.01,1449932.0,2026-09-16T03:05:08Z,True,,,,,none,market_mid_display_only,polymarket_us_game_winner_v2_frozen_v1,c5361ddb1a247394,insufficient_data,insufficient_evidence,Game started,False,False,1.0,"No invented confidence score. Uncertainty is conveyed by validation status, sample size, quote age, and calibration reports. Registered evidence gates have not passed; treat probabilities as non-actionable. Polymarket labeled history (0 dates) is below the structural floor (70).",game_started,a9f64576ce83d53e,us_taker_theta_0.0695_2026-09-17,2026-10-02T21:50:40Z,False
824626,CHC,ATL,CHC,False,polymarket_us,823243,aec-mlb-atl-chc-2026-09-16,mlb-atl-chc-2026-09-16,https://polymarket.us/event/mlb-atl-chc-2026-09-16,2026-09-16T23:40:00Z,0.5625,0.5625,0.565,,0.017081362500000002,0.5820813625,-0.019581362499999977,0.5352111679321236,0.01,1449932.0,2026-09-16T03:05:08Z,True,,,,,none,market_mid_display_only,polymarket_us_game_winner_v2_frozen_v1,c5361ddb1a247394,insufficient_data,insufficient_evidence,Game started,False,False,1.0,"No invented confidence score. Uncertainty is conveyed by validation status, sample size, quote age, and calibration reports. Registered evidence gates have not passed; treat probabilities as non-actionable. Polymarket labeled history (0 dates) is below the structural floor (70).",game_started,2faef919a31b02af,us_taker_theta_0.0695_2026-09-17,2026-10-02T21:50:40Z,False
824626,CHC,ATL,ATL,True,polymarket_us,823243,aec-mlb-atl-chc-2026-09-16,mlb-atl-chc-2026-09-16,https://polymarket.us/event/mlb-atl-chc-2026-09-16,2026-09-16T23:40:00Z,0.4375,0.4375,0.44,,0.017124800000000003,0.4571248,-0.019624799999999998,0.4106794817718676,0.01,1449932.0,2026-09-16T03:05:08Z,True,,,,,none,market_mid_display_only,polymarket_us_game_winner_v2_frozen_v1,c5361ddb1a247394,insufficient_data,insufficient_evidence,Game started,False,False,1.0,"No invented confidence score. Uncertainty is conveyed by validation status, sample size, quote age, and calibration reports. Registered evidence gates have not passed; treat probabilities as non-actionable. Polymarket labeled history (0 dates) is below the structural floor (70).",game_started,2faef919a31b02af,us_taker_theta_0.0695_2026-09-17,2026-10-02T21:50:40Z,False
822846,TEX,BOS,TEX,False,polymarket_us,823253,aec-mlb-bos-tex-2026-09-16,mlb-bos-tex-2026-09-16,https://polymarket.us/event/mlb-bos-tex-2026-09-16,2026-09-17T00:05:00Z,0.5125,0.5125,0.515,,0.017359362500000003,0.5323593625,-0.01985936250000009,0.4851403462480174,0.01,1449932.0,2026-09-16T03:05:08Z,True,,,,,none,market_mid_display_only,polymarket_us_game_winner_v2_frozen_v1,c5361ddb1a247394,insufficient_data,insufficient_evidence,Game started,False,False,1.0,"No invented confidence score. Uncertainty is conveyed by validation status, sample size, quote age, and calibration reports. Registered evidence gates have not passed; treat probabilities as non-actionable. Model probability is near 0.5; edge vs market is unlikely after fees. Polymarket labeled history (0 dates) is below the structural floor (70).",game_started,b8b7a0bd5598c896,us_taker_theta_0.0695_2026-09-17,2026-10-02T21:50:40Z,False
822846,TEX,BOS,BOS,True,polymarket_us,823253,aec-mlb-bos-tex-2026-09-16,mlb-bos-tex-2026-09-16,https://polymarket.us/event/mlb-bos-tex-2026-09-16,2026-09-17T00:05:00Z,0.48750000000000004,0.48750000000000004,0.49,,0.017368050000000003,0.50736805,-0.019868049999999915,0.46023489780400684,0.01,1449932.0,2026-09-16T03:05:08Z,True,,,,,none,market_mid_display_only,polymarket_us_game_winner_v2_frozen_v1,c5361ddb1a247394,insufficient_data,insufficient_evidence,Game started,False,False,1.0,"No invented confidence score. Uncertainty is conveyed by validation status, sample size, quote age, and calibration reports. Registered evidence gates have not passed; treat probabilities as non-actionable. Model probability is near 0.5; edge vs market is unlikely after fees. Polymarket labeled history (0 dates) is below the structural floor (70).",game_started,b8b7a0bd5598c896,us_taker_theta_0.0695_2026-09-17,2026-10-02T21:50:40Z,False
824140,HOU,KC,HOU,False,polymarket_us,823233,aec-mlb-kc-hou-2026-09-16,mlb-kc-hou-2026-09-16,https://polymarket.us/event/mlb-kc-hou-2026-09-16,2026-09-17T00:10:00Z,0.5675,0.5675,0.5700000000000001,,0.017034450000000003,0.5870344500000001,-0.019534450000000092,0.5402375245585906,0.01,1449932.0,2026-09-16T03:05:08Z,True,,,,,none,market_mid_display_only,polymarket_us_game_winner_v2_frozen_v1,c5361ddb1a247394,insufficient_data,insufficient_evidence,Game started,False,False,1.0,"No invented confidence score. Uncertainty is conveyed by validation status, sample size, quote age, and calibration reports. Registered evidence gates have not passed; treat probabilities as non-actionable. Polymarket labeled history (0 dates) is below the structural floor (70).",game_started,880fea6ff80e38b1,us_taker_theta_0.0695_2026-09-17,2026-10-02T21:50:40Z,False
824140,HOU,KC,KC,True,polymarket_us,823233,aec-mlb-kc-hou-2026-09-16,mlb-kc-hou-2026-09-16,https://polymarket.us/event/mlb-kc-hou-2026-09-16,2026-09-17T00:10:00Z,0.4325,0.4325,0.435,,0.0170813625,0.4520813625,-0.019581362499999977,0.40574247147797216,0.01,1449932.0,2026-09-16T03:05:08Z,True,,,,,none,market_mid_display_only,polymarket_us_game_winner_v2_frozen_v1,c5361ddb1a247394,insufficient_data,insufficient_evidence,Game started,False,False,1.0,"No invented confidence score. Uncertainty is conveyed by validation status, sample size, quote age, and calibration reports. Registered evidence gates have not passed; treat probabilities as non-actionable. Polymarket labeled history (0 dates) is below the structural floor (70).",game_started,880fea6ff80e38b1,us_taker_theta_0.0695_2026-09-17,2026-10-02T21:50:40Z,False
824306,COL,SD,COL,False,polymarket_us,823223,aec-mlb-sd-col-2026-09-16,mlb-sd-col-2026-09-16,https://polymarket.us/event/mlb-sd-col-2026-09-16,2026-09-17T00:40:00Z,0.39250000000000007,0.39250000000000007,0.395,,0.016608762500000002,0.4116087625,-0.01910876249999993,0.3663661317477113,0.01,1449932.0,2026-09-16T03:05:08Z,True,,,,,none,market_mid_display_only,polymarket_us_game_winner_v2_frozen_v1,c5361ddb1a247394,insufficient_data,insufficient_evidence,Game started,False,False,1.0,"No invented confidence score. Uncertainty is conveyed by validation status, sample size, quote age, and calibration reports. Registered evidence gates have not passed; treat probabilities as non-actionable. Polymarket labeled history (0 dates) is below the structural floor (70).",game_started,828d39f30baae81d,us_taker_theta_0.0695_2026-09-17,2026-10-02T21:50:40Z,False
824306,COL,SD,SD,True,polymarket_us,823223,aec-mlb-sd-col-2026-09-16,mlb-sd-col-2026-09-16,https://polymarket.us/event/mlb-sd-col-2026-09-16,2026-09-17T00:40:00Z,0.6074999999999999,0.6074999999999999,0.61,,0.01653405,0.62653405,-0.019034050000000025,0.5805762307640068,0.01,1449932.0,2026-09-16T03:05:08Z,True,,,,,none,market_mid_display_only,polymarket_us_game_winner_v2_frozen_v1,c5361ddb1a247394,insufficient_data,insufficient_evidence,Game started,False,False,1.0,"No invented confidence score. Uncertainty is conveyed by validation status, sample size, quote age, and calibration reports. Registered evidence gates have not passed; treat probabilities as non-actionable. Polymarket labeled history (0 dates) is below the structural floor (70).",game_started,828d39f30baae81d,us_taker_theta_0.0695_2026-09-17,2026-10-02T21:50:40Z,False
823979,LAA,SEA,LAA,False,polymarket_us,823258,aec-mlb-sea-laa-2026-09-16,mlb-sea-laa-2026-09-16,https://polymarket.us/event/mlb-sea-laa-2026-09-16,2026-09-17T01:38:00Z,0.4475,0.4475,0.44999999999999996,,0.01720125,0.46720124999999996,-0.019701249999999948,0.42056355533846107,0.01,1449932.0,2026-09-16T03:05:08Z,True,,,,,none,market_mid_display_only,polymarket_us_game_winner_v2_frozen_v1,c5361ddb1a247394,insufficient_data,insufficient_evidence,Game started,False,False,1.0,"No invented confidence score. Uncertainty is conveyed by validation status, sample size, quote age, and calibration reports. Registered evidence gates have not passed; treat probabilities as non-actionable. Polymarket labeled history (0 dates) is below the structural floor (70).",game_started,059acffb04f74f04,us_taker_theta_0.0695_2026-09-17,2026-10-02T21:50:40Z,False
823979,LAA,SEA,SEA,True,polymarket_us,823258,aec-mlb-sea-laa-2026-09-16,mlb-sea-laa-2026-09-16,https://polymarket.us/event/mlb-sea-laa-2026-09-16,2026-09-17T01:38:00Z,0.5525,0.5525,0.555,,0.017164762500000003,0.5721647625,-0.019664762500000044,0.5251690268549405,0.01,1449932.0,2026-09-16T03:05:08Z,True,,,,,none,market_mid_display_only,polymarket_us_game_winner_v2_frozen_v1,c5361ddb1a247394,insufficient_data,insufficient_evidence,Game started,False,False,1.0,"No invented confidence score. Uncertainty is conveyed by validation status, sample size, quote age, and calibration reports. Registered evidence gates have not passed; treat probabilities as non-actionable. Polymarket labeled history (0 dates) is below the structural floor (70).",game_started,059acffb04f74f04,us_taker_theta_0.0695_2026-09-17,2026-10-02T21:50:40Z,False
825031,AZ,MIA,AZ,False,polymarket_us,823263,aec-mlb-mia-az-2026-09-16,mlb-mia-az-2026-09-16,https://polymarket.us/event/mlb-mia-az-2026-09-16,2026-09-17T01:40:00Z,0.5475,0.5475,0.55,,0.01720125,0.5672012500000001,-0.019701250000000115,0.520153227605511,0.01,1449932.0,2026-09-16T03:05:08Z,True,,,,,none,market_mid_display_only,polymarket_us_game_winner_v2_frozen_v1,c5361ddb1a247394,insufficient_data,insufficient_evidence,Game started,False,False,1.0,"No invented confidence score. Uncertainty is conveyed by validation status, sample size, quote age, and calibration reports. Registered evidence gates have not passed; treat probabilities as non-actionable. Polymarket labeled history (0 dates) is below the structural floor (70).",game_started,e815dd456a992c20,us_taker_theta_0.0695_2026-09-17,2026-10-02T21:50:40Z,False
825031,AZ,MIA,MIA,True,polymarket_us,823263,aec-mlb-mia-az-2026-09-16,mlb-mia-az-2026-09-16,https://polymarket.us/event/mlb-mia-az-2026-09-16,2026-09-17T01:40:00Z,0.4525,0.4525,0.455,,0.0172342625,0.4722342625,-0.01973426249999999,0.42551063228126484,0.01,1449932.0,2026-09-16T03:05:08Z,True,,,,,none,market_mid_display_only,polymarket_us_game_winner_v2_frozen_v1,c5361ddb1a247394,insufficient_data,insufficient_evidence,Game started,False,False,1.0,"No invented confidence score. Uncertainty is conveyed by validation status, sample size, quote age, and calibration reports. Registered evidence gates have not passed; treat probabilities as non-actionable. Polymarket labeled history (0 dates) is below the structural floor (70).",game_started,e815dd456a992c20,us_taker_theta_0.0695_2026-09-17,2026-10-02T21:50:40Z,False
824382,CLE,CWS,CLE,False,polymarket_us,823199,aec-mlb-cws-cle-2026-09-16,mlb-cws-cle-2026-09-16,https://polymarket.us/event/mlb-cws-cle-2026-09-16,2026-09-16T17:10:00Z,0.5925,0.5925,0.595,,0.016747762500000003,0.6117477625,-0.019247762499999932,0.565422466893621,0.01,1449933.0,2026-09-16T03:05:07Z,True,,,,,none,market_mid_display_only,polymarket_us_game_winner_v2_frozen_v1,c5361ddb1a247394,insufficient_data,insufficient_evidence,Game started,False,False,1.0,"No invented confidence score. Uncertainty is conveyed by validation status, sample size, quote age, and calibration reports. Registered evidence gates have not passed; treat probabilities as non-actionable. Polymarket labeled history (0 dates) is below the structural floor (70).",game_started,7f1e267cca7ff664,us_taker_theta_0.0695_2026-09-17,2026-10-02T21:50:40Z,False
824382,CLE,CWS,CWS,True,polymarket_us,823199,aec-mlb-cws-cle-2026-09-16,mlb-cws-cle-2026-09-16,https://polymarket.us/event/mlb-cws-cle-2026-09-16,2026-09-16T17:10:00Z,0.4075,0.4075,0.41,,0.016812050000000002,0.42681205,-0.019312050000000025,0.38110741357492317,0.01,1449933.0,2026-09-16T03:05:07Z,True,,,,,none,market_mid_display_only,polymarket_us_game_winner_v2_frozen_v1,c5361ddb1a247394,insufficient_data,insufficient_evidence,Game started,False,False,1.0,"No invented confidence score. Uncertainty is conveyed by validation status, sample size, quote age, and calibration reports. Registered evidence gates have not passed; treat probabilities as non-actionable. Polymarket labeled history (0 dates) is below the structural floor (70).",game_started,7f1e267cca7ff664,us_taker_theta_0.0695_2026-09-17,2026-10-02T21:50:40Z,False
823004,STL,SF,STL,False,polymarket_us,823228,aec-mlb-sf-stl-2026-09-16,mlb-sf-stl-2026-09-16,https://polymarket.us/event/mlb-sf-stl-2026-09-16,2026-09-16T17:15:00Z,0.5925,0.5925,0.595,,0.016747762500000003,0.6117477625,-0.019247762499999932,0.565422466893621,0.01,1449933.0,2026-09-16T03:05:07Z,True,,,,,none,market_mid_display_only,polymarket_us_game_winner_v2_frozen_v1,c5361ddb1a247394,insufficient_data,insufficient_evidence,Game started,False,False,1.0,"No invented confidence score. Uncertainty is conveyed by validation status, sample size, quote age, and calibration reports. Registered evidence gates have not passed; treat probabilities as non-actionable. Polymarket labeled history (0 dates) is below the structural floor (70).",game_started,0eb09e5b8a199e80,us_taker_theta_0.0695_2026-09-17,2026-10-02T21:50:40Z,False
823004,STL,SF,SF,True,polymarket_us,823228,aec-mlb-sf-stl-2026-09-16,mlb-sf-stl-2026-09-16,https://polymarket.us/event/mlb-sf-stl-2026-09-16,2026-09-16T17:15:00Z,0.4075,0.4075,0.41,,0.016812050000000002,0.42681205,-0.019312050000000025,0.38110741357492317,0.01,1449933.0,2026-09-16T03:05:07Z,True,,,,,none,market_mid_display_only,polymarket_us_game_winner_v2_frozen_v1,c5361ddb1a247394,insufficient_data,insufficient_evidence,Game started,False,False,1.0,"No invented confidence score. Uncertainty is conveyed by validation status, sample size, quote age, and calibration reports. Registered evidence gates have not passed; treat probabilities as non-actionable. Polymarket labeled history (0 dates) is below the structural floor (70).",game_started,0eb09e5b8a199e80,us_taker_theta_0.0695_2026-09-17,2026-10-02T21:50:40Z,False
823655,MIN,NYY,MIN,False,polymarket_us,823248,aec-mlb-nyy-min-2026-09-16,mlb-nyy-min-2026-09-16,https://polymarket.us/event/mlb-nyy-min-2026-09-16,2026-09-16T17:40:00Z,0.4325000000000001,0.4325000000000001,0.43500000000000005,,0.017081362500000002,0.4520813625000001,-0.019581362499999977,0.40574247147797216,0.01,1449933.0,2026-09-16T03:05:07Z,True,,,,,none,market_mid_display_only,polymarket_us_game_winner_v2_frozen_v1,c5361ddb1a247394,insufficient_data,insufficient_evidence,Game started,False,False,1.0,"No invented confidence score. Uncertainty is conveyed by validation status, sample size, quote age, and calibration reports. Registered evidence gates have not passed; treat probabilities as non-actionable. Polymarket labeled history (0 dates) is below the structural floor (70).",game_started,5ea576703e84444f,us_taker_theta_0.0695_2026-09-17,2026-10-02T21:50:40Z,False
823655,MIN,NYY,NYY,True,polymarket_us,823248,aec-mlb-nyy-min-2026-09-16,mlb-nyy-min-2026-09-16,https://polymarket.us/event/mlb-nyy-min-2026-09-16,2026-09-16T17:40:00Z,0.5674999999999999,0.5674999999999999,0.57,,0.01703445,0.58703445,-0.019534450000000092,0.5402375245585906,0.01,1449933.0,2026-09-16T03:05:07Z,True,,,,,none,market_mid_display_only,polymarket_us_game_winner_v2_frozen_v1,c5361ddb1a247394,insufficient_data,insufficient_evidence,Game started,False,False,1.0,"No invented confidence score. Uncertainty is conveyed by validation status, sample size, quote age, and calibration reports. Registered evidence gates have not passed; treat probabilities as non-actionable. Polymarket labeled history (0 dates) is below the structural floor (70).",game_started,5ea576703e84444f,us_taker_theta_0.0695_2026-09-17,2026-10-02T21:50:40Z,False
822763,TOR,DET,TOR,False,polymarket_us,823268,aec-mlb-det-tor-2026-09-16,mlb-det-tor-2026-09-16,https://polymarket.us/event/mlb-det-tor-2026-09-16,2026-09-16T19:07:00Z,0.5275000000000001,0.5275000000000001,0.53,,0.017312450000000004,0.5473124500000001,-0.01981244999999998,0.5001250010869539,0.01,1449933.0,2026-09-16T03:05:07Z,True,,,,,none,market_mid_display_only,polymarket_us_game_winner_v2_frozen_v1,c5361ddb1a247394,insufficient_data,insufficient_evidence,Game started,False,False,1.0,"No invented confidence score. Uncertainty is conveyed by validation status, sample size, quote age, and calibration reports. Registered evidence gates have not passed; treat probabilities as non-actionable. Model probability is near 0.5; edge vs market is unlikely after fees. Polymarket labeled history (0 dates) is below the structural floor (70).",game_started,da30ab7257ba8185,us_taker_theta_0.0695_2026-09-17,2026-10-02T21:50:40Z,False
822763,TOR,DET,DET,True,polymarket_us,823268,aec-mlb-det-tor-2026-09-16,mlb-det-tor-2026-09-16,https://polymarket.us/event/mlb-det-tor-2026-09-16,2026-09-16T19:07:00Z,0.4724999999999999,0.4724999999999999,0.475,,0.0173315625,0.4923315625,-0.019831562500000066,0.4453327016895655,0.01,1449933.0,2026-09-16T03:05:07Z,True,,,,,none,market_mid_display_only,polymarket_us_game_winner_v2_frozen_v1,c5361ddb1a247394,insufficient_data,insufficient_evidence,Game started,False,False,1.0,"No invented confidence score. Uncertainty is conveyed by validation status, sample size, quote age, and calibration reports. Registered evidence gates have not passed; treat probabilities as non-actionable. Model probability is near 0.5; edge vs market is unlikely after fees. Polymarket labeled history (0 dates) is below the structural floor (70).",game_started,da30ab7257ba8185,us_taker_theta_0.0695_2026-09-17,2026-10-02T21:50:40Z,False
825030,AZ,MIA,AZ,False,polymarket_us,800748,aec-mlb-mia-az-2026-09-15,mlb-mia-az-2026-09-15,https://polymarket.us/event/mlb-mia-az-2026-09-15,2026-09-16T01:40:00Z,0.5265241663846887,0.6675,0.6699999999999999,,0.015366450000000004,0.68536645,-0.15884228361531127,0.49914921669202594,0.01,1449933.0,2026-09-16T03:05:07Z,True,,,,,shadow_export,game_pick_export,polymarket_us_game_winner_v2_frozen_v1,c5361ddb1a247394,insufficient_data,insufficient_evidence,Game started,False,False,1.0,"No invented confidence score. Uncertainty is conveyed by validation status, sample size, quote age, and calibration reports. Registered evidence gates have not passed; treat probabilities as non-actionable. Model probability is near 0.5; edge vs market is unlikely after fees. Polymarket labeled history (0 dates) is below the structural floor (70).",game_started,0fcf6e3e6f568dc3,us_taker_theta_0.0695_2026-09-17,2026-10-02T21:50:40Z,False
825030,AZ,MIA,MIA,True,polymarket_us,800748,aec-mlb-mia-az-2026-09-15,mlb-mia-az-2026-09-15,https://polymarket.us/event/mlb-mia-az-2026-09-15,2026-09-16T01:40:00Z,0.4734758336153113,0.3325,0.335,,0.015482862500000003,0.35048286250000005,0.12299297111531127,0.4463012408096412,0.01,1449933.0,2026-09-16T03:05:07Z,True,,,,,shadow_export,game_pick_export,polymarket_us_game_winner_v2_frozen_v1,c5361ddb1a247394,insufficient_data,insufficient_evidence,Game started,False,False,1.0,"No invented confidence score. Uncertainty is conveyed by validation status, sample size, quote age, and calibration reports. Registered evidence gates have not passed; treat probabilities as non-actionable. Model probability is near 0.5; edge vs market is unlikely after fees. Polymarket labeled history (0 dates) is below the structural floor (70).",game_started,0fcf6e3e6f568dc3,us_taker_theta_0.0695_2026-09-17,2026-10-02T21:50:40Z,False
822849,TEX,BOS,TEX,False,polymarket_us,800763,aec-mlb-bos-tex-2026-09-15,mlb-bos-tex-2026-09-15,https://polymarket.us/event/mlb-bos-tex-2026-09-15,2026-09-16T00:05:00Z,0.5227056874807091,0.9275,0.9299999999999999,,0.004524450000000004,0.93452445,-0.41181876251929084,0.4953322017713594,0.01,1449934.0,2026-09-16T03:05:06Z,True,,,,,shadow_export,game_pick_export,polymarket_us_game_winner_v2_frozen_v1,c5361ddb1a247394,insufficient_data,insufficient_evidence,Game started,False,False,1.0,"No invented confidence score. Uncertainty is conveyed by validation status, sample size, quote age, and calibration reports. Registered evidence gates have not passed; treat probabilities as non-actionable. Model probability is near 0.5; edge vs market is unlikely after fees. Polymarket labeled history (0 dates) is below the structural floor (70).",game_started,541ec3c1246bbff3,us_taker_theta_0.0695_2026-09-17,2026-10-02T21:50:40Z,False
822849,TEX,BOS,BOS,True,polymarket_us,800763,aec-mlb-bos-tex-2026-09-15,mlb-bos-tex-2026-09-15,https://polymarket.us/event/mlb-bos-tex-2026-09-15,2026-09-16T00:05:00Z,0.4772943125192909,0.07250000000000001,0.075,,0.0048215625,0.0798215625,0.3974727500192909,0.4500924207894428,0.01,1449934.0,2026-09-16T03:05:06Z,True,,,,,shadow_export,game_pick_export,polymarket_us_game_winner_v2_frozen_v1,c5361ddb1a247394,insufficient_data,insufficient_evidence,Game started,False,False,1.0,"No invented confidence score. Uncertainty is conveyed by validation status, sample size, quote age, and calibration reports. Registered evidence gates have not passed; treat probabilities as non-actionable. Model probability is near 0.5; edge vs market is unlikely after fees. Polymarket labeled history (0 dates) is below the structural floor (70).",game_started,541ec3c1246bbff3,us_taker_theta_0.0695_2026-09-17,2026-10-02T21:50:40Z,False
824307,COL,SD,COL,False,polymarket_us,800753,aec-mlb-sd-col-2026-09-15,mlb-sd-col-2026-09-15,https://polymarket.us/event/mlb-sd-col-2026-09-15,2026-09-16T00:40:00Z,0.4850233931861677,0.9875,0.99,,0.0006880500000000007,0.99068805,-0.5056646568138323,0.45777232396250056,0.01,1449934.0,2026-09-16T03:05:06Z,True,,,,,shadow_export,game_pick_export,polymarket_us_game_winner_v2_frozen_v1,c5361ddb1a247394,insufficient_data,insufficient_evidence,Game started,False,False,1.0,"No invented confidence score. Uncertainty is conveyed by validation status, sample size, quote age, and calibration reports. Registered evidence gates have not passed; treat probabilities as non-actionable. Model probability is near 0.5; edge vs market is unlikely after fees. Polymarket labeled history (0 dates) is below the structural floor (70).",game_started,cb0e4f1269c1a4e2,us_taker_theta_0.0695_2026-09-17,2026-10-02T21:50:40Z,False
824307,COL,SD,SD,True,polymarket_us,800753,aec-mlb-sd-col-2026-09-15,mlb-sd-col-2026-09-15,https://polymarket.us/event/mlb-sd-col-2026-09-15,2026-09-16T00:40:00Z,0.5149766068138323,0.012499999999999956,0.015,,0.0010268625,0.0160268625,0.49894974431383227,0.48761227199329027,0.01,1449934.0,2026-09-16T03:05:06Z,True,,,,,shadow_export,game_pick_export,polymarket_us_game_winner_v2_frozen_v1,c5361ddb1a247394,insufficient_data,insufficient_evidence,Game started,False,False,1.0,"No invented confidence score. Uncertainty is conveyed by validation status, sample size, quote age, and calibration reports. Registered evidence gates have not passed; treat probabilities as non-actionable. Model probability is near 0.5; edge vs market is unlikely after fees. Polymarket labeled history (0 dates) is below the structural floor (70).",game_started,cb0e4f1269c1a4e2,us_taker_theta_0.0695_2026-09-17,2026-10-02T21:50:40Z,False
823980,LAA,SEA,LAA,False,polymarket_us,800778,aec-mlb-sea-laa-2026-09-15,mlb-sea-laa-2026-09-15,https://polymarket.us/event/mlb-sea-laa-2026-09-15,2026-09-16T01:38:00Z,0.5338729016118734,0.4225000000000001,0.42500000000000004,,0.0169840625,0.44198406250000005,0.09188883911187334,0.5065008387457262,0.01,1449934.0,2026-09-16T03:05:06Z,True,,,,,shadow_export,game_pick_export,polymarket_us_game_winner_v2_frozen_v1,c5361ddb1a247394,insufficient_data,insufficient_evidence,Game started,False,False,1.0,"No invented confidence score. Uncertainty is conveyed by validation status, sample size, quote age, and calibration reports. Registered evidence gates have not passed; treat probabilities as non-actionable. Polymarket labeled history (0 dates) is below the structural floor (70).",game_started,61d7fea3548163bb,us_taker_theta_0.0695_2026-09-17,2026-10-02T21:50:40Z,False
823980,LAA,SEA,SEA,True,polymarket_us,800778,aec-mlb-sea-laa-2026-09-15,mlb-sea-laa-2026-09-15,https://polymarket.us/event/mlb-sea-laa-2026-09-15,2026-09-16T01:38:00Z,0.4661270983881266,0.5774999999999999,0.58,,0.0169302,0.5969302,-0.13080310161187336,0.43901061786805745,0.01,1449934.0,2026-09-16T03:05:06Z,True,,,,,shadow_export,game_pick_export,polymarket_us_game_winner_v2_frozen_v1,c5361ddb1a247394,insufficient_data,insufficient_evidence,Game started,False,False,1.0,"No invented confidence score. Uncertainty is conveyed by validation status, sample size, quote age, and calibration reports. Registered evidence gates have not passed; treat probabilities as non-actionable. Polymarket labeled history (0 dates) is below the structural floor (70).",game_started,61d7fea3548163bb,us_taker_theta_0.0695_2026-09-17,2026-10-02T21:50:40Z,False
824384,CLE,CWS,CLE,False,polymarket_us,800758,aec-mlb-cws-cle-2026-09-15,mlb-cws-cle-2026-09-15,https://polymarket.us/event/mlb-cws-cle-2026-09-15,2026-09-15T22:40:00Z,0.5389347394057245,0.5775,0.5800000000000001,,0.0169302,0.5969302000000001,-0.05799546059427563,0.5115690414758085,0.01,1484244.0,2026-09-15T17:33:16Z,True,,,,,shadow_export,game_pick_export,polymarket_us_game_winner_v2_frozen_v1,c5361ddb1a247394,insufficient_data,insufficient_evidence,Game started,False,False,1.0,"No invented confidence score. Uncertainty is conveyed by validation status, sample size, quote age, and calibration reports. Registered evidence gates have not passed; treat probabilities as non-actionable. Polymarket labeled history (0 dates) is below the structural floor (70).",game_started,e062e19722c610d1,us_taker_theta_0.0695_2026-09-17,2026-10-02T21:50:40Z,False
824384,CLE,CWS,CWS,True,polymarket_us,800758,aec-mlb-cws-cle-2026-09-15,mlb-cws-cle-2026-09-15,https://polymarket.us/event/mlb-cws-cle-2026-09-15,2026-09-15T22:40:00Z,0.46106526059427555,0.4225,0.425,,0.0169840625,0.4419840625,0.019081198094275553,0.4339930662092116,0.01,1484244.0,2026-09-15T17:33:16Z,True,,,,,shadow_export,game_pick_export,polymarket_us_game_winner_v2_frozen_v1,c5361ddb1a247394,insufficient_data,insufficient_evidence,Game started,False,False,1.0,"No invented confidence score. Uncertainty is conveyed by validation status, sample size, quote age, and calibration reports. Registered evidence gates have not passed; treat probabilities as non-actionable. Polymarket labeled history (0 dates) is below the structural floor (70).",game_started,e062e19722c610d1,us_taker_theta_0.0695_2026-09-17,2026-10-02T21:50:40Z,False
824466,CIN,LAD,CIN,False,polymarket_us,800720,aec-mlb-lad-cin-2026-09-15,mlb-lad-cin-2026-09-15,https://polymarket.us/event/mlb-lad-cin-2026-09-15,2026-09-15T22:40:00Z,0.4346708096377332,0.3174999999999999,0.31999999999999995,,0.0151232,0.33512319999999995,0.09954760963773324,0.4078855224879605,0.01,1484244.0,2026-09-15T17:33:16Z,True,,,,,shadow_export,game_pick_export,polymarket_us_game_winner_v2_frozen_v1,c5361ddb1a247394,insufficient_data,insufficient_evidence,Game started,False,False,1.0,"No invented confidence score. Uncertainty is conveyed by validation status, sample size, quote age, and calibration reports. Registered evidence gates have not passed; treat probabilities as non-actionable. Polymarket labeled history (0 dates) is below the structural floor (70).",game_started,7931e59821967a91,us_taker_theta_0.0695_2026-09-17,2026-10-02T21:50:40Z,False
824466,CIN,LAD,LAD,True,polymarket_us,800720,aec-mlb-lad-cin-2026-09-15,mlb-lad-cin-2026-09-15,https://polymarket.us/event/mlb-lad-cin-2026-09-15,2026-09-15T22:40:00Z,0.5653291903622668,0.6825000000000001,0.685,,0.0149963625,0.6999963625000001,-0.13466717213773327,0.5380548382277872,0.01,1484244.0,2026-09-15T17:33:16Z,True,,,,,shadow_export,game_pick_export,polymarket_us_game_winner_v2_frozen_v1,c5361ddb1a247394,insufficient_data,insufficient_evidence,Game started,False,False,1.0,"No invented confidence score. Uncertainty is conveyed by validation status, sample size, quote age, and calibration reports. Registered evidence gates have not passed; treat probabilities as non-actionable. Polymarket labeled history (0 dates) is below the structural floor (70).",game_started,7931e59821967a91,us_taker_theta_0.0695_2026-09-17,2026-10-02T21:50:40Z,False
823333,PIT,MIL,PIT,False,polymarket_us,800793,aec-mlb-mil-pit-2026-09-15,mlb-mil-pit-2026-09-15,https://polymarket.us/event/mlb-mil-pit-2026-09-15,2026-09-15T22:40:00Z,0.4957963468551432,0.3274999999999999,0.32999999999999996,,0.015366450000000002,0.34536644999999994,0.15042989685514324,0.4684903504880004,0.01,1484244.0,2026-09-15T17:33:16Z,True,,,,,shadow_export,game_pick_export,polymarket_us_game_winner_v2_frozen_v1,c5361ddb1a247394,insufficient_data,insufficient_evidence,Game started,False,False,1.0,"No invented confidence score. Uncertainty is conveyed by validation status, sample size, quote age, and calibration reports. Registered evidence gates have not passed; treat probabilities as non-actionable. Model probability is near 0.5; edge vs market is unlikely after fees. Polymarket labeled history (0 dates) is below the structural floor (70).",game_started,6db38177b78ec77f,us_taker_theta_0.0695_2026-09-17,2026-10-02T21:50:40Z,False
823333,PIT,MIL,MIL,True,polymarket_us,800793,aec-mlb-mil-pit-2026-09-15,mlb-mil-pit-2026-09-15,https://polymarket.us/event/mlb-mil-pit-2026-09-15,2026-09-15T22:40:00Z,0.5042036531448568,0.6725000000000001,0.675,,0.015246562500000001,0.6902465625,-0.18604290935514323,0.47686584877807336,0.01,1484244.0,2026-09-15T17:33:16Z,True,,,,,shadow_export,game_pick_export,polymarket_us_game_winner_v2_frozen_v1,c5361ddb1a247394,insufficient_data,insufficient_evidence,Game started,False,False,1.0,"No invented confidence score. Uncertainty is conveyed by validation status, sample size, quote age, and calibration reports. Registered evidence gates have not passed; treat probabilities as non-actionable. Model probability is near 0.5; edge vs market is unlikely after fees. Polymarket labeled history (0 dates) is below the structural floor (70).",game_started,6db38177b78ec77f,us_taker_theta_0.0695_2026-09-17,2026-10-02T21:50:40Z,False
822925,TB,ATH,TB,False,polymarket_us,800788,aec-mlb-ath-tb-2026-09-15,mlb-ath-tb-2026-09-15,https://polymarket.us/event/mlb-ath-tb-2026-09-15,2026-09-15T22:40:00Z,0.5564638760387459,0.6725,0.675,,0.015246562500000001,0.6902465625,-0.13378268646125413,0.5291479233394756,0.01,1484244.0,2026-09-15T17:33:16Z,True,,,,,shadow_export,game_pick_export,polymarket_us_game_winner_v2_frozen_v1,c5361ddb1a247394,insufficient_data,insufficient_evidence,Game started,False,False,1.0,"No invented confidence score. Uncertainty is conveyed by validation status, sample size, quote age, and calibration reports. Registered evidence gates have not passed; treat probabilities as non-actionable. Polymarket labeled history (0 dates) is below the structural floor (70).",game_started,dda539c23cd3ba55,us_taker_theta_0.0695_2026-09-17,2026-10-02T21:50:40Z,False
822925,TB,ATH,ATH,True,polymarket_us,800788,aec-mlb-ath-tb-2026-09-15,mlb-ath-tb-2026-09-15,https://polymarket.us/event/mlb-ath-tb-2026-09-15,2026-09-15T22:40:00Z,0.4435361239612541,0.3275,0.33,,0.01536645,0.34536645,0.09816967396125409,0.41664402515099314,0.01,1484244.0,2026-09-15T17:33:16Z,True,,,,,shadow_export,game_pick_export,polymarket_us_game_winner_v2_frozen_v1,c5361ddb1a247394,insufficient_data,insufficient_evidence,Game started,False,False,1.0,"No invented confidence score. Uncertainty is conveyed by validation status, sample size, quote age, and calibration reports. Registered evidence gates have not passed; treat probabilities as non-actionable. Polymarket labeled history (0 dates) is below the structural floor (70).",game_started,dda539c23cd3ba55,us_taker_theta_0.0695_2026-09-17,2026-10-02T21:50:40Z,False
822683,WSH,PHI,WSH,False,polymarket_us,800727,aec-mlb-phi-wsh-2026-09-15,mlb-phi-wsh-2026-09-15,https://polymarket.us/event/mlb-phi-wsh-2026-09-15,2026-09-15T22:45:00Z,0.5225393074661302,0.3425,0.345,,0.0157052625,0.36070526249999996,0.16183404496613024,0.49516593155825983,0.01,1484244.0,2026-09-15T17:33:16Z,True,,,,,shadow_export,game_pick_export,polymarket_us_game_winner_v2_frozen_v1,c5361ddb1a247394,insufficient_data,insufficient_evidence,Game started,False,False,1.0,"No invented confidence score. Uncertainty is conveyed by validation status, sample size, quote age, and calibration reports. Registered evidence gates have not passed; treat probabilities as non-actionable. Model probability is near 0.5; edge vs market is unlikely after fees. Polymarket labeled history (0 dates) is below the structural floor (70).",game_started,d43b3ada05b46089,us_taker_theta_0.0695_2026-09-17,2026-10-02T21:50:40Z,False
822683,WSH,PHI,PHI,True,polymarket_us,800727,aec-mlb-phi-wsh-2026-09-15,mlb-phi-wsh-2026-09-15,https://polymarket.us/event/mlb-phi-wsh-2026-09-15,2026-09-15T22:45:00Z,0.4774606925338698,0.6575,0.66,,0.015595800000000002,0.6755958000000001,-0.19813510746613028,0.4502576564365197,0.01,1484244.0,2026-09-15T17:33:16Z,True,,,,,shadow_export,game_pick_export,polymarket_us_game_winner_v2_frozen_v1,c5361ddb1a247394,insufficient_data,insufficient_evidence,Game started,False,False,1.0,"No invented confidence score. Uncertainty is conveyed by validation status, sample size, quote age, and calibration reports. Registered evidence gates have not passed; treat probabilities as non-actionable. Model probability is near 0.5; edge vs market is unlikely after fees. Polymarket labeled history (0 dates) is below the structural floor (70).",game_started,d43b3ada05b46089,us_taker_theta_0.0695_2026-09-17,2026-10-02T21:50:40Z,False
822762,TOR,DET,TOR,False,polymarket_us,800711,aec-mlb-det-tor-2026-09-15,mlb-det-tor-2026-09-15,https://polymarket.us/event/mlb-det-tor-2026-09-15,2026-09-15T23:07:00Z,0.5449288532228528,0.5625,0.565,,0.017081362500000002,0.5820813625,-0.037152509277147194,0.5175753212119939,0.01,1484243.0,2026-09-15T17:33:17Z,True,,,,,shadow_export,game_pick_export,polymarket_us_game_winner_v2_frozen_v1,c5361ddb1a247394,insufficient_data,insufficient_evidence,Game started,False,False,1.0,"No invented confidence score. Uncertainty is conveyed by validation status, sample size, quote age, and calibration reports. Registered evidence gates have not passed; treat probabilities as non-actionable. Polymarket labeled history (0 dates) is below the structural floor (70).",game_started,b128ba2d2a9bfeef,us_taker_theta_0.0695_2026-09-17,2026-10-02T21:50:40Z,False
822762,TOR,DET,DET,True,polymarket_us,800711,aec-mlb-det-tor-2026-09-15,mlb-det-tor-2026-09-15,https://polymarket.us/event/mlb-det-tor-2026-09-15,2026-09-15T23:07:00Z,0.4550711467771472,0.4375,0.44,,0.017124800000000003,0.4571248,-0.0020536532228527804,0.4280558757902237,0.01,1484243.0,2026-09-15T17:33:17Z,True,,,,,shadow_export,game_pick_export,polymarket_us_game_winner_v2_frozen_v1,c5361ddb1a247394,insufficient_data,insufficient_evidence,Game started,False,False,1.0,"No invented confidence score. Uncertainty is conveyed by validation status, sample size, quote age, and calibration reports. Registered evidence gates have not passed; treat probabilities as non-actionable. Polymarket labeled history (0 dates) is below the structural floor (70).",game_started,b128ba2d2a9bfeef,us_taker_theta_0.0695_2026-09-17,2026-10-02T21:50:40Z,False
823574,NYM,BAL,NYM,False,polymarket_us,800773,aec-mlb-bal-nym-2026-09-15,mlb-bal-nym-2026-09-15,https://polymarket.us/event/mlb-bal-nym-2026-09-15,2026-09-15T23:10:00Z,0.5233244946476582,0.5475,0.55,,0.01720125,0.5672012500000001,-0.04387675535234192,0.4959506342653742,0.01,1484243.0,2026-09-15T17:33:17Z,True,,,,,shadow_export,game_pick_export,polymarket_us_game_winner_v2_frozen_v1,c5361ddb1a247394,insufficient_data,insufficient_evidence,Game started,False,False,1.0,"No invented confidence score. Uncertainty is conveyed by validation status, sample size, quote age, and calibration reports. Registered evidence gates have not passed; treat probabilities as non-actionable. Model probability is near 0.5; edge vs market is unlikely after fees. Polymarket labeled history (0 dates) is below the structural floor (70).",game_started,56ed7e528a1cf3a0,us_taker_theta_0.0695_2026-09-17,2026-10-02T21:50:40Z,False
823574,NYM,BAL,BAL,True,polymarket_us,800773,aec-mlb-bal-nym-2026-09-15,mlb-bal-nym-2026-09-15,https://polymarket.us/event/mlb-bal-nym-2026-09-15,2026-09-15T23:10:00Z,0.4766755053523418,0.4525,0.455,,0.0172342625,0.4722342625,0.00444124285234182,0.4494779028730574,0.01,1484243.0,2026-09-15T17:33:17Z,True,,,,,shadow_export,game_pick_export,polymarket_us_game_winner_v2_frozen_v1,c5361ddb1a247394,insufficient_data,insufficient_evidence,Game started,False,False,1.0,"No invented confidence score. Uncertainty is conveyed by validation status, sample size, quote age, and calibration reports. Registered evidence gates have not passed; treat probabilities as non-actionable. Model probability is near 0.5; edge vs market is unlikely after fees. Polymarket labeled history (0 dates) is below the structural floor (70).",game_started,56ed7e528a1cf3a0,us_taker_theta_0.0695_2026-09-17,2026-10-02T21:50:40Z,False
824627,CHC,ATL,CHC,False,polymarket_us,800768,aec-mlb-atl-chc-2026-09-15,mlb-atl-chc-2026-09-15,https://polymarket.us/event/mlb-atl-chc-2026-09-15,2026-09-15T23:40:00Z,0.5448890502194614,0.5675,0.5700000000000001,,0.017034450000000003,0.5870344500000001,-0.04214539978053866,0.5175354208438578,0.01,1484243.0,2026-09-15T17:33:17Z,True,,,,,shadow_export,game_pick_export,polymarket_us_game_winner_v2_frozen_v1,c5361ddb1a247394,insufficient_data,insufficient_evidence,Game started,False,False,1.0,"No invented confidence score. Uncertainty is conveyed by validation status, sample size, quote age, and calibration reports. Registered evidence gates have not passed; treat probabilities as non-actionable. Polymarket labeled history (0 dates) is below the structural floor (70).",game_started,5d891aaf54dc1021,us_taker_theta_0.0695_2026-09-17,2026-10-02T21:50:40Z,False
824627,CHC,ATL,ATL,True,polymarket_us,800768,aec-mlb-atl-chc-2026-09-15,mlb-atl-chc-2026-09-15,https://polymarket.us/event/mlb-atl-chc-2026-09-15,2026-09-15T23:40:00Z,0.45511094978053857,0.4325,0.435,,0.0170813625,0.4520813625,0.0030295872805385926,0.42809528480224057,0.01,1484243.0,2026-09-15T17:33:17Z,True,,,,,shadow_export,game_pick_export,polymarket_us_game_winner_v2_frozen_v1,c5361ddb1a247394,insufficient_data,insufficient_evidence,Game started,False,False,1.0,"No invented confidence score. Uncertainty is conveyed by validation status, sample size, quote age, and calibration reports. Registered evidence gates have not passed; treat probabilities as non-actionable. Polymarket labeled history (0 dates) is below the structural floor (70).",game_started,5d891aaf54dc1021,us_taker_theta_0.0695_2026-09-17,2026-10-02T21:50:40Z,False
823654,MIN,NYY,MIN,False,polymarket_us,800783,aec-mlb-nyy-min-2026-09-15,mlb-nyy-min-2026-09-15,https://polymarket.us/event/mlb-nyy-min-2026-09-15,2026-09-15T23:40:00Z,0.4597845743692852,0.37749999999999995,0.38,,0.016374200000000002,0.3963742,0.0634103743692852,0.432724134296661,0.01,1484243.0,2026-09-15T17:33:17Z,True,,,,,shadow_export,game_pick_export,polymarket_us_game_winner_v2_frozen_v1,c5361ddb1a247394,insufficient_data,insufficient_evidence,Game started,False,False,1.0,"No invented confidence score. Uncertainty is conveyed by validation status, sample size, quote age, and calibration reports. Registered evidence gates have not passed; treat probabilities as non-actionable. Polymarket labeled history (0 dates) is below the structural floor (70).",game_started,ab7e9541cc409bf8,us_taker_theta_0.0695_2026-09-17,2026-10-02T21:50:40Z,False
823654,MIN,NYY,NYY,True,polymarket_us,800783,aec-mlb-nyy-min-2026-09-15,mlb-nyy-min-2026-09-15,https://polymarket.us/event/mlb-nyy-min-2026-09-15,2026-09-15T23:40:00Z,0.5402154256307148,0.6225,0.625,,0.0162890625,0.6412890625,-0.10107363686928517,0.5128519050484163,0.01,1484243.0,2026-09-15T17:33:17Z,True,,,,,shadow_export,game_pick_export,polymarket_us_game_winner_v2_frozen_v1,c5361ddb1a247394,insufficient_data,insufficient_evidence,Game started,False,False,1.0,"No invented confidence score. Uncertainty is conveyed by validation status, sample size, quote age, and calibration reports. Registered evidence gates have not passed; treat probabilities as non-actionable. Polymarket labeled history (0 dates) is below the structural floor (70).",game_started,ab7e9541cc409bf8,us_taker_theta_0.0695_2026-09-17,2026-10-02T21:50:40Z,False
823007,STL,SF,STL,False,polymarket_us,800737,aec-mlb-sf-stl-2026-09-15,mlb-sf-stl-2026-09-15,https://polymarket.us/event/mlb-sf-stl-2026-09-15,2026-09-15T23:45:00Z,0.5334206180313944,0.5974999999999999,0.6,,0.01668,0.61668,-0.0832593819686056,0.5060481603593331,0.01,1484243.0,2026-09-15T17:33:17Z,True,,,,,shadow_export,game_pick_export,polymarket_us_game_winner_v2_frozen_v1,c5361ddb1a247394,insufficient_data,insufficient_evidence,Game started,False,False,1.0,"No invented confidence score. Uncertainty is conveyed by validation status, sample size, quote age, and calibration reports. Registered evidence gates have not passed; treat probabilities as non-actionable. Polymarket labeled history (0 dates) is below the structural floor (70).",game_started,66dacac0a555dd44,us_taker_theta_0.0695_2026-09-17,2026-10-02T21:50:40Z,False
823007,STL,SF,SF,True,polymarket_us,800737,aec-mlb-sf-stl-2026-09-15,mlb-sf-stl-2026-09-15,https://polymarket.us/event/mlb-sf-stl-2026-09-15,2026-09-15T23:45:00Z,0.4665793819686056,0.4025000000000001,0.405,,0.016747762500000003,0.4217477625,0.04483161946860559,0.4394591132975135,0.01,1484243.0,2026-09-15T17:33:17Z,True,,,,,shadow_export,game_pick_export,polymarket_us_game_winner_v2_frozen_v1,c5361ddb1a247394,insufficient_data,insufficient_evidence,Game started,False,False,1.0,"No invented confidence score. Uncertainty is conveyed by validation status, sample size, quote age, and calibration reports. Registered evidence gates have not passed; treat probabilities as non-actionable. Polymarket labeled history (0 dates) is below the structural floor (70).",game_started,66dacac0a555dd44,us_taker_theta_0.0695_2026-09-17,2026-10-02T21:50:40Z,False
824143,HOU,KC,HOU,False,polymarket_us,800743,aec-mlb-kc-hou-2026-09-15,mlb-kc-hou-2026-09-15,https://polymarket.us/event/mlb-kc-hou-2026-09-15,2026-09-16T00:10:00Z,0.5178371114157558,0.6025,0.605,,0.016608762500000002,0.6216087625,-0.10377165108424413,0.4904684255550962,0.01,1484243.0,2026-09-15T17:33:17Z,True,,,,,shadow_export,game_pick_export,polymarket_us_game_winner_v2_frozen_v1,c5361ddb1a247394,insufficient_data,insufficient_evidence,Game started,False,False,1.0,"No invented confidence score. Uncertainty is conveyed by validation status, sample size, quote age, and calibration reports. Registered evidence gates have not passed; treat probabilities as non-actionable. Model probability is near 0.5; edge vs market is unlikely after fees. Polymarket labeled history (0 dates) is below the structural floor (70).",game_started,50b5db971241272c,us_taker_theta_0.0695_2026-09-17,2026-10-02T21:50:40Z,False
824143,HOU,KC,KC,True,polymarket_us,800743,aec-mlb-kc-hou-2026-09-15,mlb-kc-hou-2026-09-15,https://polymarket.us/event/mlb-kc-hou-2026-09-15,2026-09-16T00:10:00Z,0.48216288858424416,0.39749999999999996,0.4,,0.016680000000000004,0.41668000000000005,0.06548288858424411,0.45492907010141653,0.01,1484243.0,2026-09-15T17:33:17Z,True,,,,,shadow_export,game_pick_export,polymarket_us_game_winner_v2_frozen_v1,c5361ddb1a247394,insufficient_data,insufficient_evidence,Game started,False,False,1.0,"No invented confidence score. Uncertainty is conveyed by validation status, sample size, quote age, and calibration reports. Registered evidence gates have not passed; treat probabilities as non-actionable. Model probability is near 0.5; edge vs market is unlikely after fees. Polymarket labeled history (0 dates) is below the structural floor (70).",game_started,50b5db971241272c,us_taker_theta_0.0695_2026-09-17,2026-10-02T21:50:40Z,False
824308,COL,SD,COL,False,polymarket_us,786027,aec-mlb-sd-col-2026-09-14,mlb-sd-col-2026-09-14,https://polymarket.us/event/mlb-sd-col-2026-09-14,2026-09-15T00:40:00Z,0.47218988999165656,0.13250000000000006,0.135,,0.008115862500000001,0.14311586250000002,0.32907402749165654,0.4450249368933245,0.01,1536876.0,2026-09-15T02:56:04Z,True,,,,,shadow_export,game_pick_export,polymarket_us_game_winner_v2_frozen_v1,c5361ddb1a247394,insufficient_data,insufficient_evidence,Game started,False,False,1.0,"No invented confidence score. Uncertainty is conveyed by validation status, sample size, quote age, and calibration reports. Registered evidence gates have not passed; treat probabilities as non-actionable. Model probability is near 0.5; edge vs market is unlikely after fees. Polymarket labeled history (0 dates) is below the structural floor (70).",game_started,a51a44743bfdae3d,us_taker_theta_0.0695_2026-09-17,2026-10-02T21:50:40Z,False
824308,COL,SD,SD,True,polymarket_us,786027,aec-mlb-sd-col-2026-09-14,mlb-sd-col-2026-09-14,https://polymarket.us/event/mlb-sd-col-2026-09-14,2026-09-15T00:40:00Z,0.5278101100083434,0.8674999999999999,0.87,,0.007860450000000001,0.87786045,-0.3500503399916566,0.5004351231679286,0.01,1536876.0,2026-09-15T02:56:04Z,True,,,,,shadow_export,game_pick_export,polymarket_us_game_winner_v2_frozen_v1,c5361ddb1a247394,insufficient_data,insufficient_evidence,Game started,False,False,1.0,"No invented confidence score. Uncertainty is conveyed by validation status, sample size, quote age, and calibration reports. Registered evidence gates have not passed; treat probabilities as non-actionable. Model probability is near 0.5; edge vs market is unlikely after fees. Polymarket labeled history (0 dates) is below the structural floor (70).",game_started,a51a44743bfdae3d,us_taker_theta_0.0695_2026-09-17,2026-10-02T21:50:40Z,False
823981,LAA,SEA,LAA,False,polymarket_us,786011,aec-mlb-sea-laa-2026-09-14,mlb-sea-laa-2026-09-14,https://polymarket.us/event/mlb-sea-laa-2026-09-14,2026-09-15T01:38:00Z,0.5483524503442693,0.7050000000000001,0.71,,0.014310050000000001,0.7243100499999999,-0.17595759965573066,0.5210081235625338,0.01,1536876.0,2026-09-15T02:56:04Z,True,,,,,shadow_export,game_pick_export,polymarket_us_game_winner_v2_frozen_v1,c5361ddb1a247394,insufficient_data,insufficient_evidence,Game started,False,False,1.0,"No invented confidence score. Uncertainty is conveyed by validation status, sample size, quote age, and calibration reports. Registered evidence gates have not passed; treat probabilities as non-actionable. Polymarket labeled history (0 dates) is below the structural floor (70).",game_started,92ce1ddbd4ee31e3,us_taker_theta_0.0695_2026-09-17,2026-10-02T21:50:40Z,False
823981,LAA,SEA,SEA,True,polymarket_us,786011,aec-mlb-sea-laa-2026-09-14,mlb-sea-laa-2026-09-14,https://polymarket.us/event/mlb-sea-laa-2026-09-14,2026-09-15T01:38:00Z,0.45164754965573073,0.29499999999999993,0.3,,0.014594999999999999,0.314595,0.13705254965573072,0.4246669667368237,0.01,1536876.0,2026-09-15T02:56:04Z,True,,,,,shadow_export,game_pick_export,polymarket_us_game_winner_v2_frozen_v1,c5361ddb1a247394,insufficient_data,insufficient_evidence,Game started,False,False,1.0,"No invented confidence score. Uncertainty is conveyed by validation status, sample size, quote age, and calibration reports. Registered evidence gates have not passed; treat probabilities as non-actionable. Polymarket labeled history (0 dates) is below the structural floor (70).",game_started,92ce1ddbd4ee31e3,us_taker_theta_0.0695_2026-09-17,2026-10-02T21:50:40Z,False
825034,AZ,MIA,AZ,False,polymarket_us,786002,aec-mlb-mia-az-2026-09-14,mlb-mia-az-2026-09-14,https://polymarket.us/event/mlb-mia-az-2026-09-14,2026-09-15T01:40:00Z,0.5371000067740547,0.3374999999999999,0.33999999999999997,,0.0155958,0.35559579999999996,0.1815042067740547,0.5097315886904331,0.01,1536876.0,2026-09-15T02:56:04Z,True,,,,,shadow_export,game_pick_export,polymarket_us_game_winner_v2_frozen_v1,c5361ddb1a247394,insufficient_data,insufficient_evidence,Game started,False,False,1.0,"No invented confidence score. Uncertainty is conveyed by validation status, sample size, quote age, and calibration reports. Registered evidence gates have not passed; treat probabilities as non-actionable. Polymarket labeled history (0 dates) is below the structural floor (70).",game_started,f60011be3736d2e1,us_taker_theta_0.0695_2026-09-17,2026-10-02T21:50:40Z,False
825034,AZ,MIA,MIA,True,polymarket_us,786002,aec-mlb-mia-az-2026-09-14,mlb-mia-az-2026-09-14,https://polymarket.us/event/mlb-mia-az-2026-09-14,2026-09-15T01:40:00Z,0.4628999932259453,0.6625000000000001,0.665,,0.015482862500000001,0.6804828625,-0.21758286927405468,0.4358113459667537,0.01,1536876.0,2026-09-15T02:56:04Z,True,,,,,shadow_export,game_pick_export,polymarket_us_game_winner_v2_frozen_v1,c5361ddb1a247394,insufficient_data,insufficient_evidence,Game started,False,False,1.0,"No invented confidence score. Uncertainty is conveyed by validation status, sample size, quote age, and calibration reports. Registered evidence gates have not passed; treat probabilities as non-actionable. Polymarket labeled history (0 dates) is below the structural floor (70).",game_started,f60011be3736d2e1,us_taker_theta_0.0695_2026-09-17,2026-10-02T21:50:40Z,False
