key_mlbam,name_first,name_last,team,PA_L,PA_R,WAVE,WAVE_L,WAVE_R,probability_L,probability_R,probability,WAVE_CI_Low,WAVE_CI_High,probability_CI_Low,probability_CI_High,Game_Hit_Probability,Game_Hit_Probability_CI_Low,Game_Hit_Probability_CI_High,Consistency,Approach,Expected_Bases,Expected_BB,Expected_HBP,Expected_RBI,Exit_Velo,Barrel_Rate,xBA,xwOBA,Fastball_WAVE,Breaking_WAVE,Offspeed_WAVE,WAVE_Home,WAVE_Away,Whiff_Rate,Chase_Rate,Last_Game_Date,avg_batting_order,start_rate
672515,Gabriel,Moreno,AZ,143.0,396,0.26426145617346336,0.23684182180597577,0.2741629908061672,0.6117146820646038,0.67421065293313,0.6583886595436059,0.23683618487591845,0.31183498601759657,0.6117046439741045,0.7296514383946637,0.6866125708885614,0.6405947067150303,0.7927538275213003,0.0282239113449555,0.4520579301731091,1.468286744648046,0.47718470171381133,0.015368706635829926,0.6324365845341874,83.96591564902643,0.04154769191991935,0.3510354632835058,0.36471481448855647,0.3852747766524227,0.26093295106453,0.16169533169533168,0.2033798750369632,0.32809341979593154,0.15744402527238252,0.26096868460784134,2026-09-26,3.0,0.9
672640,Otto,Lopez,MIA,166.0,509,0.23700321155053106,0.25283929916379366,0.23183859358628428,0.6394636374737934,0.602731900097607,0.6120020018797456,0.2502845140139785,0.3180977699599418,0.6351303956371888,0.7381651878260105,0.6640742549152383,0.6853212415480823,0.818280258922631,0.05207225303549268,0.4064147734049264,1.287489784723239,0.2205870656240343,0.09287955761316874,0.21511905215602076,88.61364624614603,0.047965029290918094,0.2836420216376187,0.28990004768326166,0.26569374518232514,0.24901656314699794,0.3039276190215257,0.3207057823129252,0.21673247999893858,0.14523357438812787,0.30301146051868055,2026-09-26,2.789473684210526,0.95
694192,Jackson,Chourio,MIL,169.0,401,0.2527979945531238,0.2829534786974268,0.2400890748015348,0.6878123876534661,0.6174665570157811,0.6393938734309768,0.23368125183299876,0.30626136482187244,0.606057281257595,0.7219098633343096,0.66194347163483,0.6601308077044309,0.8101309791005885,0.02254959820385327,0.42324260032094185,1.7356835379706863,0.286234468861977,0.0021491228070175438,0.8105068493084595,92.37936442811252,0.09874085546917179,0.4291185012755102,0.48815859488041247,0.23895309913331386,0.5331631272612868,0.43493063014679556,0.4065472986786208,0.24745136310009264,0.21346959126992773,0.2888967139746704,2026-10-03,1.6111111111111112,0.9
686527,Dominic,Canzone,SEA,143.0,385,0.23932454760137684,0.23217600606583605,0.2419797201717206,0.6033423105040194,0.620787288613319,0.6161178618409853,0.20424893930289034,0.27679941557338666,0.5505097335779667,0.678333606737791,0.6613659361691278,0.5355396075942364,0.6913668858928944,0.045248074328142485,0.4074793664869845,1.554263433812941,0.4530916000515185,0.005800189393939393,0.4487613531452696,91.72253296619128,0.0966090661854153,0.3916228357695337,0.44503194444710725,0.2677538625329069,0.2936075478810853,0.18383289124668434,0.24765842592067722,0.19276755852842808,0.1970248317368798,0.3298838878189607,2026-09-27,2.8,1.0
668227,Randy,Arozarena,SEA,193.0,472,0.2386898576846151,0.246638694692219,0.23543959170481094,0.6288823712374516,0.6092119118634023,0.6149956339553735,0.21108936578306378,0.27608357262183125,0.5638887039724655,0.6772178487693785,0.6593699261161426,0.604596215924593,0.7501901654127416,0.04437429216076916,0.40550962572290494,1.774305263157895,0.32067957393483715,0.20895639097744362,0.5770289473684211,90.46217383879782,0.1160128805620609,0.3820906445160031,0.420606450039032,0.17013383902918786,0.39537953325744024,0.16587804878048779,0.24503177845312793,0.2019123313129017,0.24137569049511812,0.31674444552502323,2026-09-27,1.8,1.0
691594,Javier,Sanoja,MIA,152.0,334,0.2616455377378295,0.26472556468676467,0.26024384882693685,0.6591422820826999,0.6518150078664442,0.6541186354778579,0.24176988778446876,0.32135406559585467,0.6204197585263014,0.7425153278764919,0.655668915925607,0.5412537518929232,0.7018787231736812,0.001550280447749186,0.4288852566105044,1.838778058361392,0.08992283950617283,0.0,0.5249894001745853,89.44519335372885,0.06351381474040942,0.33845403548986436,0.34899983312682187,0.3963280978449774,0.2886497476024714,0.24073128019323672,0.3095457101759623,0.3301598249656399,0.08761702093498708,0.4267252679694191,2026-09-27,5.3,1.0
693304,Nick,Gonzales,PIT,194.0,413,0.23829066549229033,0.24373631103872107,0.23573266249953592,0.6238540667075266,0.609735948917851,0.6142886024678595,0.241095149320104,0.31198037288321756,0.6192362016863948,0.7298512910847803,0.6537024248438164,0.6081611102463781,0.7564601313539084,0.03941382237595681,0.4015619489871589,1.054703185063152,0.18419879187259747,0.08401217279882849,0.1265535420098847,80.89547118648571,0.03700796739207425,0.3358364942830957,0.3477760914449806,0.25439076322228493,0.2828547315400279,0.2614269561284487,0.23509440942024878,0.31526314715008985,0.17114086592202696,0.28920655784267857,2026-09-27,5.066666666666666,0.75
606466,Ketel,Marte,AZ,149.0,465,0.2171482211196799,0.247663993644474,0.2073700488482943,0.6306471403015715,0.556650036994106,0.5754993108103295,0.19657872683663954,0.26282951579323666,0.5351619783934376,0.6560559640074698,0.6519238328337258,0.6073380379088827,0.7585792928852729,0.07642452202339634,0.3751817164966376,1.149612486259719,0.2477141403878541,0.0059853420195439735,0.2742394943576608,85.67629330929847,0.06914633893209185,0.33494679001720756,0.36487689763630377,0.22039660524403937,0.29918264030765535,0.1352874692874693,0.15728776346604217,0.21307241161009305,0.15000307423835788,0.2942933998355078,2026-09-27,2.1,1.0
521692,Salvador,Pérez,KC,170.0,445,0.2322571099257565,0.2288184646085869,0.23357074970984373,0.5972382872237282,0.6058584243995263,0.603488934963333,0.1855372953114376,0.2505056603995811,0.5124162674391306,0.6355069511034539,0.65053567497043,0.5659441588485762,0.7163940606019034,0.047046740007096965,0.39259108164355777,1.490033998075488,0.12879006127017792,0.024554539295392953,0.5610241153136168,91.9195016914575,0.19429643115380646,0.36821713937093276,0.4429681067296767,0.29666932848881705,0.17914982269503546,0.2742958768873403,0.2699693517836473,0.13660687839394436,0.20560478675613159,0.40954974567086466,2026-09-27,4.5,0.9
571448,Nolan,Arenado,AZ,155.0,438,0.2472038480604224,0.24203698704058962,0.24903230344415314,0.620887549728652,0.6329929594954331,0.6298558698898691,0.1973113394519692,0.26485739018978927,0.5366438332743013,0.6593561244805757,0.6500164902043218,0.5659441588485762,0.7163940606019034,0.02016062031445276,0.4094167018804027,2.0633286783305227,0.42514887225969644,0.17824884064080945,0.7819772344013491,82.23996885318073,0.09131172499816567,0.3371650657605107,0.3810428133483748,0.26416608309990663,0.46382912369749707,0.1538074712643678,0.19777576522609464,0.2813199854116923,0.23229126666489333,0.312233206305617,2026-09-27,5.5,1.0
665161,Jeremy,Peña,HOU,116.0,372,0.25339910440840013,0.22534571359312405,0.2621469359529486,0.5908545281286066,0.654940016015457,0.640408205587546,0.2232965514788262,0.30094038340447904,0.587053949384471,0.7143726763154421,0.6500112014654542,0.6529082362210106,0.8132461143002845,0.00960299587790825,0.41627250714229636,2.2043191698535085,0.04045688062803047,0.059935277649503585,0.5401614949684684,89.61922428832295,0.17110534124629082,0.4124690791404441,0.5327771615254182,0.3195330310280864,0.2183557696783503,0.3274658236500342,0.3064400329947911,0.2775511408633107,0.3108985657756082,0.4508876333915267,2026-09-30,1.0526315789473684,0.95
676475,Alec,Burleson,STL,203.0,459,0.23800903368796855,0.21533876869940988,0.24803531646068622,0.5720552685651534,0.631284788803973,0.6137892310915023,0.2235501958367193,0.289847482082206,0.587525745156873,0.698192026494719,0.6499503263831226,0.6293297302082338,0.7698315182277186,0.03616109529162026,0.39893251107836775,2.349312216767372,0.12733761329305138,0.0055513595166163145,0.7585701472809668,94.41120415320326,0.2595245215311005,0.4282198886938421,0.6615853385400484,0.29734006734006735,0.20993821999256784,0.18047880690737833,0.16342844555019956,0.25913181423602355,0.21638847204065859,0.40815370443198595,2026-09-26,3.0588235294117645,0.85
670541,Yordan,Álvarez,HOU,180.0,481,0.24782194173108255,0.208902953475355,0.2623862200804193,0.5596437436646837,0.6553315149553023,0.6309184704531214,0.23976732531875228,0.30749315910723646,0.6168993749850502,0.7236342386968013,0.6484361166239369,0.6184822211553903,0.7599323782156514,0.017517646170815415,0.4091103228869361,1.729226455171992,0.28970663518696804,0.08706295175659776,0.5900840859426336,95.7176006214608,0.11000755830693926,0.37258823789471157,0.4411232213984067,0.3116086673433418,0.16369474153297683,0.22999377076411964,0.2345448730199176,0.252065182004101,0.19458302153328602,0.3202352218628167,2026-09-30,2.0,0.9
701807,Carson,Benge,NYM,190.0,462,0.25735565417299533,0.2418268534303637,0.26374195750870966,0.6205195613558124,0.657543683236285,0.6470338352320624,0.22558628872175807,0.29258994769943797,0.5912990774925475,0.7022516976522626,0.6484010551925996,0.613669610694352,0.7577699393956614,0.001367219960537236,0.41953742150978385,2.125375581489213,0.22862565388203887,0.03926261160462863,0.417080944682964,87.86668139197153,0.06098110523996773,0.40830775668772057,0.4316150730618845,0.3566273092189692,0.19173831654495807,0.47870191533880574,0.17785234860978255,0.3159937018772649,0.21217731085999458,0.2834265272973452,2026-09-27,4.25,1.0
665487,Fernando,Tatís,SD,162.0,542,0.2542694496297081,0.24400673301876727,0.25733690367209267,0.6243246093957572,0.6470026429735161,0.6418732403259907,0.23026465828594656,0.29505277570584587,0.5998756373089953,0.7058640440860493,0.6479007982674907,0.6401483365267528,0.778435680465323,0.006027557941500006,0.41587018479375026,1.8720091565338994,0.4183308203388313,0.044099607998590556,0.5190174272286343,91.33488395422825,0.18608557091854505,0.390046551685264,0.4990454119240434,0.3466133480861436,0.2047941730550426,0.2610805860805861,0.26833801607514196,0.3238865881550853,0.23247497807122525,0.27901939711074053,2026-10-03,1.0,0.95
664983,Jake,McCarthy,COL,180.0,404,0.23474571154816304,0.24625971273686248,0.22961571101854447,0.6282285365962701,0.5986937157550027,0.6079691879628288,0.237734690649532,0.3097623495666525,0.6133023398214872,0.7267908388813893,0.6443579249383371,0.6490483258578806,0.7936059525865368,0.03638873697550826,0.39174976438217424,0.9906832711785015,0.13786010062877288,0.027956396715793645,0.27065379631267444,81.74860630616374,0.03316539382858691,0.30720401566735045,0.317696892527786,0.2600857627421847,0.13435174069627853,0.3379518072289157,0.287249966900927,0.18758806247066429,0.19632867688585703,0.3814448045071377,2026-09-27,1.0,1.0
805808,Kevin,McGonigle,DET,205.0,497,0.24301467964337015,0.21646960631332185,0.25396385475938604,0.5742099906712724,0.6413593252072503,0.6225963450714549,0.2092267955720653,0.2722431642521911,0.5602743430105721,0.6711846927344935,0.6418891388231436,0.6562367115839256,0.794209627752652,0.019292793751688686,0.3996378317723529,1.7984464855703282,0.2902305417062362,0.0026175213675213678,0.5964752657750343,85.4928482995856,0.11639548393614872,0.30766542823643267,0.3818460401755804,0.2715288583172261,0.29305613741097614,0.3907378335949765,0.28469727286201274,0.16599842767295597,0.1573213336346065,0.2276381385560085,2026-09-27,1.4736842105263157,0.95
815589,Bo,Davidson,SF,12.0,9,0.24256535017404035,0.2701253729846693,0.20581865309320174,0.6678234791030999,0.55360544484336,0.6218116990055224,0.1719475260508347,0.5462654802574476,0.4833427754382491,0.9370774413124751,0.6412349700725674,0.6096657120978346,1.0,0.019423271067045,0.3987274062025784,1.1741666666666666,0.12916666666666668,0.0,0.0,84.8194230769231,0.0,0.38850576923076924,0.3730096153846154,0.5018181818181818,0.26160714285714287,0.0,0.35,0.0,0.2696428571428572,0.45729166666666665,2026-09-27,3.6666666666666665,0.3
661388,William,Contreras,MIL,180.0,449,0.22463224693918699,0.21914148222851337,0.22683344437331004,0.5792702404500893,0.593598119195423,0.5895341100072247,0.21284523683301002,0.27991871608785823,0.5672765338670633,0.683163409873898,0.6392839439905385,0.5757819862019191,0.7271655773770127,0.049749833983313785,0.37687969096237056,1.6079726273588164,0.35825870947674016,0.003895071542130365,0.6515356284993434,90.48429209335556,0.11416007779630069,0.3668866927046122,0.4263909456219735,0.21972368873849119,0.2378415300546448,0.15961279996090122,0.2503424807422969,0.18205751198704173,0.16846195756200372,0.26891285804076503,2026-10-03,3.5,0.8
672386,Alejandro,Kirk,TOR,92.0,213,0.23488426283998637,0.24820689384579725,0.22912988700649056,0.6315791617055616,0.5978072583273585,0.608217555461747,0.20699032671478823,0.30408567785859086,0.555906212957642,0.7188453887773514,0.6390417297293284,0.596242057603573,0.7947578153350141,0.030824174267581328,0.38867639869401854,0.9835768873872804,0.2584905660377358,0.0,0.37957848152466156,78.42241894646497,0.017712691771269176,0.2604122089904517,0.25717873806458535,0.22723739495798317,0.2618757631257631,0.21887315270935961,0.20113026819923369,0.262205426988266,0.1082934614654167,0.2997339530758423,2026-09-26,3.642857142857143,0.7
686469,Vinnie,Pasquantino,KC,132.0,341,0.23205561807688663,0.23589599477750178,0.23056902064439044,0.6100277838616883,0.6004291121525753,0.6031245944182245,0.18685898929294653,0.26159500912732203,0.5151799988085826,0.6540357831318647,0.6390027372904395,0.5669372233352975,0.7385579764040159,0.035878142872215024,0.38539826676043165,2.65580980175874,0.16446184928149032,0.14416904510218465,1.0619956529399148,91.07382987965082,0.24012776506483602,0.4252006886176795,0.5968279784303755,0.308953373015873,0.12199274751222804,0.2231544384057971,0.2408812897628687,0.18557879262104615,0.12351641916984489,0.34085202755259214,2026-09-27,3.9411764705882355,0.85
703520,Brett,Bateman,TOR,62.0,116,0.25583798504016175,0.2367811634606145,0.2660235276085404,0.6116066536111315,0.6612436179459781,0.644502751774972,0.23028534238848913,0.36276675651175033,0.5999132681311465,0.7934408276828645,0.6385671578960846,0.6065666377742431,0.8617499726190967,-0.005935593878887313,0.4115582904571496,1.5790052843428475,0.4264043867579319,0.029846958543200318,0.08002808988764046,85.17058209123758,0.012409665763324302,0.42689589543812095,0.408342146567299,0.2608152325257589,0.6156432748538012,0.21200000000000002,0.3759497869962986,0.17021276595744683,0.087554721052304,0.24608950031625554,2026-09-27,1.0588235294117647,0.85
682829,Elly,De La Cruz,CIN,185.0,447,0.23755530703551936,0.2385253245754687,0.2371538456375537,0.614704332463748,0.6122700365050948,0.61298374115645,0.21781959602609685,0.28520117178276777,0.5767721290543768,0.6912240890784891,0.6369890428854306,0.627032516187624,0.7747613673234626,0.02400530172898052,0.39046392658357765,1.453074871780882,0.5177315029523741,0.001938291139240506,0.4309778943268345,95.17507254464284,0.1641206287202381,0.44218273402622765,0.5269839006696428,0.2485806648040691,0.12368035190615836,0.37288529437971973,0.18869603594928583,0.22297620857403466,0.2773224132665342,0.22435061769298603,2026-09-27,2.0,1.0
691182,Adael,Amador,COL,36.0,57,0.22500605552575237,0.23060536423071182,0.22146965002788327,0.6004951654272421,0.5836443938782028,0.5902262993684644,0.1708221915355363,0.34384848182738365,0.4808810933194193,0.7711691978129432,0.6367688088408999,0.5532142868544692,0.8682962543809281,0.046542509472435545,0.37583769759542945,1.1499126344086021,0.32677195340501797,0.019993279569892473,0.6836021505376344,82.26710959450396,0.040188427864484205,0.2674772200772201,0.27002374200155893,0.25011363636363637,0.1448512585812357,0.22564102564102564,0.27214746285393887,0.20769201228878648,0.17535527896085862,0.25371795379015666,2026-09-27,5.666666666666667,0.75
664040,Brandon,Lowe,PIT,207.0,440,0.23458213258863772,0.22022972774123833,0.24133428668730061,0.5813188967719782,0.619655972984714,0.6076758110359568,0.20388645062643695,0.26910348363265885,0.5497926779760159,0.6661928600425824,0.6355345733132146,0.6085602497894558,0.7554508589797957,0.02785876227725781,0.3861989872794984,2.1448089317429977,0.268535213976789,0.014245234415249872,0.6858679100911087,91.1238868670886,0.19827531645569618,0.3339742246835443,0.49099840585443033,0.29208305542038615,0.15669854118484255,0.2092917385470577,0.3079096042578444,0.18640280909824886,0.3691041761258378,0.30669112958190486,2026-09-26,2.75,0.8
681198,TJ,Rumfield,COL,197.0,432,0.25467580782304167,0.225766537574773,0.2678589704131086,0.5916319261268765,0.6641992902487297,0.6425557928346297,0.22794720893698692,0.29642023601373385,0.5956434423491015,0.7078561892075388,0.6346226702124284,0.6180692927455592,0.7620589729730137,-0.00793312262220136,0.40778047300917664,1.6904510460143092,0.2462595787540294,0.02133193714076067,0.8710399824550769,81.05068253002487,0.05170414263795566,0.37434613856409715,0.3872079158510132,0.2205364051252209,0.4262801510084119,0.6171799516908213,0.27174691184727684,0.3757139703041342,0.10810633376763729,0.3031860039470334,2026-09-26,3.7058823529411766,0.85
686948,Drake,Baldwin,ATL,236.0,392,0.24699636423925697,0.2188605026735408,0.263935301304331,0.5787401268106585,0.6578583354926755,0.6294986831096259,0.2207466676717576,0.2886239257384909,0.5822895517629543,0.6963681046376324,0.6344723398230027,0.6245807235434448,0.7731114037089883,0.004973656713376795,0.3993995023880632,1.5587944002523433,0.1563955237084218,0.0473316316972649,0.35793023852526473,90.77524514163662,0.10545505366726295,0.32155853674092544,0.3848122432464287,0.2875334296027465,0.22320721219167144,0.23952067669172933,0.23588045898165386,0.29193615606766665,0.2189573863032579,0.38609039641608406,2026-10-03,1.5263157894736843,0.95
677951,Bobby,Witt,KC,159.0,457,0.22993765244059294,0.24415857866999308,0.2249898903607797,0.6245886411619763,0.5901963832474324,0.5992803758804796,0.22204865975848942,0.29072997790382016,0.584727170812262,0.6995026714536803,0.6343421219505152,0.6564294556167081,0.7998449544721531,0.03506174607003565,0.3801487852793258,1.3713010971392618,0.15773403154033921,0.013040172855313703,0.09093910051216389,89.58520534993434,0.0680374340671309,0.39598529876117017,0.41564932570836605,0.20039662069691547,0.2652554573804574,0.3459167241775937,0.2573979097452935,0.14618993993993995,0.22780446047277786,0.3716810833176837,2026-09-27,2.0,1.0
643289,Mauricio,Dubón,ATL,214.0,414,0.2487242933191372,0.24338883559402155,0.2514822352350183,0.6232488307812994,0.6371664883577565,0.63246584030981,0.22377325054517302,0.29192804488558843,0.5879403238167145,0.7012754764738363,0.6341013577150652,0.6116623003219109,0.7551585456999664,0.001635517405255138,0.4010474480488501,1.424607632089811,0.16263156242291857,0.021774917018031758,0.282047448139568,85.90455140610278,0.05921790969051244,0.3367822051170544,0.355098891606871,0.20495452752103596,0.42685872709739636,0.2976190476190476,0.29313269580102164,0.24347600928483282,0.15277226542281402,0.4276388421881797,2026-10-03,4.842105263157895,0.95
606192,Teoscar,Hernández,LAD,152.0,338,0.24785117244173857,0.2552618827343373,0.24451854532790718,0.6435385750788101,0.6252140276397729,0.6309686686332814,0.20890334505631616,0.2848613125384384,0.559644506557897,0.6907099450347165,0.6328710909805387,0.556104768935823,0.7211564412121205,0.0019024223472573487,0.3993218296924828,1.9684031593406595,0.14511396011396013,0.04998842592592592,0.5878511650386651,92.43677759844616,0.16558306226669645,0.42332294328706577,0.5367369324223288,0.3557782378989272,0.1637367890418579,0.13062232905982907,0.36772223259294873,0.19062470943747095,0.32718597004254746,0.4070833983099834,2026-10-03,4.842105263157895,0.95
666182,Bo,Bichette,NYM,198.0,491,0.22355964868855036,0.2163020967622944,0.22648631932276353,0.5738913044447032,0.5929591493472363,0.5875433206592489,0.2104897119047297,0.2742408921101336,0.562727386892,0.6743330165421801,0.6325736805431594,0.5990613789197845,0.7427324527701888,0.045030359883910576,0.3716644408279708,1.0048554860490864,0.26766046874806176,0.0017779390420899854,0.27124325403470906,86.0530640201286,0.03720839934147174,0.4174954285481316,0.4382204211707514,0.1352100188723352,0.3638191031627888,0.31606868963230117,0.16516917360073963,0.2036025517676559,0.18214040943529838,0.39977822410733066,2026-09-27,3.0,1.0
807712,Luke,Keaschall,MIN,198.0,411,0.24720247618632885,0.24980248259793025,0.24594991835300262,0.6343086571980914,0.6276934562255918,0.6298535089943672,0.2121910539467622,0.28033675153417753,0.5660165393410677,0.6838067191018142,0.6314741343794061,0.6065492505197002,0.7527903015081828,0.0016206253850389318,0.39773619937804955,1.7686409180278282,0.5765998763389204,0.2655550514216576,0.32155123483150067,86.87750344237503,0.05664864328232901,0.31893626311796663,0.35659542046209164,0.31122778047476846,0.3740676057813155,0.11578218243819267,0.3582049809946152,0.2503091645756928,0.14643226718778346,0.21712650059356958,2026-09-27,1.0526315789473684,0.95
703601,Max,Clark,DET,64.0,137,0.22028727257770558,0.28361932484189095,0.19070149633750222,0.6888258464657351,0.5231513242004833,0.5814270279732294,0.18959199642051128,0.30758010637065264,0.520859341823057,0.7237556658941284,0.6305007232385912,0.5497300046930566,0.7967232153447456,0.04907369526536176,0.36659016164758573,0.9742730858331066,0.2865687225397091,0.033351388220189376,0.1582540924410207,87.51408086736316,0.02058046497584541,0.30387467365764964,0.2990262322416095,0.23867916666666666,0.2976808510638298,0.03494694960212202,0.22225253957004487,0.16876808598594462,0.1602489666662526,0.27601939823551946,2026-09-27,5.631578947368421,0.95
663538,Nico,Hoerner,CHC,172.0,517,0.257029952532945,0.20695005484382029,0.27369096298271184,0.5558272735920007,0.6734685119344302,0.6464917366645737,0.21462680631102998,0.278763787552323,0.5706946916447124,0.6813812466072017,0.6295263552223905,0.6078132584324228,0.7501064082709462,-0.01696538144218318,0.4069835866638426,1.1455265269442856,0.10076395345154279,0.08744634338864969,0.322289202288173,80.44988959370437,0.0052125222107921075,0.2879035077888392,0.28070764406216503,0.23511751957584592,0.4034145427286357,0.37772545662100454,0.23567915116104515,0.3226770098879925,0.12615514809353218,0.38841073502791773,2026-09-30,5.7,1.0
673548,Seiya,Suzuki,CHC,164.0,471,0.23009233995665668,0.21471985663367993,0.23544496684618574,0.570872688280045,0.6092215276237622,0.5995620383483599,0.2033409441581943,0.26914163293987886,0.5487120469430451,0.6662538370483151,0.6284852109951762,0.5817818961504518,0.7339903380939049,0.02892317264681632,0.3768158741760669,1.2184561793906195,0.4195051352276617,0.014094488188976375,0.2639929818555289,87.33471832566167,0.07941081703107021,0.359950085155351,0.3954468696777905,0.25411611423806546,0.18910832687754298,0.3482750896057348,0.2837141921562516,0.21738623815851651,0.21039109778697346,0.22221987956794587,2026-09-30,2.2777777777777777,0.9
687401,Joey,Ortiz,MIL,150.0,260,0.24802815373164397,0.22520862412350034,0.2611932669671114,0.5906010514371395,0.6533765373643939,0.631272496158729,0.20483735799260674,0.28772194092725545,0.5516719743512432,0.6950185091362913,0.627926615939644,0.49388032700164236,0.6676164785952405,-0.0033458802190849957,0.3963928022487227,0.9392805045061668,0.17699723056844824,0.0,0.1781167109913567,91.32775450272892,0.013646048109965636,0.3324962321356378,0.32695842121126795,0.29129814786787245,0.2863539282990084,0.1618743680485339,0.30838575840603744,0.24841507177033495,0.21839558099318587,0.36092147646091477,2026-10-03,7.0,0.75
664770,Nathan,Lukes,TOR,83.0,357,0.24276540179032235,0.24425657449196983,0.2424187145795752,0.6247589675514217,0.6215553831547965,0.6221611848942137,0.21822464015535137,0.2996212128016771,0.5775387074539342,0.7124817320411185,0.6265930220474205,0.5510851581103072,0.7190960708632467,0.00443183715320683,0.3898418570434693,0.8989201087958695,0.36033127852434077,0.04724619819518717,0.25629967989350916,82.64627951471286,0.02883666548014555,0.3111026600320361,0.313885994354137,0.31833839300253564,0.22956730769230768,0.3898809523809524,0.24384639404800695,0.3135459710743802,0.08850345919331735,0.3334602699958531,2026-09-26,3.5294117647058822,0.85
666018,Jonathan,Aranda,TB,187.0,474,0.2185686423539302,0.22392925053409113,0.216453803261757,0.588230094883609,0.5741799327065829,0.5781889798492674,0.21095513462069423,0.2761406301276851,0.5636289373865273,0.6773068834324404,0.6262704047203875,0.6159865933477113,0.7593853560994368,0.048081424871120104,0.3621026464150687,1.576259479632471,0.45029821821189303,0.032822536643436415,0.37943261845429554,86.32517868329407,0.13102711772430567,0.2957843844610935,0.3851309243474069,0.19677655677655678,0.16981505670957053,0.26875759944415495,0.24875077808901336,0.18454774165062146,0.20362893834381998,0.31817319631706975,2026-10-03,2.0,0.75
691406,Junior,Caminero,TB,186.0,503,0.23120161861733982,0.2197001986034437,0.23545462880140478,0.5803229337506941,0.6092388117760192,0.6015777249180468,0.21600681805476835,0.2802704390914145,0.5733291231157913,0.6837047340774116,0.6259590699193774,0.6571953580781763,0.7923331975346292,0.0243813450013306,0.3765630331739157,1.431761611030479,0.36953575087509605,0.01388921497481431,0.4916611724152651,88.16628971524977,0.1383583831504992,0.34707877763972284,0.4432507995600095,0.22985066833751042,0.319332089682346,0.12060080442433385,0.14218067292124115,0.27442854136604133,0.23234350631868184,0.2981371766239404,2026-10-03,3.05,1.0
701398,Sal,Stewart,CIN,177.0,508,0.2301592890854472,0.20642389150104534,0.23842929966111476,0.5547949873798097,0.6145342501752793,0.5996838986836768,0.20896932277626593,0.27276918841731285,0.5597730334310678,0.6720157808117484,0.6258184859327413,0.6228982931204032,0.7630124462996839,0.026134587249064478,0.375293269512462,0.7585615349140467,0.17386116718852138,0.003576642335766423,0.33054790977730575,92.9596463548026,0.043774801587301584,0.29514536693630444,0.3176602999084249,0.25040107913669063,0.16958859853596697,0.1126851851851852,0.16685744810744813,0.20495243665768778,0.24377192415427706,0.40081292627505705,2026-09-27,3.0,1.0
686797,Brooks,Lee,MIN,205.0,421,0.23437530650257715,0.2002110427412804,0.2510111118970328,0.5424759664976203,0.6363665627469135,0.6073046464493355,0.20480836424819462,0.27125026069864966,0.5516147564314096,0.6696118642345413,0.6257546238881891,0.571185889199223,0.7202457811850163,0.018449977438853682,0.38002369062445357,1.7036107967991956,0.09303706661933499,0.012919329073482427,0.200889132942847,87.65765719910853,0.08428008914668994,0.3472497491679927,0.37986061210281813,0.17445801456501603,0.45619312436804854,0.1370702608486597,0.18082565284178187,0.261390060947023,0.18425341999506334,0.34640481632393383,2026-09-27,2.9473684210526314,0.95
678882,Ceddanne,Rafaela,BOS,155.0,422,0.22787577334987535,0.24465275790290422,0.2217136107770804,0.6254470106913295,0.5841008581094365,0.5955124788152293,0.2324335937453227,0.3044451949242025,0.6038078592936098,0.7193534271558107,0.6245528640448824,0.6677928501670307,0.8116156427050059,0.029040385229653132,0.3719290242185188,0.5494204939341422,0.10288128249566726,0.008492201039861352,0.07112218370883883,78.36799071925755,0.039686774941995365,0.29416303944315547,0.29387242459396756,0.25299993814560523,0.11859695791555827,0.302373417721519,0.3694082549752653,0.10477607498884095,0.2680255224985617,0.5110973459921316,2026-09-30,5.4,0.25
802415,Chandler,Simpson,TB,205.0,395,0.24730088356283436,0.2504304668126472,0.24567666947115938,0.6353789469084246,0.6272210412797466,0.6300228336444773,0.2567143926453856,0.3292696494436565,0.6459659510979461,0.7528743326259799,0.6242987246057976,0.6411006479634129,0.7841766328315494,-0.005724109038679703,0.3933224515167778,0.6878844696969697,0.054322916666666665,0.0,0.1425451388888889,85.05712440284685,0.0,0.2938210065889961,0.27365350350167367,0.22787680650174924,0.2018052384957347,0.18032894736842103,0.21006478053939714,0.22514235670626223,0.14086225026288118,0.38783463048009315,2026-10-03,5.352941176470588,0.85
699024,Leo,Bernal,STL,30.0,72,0.23882325392042836,0.21487436724221626,0.2488019567030167,0.5711681362911535,0.6325988020216758,0.6152316929401684,0.18876402411860904,0.3577274874797265,0.5191438141830651,0.7876669122322284,0.6239569483966327,0.5510055599484599,0.88000633771405,0.008725255456464298,0.3838780896838417,1.7126091407151098,0.3993905709342561,0.0,0.9255663206459055,85.01996586134455,0.1271533613445378,0.32209889950980397,0.4222237289915966,0.3388983050847458,0.1251082251082251,0.13846153846153847,0.225,0.215,0.2570768058654251,0.29661076170510137,2026-09-27,4.65,1.0
803011,Sam,Antonacci,CWS,115.0,447,0.25218579442714656,0.2156562776141993,0.26158376855128285,0.5726610413759691,0.654017349902176,0.6383587282370206,0.20673283303397316,0.27722155834523826,0.5554013109510864,0.6789902922268682,0.6238331428035608,0.5377143281938143,0.695415539505888,-0.01452558543345972,0.3982293316721847,1.3216610369947839,0.2034733904885151,0.21027807930399708,0.30271766409175105,90.10621384463101,0.025170145649700958,0.3779796935854579,0.379304286831741,0.31989130754811423,0.16989163031624863,0.3860036119711042,0.3597318007662835,0.2370319915873766,0.10626709863921754,0.2270393569500503,2026-10-03,2.0714285714285716,0.7
669127,Shea,Langeliers,ATH,133.0,331,0.22265089455358722,0.23242977233194598,0.21872161737980558,0.6038009555498476,0.5784779209951929,0.5858512442385801,0.20264898956383554,0.280081761554249,0.5473386428012847,0.6834144294871844,0.6238229996830402,0.6248100335076636,0.7939753731491312,0.037971755444460076,0.3654674805489525,0.9706237346525601,0.24703725019592473,0.006600215517241379,0.25824414674764895,83.1354888888889,0.02333333333333333,0.27825618253968254,0.28558206084656085,0.2729745782846282,0.12926463473633287,0.09555555555555556,0.22854279953716808,0.14457903056396176,0.2999106034631042,0.3430891784711494,2026-09-27,2.8333333333333335,0.6
668930,Brice,Turang,MIL,202.0,472,0.24375467658336103,0.2156379798172512,0.25578766969089106,0.5726261477922956,0.6444186173005234,0.6238860366456045,0.201188900134381,0.26476291604722857,0.5444308381130176,0.6592028817943327,0.6223128205461175,0.5836251711421988,0.7328275436100037,-0.0015732160994870181,0.3882522791642645,1.588476333738895,0.3514878466214077,0.010214056666985737,0.6850662785687143,89.53913738875073,0.0838512695504221,0.3791566833404228,0.4377609889323343,0.3048708764062025,0.2285857285857286,0.2217969451931716,0.2876346044148484,0.2632566126945894,0.1980896637860163,0.2053708419170336,2026-10-03,2.4210526315789473,0.95
683146,Brett,Baty,NYM,91.0,376,0.24250606753624765,0.208742166400899,0.25067764999187725,0.5593304122653944,0.6357996132318932,0.6217080891724811,0.17933843939617353,0.25359170089192085,0.49930377028594064,0.6407327675487217,0.6222165977783343,0.49242811241018036,0.6545880282353786,0.000508508605853164,0.38683709205617045,1.539695254440106,0.3334993780702859,0.003934689507494646,0.806058894382164,92.09314938986593,0.11646745066090478,0.4366405776349114,0.5094702408361819,0.3311681794576532,0.12339523809523809,0.2039156626506024,0.17244004784145503,0.28625421407501056,0.2485818225208432,0.2614874628730803,2026-09-27,7.384615384615385,0.65
608369,Corey,Seager,TEX,146.0,283,0.22017921715069083,0.2336126179434807,0.21324891144133634,0.6059337778606289,0.5680527298321051,0.5812239670211883,0.1674640990370142,0.24340564367486744,0.473485426706433,0.6232781232501172,0.6210564512850762,0.47685014529009984,0.6662230260366543,0.03983248426388797,0.3609728943600134,1.3442751574019978,0.11875421727395412,0.014110035263881418,0.47993046600886125,84.57976303773341,0.16763248989662133,0.3104665679600079,0.40724170071462795,0.21583536890053995,0.2513392857142857,0.14071428571428574,0.19532019704433498,0.23244078604893287,0.2646802752852287,0.34844810464621045,2026-09-27,2.15,1.0
660271,Shohei,Ohtani,LAD,201.0,398,0.22047868588047836,0.23422434219638838,0.21353678407269466,0.6070335716223989,0.5686056509257044,0.5817865648535666,0.20948166978908764,0.2779457533272988,0.5607701913142072,0.6801146189454066,0.6203161857836796,0.6015418951047091,0.7560058623461796,0.03852962093011303,0.3608916228501538,0.9781442367826667,0.16759877573734003,0.007157762938230384,0.15685346320234445,89.59028597979798,0.16407474747474748,0.3450396197979798,0.40082445616161616,0.23213243226093028,0.1623193556029377,0.35368589743589746,0.2510572248579629,0.1891063742570199,0.3485000756176253,0.2961109098226805,2026-10-03,1.4285714285714286,0.35
547180,Bryce,Harper,PHI,271.0,424,0.22517699191584373,0.20525009951963252,0.23791328398983724,0.5524859367230801,0.6136193487537605,0.5905425479631378,0.19772733612683316,0.2599465107574539,0.5374837657265314,0.6513249377575357,0.6201661672827378,0.551939033708374,0.6982971135171383,0.029623619319600003,0.3662345085876815,1.4184373238433858,0.23370709202562218,0.0008812949640287768,0.33910098623922025,87.03895756036488,0.08037587507839222,0.348378986857917,0.39814754370724625,0.2507277683640339,0.21048387096774193,0.2119779085199932,0.1984086636494409,0.25490341419586704,0.315846887854518,0.34550762135350943,2026-10-01,3.0,1.0
805367,Chase,Meidroth,CWS,185.0,460,0.2423527805585502,0.2916600050357899,0.2225227011492255,0.70087950273317,0.585612153085658,0.6214400914801619,0.21628865359828603,0.28281856961968493,0.5738657214980276,0.6876067608678933,0.6197311496905917,0.6050637252618208,0.7493225158101625,-0.0017089417895701509,0.3851257823568272,1.8648336777496763,0.3129497803274868,0.05957939225080365,0.7669037570511109,85.31049129978146,0.08943583500667503,0.3901239323590384,0.4269563416068566,0.25517199511946154,0.4545140886961039,0.24607051826677995,0.2815089005821765,0.35934457806236664,0.184665230819077,0.3033855489776333,2026-10-03,5.117647058823529,0.85
703607,Henry,Bolte,ATH,147.0,322,0.24357448022993072,0.21932988576746792,0.2546426646584463,0.5796254273952296,0.6425001576923182,0.6235722747884399,0.20844092268462605,0.28610424559210273,0.5587429394624428,0.692587305803526,0.6193020791585679,0.5508968902261645,0.7221881943305005,-0.0042701956298719645,0.38617960628211867,1.1496305903636896,0.327192413600447,0.05880404129087185,0.20648482187990524,85.44846782349545,0.05943907007564574,0.33417176837919316,0.35670022688802727,0.3000867338746674,0.2816792813585401,0.13229665071770336,0.3039693059974078,0.1434240859950006,0.25419252716805646,0.2569930826897396,2026-09-27,1.0,1.0
607208,Trea,Turner,PHI,239.0,469,0.22055133463116094,0.20563410822180322,0.22815307687388273,0.5532422870452425,0.5960206925583229,0.5819229652355687,0.1926985737777157,0.25380739308077727,0.5272570955914787,0.6410960017474208,0.6189142741978805,0.5797679017212178,0.7254051622876867,0.03699130896231173,0.36016042966785045,1.1171358101486883,0.20812657703861637,0.07538712472079885,0.12751241225817497,89.22549852260659,0.019889176528599603,0.3043832739151874,0.309253565545504,0.2641683735887308,0.2087154761904762,0.12275830622103914,0.25707163746016193,0.15142688438533858,0.2421892979793231,0.35581438658940767,2026-10-01,1.75,1.0
673962,Josh,Jung,TEX,116.0,325,0.2328548252489585,0.2815709532822058,0.21546691493555337,0.6857005722970296,0.572299831550938,0.604568327121783,0.23053245182606577,0.3131251907458131,0.6003626416530532,0.7314213032837303,0.6184702463589276,0.6181654431122142,0.7898409069609792,0.013901919237144567,0.3739075222158138,1.315960899758454,0.1703057065217391,0.17264384920634923,0.33786781832298135,71.07295986132785,0.09433770156523383,0.24688454036033478,0.28987831666430225,0.43056615642692386,0.24405112044817928,0.12508333333333332,0.36477272727272725,0.2081915292353823,0.13463202938460506,0.3148620842482355,2026-09-25,2.9166666666666665,0.6
695600,Carter,Jensen,KC,168.0,427,0.23562784135079246,0.22003138560801344,0.24176415180696778,0.5809460436454104,0.620409708153763,0.6095485769307871,0.18083895533140543,0.24638841019623497,0.5025006483140841,0.6284506627241193,0.6182063583867519,0.5345028608301134,0.6894149035543145,0.008657781455964741,0.37682680600420876,2.030435049019608,0.2921899509803922,0.07491176470588234,0.4430674019607843,88.74764670868348,0.2796148459383753,0.39899370798319334,0.6032558543417367,0.23034184303043004,0.36579366680112946,0.21527544351073763,0.30959615934788554,0.14704085284793944,0.25828437076490196,0.21996413808243825,2026-09-26,1.0,0.8
664034,Ty,France,SD,136.0,367,0.2551205725244137,0.21746022101947537,0.26907645210117564,0.5760911517300592,0.6661496486260734,0.6433017904281795,0.2315276004013751,0.3087625713179263,0.6021686906945324,0.7254032701048201,0.6180774095202719,0.5328845682964198,0.6970150506421617,-0.025224380907907573,0.397610304167602,1.2401693281765107,0.24446370039258125,0.14269614119082968,0.333321413816678,89.26570711500975,0.03792397660818713,0.29584766081871344,0.31780493664717346,0.30863367679916076,0.2284595462009255,0.20684523809523808,0.3072495523956051,0.22965975842434988,0.2839087052964017,0.3978291153090159,2026-10-03,4.0,0.85
687957,Dustin,Harris,SD,21.0,137,0.2515970572349935,0.20903002892827327,0.2581219301871185,0.5598912674367619,0.6483068846367498,0.637361255258913,0.2030933823739678,0.33966901893393564,0.548221024230377,0.7660269383021823,0.6171989711755445,0.486000964233897,0.7547624540916038,-0.02016228408336851,0.39337871101295463,1.1799385891045424,0.18001477272199504,0.09564636482331657,0.264297073292788,83.34083334530813,0.010186870525421672,0.2867921341623078,0.2816256295943262,0.2745602662663573,0.1674930869783811,0.3884774436090226,0.2664830601292395,0.25511420934329626,0.1677748263002159,0.2942642348931098,2026-10-03,2.2941176470588234,0.85
695506,Jac,Caglianone,KC,170.0,380,0.27073178649050006,0.23523279174788572,0.2866129157174591,0.6088418325311603,0.6933532628775694,0.6687884328318687,0.23372292403118392,0.3076620771190599,0.606132254891288,0.7238701081788936,0.6171837524654149,0.5620397199259571,0.717172978785137,-0.051604680366453826,0.41276535458063685,2.157873966942149,0.20057644628099175,0.04429545454545455,0.6045309917355373,96.4429945530862,0.04484120244565217,0.4549677667653339,0.48228587259802025,0.3532422291620799,0.3142983789260385,0.5551948051948052,0.4002850337114942,0.16207878673857604,0.2813692232201029,0.46283084083655923,2026-09-27,3.0,0.55
701538,Jackson,Merrill,SD,187.0,479,0.2551233975759725,0.2566475039835169,0.25452839152542805,0.6458544295694618,0.6423082878445985,0.6433065252900445,0.20934201686274817,0.27411784450630056,0.560498551235678,0.6741397242751597,0.6170264964112195,0.5289051905524178,0.6786124929736372,-0.026280028878824968,0.39693717141819174,1.4310256060256061,0.17447779218612552,0.002759009009009009,0.4948433792183792,91.39793345701564,0.13245005953060526,0.3803114683916951,0.4334819106225434,0.3570005656650526,0.1931903272525576,0.2971235435663627,0.3728140527613596,0.2127427303472512,0.2608681449205383,0.3832444632641,2026-10-03,4.947368421052632,0.95
680757,Steven,Kwan,CLE,204.0,427,0.25266590703738023,0.20740267071134155,0.2742904976943168,0.556713897250722,0.6744109174904531,0.6391707111186897,0.2091543628912734,0.27575640426711645,0.5601333549975819,0.6767069842450786,0.6165562355365264,0.5632754823580859,0.7144279203836426,-0.02261447558216334,0.39408468751254394,1.4703423261095399,0.6102311730829019,0.0038827258320126784,0.26147196009220575,84.81187652434197,0.0007291666666666666,0.33208215008217434,0.3233721943439035,0.24771899764403513,0.27144373865698734,0.29160256410256413,0.16659417681363908,0.2954704356946379,0.04007487751731413,0.16086171780502642,2026-10-03,1.0,0.95
665489,Vladimir,Guerrero,TOR,152.0,446,0.22156125209164057,0.23484806274805448,0.21703301168855782,0.6081526739083218,0.5752806178397029,0.5838158284064761,0.2035169141509737,0.27142786512827255,0.5490608401266244,0.6698935958344892,0.6150374707293337,0.5648581439841515,0.7192299618491295,0.031221642322857623,0.3590686104748697,0.755408965557707,0.2088050445930881,0.01708542363433668,0.13612120812063605,81.0183097368557,0.031477894845573805,0.22963511840202463,0.23734565111429606,0.19956146215451823,0.22514724310776946,0.2000815394651011,0.1836733750513841,0.24915888496371935,0.16913834452620846,0.3643630378141193,2026-09-26,2.823529411764706,0.85
686681,Michael,Massey,KC,99.0,345,0.24470604221982445,0.23489148303073398,0.2475223939871287,0.6082304953173365,0.6304037731058405,0.625539479608276,0.22256935579430953,0.3040488350309393,0.585699179211556,0.7187932886031707,0.6147121946433964,0.5228464818201277,0.6895298089950423,-0.010827284964879613,0.3845267463460915,1.0625449965051255,0.05460867117117117,0.0,0.397764494019882,84.51518533883231,0.06976546121593291,0.3163933761118201,0.3396279805746015,0.2958111695429222,0.2424281388411823,0.24811088206647186,0.28530901040488255,0.1619281045751634,0.13865337219599072,0.4000528817240589,2026-09-26,5.555555555555555,0.9
683748,Victor,Mesa,TB,66.0,196,0.2445352038447241,0.2616699499646622,0.2387653403553572,0.6541586594098392,0.6151292213611885,0.6252429512116975,0.18921404802525268,0.29167956197754663,0.5200767901662279,0.7009084067637759,0.6129609081574035,0.45412743259818883,0.6743388134293267,-0.012282043054294034,0.3832494871937372,1.7844505407124682,0.239529262086514,0.0023377862595419844,0.5530828562340966,88.60434782608696,0.053826992753623196,0.35874205163043477,0.38420735960144925,0.3005227963525836,0.30326752179745137,0.280485385210995,0.26316425120772946,0.32471959230427566,0.2071266485413786,0.36287402007833747,2026-10-03,5.25,0.8
670623,Isaac,Paredes,HOU,160.0,500,0.22366714780125088,0.22414299472055554,0.22351487678707338,0.5886268898206363,0.5874600724058499,0.5877431540260494,0.19407040792980307,0.2576058994725075,0.5300627635436099,0.6474499405198972,0.6125707730237593,0.5788177216270113,0.7258300996453954,0.02482761899770991,0.36003427820115946,1.6387335791931381,0.43980674010085774,0.11838554283407225,0.47967045073662723,83.56725277196652,0.039119334030683406,0.2977642167887029,0.33696748308926083,0.2475190166964042,0.15148326572008114,0.3221618777611577,0.1930861105910254,0.23426573426573427,0.11279821455897218,0.2334834935865904,2026-09-30,2.95,1.0
624413,Pete,Alonso,BAL,207.0,482,0.23311203385132362,0.22121749452184442,0.2382202696214526,0.5831722208343438,0.6141638243027614,0.6050321641415641,0.20360453852013694,0.2666927490805769,0.5492344500792543,0.6623234301419498,0.6123973422614784,0.5885846757162543,0.7329363808138909,0.0073651781199142174,0.3705200893030044,1.7160534045936537,0.28400157728393893,0.10831475984835869,0.6818725512939479,72.24646532675864,0.2220363897384683,0.329943200486861,0.4844988296610699,0.23897142229313803,0.20201245493280892,0.3985416666666667,0.19171754938246774,0.3047816083200975,0.22669332770917455,0.21295252854995173,2026-09-25,2.2,1.0
677594,Julio,Rodríguez,SEA,205.0,442,0.22962728219952597,0.2030347650284181,0.2419609157291122,0.5481047046822891,0.6207543622293694,0.5987148120466156,0.1965802213766068,0.2610449879337746,0.5351650048391302,0.6531329897648471,0.6119728619386732,0.6085602497894558,0.7554508589797957,0.013258049892057588,0.3663972170132421,1.1214260306635129,0.11306269904116276,0.10208360396711567,0.3891353520013373,86.87415980623021,0.05726873385012919,0.2583972236603127,0.2927391742094799,0.35752910794986537,0.11557422179249591,0.12012432012432012,0.2357816884841339,0.15893892339544513,0.19645576005870125,0.41543801274218883,2026-09-27,4.578947368421052,0.95
691781,Brady,House,WSH,115.0,237,0.22804900355360253,0.2480897805795091,0.21832457588280396,0.6313782503189607,0.5777276911641066,0.5958300110428179,0.18395643887730517,0.27085694727802995,0.5090958558445748,0.6689873450089676,0.6119043841633267,0.5375052079060171,0.7282308135452579,0.016074373120508856,0.3645909959731836,1.233421519886364,0.32918146306818186,0.005220170454545454,0.40382102272727277,92.29511277109097,0.030107610729881475,0.3254949827529265,0.33442449887160103,0.3087713133428876,0.13041464891041163,0.1671622889305816,0.246027567190309,0.319716387436923,0.250858210588628,0.3611183403829935,2026-09-27,4.333333333333333,0.75
682998,Corbin,Carroll,AZ,209.0,450,0.21333198015958788,0.21844549347877218,0.21095703730690007,0.5779562719467174,0.5636326202714599,0.5682123330398656,0.1814982759220314,0.24370364087137072,0.5039007221105061,0.6237971911093954,0.6116547200942813,0.5436328425173749,0.694102725465819,0.04344238705441572,0.3475497555196176,1.441205040617969,0.20850433269234125,0.007435508345978755,0.7017603300019186,82.48444441753142,0.12093066639470351,0.3180921722206641,0.3698924133754876,0.222292842929304,0.27047959724430315,0.100462319243604,0.15082010582010583,0.19474550325296594,0.19520461955908566,0.3182839582177559,2026-09-27,5.470588235294118,0.85
665833,Oneil,Cruz,PIT,138.0,278,0.23635561638873576,0.262646172087903,0.22330490888339377,0.6557564694686511,0.587069500863987,0.6108481790538681,0.20855504590545912,0.29125614332326644,0.5589655635378517,0.7002821723132079,0.6113185994214733,0.5782983099894394,0.7622415859776337,0.00047042036760513994,0.373422853278368,1.2857568119220932,0.2858555594321759,0.06738199597617056,0.2676180770306659,69.39990709606988,0.0775240174672489,0.28570674235807864,0.3338449246724891,0.3660714285714286,0.15532091618424365,0.5049189814814815,0.33895000833338124,0.255915559772296,0.26106017212979554,0.2714504091023384,2026-09-26,3.2222222222222223,0.9
593428,Xander,Bogaerts,SD,162.0,449,0.23425095083262282,0.22541062477484403,0.23744055622540716,0.5909745089667139,0.612779836862587,0.6070813603744982,0.17448912591193724,0.23836764420174142,0.48887185663829114,0.614425015857782,0.6109882971552225,0.498462094478013,0.6516866853008462,0.0039069367807242905,0.37091960660989065,1.9060775747105536,0.539266260532218,0.004009819967266776,0.38347202521670615,92.4655969174303,0.04857790570997454,0.3339942671820688,0.3774192190655892,0.23732218768717325,0.2693296908315565,0.33359375,0.3320082582582583,0.18382246376811595,0.18770184079908647,0.22296285647035302,2026-10-03,6.055555555555555,0.9
678246,Miguel,Vargas,CWS,206.0,499,0.2053940421132575,0.21363138894745815,0.20199345404142316,0.568787249440837,0.5460347724330472,0.5527695556756622,0.1814791128191067,0.2415230339790547,0.5038600688313027,0.6199870582497065,0.6096486518001406,0.5909566998344502,0.7346554865512482,0.05687909612447839,0.33699521437383023,0.9388914364561886,0.7859751701555708,0.006081560283687943,0.3890871010638298,88.7943974820832,0.06652099847031011,0.3017488150983187,0.3355859562674369,0.17535974079821992,0.1785762757146674,0.1356516290726817,0.12092453260373917,0.20788000176931457,0.19334312585788066,0.18684998577178302,2026-10-03,2.6315789473684212,0.95
592885,Christian,Yelich,MIL,132.0,362,0.21353138736113653,0.20722058908619845,0.21583256242271615,0.5563573719251391,0.5729971092351801,0.5685952900368894,0.1787629818950563,0.25077428349712294,0.4980738636030593,0.6359639737432421,0.6094689093150307,0.5200272341782941,0.6933648267150547,0.04087361927814137,0.3465411512604465,0.9434454191033139,0.27144258884390465,0.004959514170040485,0.4095870820212926,84.64131822858732,0.14867005005561737,0.325739544076752,0.400981477753059,0.2756842030629609,0.04793198529411764,0.35138888888888886,0.22846105648737228,0.21814838195806727,0.29617651516697774,0.24133082248937868,2026-10-03,5.214285714285714,0.7
672695,Geraldo,Perdomo,AZ,189.0,474,0.23338837865112622,0.23515277073477242,0.23268485522536853,0.6086985635947844,0.6042615983265327,0.6055300772033245,0.19175306104832218,0.25489202209846545,0.5253163865076171,0.6429185850548864,0.6082807937555352,0.5334288866905766,0.684176699932571,0.002750716552210708,0.3683323160040888,1.191236802413273,0.5972850678733032,0.01444947209653092,0.5755052790346908,82.06367979909355,0.06953824283336522,0.31168617956965394,0.3456052184279509,0.20844322131498896,0.3181108842976343,0.39743589743589747,0.17802735822831728,0.24354010843803092,0.08126671819226647,0.14902983827855965,2026-09-27,3.5,1.0
682987,Spencer,Jones,NYY,64.0,234,0.21482819379056123,0.2622666704824483,0.20185356768679724,0.6551359564531141,0.5457561893812901,0.5710798607878337,0.17804281452917858,0.27199959962900827,0.4965316349039719,0.6707993655354709,0.6080413463985799,0.4472454774597166,0.6518282287184778,0.03696148561074619,0.34724016745454794,1.016921748857115,0.2716072123334306,0.0020553691275167784,0.2898958029374574,87.53123070097605,0.11288819875776397,0.335875248447205,0.41446207187222717,0.20865977045726017,0.32920904790065053,0.1002997737556561,0.24450549450549453,0.1319627192982456,0.395797219936052,0.3750051472324447,2026-10-03,5.333333333333333,0.9
514888,José,Altuve,HOU,140.0,434,0.23598524056032488,0.24043223869520586,0.2345507250329439,0.6180708272301615,0.6076194640165403,0.6101871784349047,0.19904323964892928,0.2679385850394697,0.5401335253289644,0.6643270778553712,0.6078111844611128,0.5443416026988938,0.7041647695942154,-0.0023759939737918456,0.3708785916675038,1.4764811991869917,0.12827828590785909,0.0032012195121951218,0.5314989837398374,84.12635102959825,0.03965022863292314,0.29465439751324185,0.3013191868654086,0.26363931368605237,0.18719245912529123,0.27183566433566436,0.2730072463768116,0.22721970652298523,0.20717608747928248,0.40054197606043707,2026-09-30,3.65,1.0
665019,Kody,Clemens,MIN,161.0,415,0.22669546999742796,0.22379382497735023,0.22782116842690386,0.5879785493035696,0.5954123506673075,0.5933442289551376,0.18854316579914335,0.2561326242782045,0.5186854637952543,0.6449951454001104,0.6064079270737563,0.54069935326447,0.6976529505132932,0.013063698118618738,0.3598086439218613,1.0572060322971781,0.10592509920634921,0.0074435763888888885,0.7396247382054674,90.87488970909996,0.07210492995149717,0.3495372749913149,0.3809808414021058,0.3356979309534073,0.09906519654841803,0.30082848109903104,0.31821671593363143,0.12154239622270313,0.19514915750517742,0.3499971528152389,2026-09-27,3.5555555555555554,0.9
695578,James,Wood,WSH,215.0,394,0.22083832917083407,0.21270999585772554,0.22527384100412934,0.5670162663758238,0.5907216506063672,0.5824614960747589,0.1920327883570609,0.2580696889647291,0.525891131495281,0.6482201982431826,0.6061412973158111,0.5835079155098994,0.7406027671509254,0.02367980124105218,0.3530539668672626,1.0324036555295926,0.4673235829532682,0.004022988505747126,0.17361378244811526,99.20753945912524,0.05084152347478955,0.3837413706554283,0.40359289166232754,0.2658462526231279,0.10099341192787795,0.22478238408885445,0.2683686440677966,0.13148847481226206,0.27561297346032626,0.15337549765053776,2026-09-27,1.0,0.95
676356,Jonny,DeLuca,TB,153.0,217,0.2402171985577664,0.2430395786128427,0.23822722552354209,0.6226397911121778,0.6141761550694157,0.617692247317076,0.20985942036970992,0.29795332843445077,0.5615043562195963,0.7100781505839239,0.6059577143504941,0.5139244529196771,0.697392082610137,-0.01173453296658189,0.37429538235627546,1.5143091287867931,0.20871932410936916,0.0,0.4498764187039638,77.9662299270073,0.07240875912408759,0.2565378102189781,0.26435560218978105,0.3777640316372711,0.12499220201997763,0.19108090185676394,0.13049828808999758,0.32232828499781035,0.18810851367513443,0.32292220744680855,2026-10-03,5.4,0.75
686765,Nick,Sogard,BOS,75.0,202,0.21470813853583592,0.24268537124178435,0.20432055213511247,0.6220214009361287,0.5506512976688909,0.5708502755476844,0.17871062092533185,0.27649802012618646,0.4979618471978777,0.6778641691259384,0.6051114053272673,0.5373266459034898,0.7591099372723709,0.034261129779582844,0.34542801246811705,1.3626329176238925,0.22883450935346245,0.014972924187725632,0.28611667213652775,87.40882699720107,0.07516575642211629,0.31112649207464604,0.34001273611506444,0.2553040221750413,0.2066510695187166,0.11634369466850285,0.2698144051130777,0.1626191377656621,0.1945237393294988,0.2754170849268683,2026-09-30,5.277777777777778,0.9
543807,George,Springer,TOR,156.0,356,0.2302283004559893,0.2013256211943572,0.24289351945827753,0.5447036861110437,0.6223848825023583,0.5998094849693922,0.19058845141550823,0.26273195318186077,0.5229181573672839,0.6558966172789227,0.6048509743866674,0.5627429700102609,0.728959761446841,0.0050414894172751135,0.362795351430102,0.9949027776419744,0.12742114777260638,0.0035888671874999994,0.2280041824741865,73.75193602406904,0.039451824099303666,0.32023633723130485,0.34135298402967,0.23087699766486974,0.23976743862443378,0.09031828703703704,0.23759808195292065,0.20839603545280772,0.2513976363627175,0.27277856540916245,2026-09-27,2.7857142857142856,0.7
694249,Cole,Carrigg,COL,150.0,214,0.2549488715679541,0.25202122655443593,0.2570009591942518,0.6380801053167958,0.6464434512769617,0.6430139307467767,0.21340486781636722,0.30269100519731923,0.5683523402726312,0.7168683396985511,0.6047312698397842,0.5302230476398117,0.7255274522097012,-0.038282660906992505,0.38885063086516936,2.734961574044236,0.05318108974358974,0.048242278554778556,0.7781209247741507,90.86172393862967,0.17785335224884405,0.39670921198507775,0.49060930774485073,0.34566895368782163,0.2470888102460398,0.3481547619047619,0.37304507457055414,0.2585553473111305,0.2512992087973026,0.4133225994665878,2026-09-27,3.6842105263157894,0.95
673237,Yainer,Diaz,HOU,97.0,270,0.2509894716472413,0.2730389667312075,0.24306798637633487,0.6724414325021886,0.6226893552602641,0.6363297892919252,0.2243512094649256,0.3145352986838832,0.5890131572113205,0.7333461653642528,0.6047276724344077,0.5742551255842591,0.7596128726599239,-0.03160211685751746,0.38480623237918304,1.7642753466758772,0.039973903365698275,0.014980139693748323,0.54460553626025,91.50424338047405,0.0978688283842923,0.3601459879357946,0.4045561399682792,0.24535120673952646,0.28744917321767416,0.44594537815126045,0.17411317217051048,0.34294126716366474,0.19845850206137378,0.36878090142661435,2026-09-30,4.944444444444445,0.9
596019,Francisco,Lindor,NYM,153.0,316,0.2080497081717668,0.2040505282816263,0.2099860199540184,0.5501173487054717,0.5617502085098317,0.5579791746915156,0.16669571289724744,0.2390247569176513,0.47178265677234255,0.615588078106432,0.6046517765117806,0.5193615482827891,0.7031873699389528,0.046672601820265,0.33738309923380205,1.0610649618198167,0.6314312914291175,0.026483926521239955,0.28420660892478977,80.39134055727554,0.08606037151702786,0.2825429876160991,0.34832545665634673,0.21994241834285677,0.13644413691623164,0.11971153846153845,0.1091628787878788,0.2190643178212586,0.2590293019499048,0.29162508753501404,2026-09-27,1.0,1.0
641355,Cody,Bellinger,NYY,201.0,367,0.22525101974911244,0.24524880668792864,0.21429855333303055,0.6264804573097622,0.5700663529752763,0.5906794523884427,0.20284594788851604,0.2725331185074592,0.5477298728079284,0.6716429896805622,0.6045938131104416,0.5911438060029637,0.7473717958872312,0.01391436072199892,0.35712114244551607,1.3712720070422535,0.12193963549817423,0.0,0.6524783393648931,89.62871795257672,0.04292050849116625,0.28289965364443137,0.29618428560009136,0.2044156509909672,0.3169297228867132,0.12968654728667245,0.22714618919059243,0.17018604361582307,0.18205467131097097,0.34636575958657323,2026-10-03,2.1666666666666665,0.9
701785,Kaelen,Culpepper,MIN,48.0,79,0.22494055832306287,0.23386567669095798,0.21951770159320255,0.6063890079944146,0.5799792931243541,0.5901050770884246,0.1845060808376609,0.33399516052853656,0.510252142739358,0.7589146350938615,0.603787259572365,0.5266186485419944,0.8262446857594641,0.013682182483940375,0.35629792735495913,0.9173261154855643,0.053883694225721784,0.06697424540682416,0.10073408792650919,89.48848548689139,0.0058988764044943815,0.24105203651685397,0.23716573033707866,0.12998721227621485,0.5191176470588236,0.3363333333333334,0.22840954875100722,0.16348631239935585,0.22634272940819883,0.40308712121212126,2026-09-27,5.555555555555555,0.45
605137,Josh,Bell,MIN,207.0,417,0.22351371840040143,0.23480048755586552,0.21791093371171782,0.608067393051515,0.5769450796182511,0.5874579183584545,0.20093251185424507,0.2670860534896734,0.5439188608502623,0.6629568922249031,0.6037098490044307,0.571185889199223,0.7202457811850163,0.016251930645976187,0.35465413118863975,1.6565479181104181,0.4230131814506814,0.003926282051282051,0.8241610270125895,92.26172482922482,0.12795504983004982,0.3480976147988648,0.4170111360673861,0.3012539180838273,0.127495340167754,0.0954483695652174,0.19349943100822914,0.23929623824451413,0.16553358560236645,0.263952269744708,2026-09-27,4.055555555555555,0.9
680664,Eduardo,Valencia,DET,59.0,78,0.25533443252477833,0.24361928367246732,0.26419589127203924,0.6236503049858373,0.6582820989564442,0.6436600985812869,0.24877798989522745,0.40331308889441986,0.6325577738959849,0.8358984098119662,0.6030789663984782,0.4812070108791201,0.7641016898031056,-0.04058113218280868,0.38817786696434514,2.446716529004994,0.21756586950954027,0.07158046804968625,0.6563568478678448,92.83430946019259,0.1135467040371528,0.4378724098845195,0.546312690955755,0.26759345825913333,0.3107056940841771,0.4742690058479532,0.31234596249521623,0.2165700267618198,0.27748168498168496,0.34259672628012683,2026-09-27,4.9,0.5
664761,Alec,Bohm,PHI,197.0,439,0.22302798834077114,0.2631820189725067,0.20500898142857998,0.6566312599637096,0.5520105590940226,0.5865539836602576,0.19707232754417117,0.2621687153264796,0.5361607555152652,0.6549756629440756,0.6025010803664961,0.5474476194803585,0.6980802187147351,0.015947096706238506,0.3533994088485773,1.2201819141337211,0.41590598203254764,0.00866745283018868,0.48080094359102366,91.67305138149018,0.08848558828637315,0.2967211039041321,0.3205270569115488,0.2011692571979966,0.2470501186653637,0.25986233711643547,0.15806484673475518,0.29272011218562355,0.14643749529468875,0.22438832360028013,2026-10-01,4.7368421052631575,0.95
650333,Luis,Arráez,PHI,203.0,428,0.2329110698448737,0.2476542806089182,0.225918378758189,0.6306304501742377,0.5919121666915815,0.6046697890094437,0.2590036620164346,0.3298700695687023,0.6497676840797526,0.7536477379652435,0.6023433565231726,0.6573854995109168,0.7976283864506474,-0.0023264324862710684,0.3642188303001069,0.6731641027837543,0.11557845789224555,0.02249807255750204,0.20632513319121876,67.52104677582686,0.008634349198640116,0.23457377076154245,0.2321281149788344,0.16810570241421305,0.21972760695187166,0.16458333333333333,0.22316158547002496,0.14142414047828836,0.020492003252914066,0.23123248920664766,2026-09-24,4.0,0.7
643446,Jeff,McNeil,ATH,109.0,404,0.2388904345765921,0.22351714270505857,0.24303817916569395,0.5874642859106722,0.622637349321222,0.6153505371842285,0.21034648250108542,0.2846630691793502,0.5624496758201498,0.6904097573591399,0.6018293520777797,0.49472826214174015,0.6540797932947402,-0.01352118510644884,0.3703360150942979,0.8960480760042807,0.30176592181706985,0.005969785575048732,0.3580396289607461,83.3299611745653,0.0029236276849642006,0.2640252518752131,0.2557428899590863,0.28017667745769,0.16269638977679993,0.13191773504273505,0.23083189531205062,0.18245628857544333,0.14120056088722457,0.4106351299753648,2026-09-27,2.823529411764706,0.85
682985,Riley,Greene,DET,184.0,399,0.23237494102826428,0.21842531031539253,0.23880785343720765,0.5779181241483619,0.6152044454091201,0.6037018881651005,0.21209972505390773,0.2818010627383424,0.5658404263308868,0.6860527714705884,0.6016637989423642,0.56794467494597,0.7240434649432061,-0.0020380892227362946,0.36322557146209267,1.328232565655448,0.37431024682726116,0.04371783876500858,0.3345380540032093,85.11751588983051,0.10079449152542375,0.3136385593220339,0.3772347351694916,0.30606634532131116,0.14183236290390483,0.07327626862856065,0.19860205452659146,0.19353359829149222,0.23988939560145806,0.23660599461506648,2026-09-27,4.0,0.95
806146,George,Lombard,NYY,32.0,142,0.21933989547708432,0.25608590447732643,0.21105910471646638,0.6449171009719408,0.5638301518524278,0.5796442921623026,0.17360570195639694,0.2978336315750828,0.4869548435106049,0.7099051058781014,0.6009459401844514,0.4983581419637687,0.7678091739578413,0.021301648022148734,0.34833488412602576,1.5079487349406846,0.06774002704530087,0.014583333333333334,0.5544592812634459,88.68807726522377,0.23966635223421726,0.40862371349089893,0.5006623532866925,0.2814194577352472,0.1878826530612245,0.06104166666666667,0.2619807497467072,0.15714004720692368,0.2857590520870925,0.30398999122652026,2026-10-03,5.555555555555555,0.9
665052,Griffin,Conine,MIA,66.0,257,0.24021471679499493,0.23992374722955084,0.24028944049662648,0.6171751914952499,0.6178194597229655,0.6176878765895866,0.18946206694524703,0.2812293177272582,0.5205904224645285,0.6851771539402283,0.6005609282864304,0.46847525612254926,0.66576477039409,-0.017126948303156198,0.37095920455591613,2.0189569037552175,0.15933627624262586,0.02091169539300402,0.5608820015633905,92.95287367724868,0.27483465608465607,0.44067716128117906,0.5836718112244897,0.43689957315724365,0.2609474913920315,0.12627129799288137,0.3333245886455269,0.2615065913370998,0.3313316444458605,0.35725180317538907,2026-09-27,4.117647058823529,0.85
641343,Jake,Bauers,MIL,163.0,412,0.21407904486610735,0.23772854473083088,0.2047225679778793,0.61329142731233,0.5514454105913666,0.5696458056612468,0.19214490001277312,0.26020946201609446,0.5261213434246597,0.6517583569889601,0.60047501524402,0.5325830136323351,0.6891294061562558,0.030829209582773243,0.34205807383812925,1.0848334705753186,0.5612770549699898,0.0676322463768116,0.2716609574000879,88.89845843253778,0.20705068942781787,0.45700038584228364,0.5049853049146749,0.2751309017158907,0.15935473588342441,0.11892857142857144,0.23070739266868268,0.2121996006311703,0.3115266025814108,0.24681990983879248,2026-10-03,4.0,0.7
700250,Ben,Rice,NYY,226.0,447,0.24135165694451932,0.22925931875984903,0.2474654565636144,0.5980435621503912,0.6303058825304768,0.6196864510929904,0.20149321366712858,0.2651470234291712,0.545037983525245,0.6598256200998407,0.600266546309935,0.5631934675134576,0.712079295414451,-0.01941990478305533,0.3719770457926498,2.289796566976076,0.4824753505663805,0.013872243293970438,0.8354416858167248,95.16000532020685,0.22452491050119333,0.4554435764717582,0.6111675817919651,0.32895365713284785,0.22478315193368958,0.2213593533547662,0.30724242293535775,0.15608617873531927,0.2667881198604771,0.24447565726977494,2026-10-03,1.4210526315789473,0.95
682928,CJ,Abrams,WSH,204.0,440,0.2145468002921127,0.22478295460491193,0.2098009469289058,0.5898132790168111,0.5613907694404099,0.5705416053925347,0.20338436677099547,0.26870869651864987,0.5487981335617056,0.6655613737203024,0.5995583475971459,0.5794167588091389,0.7285885715004751,0.029016742204611146,0.342072982164571,1.4769355424871151,0.2104817725540725,0.011413043478260868,0.6089799492588432,91.30498740517967,0.2091123285571987,0.3733659470538656,0.5160255306106811,0.12215196318018899,0.25735990082695304,0.18796212704238693,0.23132963104649448,0.2075443438646314,0.322808972073678,0.3926953533542507,2026-09-27,4.052631578947368,0.95
685133,Wade,Meckler,LAA,55.0,280,0.2562676644073996,0.22978569823579648,0.26146947919110736,0.599003552601333,0.6538298888917256,0.6452206581577697,0.2240101988095904,0.3185487296655055,0.588380399496033,0.7387707406264996,0.5985428703103419,0.5375052079060171,0.7282308135452579,-0.04667778784742782,0.38619222471727943,1.0656849359758582,0.18623024223146561,0.05670308294592611,0.09645501998205692,83.27176740506329,0.028317510548523207,0.30786230221518984,0.31372783491561185,0.2887656576507811,0.38400347654628475,0.29076540220608016,0.16687063959560514,0.32433836620824047,0.14749419188468144,0.19143201172242708,2026-09-27,4.235294117647059,0.85
671739,Michael,Harris,ATL,229.0,402,0.26379681955102646,0.24404981693616323,0.27504573397591126,0.6243995379080495,0.675595302453031,0.6576329880137636,0.24989561946192218,0.3200757549547152,0.6344675343016146,0.7408138163568985,0.5984068500157499,0.6032011321078902,0.7468325780590218,-0.059226137998013684,0.3935320848237617,1.8578971026047841,0.09539819943259424,0.0769481725435816,0.49708441045542373,89.11373306932967,0.10465832568105296,0.3546164290360313,0.3876170141621846,0.39351349654739487,0.16667582417582416,0.3087201591511936,0.33558473176245546,0.280438994876548,0.2246802125328408,0.4785433899122329,2026-10-03,4.2105263157894735,0.95
596115,Trevor,Story,BOS,76.0,193,0.2234727177239239,0.20867393935618558,0.22930021594127165,0.5591974077240642,0.5981182075973391,0.5873816714569369,0.17739825806946571,0.2764970529876423,0.4951484582145884,0.6778626619749186,0.5973065083414686,0.5778119305445574,0.7944597894198052,0.009924836884531718,0.35084689524171864,1.129484140000486,0.11431758267123454,0.09284386617100374,0.17657521806740042,88.10811101304427,0.0479106941324136,0.2999440587316153,0.32136672352534346,0.19118792527920347,0.18577981651376146,0.12247536945812808,0.12644709887097022,0.2643668391229367,0.3405654271374129,0.41353807703616585,2026-09-30,5.944444444444445,0.9
693307,Dillon,Dingler,DET,187.0,413,0.21538806704397012,0.19146620886043186,0.22621951372755766,0.5247264856314395,0.592467539903486,0.5721493646950278,0.19182825353148128,0.2583585543627665,0.5254709305039256,0.6486993355422601,0.5971090878108153,0.5117428210258872,0.6696582497102326,0.024959723115787535,0.3416355852445855,1.0330941123188406,0.13561041666666668,0.015312499999999998,0.4099048460144928,85.6315058235121,0.10253495297059691,0.4243430337209906,0.463462357516484,0.21961662846956964,0.23272648083623695,0.04674085850556439,0.17142753257834314,0.1519868920391337,0.21844636716529478,0.26487254416993056,2026-09-26,5.0,0.65
702222,Justin,Crawford,PHI,67.0,395,0.23045815574363704,0.21832177990732082,0.23251673088549324,0.5777224046488496,0.6039580331116573,0.6002275706434862,0.20760452138135538,0.28578535293887297,0.5571088921565549,0.6921064199090385,0.5967708763567962,0.5247134161410938,0.6808003745790678,-0.003456694286690043,0.35819833334642404,0.982480132204397,0.0680666963755199,0.003977272727272727,0.3547784833630422,84.00194294526902,0.030666836734693878,0.28849609426406925,0.28985025346320353,0.2620767745767746,0.09573170731707317,0.2508779761904762,0.24706388052208839,0.2053097546586639,0.1235472805366706,0.3434486669425125,2026-10-01,8.5,0.8
671218,Heliot,Ramos,NYY,116.0,325,0.21425737055337435,0.241439650042592,0.20455538772029974,0.6198408182730712,0.5511152967021811,0.5699874749486332,0.18802233245064973,0.2657156337807127,0.5176033353934083,0.6607459930627089,0.5966551171067811,0.563422968206455,0.7361282386447988,0.026667642158147875,0.3400859436148752,1.1499244142101286,0.20435090702947845,0.006944444444444444,0.2598214285714286,76.72601701240049,0.11814225479689733,0.2929998764097265,0.3457508621019596,0.22889716569767443,0.20900980326177176,0.5742838196286473,0.2633653390232337,0.12133017175216247,0.28673238828617986,0.3325067392235407,2026-09-29,3.25,0.6
660670,Ronald,Acuña,ATL,154.0,326,0.2223530500445037,0.20755538674555774,0.22934335724707325,0.5570127653711169,0.5981969382833385,0.5852955883867785,0.18602235116622934,0.26007720249083416,0.5134318482115774,0.6515404034193124,0.5963494050097632,0.5654420347268518,0.7393259502797362,0.011053816622984658,0.34904067588929466,1.125705403074243,0.3447559296806409,0.06778033088235294,0.4448687745212358,88.19399116734078,0.12897174830306365,0.3028827222797331,0.38016000135268974,0.2180979889937545,0.21975877715556613,0.12947916666666667,0.22354562195248473,0.18087641026201112,0.20510034407742125,0.29741702153193844,2026-10-03,1.7777777777777777,0.9
680777,Ryan,Jeffers,MIN,137.0,228,0.21302392902229694,0.21909280971553202,0.20937727702680048,0.5791784459772957,0.5605671473971183,0.5676202506144318,0.1823082811740796,0.2673197496631888,0.5056169208404988,0.6633328845718411,0.5962537944813722,0.5642231776063374,0.7554649472055536,0.028633543866940392,0.33844572825332236,1.3776572229140722,0.44201198630136984,0.023253424657534248,0.4680565068493151,84.76619934964725,0.03111111111111111,0.4351142438271606,0.4402488679453263,0.17853028132524612,0.45885989010989015,0.3858265657684262,0.26653289473684216,0.189924670433145,0.18481424614380054,0.3031044103805298,2026-09-27,3.8461538461538463,0.65
681082,Bryson,Stott,PHI,149.0,465,0.2325913854107737,0.2116812106095187,0.23929163497074574,0.5650327358474052,0.6160597248389932,0.6040928498040896,0.1950431683231589,0.26112799791527946,0.5320450268292372,0.6532693483152683,0.5952869707867913,0.5618766264044965,0.7099943782232365,-0.008805879017298346,0.3596086026338366,1.4317994863820949,0.3560018747294691,0.014562975027144407,0.24023183979620294,88.21598055456772,0.04315616603445551,0.33706532018037777,0.3508898442192192,0.25731180172465296,0.1782508512386991,0.28002435064935066,0.2935537097863282,0.18341711580983971,0.17859341667795728,0.3083559610777267,2026-10-01,5.842105263157895,0.95
668904,Royce,Lewis,MIN,145.0,358,0.2093433747558694,0.23886633175863198,0.1973857525061471,0.6153079017189556,0.5367941594699397,0.5605011930625354,0.17550435987160237,0.24640559855653218,0.4910685702519946,0.6284803218968567,0.5951895937152812,0.5528385550024603,0.7188131347592083,0.03468840065274581,0.3336044773758209,1.0137853029387163,0.0685803163176057,0.0036530815109343936,0.27774986320921413,91.23143659788822,0.06854023762625913,0.3569933515696957,0.39167444983385846,0.14233899921834633,0.2034381021194605,0.30892173746651364,0.22625938086303943,0.21046383091616555,0.3132001288598856,0.36795563136249426,2026-09-27,6.166666666666667,0.9
650490,Yandy,Díaz,TB,196.0,482,0.24557145460313842,0.19907454497670016,0.26447891162965687,0.540196430704575,0.6587419132018555,0.6270390231159035,0.23504434237079697,0.30150481299069964,0.6085043745828975,0.7151790289108633,0.595134899317051,0.613669610694352,0.7577699393956614,-0.031904123798852546,0.3731728058899453,1.3762266560385217,0.1850336648302389,0.009033923303834807,0.4109477304933773,88.43313053950058,0.034143318540433926,0.33038755888542554,0.3313084709909482,0.27360348274410773,0.5476264524948735,0.1406062030075188,0.20081654456654457,0.31989134066092495,0.10298640810894744,0.27464500260664154,2026-10-03,1.0,0.85
686611,Dylan,Crews,WSH,142.0,300,0.2140432076970909,0.21384082233436852,0.21413900343544615,0.5691890724466162,0.5697607069927015,0.569577118800986,0.16870740646783106,0.24363975233381463,0.47623232848319663,0.6236859495997156,0.5951244057456446,0.5221772310609085,0.7033701432337762,0.025547286944658576,0.3389692443527533,1.2467232277526397,0.2933823529411765,0.024151583710407237,0.2684785067873304,93.27680187289562,0.08767887205387205,0.3744191340488216,0.40996731902356903,0.24029332206844523,0.11170106604202022,0.05284615384615385,0.18472899291864808,0.15832442067736185,0.21200049228654713,0.2936519406486312,2026-09-27,4.0,0.95
543510,James,McCann,AZ,59.0,104,0.2395160859463159,0.21185106845133772,0.2552106631790439,0.5653606735629124,0.6434527626607929,0.6164560711675879,0.20766680246537078,0.34280464192182364,0.5572307171818647,0.7698925363881886,0.5951096807704142,0.4836276351921526,0.747847332391318,-0.021346390397173787,0.366858975721527,1.6057856169052487,0.02254601226993865,0.003757668711656442,0.6234066121336059,92.40370175438596,0.3810964912280702,0.3890115789473685,0.561734298245614,0.3169090909090909,0.3188696509009009,0.075,0.08798701298701299,0.3017905060056223,0.26322871572871576,0.3672757430900788,2026-09-27,7.666666666666667,0.3
804606,Konnor,Griffin,PIT,90.0,247,0.23089838724666864,0.2542275726489693,0.22239787434704494,0.6418028474467135,0.5853792461937849,0.6010274402243487,0.20882818056817234,0.30120795007797235,0.5594980508851821,0.7147551290811407,0.5949233638827589,0.5745191237451232,0.7755471403312849,-0.006104076341589826,0.35756526652411336,1.7742992314426365,0.09984083131530178,0.0413191957433746,0.40914939260093,84.18140691699604,0.08739624505928854,0.4042306304347826,0.4313594407114624,0.3345118057618057,0.06868650217706822,0.2608695652173913,0.255396110056926,0.26281699240833467,0.20024109710241098,0.33185075419117976,2026-09-27,1.4,1.0
677587,Brayan,Rocchio,CLE,196.0,390,0.22872600068178933,0.2088167702259221,0.23873166521858413,0.5594758151460977,0.6150696280094579,0.5970692442895136,0.1981049266736426,0.26615789297996745,0.5382452108808142,0.6614606187615157,0.5942667749413608,0.5315780604294157,0.6838279568111089,-0.0028024693481527585,0.3548184142206047,2.606170310627014,0.3448413278373742,0.041291471545360746,0.8063685037579296,88.49896789670902,0.00811111111111111,0.308218116894754,0.34175546537960244,0.2706612652524616,0.09846388888888889,0.4895540659011696,0.15813682844932844,0.26129209339278936,0.19430541882090796,0.3203215672292211,2026-10-03,9.0,0.9
683734,Andrew,Vaughn,MIL,133.0,196,0.1931246713965889,0.2426861722654398,0.15949365294986867,0.6220228002130678,0.45563086826645527,0.5281298255886264,0.22536813902737712,0.32096241566068656,0.5908959818010324,0.7419948677033924,0.5928531667427115,0.4948448240745815,0.6797210096239605,0.06472334115408507,0.31310343955149306,0.9873847517730494,0.1602304964539007,0.011170212765957446,0.18070921985815602,63.65580190677966,0.024120762711864408,0.2081477814769976,0.21921489255447943,0.5115296626710757,0.11686626473006304,0.21584239130434785,0.555421974522293,0.13818399452804378,0.12266105319433307,0.1638738782604861,2026-10-03,4.375,0.4
681624,Andy,Pages,LAD,167.0,404,0.2276741575930974,0.2407440531077087,0.2222715027640378,0.6186193032834576,0.5851433617558555,0.595142691328262,0.21167810277951768,0.28209536199980434,0.5650267340389049,0.6865028068399323,0.592636102674108,0.6115042750414341,0.7657407167403363,-0.002506588654153985,0.3527030451237609,1.4966856392294223,0.47246935201401064,0.0828721541155867,0.569776707530648,91.47868629908103,0.16075605680868837,0.44012491645781127,0.5270686299081035,0.28499510458388966,0.22706680380056812,0.07984848484848484,0.23603514643825985,0.2581871842525456,0.22009718902576048,0.3033104707024416,2026-10-03,7.285714285714286,0.35
670231,John,Rave,KC,37.0,122,0.22233132627155003,0.20370870884625447,0.22797916926118883,0.549440780374474,0.5957020257042644,0.5852550399004197,0.1517763788801231,0.2771159887422835,0.43793535460560284,0.6788261579830198,0.5925507869390219,0.413151082194979,0.6814715893131335,0.007295747038602141,0.34679333445302235,1.1031147456931913,0.26077447361225053,0.0,0.13163522012578616,77.01803125,0.07173076923076924,0.29451512019230774,0.31876653846153846,0.2230432467351072,0.27946230598669625,0.1787518740629685,0.24055875576036867,0.12709297701829156,0.19020672249531148,0.2966253192916364,2026-09-26,6.6875,0.8
806198,Cooper,Pratt,MIL,67.0,193,0.23726341002631549,0.2124774693223264,0.24586785576293346,0.5665685141647165,0.6275516246845159,0.6124649096062132,0.1977403402993889,0.30195921188620295,0.5375100047069226,0.7158270075214621,0.5922206021883811,0.48807414022940027,0.7071329814235315,-0.02024430741783212,0.36271433758624405,1.0002383615751151,0.3709639041192791,0.0047115384615384615,0.2937876150392072,85.71672239853781,0.011154550577627499,0.3216667681099807,0.32329153986409653,0.2354624542124542,0.19805023923444975,0.30817307692307694,0.20154118608664062,0.3520813869668932,0.22190016545606045,0.3283269103688238,2026-10-03,7.6875,0.8
696100,Hunter,Goodman,COL,184.0,381,0.22322064894724497,0.2018071393012516,0.23356208142719978,0.5456637004743498,0.6058428221425971,0.586912690608205,0.19228319607304317,0.26099153420987903,0.5264052128345982,0.6530451623140823,0.592161526913107,0.5253815990781174,0.6861221477771928,0.005248836304902027,0.34754711503523456,2.067999287118978,0.12520161188369153,0.01866624525916561,0.8401728859390363,88.98461029366453,0.11189116343401473,0.29443730842441507,0.3809732186149722,0.22456328247261348,0.33631484692248026,0.04361814345991561,0.2749122568563489,0.2039557787697443,0.2546289767450909,0.43195453196121114,2026-09-27,3.4,0.75
665742,Juan,Soto,NYM,164.0,300,0.22143649313790237,0.23755141884897896,0.2126270004158472,0.612976833372119,0.5668564886051104,0.5835823278689558,0.20063039901268526,0.27782539963530084,0.5433150497108512,0.6799279627055717,0.5919169122275976,0.5746946734715812,0.7474886249639545,0.008334584358641761,0.3454322495427858,1.3719924116605489,0.21496381725624256,0.07348786544227887,0.45206938556583776,92.7891803045506,0.1329920394209244,0.33516514660273883,0.40634408143583084,0.2348686517208633,0.21869509043927648,0.2669560185185185,0.1483338208766028,0.23663856304985337,0.18533484510440812,0.22640079056349394,2026-09-27,2.0,1.0
680869,Zack,Gelof,ATH,114.0,318,0.22409727764679727,0.2389378633736023,0.21877706766926336,0.6154344241091473,0.5785826212773011,0.5885420435669302,0.19633823368800493,0.27594693940604353,0.5346747960232392,0.677004569878534,0.5917826912252891,0.5793596907035755,0.7544504232525581,0.003240647658358964,0.3482889944412693,1.6670423418209879,0.15879484953703704,0.09238667052469136,0.5959162808641976,85.55218023368526,0.14506373948809306,0.3461816891619292,0.4293387826622305,0.23414213683467666,0.2027669840452908,0.5302222222222223,0.2539122979735827,0.14861631180969798,0.2840694112427964,0.29108156432177257,2026-09-27,4.1,1.0
702176,Alan,Roden,MIN,18.0,73,0.2318269066674174,0.2477031009331643,0.227912228629288,0.630714333784199,0.5955793164068957,0.6027107453649106,0.1747271725435677,0.3507967854432411,0.48938753692819703,0.7795387245933872,0.5916462038897236,0.37772167637354503,0.7083826401947998,-0.011064541475187095,0.3565915245386952,1.9118589743589745,0.7349358974358975,0.0,0.4756410256410256,85.44472547974414,0.007835820895522387,0.4479950692963753,0.46479578891257994,0.2767261904761905,0.2777714932126697,0.37083333333333335,0.28983516483516486,0.3101190476190476,0.14500785742347944,0.1995136291510824,2026-09-26,5.5,0.2
669257,Will,Smith,LAD,85.0,191,0.23615800916420776,0.1944451479037248,0.2547213243848415,0.5308271067081013,0.6426321882656864,0.6104956140183273,0.1760789427139951,0.2736094606806066,0.49230883172759476,0.6733402486204665,0.591600616486763,0.48807414022940027,0.7071329814235315,-0.018894997531564317,0.36116958161570734,1.517794853847843,0.3490582982838418,0.01564009661835749,0.33106180428870646,89.14107492636231,0.09013745704467353,0.34211078792341676,0.3954715095729013,0.2614795008912656,0.2981207271500169,0.16085972850678734,0.17013523915697826,0.381678976760944,0.11838881100382687,0.15992888748998574,2026-10-03,3.1538461538461537,0.65
687952,Christian,Encarnacion-Strand,BAL,77.0,132,0.24659613413449674,0.22750985215258884,0.257729798623943,0.5948411569090182,0.647655829003343,0.6288089850546819,0.20376471790679676,0.3217036726989719,0.5495516896997388,0.7429792838201261,0.5915792647614544,0.44118104569962746,0.6881820086745516,-0.037229720293227464,0.37199035705404504,1.2165831728955454,0.14010199277206553,0.09251488478420992,0.37906977396985464,64.96717543579932,0.06311118197278912,0.22995307769982998,0.26380409385629255,0.31831536388140164,0.2733333333333333,0.5428571428571429,0.2602197802197802,0.3722033898305085,0.22848607024808398,0.43669719893997294,2026-09-25,5.352941176470588,0.85
691718,Pete,Crow-Armstrong,CHC,232.0,490,0.21906006135943124,0.21178588491368447,0.22250416122762157,0.5652348472135968,0.5855775664613913,0.5791166757970727,0.21254116314078922,0.27495022291973636,0.5666911956124131,0.6754456893133165,0.5913890932523446,0.6019119505159681,0.743652252795454,0.012272417455271856,0.3424832857869428,1.130225816088208,0.34003381130845683,0.021225761772853183,0.26173720873390904,87.82959293703988,0.0855020145710106,0.3084645911941025,0.3632984528359252,0.18213568383190176,0.13938950336152678,0.27752589086006685,0.2171371293800539,0.17543906810035842,0.21702860998795376,0.3396146201739838,2026-09-30,1.0,1.0
607043,Brandon,Nimmo,TEX,201.0,448,0.21444669805674615,0.24864032824271204,0.19910535951348912,0.6323220512751437,0.5402583438749506,0.5703500114439293,0.2061639827008197,0.2715039941216248,0.5542844373797946,0.6700143057091299,0.5913836404106494,0.534375426382658,0.6859700694334515,0.02103362896672012,0.33729566607596645,0.9679089989844518,0.21207703722510157,0.006606317411402157,0.20262718430452442,90.693310106982,0.01537162162162162,0.29476440570034323,0.30074505191575507,0.20342335519975288,0.13193026097582264,0.3403860028860029,0.18321983542803733,0.22956920219919585,0.27677682630258094,0.2816137051187477,2026-09-27,3.789473684210526,0.95
592518,Manny,Machado,SD,156.0,520,0.21685608660433925,0.23419429297453176,0.2116546246932815,0.6069795986334605,0.564981391495127,0.5749446182466375,0.16852708022184998,0.22839113551742263,0.4758345607768173,0.5964566182851287,0.5903292810684695,0.48182385896909463,0.6334384065794478,0.01538466282183204,0.33940664314372315,2.162834225876489,0.32134312455086156,0.0009060650887573965,0.7679757522590707,92.02611883480081,0.19224550425308284,0.36642093593189706,0.4625710953243849,0.2902857191923629,0.16830155260777813,0.1671531078939787,0.2602169150671873,0.19640835741811177,0.193936174415471,0.28319084965483876,2026-10-03,2.95,1.0
805999,A. J.,Ewing,NYM,136.0,347,0.22804284263839442,0.20362052633518418,0.23761470147769292,0.5492661215479027,0.6130892508658664,0.5958187210948864,0.1925769264849426,0.2672061399837985,0.5270077270920855,0.6631501360944897,0.5897264887379481,0.5189378169992731,0.6910080302766743,-0.006092232356938343,0.35137008231562217,1.8376497071346993,0.3738561478734234,0.002536231884057971,1.0407660972510415,89.25560108745263,0.1975226285532598,0.3961215380877655,0.49477122699323584,0.1704346231432239,0.2029542733557332,0.2155594405594406,0.1811371105819377,0.1941646817867882,0.25203819429126706,0.27553044110209457,2026-09-27,7.052631578947368,0.95
641487,J. P.,Crawford,SEA,158.0,325,0.20762209811861695,0.21450666326870071,0.204275140291807,0.5704647911539789,0.5505615313307615,0.5571432755894747,0.15604225924861287,0.22568664952359657,0.44776687581535923,0.5914844282633844,0.589708187881181,0.48258470038933,0.6604630219181629,0.032564912291706216,0.32855195143805455,1.3282921655295723,0.24237196773064926,0.03068438194286815,0.34037680354676636,87.59710471781305,0.08703703703703702,0.2802520436507937,0.3275392857142857,0.21096111698290287,0.19374850657108722,0.11413043478260869,0.17813467415951886,0.1547514132732788,0.17073171530115977,0.2315479336354708,2026-09-27,1.6842105263157894,0.95
680700,Richie,Palacios,TB,64.0,334,0.23322384175819263,0.18768345135042463,0.24195014411177693,0.5168983142198967,0.620735500319262,0.6052336716440994,0.16919598213099563,0.2484848099736009,0.4773089562319517,0.6320556222580884,0.58950893197907,0.4402213212698429,0.6167626975394547,-0.015724739665029408,0.35679065536868415,1.495350932293044,0.3048634069470158,0.015829145728643218,0.8574718438684652,84.28498474702381,0.02785714285714286,0.2887323251488096,0.2978568675595238,0.22034891051338418,0.18537180205013354,0.3956926406926407,0.2767467948717949,0.22494834428024085,0.12491361064285075,0.35981105333657903,2026-10-03,7.285714285714286,0.7
672580,Maikel,García,KC,82.0,260,0.21940691490334893,0.2666781563279821,0.2044982926078877,0.6622999104832583,0.5510025170362896,0.5797705845307446,0.2002751199454088,0.29082117429255466,0.5426042487608346,0.6996378802338241,0.5893507267815314,0.5633838807286914,0.7627988331332257,0.00958014225078685,0.34168821535974764,0.820081572301967,1.012919490962254,0.0,0.4440041866028708,91.10834163379356,0.00673076923076923,0.25959005588428663,0.25060824950690336,0.24195238095238095,0.3855137844611529,0.03409090909090909,0.3766934046345811,0.05797912713472486,0.08496209319526626,0.16609015554219003,2026-09-27,3.25,0.4
665926,Andrés,Giménez,TOR,143.0,356,0.22855769118669528,0.2215614348993985,0.23136798514479479,0.5838161704833011,0.6018794057159402,0.5967614101008045,0.1937771110848725,0.26728562499983327,0.5294639167269952,0.6632780002987181,0.5889401352344837,0.5061293117656545,0.6664732027598905,-0.007821274866320782,0.351456745567489,1.002575967151695,0.11391505837762482,0.2632997516772676,0.3759751023786704,83.51031503152225,0.0368598706700311,0.33004278879320326,0.33446270371785075,0.22491630672559657,0.269394640447272,0.07248858447488585,0.18175494501440717,0.3337789495450786,0.18045451544758384,0.44513616060327954,2026-09-27,7.375,0.8
691720,Kyle,Karros,COL,160.0,310,0.20807961646037942,0.23563451949525482,0.1938577310230244,0.6095605162966586,0.5296285789705469,0.5580375976995082,0.1860921429505921,0.2609803005370024,0.5135778496043366,0.6530267027430992,0.5889212596103617,0.5149824068759288,0.6822241488810148,0.030883661910853455,0.32864020494713464,0.9703960038188761,0.28242371340243677,0.02133081014729951,0.1846227723222404,91.28836068981141,0.06995897047911423,0.279095312704602,0.31715952270965275,0.2704026794505134,0.06806668508796168,0.07120445344129554,0.2646048227001656,0.13279357220634272,0.29332222788942874,0.2644328513196471,2026-09-27,5.5,0.8
669065,Kyle,Stowers,MIA,110.0,394,0.1930042985139215,0.15097990773386433,0.20473699644744003,0.43608598513506125,0.5514738928948052,0.527883395472142,0.17884484523804559,0.25011079640366685,0.4982489589874982,0.6348344043822329,0.5885517698879794,0.5225718017226483,0.6937025053469227,0.06066837441583739,0.31068670669960535,1.167912942744438,0.2791746612365485,0.1403787672476398,0.30584800207961976,72.74315409152251,0.11271577107103423,0.24797628281805914,0.32376912188688506,0.20320093310324316,0.13933823529411765,0.14985272459499263,0.12514449011045467,0.2009465951285377,0.3091459449619803,0.3043694742772849,2026-09-24,1.6666666666666667,0.75
681393,Connor,Norby,COL,135.0,245,0.23249447185181354,0.2500557190460285,0.22281786625500122,0.6347405242343136,0.5861625123033372,0.6039178297482674,0.17253617654521863,0.2543105203282169,0.4846271279923291,0.6419422682914607,0.5881973680345565,0.4904608112857476,0.6764508773805589,-0.015720461713710887,0.35522287796707225,1.0486555665451636,0.4416190656116643,0.18021553831792317,0.24189183632645805,87.73970349421819,0.05802287581699346,0.4039617948717949,0.42801269984917045,0.28945868945868947,0.30336263736263736,0.1642948717948718,0.35340826686004356,0.21443526734175547,0.19854251455162564,0.2898591352371631,2026-09-27,2.642857142857143,0.7
694374,Tim,Tawa,AZ,89.0,251,0.22529733344323108,0.22798273045084277,0.2243451408787791,0.5957085529984958,0.589001902804441,0.590765086648255,0.17977165398655048,0.267648093906385,0.5002282444063036,0.6638606493077488,0.5876998634213875,0.43736420746636734,0.6320516863719663,-0.0030652232268675306,0.3471925607373036,1.3090600670415224,0.2086514201268743,0.0,0.3528959414648213,84.57094268558951,0.1158024017467249,0.33659338427947594,0.39857844978165946,0.34631313131313135,0.1403478260869565,0.18687830687830687,0.10815873363984554,0.26961344934134746,0.2643723247750675,0.28630419634681664,2026-09-27,7.705882352941177,0.85
681715,Heriberto,Hernandez,MIA,162.0,341,0.20970676668473304,0.19438281433786977,0.21698676750641,0.5307000288701087,0.5751928135286708,0.561207776717382,0.16995966830249598,0.24011226879652187,0.478988651011675,0.6175074203457712,0.5876079095110016,0.4986655842030211,0.6657079977486905,0.026400132793619635,0.3297701284782178,1.6471834617296224,0.26804485586481114,0.013027149602385686,0.40063866799204767,95.81806757902625,0.1500711841893982,0.3628438589507208,0.4987760967964121,0.17937572590011613,0.13151692183722805,0.24683870663650076,0.23291980474198049,0.1379663799246666,0.2991875802277397,0.23988245364973043,2026-09-27,2.25,1.0
665828,Oswaldo,Cabrera,CIN,7.0,16,0.23238137852790308,0.21410589441752043,0.24037690282619553,0.5696972613864966,0.6179734335814735,0.6037135201430112,0.06978653563062565,0.3713764764022614,0.22368285988752146,0.8030449139635291,0.5875837346390409,0.15821985525146964,0.7495416354723428,-0.016129785503970262,0.3547322448177123,1.7249999999999999,0.41793478260869565,0.0,0.0,83.8119230769231,0.0,0.337973076923077,0.3440557692307693,0.429375,0.3047619047619048,0.0,0.0,0.35194805194805195,0.26156921602260114,0.32275815217391307,2026-09-27,8.0,0.2
665953,Andrés,Chaparro,WSH,146.0,82,0.24238714599320832,0.24390568807339985,0.2396834003382332,0.6241488372661588,0.6167513327780643,0.6215001857200528,0.17837806885744534,0.2867736747920741,0.4972499979711996,0.6935950506370403,0.5867924025862874,0.37599641612884654,0.5886435129612428,-0.034707783133765435,0.36469158718649364,3.186625797448166,0.24312765816055287,0.01343201754385965,0.6739895667198298,92.90349626436782,0.1986293103448276,0.3377887787356322,0.4628260071839081,0.4299753080826386,0.1401017501017501,0.07516447368421053,0.40447845004404814,0.23259613806123286,0.34823758979041597,0.3472664218833756,2026-09-27,2.9166666666666665,0.6
800050,Chase,DeLauter,CLE,181.0,378,0.21927798048365033,0.21990436385455225,0.21897804558911796,0.5807071374715738,0.578961948652875,0.5795275945704623,0.21970172813600614,0.2917059770174136,0.5803258130011768,0.7009474435002452,0.5866491106678252,0.5653217462985639,0.7248667089181825,0.00712151609736289,0.3399793479622257,1.3868244883367855,0.43362100290697675,0.03021972242491291,0.38149100985076734,88.29606651123201,0.07905196029511795,0.29641541052406517,0.33111183537331623,0.2024540693845287,0.16701701206989336,0.07874331550802138,0.17278839408467186,0.17291549891899932,0.10142506421774436,0.1722782595715555,2026-10-03,2.7857142857142856,0.7
666176,Jo,Adell,CLE,188.0,470,0.20433043778233964,0.24963007044781246,0.1862105847161505,0.6340144185419088,0.5138255530332447,0.5506708370929967,0.19036787832808733,0.2536077217261571,0.5224629681244879,0.6407597562923615,0.5866355884304137,0.5163168856257643,0.6667869527795784,0.035964751337417056,0.3230431105495186,1.1190492623714179,0.30533063961024187,0.03476467465829168,0.27773116007967996,89.91143449711724,0.108357356395473,0.3252870502348922,0.3997330370489003,0.15781442544292146,0.21413888888888888,0.3111711711711712,0.13548867965439257,0.20586744308759236,0.28301811594202897,0.3222299517570772,2026-10-03,3.7,1.0
701350,Roman,Anthony,BOS,83.0,160,0.22537044883112017,0.2067768517764787,0.23501587730321544,0.5554876533777475,0.608453383866113,0.5909002513293247,0.16708708752229978,0.2697984313687154,0.4726504470250017,0.6673024018981808,0.5854534162141147,0.4763340280042271,0.7241958426988949,-0.005446835115209936,0.3459445707825321,1.2442489252189408,0.2242261899896881,0.0025205761316872428,0.23605402613802146,71.19008991959333,0.10919743308441938,0.28166250699452755,0.32594707683868646,0.37700661143263975,0.08272569444444444,0.09921727395411606,0.2921881557935832,0.10923854447439352,0.35139710169486715,0.3022565835486006,2026-09-29,1.0,0.9
696285,Jacob,Young,WSH,166.0,297,0.2349208983632598,0.22777101492197072,0.23891712951226315,0.5953203694142271,0.6153977539061858,0.6082832096273674,0.19299423515788267,0.26935000343210763,0.5278627893767609,0.6665867514177695,0.5848189541877069,0.5218241149108931,0.6873786257549217,-0.023464255439660464,0.3557355505042187,1.2354767605433672,0.19200881692622482,0.024230561555075594,0.2550961975673525,75.41246529618341,0.056178632167152576,0.2882440523124835,0.31197556395772597,0.24127084110986688,0.273989898989899,0.19065876350540217,0.2959479034976823,0.16546663985436688,0.1532861105271241,0.27312650116358933,2026-09-27,8.0,0.7
645277,Ozzie,Albies,ATL,263.0,421,0.1970363335719313,0.2161472574754227,0.1850976803970661,0.5735965718458933,0.5114945210037556,0.5360879753190295,0.18990444589885036,0.251827373147985,0.5215055877832613,0.6377517036481313,0.584362102378184,0.5754111294850202,0.7189810663143945,0.04827412705915446,0.3132694963170921,1.3004464175885406,0.29993161562740356,0.11640294069729552,0.4906476379325655,89.79457132289096,0.10945340348231423,0.2449001153916461,0.32470712629101545,0.18529514897073898,0.15488910318225652,0.16987190215841608,0.1966855302200083,0.13941068995416822,0.24345419154922765,0.3388351457707286,2026-10-03,5.2105263157894735,0.95
660688,Keibert,Ruiz,WSH,98.0,252,0.2313107171450628,0.2356381079665797,0.2296278429366951,0.6095669317542737,0.5987158343486603,0.6017755771921334,0.22216363234406386,0.3143519570201958,0.5849419356580383,0.7330964546672487,0.5843282961924052,0.5464746477081653,0.7301334835235594,-0.017447280999728143,0.3516344977108805,0.8404205645161291,0.026249999999999992,0.03893750000000001,0.23852217741935483,91.02013715872089,0.2124094097019287,0.31049842468898725,0.360680321031978,0.1703332769889565,0.40805340111099464,0.14966463414634146,0.24420975134922007,0.16113596682671322,0.11510024238451155,0.45931775283515586,2026-09-26,7.636363636363637,0.55
691723,Coby,Mayo,BAL,163.0,290,0.22205567019767547,0.2548592664764333,0.2036177867720288,0.6428636403564751,0.549260694653477,0.5847402683440729,0.17269788010322018,0.24723217466002334,0.4849795427357284,0.6299046155029396,0.5827399213206003,0.4800391171053817,0.6498891193513585,-0.002000347023472626,0.34075149796781173,1.0913527103262202,0.35710172921265637,0.006760485651214128,0.17379598969830753,70.26505774244005,0.13866723149113658,0.2998515263295099,0.4110256106621481,0.34705293266021753,0.13750009578568528,0.08929219600725953,0.19147519081067932,0.26372102575015965,0.2078151286422467,0.279981856759565,2026-09-25,3.6315789473684212,0.95
668939,Adley,Rutschman,BOS,146.0,267,0.22041293852055827,0.20426644045736597,0.22924210974612408,0.5505443327629356,0.598012149335676,0.5816630946581172,0.1785600874620698,0.2576764119858268,0.4976397098241512,0.6475671246922812,0.5818441269338999,0.47685014529009984,0.6662230260366543,0.00018103227578269987,0.33843725548102255,1.478109094694922,0.15920872495161723,0.002966101694915254,0.30613707073862895,85.30152855066446,0.059077553986710954,0.35438820598006643,0.3769106350359911,0.28403060594841417,0.08568259918775382,0.17275200458190149,0.28313958399324257,0.15024475524475525,0.12230558668347574,0.30464014200195494,2026-09-30,3.4375,0.8
647304,Josh,Naylor,SEA,222.0,422,0.21917428175431114,0.23141917005332652,0.21273265805198555,0.6019721890552397,0.567059886934081,0.5793320910172437,0.21073773458483386,0.2767912040472196,0.5632079864613222,0.6783208233780561,0.5812903730044815,0.5861761421546406,0.7346627435845406,0.0019582819872377977,0.3367601672808798,0.6560191012198611,0.2338521187544785,0.004755434782608696,0.49273059590367996,83.68851876092121,0.03619409915141622,0.23550295644730096,0.24433018688985156,0.18508274980910328,0.2841705010224949,0.11792339280657038,0.164465741220897,0.19078402366863906,0.14138033227955696,0.34312544011820745,2026-09-27,5.8,1.0
643376,Danny,Jansen,TEX,63.0,159,0.23207494167120568,0.19152949225865715,0.24814011974032868,0.5248566705824351,0.6314646182746322,0.603159545990295,0.13520030886690326,0.23604002609417973,0.39854333697829236,0.6102850033287894,0.5811471545710283,0.40379629614730184,0.6397820947147201,-0.022012391419266697,0.3505244539046132,1.994408783783784,0.18424268018018017,0.15713541666666664,0.7497508445945946,89.0118709653756,0.0825594190140845,0.2499776998973005,0.30924214458626764,0.21013017436237685,0.30003246753246754,0.4132211538461539,0.11488813845504434,0.33853370893812074,0.20755809201969122,0.14933712121212123,2026-09-27,8.5,0.8
702284,Cole,Young,SEA,215.0,419,0.22026098090456495,0.21070430669075188,0.22516476361571008,0.5631432344290968,0.5905199302353631,0.581377626359854,0.193240381659044,0.25803391987802526,0.5283666236609241,0.6481608360615643,0.5806920185523088,0.545242696735383,0.6942540523261884,-0.0006856078075452299,0.3376013473920536,1.0074302591699142,0.7999001309251357,0.03661596539246613,0.3434232026143791,85.94635640681005,0.037988738971601876,0.3486789017266336,0.3543961247673697,0.2966485507246377,0.11239763708513709,0.14005351959361395,0.2229249916749917,0.13605580843063525,0.18354725735405836,0.2986287915736041,2026-09-27,7.176470588235294,0.85
665862,Jazz,Chisholm,NYY,159.0,373,0.21921219699411404,0.2190796367347566,0.2192687039143227,0.5791535997866053,0.5795101080677213,0.5794035802710804,0.17626704780409647,0.24520362249031669,0.4927143950341668,0.6264021870745535,0.5801318940724068,0.5253815990781174,0.6861221477771928,0.0007283138013264301,0.3361304964549957,1.018280617408907,0.6676037449392713,0.0011513157894736839,0.062171052631578946,85.36249051979283,0.01430817610062893,0.36231200055493895,0.3516767503699593,0.18914174641148326,0.2928921568627451,0.12824561403508772,0.25961315332899587,0.10437137585661571,0.29674550247950365,0.3478106964049788,2026-10-03,6.0,0.25
800325,Luis,Lara,MIL,74.0,140,0.20672753991882947,0.21317259643767977,0.2033208671874372,0.5679060656675892,0.5486722397866645,0.5553909277394389,0.16937270306905042,0.27976796717052826,0.4776979897727843,0.6829311951784592,0.579482637064139,0.5092752370481168,0.749450871700241,0.024091709324700172,0.32183939940794876,0.5691236303577183,0.3543613707165109,0.00286214953271028,0.24118662047480932,89.22654058250798,0.005912162162162162,0.35691198537434954,0.35185003095098205,0.19327543085283022,0.13434873949579834,0.11524305555555556,0.17866379310344827,0.17725181598062956,0.1105246997966077,0.22620671907520817,2026-10-03,6.5,0.7
656775,Cedric,Mullins,TB,116.0,373,0.20709843073065962,0.21242165470508192,0.20544295088874814,0.5664609885487861,0.5528658944157447,0.5561180647187358,0.15221007478267604,0.22081345140483863,0.4389405527629232,0.5824148338215018,0.5791118201068222,0.4790094724543421,0.6452218836456789,0.022993755388086345,0.3220545446535506,1.0325037278459441,0.17377130197682344,0.008767893660531696,0.4779583120313566,90.26768031189084,0.0369761208576998,0.29766871345029233,0.30152880116959063,0.3120223260643822,0.06588476854156297,0.22410807583221376,0.10411111111111113,0.21795757618746694,0.18537651468354333,0.32425981861706976,2026-09-27,7.9,0.5
683011,Anthony,Volpe,NYY,101.0,147,0.22508347337954168,0.2460669493624827,0.21066625518718085,0.6278956581186648,0.5630695178164705,0.5903695513751053,0.17453398051356442,0.2775022304970574,0.4889690535681108,0.6794263755972614,0.5789352932359494,0.4337876750268811,0.6623114437075629,-0.011434258139155884,0.3417857693429225,0.9849101142473118,0.1485089045698925,0.0,0.3105720766129033,88.99748027958861,0.03930802188725996,0.2593862784283649,0.2978537793870387,0.25438463470823225,0.21687095675859722,0.32280555555555557,0.25017606020654803,0.1607082947428416,0.24072364346529884,0.2829431999762393,2026-09-29,7.571428571428571,0.7
686668,Brenton,Doyle,CWS,100.0,127,0.23027272661516354,0.25129455171429943,0.21372010842686756,0.6368479691838351,0.5689575010421013,0.5998903164125032,0.1712561551712671,0.2785827054527808,0.48183138389465985,0.6811011720420965,0.5786267420878848,0.4087421577281785,0.6293088885725093,-0.02126357432461845,0.3471125793958371,1.8052163638032301,0.03237885462555065,0.0,0.4570301027900147,90.53126647445171,0.05957497863004747,0.28699275340846053,0.3405371351427046,0.24924904000990958,0.3581595129008922,0.13282828282828282,0.303422619047619,0.21369565217391306,0.34153797941097336,0.36368759403424117,2026-10-03,6.583333333333333,0.6
678662,Ezequiel,Tovar,COL,167.0,329,0.23619062897311333,0.22119373560294908,0.2438030338145037,0.5831277114334652,0.6239702055185674,0.6105538290444568,0.17240300969683434,0.2434117554710389,0.48433677649571116,0.6232887742471743,0.5783360558909629,0.4533320029803008,0.6152356051666704,-0.032217773153493834,0.3531052933986964,1.5835865255376347,0.05741599462365591,0.0024697580645161293,0.1947098454301075,82.76923932072829,0.09900064192343605,0.2882008024042951,0.3289421349789916,0.39396776765197816,0.21666576642756316,0.12741789819376026,0.2323418632989919,0.31559716599190285,0.2553620700141138,0.4246571905222908,2026-09-27,9.0,0.75
621438,Tyrone,Taylor,CHC,116.0,120,0.24613640729144118,0.26897740059569597,0.22405678043066152,0.6659912751040553,0.5884668743999433,0.6280156278857969,0.21068429434753375,0.32234056069334815,0.5631044659214184,0.743822948724743,0.5781060739945365,0.40776720835377317,0.6144942289186515,-0.049909553891260394,0.3630596490442718,1.248510717846461,0.06416375872382851,0.005190677966101695,0.17717223330009968,62.51502693535515,0.024860335195530724,0.19330009976057463,0.2091204708699122,0.1409387104123946,0.5752631578947369,0.46482494249936107,0.16036571827322613,0.3648436203749793,0.16923137626262627,0.42629617313458396,2026-09-30,5.5,0.3
669397,Nick,Allen,HOU,41.0,118,0.24440483635169236,0.22049317074892524,0.2527131269424843,0.5818137631998099,0.6392505006365246,0.6250165563239725,0.1961418543157063,0.3310055898447808,0.5342767073419534,0.7551056804916899,0.5772946183264765,0.40157156924985693,0.6446951257715474,-0.04772193799749591,0.3608186943307764,1.588874274310595,0.0934687953555878,0.0038522012578616344,0.10117319787131107,78.33224948240166,0.003043478260869565,0.26802151138716357,0.2512801242236025,0.29190051020408164,0.5748655913978495,0.056249999999999994,0.0823019086176981,0.48184640522875816,0.22457138094773474,0.3427612553340173,2026-09-30,8.75,0.2
605141,Mookie,Betts,LAD,168.0,360,0.23181730828600444,0.24483122021310705,0.2257441493866899,0.6257566477333754,0.5915905944968697,0.6026933705351136,0.20068607942415573,0.2728412371169948,0.5434263770265917,0.6721294966834517,0.5771700584151369,0.5168839177124074,0.6864929855226118,-0.025523312119976715,0.34785656787816727,1.6818446316614422,0.4715832353709509,0.0023200757575757573,0.4597292972831766,90.44803705393599,0.09746747126460706,0.2848923483322129,0.3343405861364521,0.3094168048645661,0.12455299173045381,0.16379807692307694,0.29644688644688644,0.1652038785508475,0.13820151596482658,0.21193074074124535,2026-10-03,1.7777777777777777,0.9
701675,Nathan,Church,STL,104.0,359,0.2241506315135583,0.2096338879487966,0.22835603912006308,0.5610661355180414,0.5963923719593391,0.5886410617159109,0.19501184789581938,0.2716165003468404,0.5319812961829824,0.6701926374689398,0.5760510697136516,0.502165638462881,0.6684050465560665,-0.012589992002259298,0.33908731327883007,0.8340831154560265,0.08278797696184305,0.01886069114470842,0.11248380129589633,84.24364296066935,0.013851373608274589,0.2796012140951314,0.2857938174863298,0.17070418552036198,0.18899665981500513,0.2340764497288277,0.1851875299732142,0.17083307589331687,0.1825872344935558,0.4135827414212031,2026-09-27,8.31578947368421,0.95
672960,Kazuma,Okamoto,TOR,168.0,465,0.20893462290161308,0.2170904133943306,0.205988014723599,0.5753895890242695,0.5539385386095859,0.5597054402197758,0.17868746057430251,0.2418904636655611,0.49791229430573514,0.6206309832390615,0.5758029076790303,0.5474476194803585,0.6980802187147351,0.016097467459254555,0.32228001992231853,0.9469766982622434,0.5564889415481833,0.005805687203791469,0.3703060821484993,84.23236801061334,0.07028261077158135,0.25781714439866854,0.30904083618220013,0.1325727486285373,0.3390495806756437,0.12951680672268906,0.1936266233766234,0.1542976017318946,0.2843095036626758,0.23516963385959022,2026-09-27,5.1,1.0
677595,Ronny,Mauricio,NYM,16.0,46,0.2316001455401119,0.2347800634806564,0.2304940871260095,0.6080307778316147,0.6002928983215122,0.6023001210845632,0.12683989289511988,0.3263921489701932,0.3779452665683928,0.7491437122963192,0.5757650936834667,0.2992980081982123,0.7007019918017877,-0.026535027401096478,0.3467833856418169,3.535806451612903,0.3913709677419355,0.23245967741935486,1.3150806451612904,92.5700641025641,0.326923076923077,0.4425647435897436,0.6883929487179488,0.4928571428571429,0.0075,0.04285714285714285,0.0225,0.4727272727272728,0.23231225296442687,0.3277920081967213,2026-09-27,9.0,0.15
683953,Travis,Bazzana,CLE,167.0,348,0.2291013432784086,0.20253869717190953,0.24184836023181475,0.5471194569269228,0.6205572360266318,0.5977551326320044,0.18219605579682016,0.25308423065912866,0.5053793967725932,0.639877131997288,0.5757216091765944,0.496350081363642,0.666640932493359,-0.022033523455409987,0.3441405468524662,1.9413650601017105,0.23937401756819232,0.034871705963938966,0.2961232085067036,88.28923518030547,0.11659749670619236,0.3376251819645733,0.40367140777338606,0.2373225099784374,0.176456769367115,0.37320836294716897,0.23843242317478958,0.23412252013682006,0.17129014190656067,0.3571752748883487,2026-10-03,4.947368421052632,0.95
679845,Nick,Loftin,KC,164.0,254,0.1922406090469907,0.14769008098654168,0.22100551692854042,0.42840108010617595,0.5827749870042914,0.5263178107530719,0.1763803546391824,0.2546855233545374,0.492958578120107,0.6425721004544059,0.5756480682154763,0.4442462653312848,0.6214128303282072,0.04933025746240438,0.3029738310274045,1.25934509569378,0.16169756778309408,0.008791866028708134,0.29010167464114833,66.5673946355117,0.0387711471252281,0.2481331212692915,0.2588592404045403,0.3469308035714286,0.11685637254901961,0.03945578231292517,0.21896066118755192,0.1642799115868997,0.15628558259168684,0.3807852924269963,2026-09-24,5.923076923076923,0.65
683002,Gunnar,Henderson,BAL,224.0,473,0.2089150705739644,0.21279318790179172,0.20707849915444365,0.5671763803798371,0.556079010178565,0.5596673502287058,0.17279342482336793,0.23220752831418498,0.48518769080340873,0.603399302929767,0.5755950834119166,0.5077856659952211,0.6600815008283498,0.015927733183210724,0.3221417751378183,1.1245993075066334,0.24860006587735356,0.062479215434569205,0.17317256286339952,68.24340960524759,0.09915791623248481,0.32561751074480794,0.36500613170691676,0.2036275001698574,0.1562336151829561,0.08992170158627037,0.13672370152540553,0.20999038488085536,0.2638497609188603,0.2735026944020648,2026-09-25,3.7777777777777777,0.9
640902,Jhonny,Pereda,SEA,34.0,66,0.23032399458171088,0.2368466297351703,0.22696384919962576,0.6117232437466209,0.5938379764149482,0.5999835817284622,0.19269584149576344,0.36432116767945,0.5272514956344501,0.7951989754932817,0.5754906756323548,0.48780051644543837,0.8076950191632386,-0.024492906096107436,0.34528495681723287,1.6264305555555556,0.4988472222222222,0.006125,0.16992500000000005,88.17927380952382,0.004999999999999999,0.4201692857142857,0.38995178571428574,0.3810924369747899,0.14055555555555554,0.0875,0.21436764705882355,0.342,0.30928233753048145,0.17986625743357687,2026-09-27,8.25,0.2
543760,Marcus,Semien,NYM,152.0,389,0.20227106053977942,0.20425803446997204,0.20149465941538539,0.5505277146502396,0.5450408666024171,0.5465872631032733,0.16468011560319407,0.2314745002512631,0.4672973356234229,0.6020724692241481,0.5752571697999713,0.4638590268516675,0.6271509649765357,0.028669906696698,0.3144282420215013,0.8025074412852018,0.25915181807473453,0.002264325323475046,0.12124741763618573,87.94890687321939,0.029548789173789173,0.2568286285612536,0.2752037211538462,0.16877602556173985,0.09075472772841195,0.53125,0.1331884115140996,0.16398310183768788,0.19413982889297426,0.2784255567952515,2026-09-27,6.0,0.85
621566,Matt,Olson,ATL,289.0,414,0.20886236441261846,0.2237299090402788,0.19848381272809226,0.5878597908209888,0.5390083680952885,0.5595646613580711,0.19678472525195306,0.2585386783266368,0.5355789927862082,0.6489978687640705,0.5752177640145663,0.6064037893745675,0.74686684558473,0.01565310265649511,0.32187153332795765,1.335795220482311,0.19376562004774725,0.0026137980085348504,0.4545934036733039,90.83493791050904,0.09311986863711,0.2953154187192118,0.37352911637931036,0.10759245984019739,0.3517120389910562,0.27698613868406124,0.22091433836394397,0.1511547120332498,0.2083155656209517,0.3085922688301591,2026-10-03,3.1,1.0
545361,Mike,Trout,LAA,172.0,447,0.20269838883146102,0.23171902170440223,0.19153161287140313,0.6025154225699341,0.5248610326103698,0.5474367902000215,0.17068437306345566,0.23365842598132527,0.4805790391186413,0.6060162102996821,0.575022209486512,0.5520106925393097,0.7085462184191812,0.027585419286490498,0.31478831265502044,0.8605889630948707,0.5690004965738095,0.07486327249053601,0.1348511222821015,92.83222298575254,0.13827316650275576,0.3925769161089854,0.44230579775634127,0.15435725991038138,0.14479388770433546,0.27279131652661065,0.11512723713646532,0.1860269625677096,0.2836001888418196,0.231878566367708,2026-09-26,2.0,0.95
663604,Brandon,Lockridge,MIL,48.0,64,0.14879863817439706,0.22039055736648908,0.09510469878032807,0.5816210580502921,0.29515411952358206,0.43099892852560007,0.17900299692765526,0.33757767660581667,0.4985871019724454,0.76342308808104,0.5747173991194069,0.4633693684359532,0.7683418049663429,0.14371847059380682,0.24770258322548402,1.4179687499999998,0.060156249999999994,0.0,0.06562499999999999,45.83727941176471,0.0025735294117647054,0.1754327205882353,0.19322205882352939,0.029411764705882353,0.10384615384615384,0.6897727272727273,0.4221264367816092,0.058838383838383836,0.12255721830985916,0.47307692307692306,2026-09-26,8.0,0.05
687263,Zach,Neto,LAA,191.0,511,0.21159463015334762,0.2476455889579094,0.19811961424009655,0.6306155146582269,0.5382748115690548,0.5648655104522076,0.1822674266265106,0.2425325834517629,0.5055304619671956,0.6217544342447903,0.5745183919272914,0.5527994644956893,0.7021099369771409,0.009652881475083808,0.32452562472019086,0.9088128645672326,0.8140679393535577,0.08442009006525136,0.2574046790276629,93.27931322596545,0.2968971897189719,0.41399425326461214,0.5390833174388867,0.2540192448199301,0.1519244701109455,0.2411184210526316,0.10662918906427954,0.23500555657045427,0.31578477075277755,0.31617414187818743,2026-09-27,1.0,1.0
808959,Munetaka,Murakami,CWS,175.0,382,0.19592250237912173,0.19785740621703893,0.19503609355285081,0.5377461648964579,0.5320306316645893,0.5338317624870683,0.14491375468878825,0.20784450829109918,0.4218577318808665,0.5575781873964871,0.5743534767307337,0.4986655842030211,0.6657079977486905,0.04052171424366535,0.30660812877374294,1.3031190890018876,0.30963257470074124,0.08190327805874259,0.5412763991141459,95.76044197423627,0.2685405116222443,0.35059087370525766,0.5286999126107439,0.17308350006320217,0.2861818181818182,0.08885531135531136,0.21935250163895348,0.17199400771479556,0.42985854511350086,0.2268701256476387,2026-10-03,3.9444444444444446,0.9
804668,Rafael,Flores,PIT,77.0,85,0.22960392101348595,0.23499008358689027,0.22472469138816675,0.6084071743605648,0.5897053690431606,0.598672219693938,0.1814009536353176,0.312091200875818,0.5036942345501815,0.7300035673202675,0.5740583044628756,0.4117613449352105,0.6906106996500243,-0.024613915231062378,0.34367275936652825,1.4956000245110972,0.2549055718230101,0.0,0.49922256955435973,80.65457883854728,0.12000719165767709,0.2679968698309961,0.3520794884933477,0.18946640316205535,0.23398966408268734,0.20499164578111945,0.21574754901960785,0.19141768292682929,0.30587480986507043,0.2502807924671493,2026-09-27,5.333333333333333,0.75
663993,Nathaniel,Lowe,CLE,48.0,375,0.2251560043246417,0.20594411851280464,0.22761512570855685,0.5538522223258906,0.5950343740840167,0.5905037283130472,0.19179490441902802,0.27170613263417576,0.5254023921161077,0.6703346628511714,0.57398830973508,0.47694474085813976,0.6501993668941208,-0.016515418577967234,0.33894223690666886,1.1812798405414175,0.367190469568442,0.08778594771241828,0.5247508459648634,93.06904696702003,0.03613074204946996,0.3274862566254417,0.3555359474381625,0.2293151561699949,0.2053303092256581,0.1557399230878792,0.2635592179457118,0.21165523697481403,0.2113524931858566,0.19153087279911288,2026-10-03,5.5,0.6
691023,Jordan,Walker,STL,174.0,488,0.2079939503051821,0.21008978696499597,0.2072466642830354,0.5619516472454892,0.5564084410823811,0.5578702422540786,0.21636727050214885,0.28201181722908897,0.5740153174558866,0.6863750990504025,0.573823244484251,0.6139623229698004,0.7567708651589264,0.015953002230172486,0.32011891241145046,0.7468463990581127,0.183646231339968,0.003700906344410876,0.26911209347787446,92.38219715447154,0.1097789926175124,0.33067749859826184,0.36896160858798244,0.22626820518312274,0.11081536388140162,0.07601351351351351,0.11807530814032237,0.1831799991596007,0.3766130947297379,0.3717954787601323,2026-09-27,3.6666666666666665,0.9
687093,Vaughn,Grissom,LAA,173.0,292,0.21346754738752632,0.23434499993076402,0.20109837173690942,0.6072502380215191,0.5442501104527628,0.5684727132321343,0.1841265744769687,0.2591820427760588,0.5094539798323916,0.650062686458897,0.5733210551694707,0.4945364938612456,0.6696112452874842,0.004848341937336409,0.3259173757852992,1.099040872175141,0.20825459609075997,0.10554975111627485,0.36867294286495356,85.28404411444332,0.055557924662402274,0.3468987740258336,0.3730820517830104,0.18950596389426175,0.20305962820864165,0.2769736842105263,0.13297248759729932,0.211479020979021,0.19557959380140993,0.33235990147065286,2026-09-27,3.8421052631578947,0.95
671732,Lawrence,Butler,ATH,147.0,388,0.23448490288048018,0.2275493619740081,0.23711254337855076,0.594913680235909,0.6121965574360795,0.6075013564161126,0.1770041743563558,0.24583162472886466,0.4943014440967768,0.6274889930874139,0.5732247188601243,0.45031543996943135,0.6085691066021788,-0.03427663755598831,0.3482347942387703,1.2650141503224959,0.2840098503795358,0.012121232065288931,0.316936356456496,83.89480922084404,0.08540804030237399,0.30126985798539696,0.3388128136394385,0.25115777184653104,0.20836693548387097,0.2871456916099773,0.28965192416279373,0.13283994290324583,0.18786973398509801,0.2319058623397405,2026-09-27,3.15,1.0
695336,Thomas,Saggese,STL,55.0,122,0.22162505596232707,0.19835031795068717,0.23211776572167292,0.5387395840546109,0.6032369962023587,0.583935208437674,0.16059916400364366,0.2809005857846923,0.4581327655743005,0.6846729176431344,0.5730601703128136,0.39523304210096466,0.6594700979050041,-0.010875038124860348,0.33463000999894177,0.7734795480503549,0.19041094547765858,0.10408008554374541,0.2335880893102238,83.7749244100295,0.05225540806293019,0.31555006760078663,0.33537877949852507,0.2260810681164055,0.1099942396313364,0.14875,0.13258638211382115,0.2110128741471189,0.23915879727049938,0.34082438318203123,2026-09-27,6.473684210526316,0.95
682674,Victor,Bericoto,SF,67.0,49,0.21713719737560672,0.23497275484183816,0.19274980247280044,0.6083761276841516,0.5273620827515964,0.5754783887876868,0.16518201488970738,0.3174678075497547,0.46841674893451124,0.7373175908130694,0.5726661934148809,0.39706297121992473,0.6985359900194876,-0.002812195372805859,0.32955701829957346,1.2233008166969148,0.42869838929219606,0.0,0.2707180127041743,85.173253125,0.12760937500000002,0.273266546875,0.32397285937500003,0.14288488700564972,0.33642146949780927,0.10912698412698413,0.1861989904195974,0.16807692307692307,0.29986154158039613,0.4014001849039496,2026-09-27,3.0,0.35
553993,Eugenio,Suárez,CIN,128.0,366,0.21640878615648657,0.18288173129665256,0.22813409495992576,0.506829351595129,0.5959859189835935,0.5740943002671529,0.15437373345281297,0.2229380703203404,0.44393619717210786,0.5863864928270315,0.5722224161371732,0.44880835644487477,0.6210449352081258,-0.0018718841299797395,0.32850962758945,1.5471281480411285,0.18212120019220218,0.13516327850809554,0.6872409876821781,87.42447594339623,0.3238028301886793,0.4476107245283019,0.687010737264151,0.1897900132275132,0.31036741036741033,0.11703754578754579,0.10880226684650958,0.23016364440513049,0.3298788522738781,0.302753387938532,2026-09-26,5.1875,0.8
669394,Jake,Burger,TEX,168.0,448,0.19382757790178246,0.22720616516534248,0.18131060767794743,0.5942834063600736,0.5035024936472061,0.5295669975281131,0.176089739574898,0.23988995192760557,0.49233211652389075,0.6171156127403711,0.5722156514544547,0.5148691530258751,0.6677028292217584,0.04264865392634165,0.3030265244793289,1.1733043702470303,0.3584029400069586,0.003977272727272727,0.40869021509518366,83.9799529930224,0.13757712082262213,0.25798027221814174,0.3594479999081895,0.23085002313862607,0.08892397069967165,0.09653624661246613,0.17319530063432503,0.16019736842105264,0.32103876179343743,0.3427411473549757,2026-09-27,5.55,1.0
671277,Luis,García,NYY,89.0,461,0.23443938577999662,0.23543667897982742,0.23424684978263233,0.609206701126978,0.6070739952145889,0.6074196682188593,0.23026979324717264,0.3038929244566182,0.5998849796380434,0.7185727360225109,0.5721645306614307,0.5133466505133206,0.6686589038713051,-0.035255137557428595,0.3475439893809656,1.502684659090909,0.1268861505681818,0.0,0.4927373579545454,91.38243631731756,0.0948808668400296,0.38914597302799664,0.44821486083125506,0.3242618475649705,0.2985610766045549,0.1665154913316678,0.3086074561403509,0.12451419684651392,0.25810095771867864,0.36578255296633855,2026-10-03,3.7333333333333334,0.75
683737,Michael,Busch,CHC,202.0,507,0.21533811493056504,0.22416263747045972,0.21182223021052812,0.5886633409343239,0.5653050091799116,0.5720540206122211,0.17645361742353965,0.2357578991552205,0.4931164191540788,0.6097810508523276,0.5720377284030912,0.5530698988066063,0.7001840239378259,-1.629220912990892e-05,0.3272364824748701,0.8953481213059387,0.504473740530758,0.05682355581032259,0.22196335577475398,89.40483390280941,0.0650673880030372,0.3181325408124525,0.3516719912680334,0.2511812988100676,0.20495777370777374,0.1581341911764706,0.22865299942031952,0.2132372682586022,0.23252103472968133,0.23751870998486319,2026-09-30,3.5789473684210527,0.95
807727,Charles,McAdoo,TOR,58.0,46,0.23285828068355663,0.24045540003919222,0.22327930410471175,0.6181115869843378,0.5870218541046454,0.6045745610553641,0.16845379493398854,0.3308111390670923,0.475672844787123,0.7548564554161779,0.5719570776762987,0.3945389925620306,0.7111651775375785,-0.03261748337906545,0.34579069917865707,2.177612415158371,0.19789133201357467,0.0,0.6259915865384615,89.87199305555555,0.1213888888888889,0.37580819444444447,0.48670243055555557,0.3175226030277544,0.149890350877193,0.17544856459330144,0.3670888704318937,0.15892857142857142,0.16349323425022183,0.2635239643280763,2026-09-27,3.8,0.25
669134,Luis,Campusano,SD,56.0,200,0.21730357183540538,0.22728064261409237,0.21450999201737303,0.5944202421294249,0.5704711620866187,0.5757940734446405,0.18309357605673396,0.2858133465478374,0.5072767117744847,0.6921486553992642,0.571453345685862,0.43424321509808306,0.6568534416732852,-0.004340727758778473,0.3290394496960308,0.9474981154057016,0.48793322825292396,0.0203698944627193,0.3543434187682748,86.28481236126288,0.029178092076778753,0.27551287049254686,0.28818187740964474,0.23572684923941362,0.17637814270733276,0.17525641025641026,0.22697037753254007,0.20926075268817207,0.2562373808440228,0.34632483368148675,2026-10-03,6.333333333333333,0.6
689414,Liam,Hicks,TB,118.0,429,0.2341179803913539,0.19501252743951403,0.2448742588256595,0.531982678980828,0.6258312935433676,0.6068425057877287,0.21597288381311935,0.2884217189742773,0.5732644817677994,0.6960659243269893,0.5714120094567623,0.54069935326447,0.6976529505132932,-0.0354304963309664,0.346757095655943,1.530160951873132,0.340678139781202,0.027722642987725254,0.23348948811700188,86.34822766708334,0.05627505044995402,0.3156018420712837,0.33155707056716727,0.21952388771704984,0.17754884004884006,0.32889576883384936,0.24533375437232802,0.2274491136479751,0.10777046335986937,0.22308204531812728,2026-10-03,3.769230769230769,0.65
669003,Garrett,Mitchell,MIL,127.0,401,0.22498682145948407,0.2018731787366138,0.2323071023218395,0.5457952520571867,0.6035792949493806,0.5901907035979552,0.1971271761707499,0.26887910203527415,0.5362716443404194,0.6658340524197093,0.569835780268883,0.4636597472812892,0.6236815089990647,-0.020354923329072183,0.3363117800921819,0.9573520014737062,0.558641430052656,0.017025897562582347,0.20088754030580402,90.7663322938323,0.07918832293832295,0.43985566528066533,0.4626390397609148,0.29278833041106567,0.15694630290415304,0.12334943639291465,0.25066572141009813,0.17079046276720694,0.2345495939208606,0.23174389095585873,2026-10-03,4.411764705882353,0.85
675961,Alika,Williams,ATH,101.0,126,0.2350109165011368,0.23019142113176466,0.23887416278928436,0.5997423758008692,0.6153217543961983,0.6084444968796496,0.2031653574446198,0.3159851427858473,0.5483638214317866,0.7353149742056111,0.5698336185732492,0.4538575306835997,0.6713906818078295,-0.03861087830640042,0.3467121293579108,1.098794553464157,0.05969162995594714,0.00539647577092511,0.11525330396475772,65.66705809979493,0.006068580542264753,0.2232813943950786,0.2347125039872408,0.5227941176470589,0.313847699556541,0.09013157894736842,0.3395099255583127,0.16306447597709733,0.17720465832427185,0.34103121837071027,2026-09-23,8.285714285714286,0.7
575929,Willson,Contreras,BOS,147.0,390,0.2117644854816489,0.23707214293384987,0.20222544536505008,0.6121246731234536,0.5464965130691031,0.5651935333749396,0.19900639061817404,0.27033902416233463,0.5400594724807615,0.6681636797110161,0.5689060833747233,0.5561413946369287,0.7182549247413781,0.003712549999783654,0.3215420394210578,1.0728495201260564,0.5668686434608222,0.13491620111731845,0.2597224609654777,87.79728507383967,0.09520042194092827,0.5648823114451476,0.5806751582278481,0.2951111528920518,0.16212998712998714,0.1050925925925926,0.20148431564094216,0.20050072707791214,0.3783285486443382,0.33685127422391775,2026-09-30,3.5714285714285716,0.35
657757,Gavin,Sheets,SD,71.0,347,0.1971160970440344,0.07799013352057224,0.22149057373039122,0.2473821927234774,0.5836835573207265,0.5362492469221838,0.15216959174986258,0.22674399172661489,0.438846777641414,0.5934335279635751,0.5679840088976551,0.41754774586666954,0.5902137309836638,0.031734761975471315,0.30458099703521047,3.213165370813397,0.07180023923444975,0.007326555023923443,1.2703199760765551,77.53297875064005,0.2108678955453149,0.24115729646697387,0.42567453917050696,0.3821014892443464,0.035388795986622076,0.07653985507246377,0.28894389438943896,0.075,0.10841833747229968,0.3238714209720581,2026-09-30,5.0,0.1
545341,Randal,Grichuk,CWS,180.0,100,0.2589610370639531,0.2796862317693972,0.22165568659415377,0.6828052385776973,0.5839925110940849,0.6496971655362,0.2293296738358644,0.3338067315532716,0.5981719679478602,0.7586758194467575,0.5678042607819979,0.42675041039461237,0.6071935006875336,-0.08189290475420219,0.36890081880944137,1.984370888157895,0.06853618421052632,0.0021875,0.7173408129699248,91.1523457782452,0.0996514423076923,0.32641954126602557,0.3904599661959135,0.3141544529604231,0.2909364111498258,0.14452107279693488,0.25404292406580237,0.330960705960706,0.15938226796192928,0.3999491222240188,2026-10-03,2.9,0.5
805805,Walker,Jenkins,MIN,24.0,68,0.2245882211798799,0.20673069266376215,0.23089087830321559,0.5553971123259113,0.6010138065949813,0.5894525316301709,0.13639137196639645,0.3001781391360337,0.40143763884002936,0.7132811364478792,0.5675597222135759,0.3507486535891947,0.7210866626878901,-0.021892809416594994,0.33454951511010883,1.2471386036732146,0.12378959627329195,0.019872711670480547,0.28241304347826085,86.86069147092223,0.05969308469308471,0.2813424911840297,0.31488479738210506,0.38254901960784315,0.13810510610079577,0.13541666666666669,0.16818339500462534,0.35750000000000004,0.17674992696465092,0.2477422480620155,2026-09-27,7.0625,0.8
666152,David,Hamilton,MIL,77.0,296,0.23830096688725885,0.2045346246786824,0.24708477888070612,0.5510742859201891,0.6296509204453767,0.6143068594897327,0.1832585019737627,0.26743887976391606,0.5076247910185947,0.6635244369273146,0.5674008326602706,0.41822409790457915,0.5987478576364939,-0.0469060268294621,0.3485582235833902,1.526365616621984,0.1714164432529044,0.049194314119749775,0.09455093833780161,84.49847648221343,0.08665612648221344,0.3520781324110672,0.41060974901185776,0.2550394734841574,0.2732824612403101,0.1630827505827506,0.29496794871794874,0.15918817307474056,0.1799860241472425,0.26964488242133294,2026-09-27,9.0,0.5
608070,José,Ramírez,CLE,160.0,372,0.2019576006885631,0.22427148859128476,0.19236022954760756,0.5888652944923785,0.5265632806866152,0.5459633822748248,0.17626704780409647,0.24520362249031669,0.4927143950341668,0.6264021870745535,0.5672898131758018,0.5284901543501036,0.6965926743095646,0.021326430900977078,0.3097194651315142,0.853195751747338,0.3047300030171574,0.010690789473684209,0.22290867337726822,87.75194750313918,0.02656137167510682,0.2519067193544084,0.2598301103889832,0.2222646567129763,0.0942828341013825,0.1945551565371099,0.15722258626761348,0.16376200585838468,0.10604849481092588,0.25062951856054466,2026-10-03,2.235294117647059,0.85
676480,José,Barrero,BAL,2.0,4,0.2197846258366021,0.21264639041573186,0.22335374354703724,0.5668938208217156,0.5871603641655117,0.5804818416929387,0.030053369748306635,0.5635028221864703,0.10129442663473509,0.945054131761276,0.567078715972055,0.09453120573423068,0.9054687942657693,-0.013403125720883757,0.32917889743232537,0.4520833333333333,0.0,0.0,0.0,70.18916666666667,0.0,0.123225,0.12012500000000001,0.5,0.0,0.0,0.0,0.25,0.39278846153846153,0.5920454545454545,2026-09-25,9.0,0.1
678218,Brandon,Valenzuela,TOR,78.0,191,0.20950543494207585,0.20140382437758914,0.21281394606265158,0.5448597001574462,0.5672163255900791,0.5608164051695033,0.1539033224550514,0.2486801386342682,0.4428527851723263,0.6323902310295686,0.5670155957208312,0.4162476538774017,0.6326273302399218,0.006199190551327893,0.3179916480672009,1.3517279867337268,0.544320923536701,0.0022769516728624534,0.6564776951672863,76.1713455882353,0.10852941176470589,0.2533558823529412,0.30634205882352944,0.15925379667863865,0.28991228070175434,0.16092436974789917,0.26183473389355744,0.17172619047619048,0.2520389420809276,0.23675533599078757,2026-09-27,7.714285714285714,0.35
682626,Francisco,Álvarez,NYM,119.0,296,0.21329567105359215,0.2075855542314164,0.21559129234358848,0.5570717866736479,0.572537106363068,0.5681425761041483,0.173228102268494,0.2513751815645613,0.48613389487303516,0.6369848311950579,0.5669068102477194,0.5196688348455415,0.698022583016307,-0.0012357658564289276,0.3220838955851249,1.2953380756659503,0.3611558428837301,0.0059036144578313255,0.5749576321975967,95.4859555523029,0.14606569574551131,0.3132829942427791,0.3957900474482826,0.1638649041959738,0.174846623760563,0.3117355237475602,0.14155641857289178,0.20032554862000285,0.29605995806680374,0.3028635780097848,2026-09-26,7.615384615384615,0.65
682663,Agustín,Ramírez,MIA,93.0,160,0.21839479534206896,0.2179701947461133,0.21864159443846815,0.5770572651041279,0.578326790300973,0.5778604437234283,0.1638741864958826,0.2637883074217233,0.46549630690096355,0.6576191330065424,0.5666549904631575,0.4203923691451584,0.6464155215452013,-0.011205453260270781,0.3274475042271352,1.1758771929824563,0.1807559288537549,0.004841897233201581,0.2768369478538243,89.9445488600874,0.03913485770483742,0.3581407554902839,0.3692816787550966,0.2915322580645161,0.10151098901098901,0.0978560371517028,0.16588031416303822,0.2622271689497717,0.30329917885985247,0.3413195457479817,2026-09-27,6.0,0.6
663656,Kyle,Tucker,LAD,191.0,433,0.22113372903371742,0.21234078944147194,0.22501236982383033,0.5663051696229546,0.5902379845233623,0.5830152814208345,0.17529564635935344,0.2385691202471196,0.49061751791509156,0.6147818869050715,0.5660627633564257,0.4989530516684212,0.653098254619008,-0.016952518064408784,0.33002324128010174,1.6212386424976615,0.35737093009632065,0.0029447115384615384,0.4116455908193151,86.47428939772705,0.09094149375997539,0.34845683445185854,0.38516556623175585,0.2635271546635183,0.10678327122587869,0.1473259448707019,0.2407137192320712,0.21321102521193264,0.1497459330094017,0.2401299407920407,2026-10-03,5.111111111111111,0.9
656811,Ryan,O'Hearn,PIT,139.0,308,0.21940136007076816,0.21191163558618592,0.22278146300374524,0.5654775653729254,0.5860946637384505,0.5797601179547521,0.20423805777697362,0.2833867036984969,0.55048822021354,0.6884720502716203,0.5660231134388096,0.5156993628097574,0.6951201422160979,-0.013737004515942508,0.3281576270124003,0.9127308144870119,0.21473688834212698,0.061804756918816546,0.3575409031247738,83.50013042469952,0.03614029603936436,0.28151467592966045,0.29359381201097046,0.24719612087259146,0.2509290709290709,0.06,0.24994509980692076,0.20566771407892903,0.22552787675885,0.29437228349402084,2026-09-27,5.230769230769231,0.65
805300,Jakob,Marsee,MIA,144.0,464,0.23130457344735633,0.22227673940571763,0.2341063150464856,0.5851531383430599,0.6068215464005646,0.6017644373435677,0.16613823753742896,0.22912994073678644,0.47054481280000493,0.5978073564434543,0.5657674332594012,0.45374850912928033,0.6104192680185561,-0.035997004084166506,0.340458721142658,1.0061387139090134,0.3454442620658428,0.39149339774664393,0.1850408021255061,85.9603602552132,0.0443513431013431,0.2891942441463765,0.30502090413943356,0.21424919501005527,0.5520068553737285,0.1644423076923077,0.27161293818902515,0.20251904084365582,0.13646064344951636,0.24421969569745827,2026-09-26,4.944444444444445,0.9
572233,Christian,Walker,HOU,142.0,495,0.21033444516525773,0.2045984351233105,0.21197992683385675,0.551200314623691,0.5656093374337321,0.5624263305914727,0.1731296738616445,0.23546039973088925,0.4859197452105203,0.6092491350599564,0.5646523637770384,0.4950411766430827,0.6479567802807,0.00222603318556569,0.31757535701892114,1.4744339971452647,0.3918201516793065,0.009615384615384614,0.3848428175892964,80.84327290547367,0.13393416792946689,0.29037924717017954,0.3672792078511733,0.2126619168033534,0.22840485074626868,0.09802989130434783,0.11073203509305746,0.2592276865331177,0.30364385122639037,0.33073833815989273,2026-09-30,6.157894736842105,0.95
608324,Alex,Bregman,CHC,177.0,525,0.23008149804434797,0.23395433322463155,0.22877579932642378,0.6065484043064326,0.597160292673727,0.599542301482894,0.19976798027643655,0.26186749713672586,0.5415882542200696,0.6544824170072083,0.5643640412919757,0.5722922575954212,0.7199209587270914,-0.0351782601909183,0.33836011619037815,1.9599454683048436,0.3176751691595442,0.045495014245014245,0.715857816951567,90.83588766477034,0.2177859731132846,0.3675923034887379,0.4975475528033209,0.23002163983099236,0.3015001164686699,0.16957250826641473,0.19277061109732904,0.22363861652452716,0.16777277164817456,0.2396889145472046,2026-09-30,3.125,0.8
656941,Kyle,Schwarber,PHI,265.0,436,0.19797228775578674,0.22282643115070652,0.18286598500428736,0.5861784744450169,0.5067960880052554,0.5379778347281983,0.17045190535232438,0.22941313563470447,0.4800692594932826,0.5983242569658214,0.5642570333396948,0.5135056984274458,0.6645816277978251,0.026279198611496524,0.30355777702624576,1.2231354663079432,0.6551258569651937,0.05767547211466613,0.38213217447079784,91.67791524327123,0.10937823498964802,0.3513850381728778,0.4307338159937888,0.22905572673183172,0.19887414800389486,0.07098459845984598,0.1887077004369896,0.2050766016713092,0.26914310352461335,0.2805829264266432,2026-10-01,1.25,1.0
703492,Nick,Morabito,NYM,17.0,29,0.22077229478877397,0.20523816408269885,0.2298785093406111,0.5524624138305236,0.5991726478935288,0.5823376297873363,0.09085791702246311,0.307233537163785,0.28350829966061275,0.7232714338140394,0.5625236435292997,0.19824496141341577,0.642531698793754,-0.019813986258036542,0.32757868527218886,0.7933967391304348,0.1414266304347826,0.026630434782608695,0.08360054347826087,72.60317857142857,0.0,0.2693115714285715,0.2772311428571429,0.190302679776364,0.49079670329670333,0.07142857142857142,0.05772727272727273,0.27518348817344906,0.20375000000000004,0.32413698824550863,2026-09-24,8.625,0.4
667472,Dane,Myers,CIN,144.0,188,0.2185049911099443,0.22266272331898349,0.21532034516259516,0.5858733008839101,0.5720200996245899,0.5780687129134973,0.18420511906380993,0.27387250887678966,0.5096192479231887,0.673754088388868,0.5625020923661312,0.45701419490094186,0.6422266497887195,-0.015566620547366017,0.32516486054523863,1.0767990693423855,0.2544857836920437,0.0055346385542168666,0.23234722947517633,66.08830873015874,0.07853174603174605,0.25630265873015873,0.2922543174603175,0.146531375935521,0.1728047798066595,0.10909783813747229,0.18018804294465435,0.11202586505790167,0.284774450083892,0.2672821052702964,2026-09-23,1.8181818181818181,0.55
802139,JJ,Wetherholt,STL,218.0,397,0.21841480414553183,0.21097440208597001,0.22250046572987559,0.5636662309272645,0.5855706721840571,0.5778982656695909,0.18095572660230333,0.24539169253068135,0.5027488186634637,0.6267278939387295,0.5616077946454847,0.5180822383990863,0.67932125866587,-0.01629047102410619,0.32455217051214935,0.7866048441734418,0.122602472899729,0.015934959349593495,0.23534806910569112,84.46659559551303,0.03818820108874959,0.27240326573325635,0.3001231436613329,0.22552111815832748,0.316629798308393,0.06625,0.14062144482366326,0.24331928780065126,0.18194674936009056,0.20115848875354259,2026-09-26,1.0,0.4
671056,Iván,Herrera,STL,216.0,491,0.2016256225443306,0.23257671773762406,0.18800966213343168,0.60406636441733,0.5175769888154129,0.5453019760656681,0.17829244101805275,0.23789242714017672,0.49706658938465353,0.6135823367505704,0.5612718798161337,0.5441867952191887,0.6924041709067671,0.015969903750465586,0.30606266517382985,1.0927034765632107,0.2972805548313558,0.12865292270194564,0.2902615001242929,86.02441776276152,0.13773702069745222,0.4027984709374427,0.49896609586998225,0.1878276891884487,0.15960567210567211,0.106734496124031,0.14571303148124923,0.16312643509630648,0.2158314298955592,0.29291472608893804,2026-09-27,2.0,0.95
663968,Jake,Mangum,PIT,132.0,339,0.2217613730718809,0.21427257803808247,0.2246773640584927,0.5700166032873155,0.589617698627328,0.5841901821793315,0.21751877524205276,0.29600306302854273,0.5762021590713229,0.7072494676447674,0.5609542943045254,0.5239072313441495,0.6917403765486954,-0.023235887874806127,0.327703991384039,1.0356652772573995,0.12660289434245034,0.03134952229299363,0.3707712782565255,80.9573672217159,0.03722326649958228,0.2895508497253234,0.29923493870408346,0.1259085090361446,0.2911216616639729,0.15266516516516518,0.13321575502571295,0.26024405759324765,0.2084936519998586,0.3935776638954721,2026-09-27,8.142857142857142,0.7
695731,Braden,Montgomery,CWS,109.0,266,0.22935150327598602,0.18099490072906416,0.2491668028158901,0.502832054404244,0.6332229681667357,0.5982118031346283,0.1626482368844553,0.24343577329645633,0.46274831426267204,0.623330627909641,0.5591991038302018,0.4784963648984185,0.6732618161216647,-0.039012699304426524,0.3345195042135332,1.0675004626436784,0.14740833333333334,0.0049,0.13091633333333336,89.04131500172534,0.0315841652355808,0.3272498542164872,0.35522432328697684,0.3588314536340852,0.07861067589328459,0.1554218426501035,0.2608674816933425,0.2493016167829036,0.3029215536689064,0.31205383254438807,2026-10-03,8.066666666666666,0.75
687637,Dylan,Beavers,BAL,69.0,291,0.20301621872322087,0.20723570007926803,0.20201572314395194,0.5563869678291364,0.5460791099884801,0.5480678971651896,0.16702513862025217,0.2503034948808673,0.47251315635600244,0.6351627260721826,0.5590277265560786,0.44281961379120005,0.632765134275744,0.01095982939088902,0.3063851505506266,0.8999947312801931,0.308495184178744,0.003402777777777777,0.42022306008454113,68.85972764779203,0.13155272435897436,0.235723565954416,0.2965702283297721,0.1452810786631544,0.1590110729285987,0.33118356235416124,0.15569404303147077,0.1894044100163645,0.27439180016348697,0.20725304256723787,2026-09-25,2.25,0.8
677800,Wilyer,Abreu,BOS,218.0,457,0.19933956518337337,0.21340102251608212,0.1926319115760856,0.5683449547863714,0.5271204543425412,0.540728719881672,0.19108163665847389,0.25356041473459084,0.5239348058269868,0.6406800586220394,0.5583944543080038,0.545242696735383,0.6942540523261884,0.01766573442633179,0.3019399184669917,0.6956319079266561,0.3208642298034056,0.0027222222222222222,0.21272793763876469,88.72864180637151,0.06717924988669224,0.2795069450613186,0.3099560840649363,0.13098335176045228,0.25815928474510563,0.10913033516627389,0.1982921408250356,0.14011420284093218,0.2184615601013305,0.3204921895424653,2026-09-30,3.736842105263158,0.95
666023,Freddy,Fermin,SD,74.0,182,0.23433679225421628,0.20527704564690993,0.24615229362202215,0.5525390401074808,0.628043063338116,0.6072355021134155,0.14096616877647156,0.23557674036802523,0.41246203084869715,0.6094572085898186,0.5582118158611893,0.35747993562785246,0.5709564240873121,-0.049023686252226195,0.3389660322901107,2.0397340152138157,0.1779178659539474,0.007177734374999999,1.5236935906661182,85.94425662878788,0.0069602272727272724,0.27850066287878794,0.2811703598484849,0.41267452915515057,0.2654188316800504,0.075,0.30672010915913356,0.5111585782638415,0.231578874895966,0.2266906101045738,2026-09-27,8.5,0.2
805346,Ben,Ross,MIN,7.0,14,0.16616492840239183,0.2405650108060005,0.1289648872005875,0.6183044398595454,0.38322775991232527,0.47060412560514886,0.07667565052761788,0.4000056469020493,0.24362004581345365,0.8326926307091164,0.5579641935294354,0.18877852109766458,0.733348706504507,0.08736006792428652,0.262580251414902,0.9283333333333332,0.0,0.0,0.15083333333333332,55.92108333333333,0.13875,0.252855,0.28836958333333335,0.13383838383838384,0.0,0.3875,0.21750000000000003,0.2890625,0.2774415204678362,0.22783687943262412,2026-09-23,9.0,0.25
694376,Shay,Whitcomb,SF,46.0,74,0.2274613642141421,0.253142176861527,0.2114976158117136,0.6399749074821948,0.5646780780295158,0.5947521408809825,0.13824476478840256,0.2803667350628196,0.40592160771669905,0.6838528244685183,0.5579598840616229,0.2768785562754973,0.555902462589681,-0.0367922568193596,0.331847835571355,0.9872836664054339,0.1381439393939394,0.0,0.20773706896551725,77.21487983091787,0.045866881374127755,0.3323960466988728,0.3436215841384863,0.36987241468373544,0.29030112044817924,0.13089574898785425,0.35107786357786364,0.1155415019762846,0.20154321434507427,0.2505804667572528,2026-09-27,6.235294117647059,0.85
682877,Juan,Brito,CIN,43.0,71,0.23036521396804968,0.2809748155737348,0.1997143284885502,0.6847868278312955,0.5414806749850349,0.6000585556732998,0.16066092236491547,0.313208455861823,0.45827228907361384,0.7315352388459095,0.5576889848509008,0.34840395448028794,0.6802974843758269,-0.042369570822399005,0.3346460467645403,1.0959341601129262,0.19086178539019968,0.00537280701754386,0.2610399021980238,77.24471875,0.0559375,0.27175765625000003,0.29321796875000006,0.24362394447481925,0.23210626185958255,0.4197916666666667,0.20749427917620136,0.26282894736842105,0.22092011718207333,0.2969840134757183,2026-09-27,6.153846153846154,0.65
518692,Freddie,Freeman,LAD,219.0,432,0.21971109567221542,0.22463200237490233,0.2172164693576589,0.5895336568691159,0.5756288231107205,0.580343446501104,0.22593965654866488,0.2930278801627638,0.5919514263521795,0.702896337511371,0.5574748954249598,0.5978834952164055,0.7442319439303101,-0.022868551076144272,0.3235269021487637,0.6928639458827308,0.26067025255388776,0.031883436284603064,0.20038183979389848,89.65763847907726,0.05247787017167382,0.36284375,0.3779326582618026,0.18916338582677167,0.21849540402671333,0.10140018066847334,0.2133687628702677,0.15981148696264974,0.2598915973717126,0.28793412429427,2026-10-03,2.9375,0.8
691181,Emmanuel,Rodriguez,MIN,15.0,33,0.2040709998593247,0.21392823511030035,0.1995904383816085,0.5693567051760188,0.5412321893348577,0.550157845359614,0.08695513576485565,0.29577828401255607,0.2726852203872939,0.7069221841836844,0.5572204481051484,0.29143795714506004,0.7679393219046169,0.007062602745534385,0.306559201119847,0.9263454861111111,0.1853298611111111,0.0,0.20750868055555557,68.46448084291188,0.1354406130268199,0.2622039272030651,0.35119551724137926,0.23375,0.084375,0.0421875,0.140625,0.16562500000000002,0.325,0.3265625,2026-09-25,7.083333333333333,0.6
694203,Denzer,Guzman,LAA,106.0,195,0.2025174402985091,0.212743402123227,0.1969587123322522,0.5670805661993938,0.5359309965815433,0.5470772040829841,0.16413593940316937,0.25523437628571366,0.4660817284213471,0.6434924930519206,0.5572142994674878,0.48473153991475776,0.6963372173661428,0.010137095384503692,0.30483924102773186,0.7422608984668664,0.24606420074315077,0.0020348837209302325,0.2611021439531187,84.7051565160675,0.011915085817524842,0.2657758611095319,0.274328943136809,0.17883744761235093,0.19349226804123712,0.11363984674329503,0.14218282762802953,0.164550487987988,0.30373313711062055,0.35044547251231295,2026-09-27,5.9411764705882355,0.85
669326,Bryce,Teodosio,LAA,47.0,28,0.22309392390219066,0.22955683780111452,0.21224546128613983,0.5985863672886382,0.5661214308448506,0.5866767714325807,0.12512147714196709,0.30411282834771647,0.3736499109295627,0.7188837784102291,0.5567994369639869,0.215325129609656,0.5577076558789762,-0.029877334468593753,0.32666129601351057,1.0066000000000002,0.08983333333333332,0.0,0.9228333333333335,81.89029069767442,0.008139534883720928,0.45829554263565897,0.4324040697674419,0.3466666666666667,0.015789473684210523,0.3242424242424242,0.039473684210526314,0.2420634920634921,0.38009580082678285,0.44843861655628553,2026-09-27,8.666666666666666,0.3
813841,Jonah,Cox,SF,89.0,72,0.2123654318377984,0.19923097974527476,0.22860107400772345,0.5405106808850191,0.5968407723446714,0.5663526571865318,0.17706164387771578,0.3072913786682777,0.49442502796846133,0.7233522930133249,0.5564828098726533,0.3868568276805605,0.648958855545445,-0.009869847313878521,0.3151655180500048,0.7634390316899305,0.2105065053480159,0.0,0.16855074343990434,76.13822351421189,0.01017441860465116,0.3240368776916452,0.31614193583118,0.16597222222222222,0.09263750954927424,0.254656862745098,0.1399853778467909,0.1834073820915926,0.3341489557004176,0.34244525921347746,2026-09-27,2.05,1.0
663586,Austin,Riley,ATL,189.0,452,0.19791708485690646,0.21714536961144704,0.1898769392405167,0.5754938989882715,0.5214487201790583,0.5378665230500673,0.16764952309640527,0.22910142292462884,0.4738957447761336,0.597755278086243,0.5560483132169026,0.4572650939775893,0.6086657608456223,0.0181817901668353,0.2990797728778302,1.0677305217208688,0.3730265210608424,0.08812083733349335,0.38599963998559944,90.3210889102564,0.14178846153846156,0.3313783961538462,0.40601386217948726,0.18913463203463204,0.11224174402365891,0.24934065934065935,0.24474133306131085,0.09319621761395325,0.2846362448469184,0.27078333984990766,2026-10-03,6.7894736842105265,0.95
682927,Ronny,Simon,PIT,23.0,44,0.21339156730217843,0.2293405162373885,0.20505461672240952,0.5981917539242436,0.5521005592554291,0.5683267942207022,0.15268139048492926,0.35325763755530304,0.4400314874767459,0.7824497531006613,0.5553787157336104,0.3865815007622531,0.781193467627183,-0.012948078487091785,0.3156366050912935,0.846068376068376,0.1418838499808649,0.0,0.17417400178594206,86.35131227106227,0.03232142857142857,0.24037207875457872,0.2600381776556777,0.16198067632850238,0.16225490196078432,0.27,0.2177083333333333,0.06315789473684211,0.18790264754550468,0.4215349264705882,2026-09-27,6.875,0.4
691019,Kyle,Teel,CWS,45.0,111,0.21158439239076596,0.22030387348000338,0.20804946762485887,0.5814582186456893,0.5579787047835619,0.5648457337405526,0.12720087042635142,0.24717921382840174,0.3788448852945736,0.6298134745313183,0.5552751424353961,0.35525989596374474,0.6447401040362553,-0.009570591305156473,0.31364479525681116,0.9838086625966593,0.37100128444731617,0.12075592229383414,0.45183369567451354,88.26365382858187,0.11476777882205513,0.36836642021720967,0.42069379425125314,0.3121946495305806,0.10988888888888888,0.010714285714285713,0.268833836351442,0.2031260782868785,0.3070301161097825,0.2821233943293484,2026-10-03,3.3333333333333335,0.75
691783,Jordan,Lawlar,AZ,58.0,77,0.22179548282124661,0.21946790628323742,0.22354872229143535,0.5798854940044602,0.5875230053747771,0.5842539651489895,0.17320222425057372,0.3154231431067912,0.4860775985135404,0.7345530462045764,0.5551724632702585,0.3874647126766947,0.6794376602366395,-0.029081501878731042,0.32436171300718025,1.3494639883853154,0.04444931773879142,0.06153356481481481,0.41809322205977917,79.44671554621848,0.04151260504201681,0.34883622689075633,0.38089010084033614,0.5132047071702244,0.05216192455242967,0.15357142857142858,0.18646808510638296,0.1907255244755245,0.29594206280073004,0.2936935357063737,2026-09-27,8.454545454545455,0.55
668804,Bryan,Reynolds,PIT,239.0,453,0.2129190605922848,0.21478800398926723,0.2119330176080049,0.5710030144046518,0.5655188263371338,0.5674185584774807,0.19449769928398652,0.25652667536679935,0.5309342227586028,0.6456529119162114,0.5550968934504846,0.5719549443138812,0.7174781102511842,-0.012321665026996054,0.31497227909700165,1.3325855655776258,0.4598711606363834,0.020124525830924854,0.24154775517368307,81.66418183185516,0.07694470859937509,0.35228866298251404,0.38242312489083397,0.19583789194676293,0.1150298093697971,0.4517959057071961,0.14729787385337412,0.2050699148834787,0.23651026659960345,0.233880306525861,2026-09-27,3.0,0.95
663743,Nick,Fortes,TB,161.0,157,0.21990681646869853,0.22789279709223725,0.21171737137067473,0.5955436913516154,0.565102564779586,0.5807117513398092,0.19831421072254926,0.29211812636374124,0.538666865002833,0.7015560557503626,0.5548036907288988,0.48668116469928957,0.6754684294710319,-0.025908060610910444,0.3221810228929687,0.927587788259958,0.14776598532494759,0.015408805031446541,0.24728773584905658,63.3259126592007,0.033926806888763414,0.2066467287392559,0.21968124313790074,0.19088541666666667,0.132415611814346,0.21958973520758418,0.17551328502415459,0.16875134094781347,0.23798794045600152,0.38709461715983917,2026-09-27,7.875,0.4
680577,DaShawn,Keirsey,ATL,0.0,5,0.21324949742632,0.0,0.21324949742632,0.0,0.5680538558557449,0.5680538558557449,0.036224108632430196,0.6244653702374748,0.12114707166081484,0.9675454964560062,0.554578715972055,0.09453120573423068,0.9054687942657693,-0.013475139883689868,0.3150305779834538,0.315,0.0,0.0,0.7962499999999999,84.01749999999998,0.0,0.233725,0.220425,0.0,0.0,0.3375,0.675,0.0,0.46931818181818186,0.3976190476190476,2026-09-27,9.0,0.05
630105,Jake,Cronenworth,SD,97.0,335,0.21173981914217976,0.21269329940892617,0.21146373679628605,0.5669841267726079,0.5646126099385811,0.5651459089513297,0.16414511514500596,0.23930768922217927,0.46610224204586825,0.6160880839183371,0.5543641538495434,0.4392058760374,0.6217477209639175,-0.01078175510178625,0.31329663361733495,1.1713958855908584,0.2861447397962343,0.19445603787315743,0.7192154306794252,86.46538075511444,0.07299287668852886,0.2766466292946185,0.3097781807866047,0.26193183395654,0.10335524869972895,0.16487002825030994,0.20877868852459017,0.1473804463592615,0.1715768471206867,0.3028096068813294,2026-10-03,7.421052631578948,0.95
814154,Scott,Bandura,SF,12.0,18,0.21374512823262215,0.2399162485816987,0.19629771466657114,0.6171619724749653,0.5345926781616263,0.5690055050641297,0.09505107177289873,0.3730569641314826,0.2950079086703593,0.8048815717220443,0.5542238556354131,0.253781597633706,0.746218402366294,-0.014781649428716626,0.31535642489441756,0.71625,0.0525,0.0,0.2225,83.89375,0.0,0.32411249999999997,0.30750625000000004,0.0,0.33333333333333337,0.3553571428571428,0.24007352941176469,0.10384615384615385,0.3363476733977173,0.38446969696969696,2026-09-27,7.1,0.5
595879,Javier,Báez,DET,59.0,136,0.216078959180656,0.23864943002466274,0.20628735785862368,0.6149240724422325,0.5545268406039336,0.5734665215301868,0.17717856265131265,0.294762547503768,0.49467638638287825,0.7054399886290577,0.5542072993024272,0.4413762073081303,0.6923103731606176,-0.019259222227759665,0.31781933213760205,1.4486709401709401,0.1930235042735043,0.006282051282051281,0.41996153846153844,93.43217808219177,0.039714611872146116,0.48062823059360726,0.4985793835616438,0.12566602316602316,0.25495014245014247,0.6303763440860215,0.32086038961038965,0.1031716959712762,0.3897997575102713,0.4809191714266412,2026-09-26,8.6,0.25
645305,Ali,Sánchez,NYY,42.0,48,0.2242955307948279,0.2162849245927293,0.23130481122166419,0.5738586248381052,0.6017648684837943,0.5889098908997197,0.1579819438436464,0.330517056457328,0.452196357095519,0.754479189385591,0.5540893085382753,0.24891373465561337,0.5410093854307492,-0.03482058236144436,0.32630867423997684,0.4721759259259259,0.006805555555555554,0.11990740740740738,0.07972222222222222,64.70478832642769,0.01718158890290038,0.17692870203566924,0.17786331742028466,0.2960606060606061,0.05966666666666666,0.3125,0.22486772486772488,0.18816194581280787,0.13692115624699894,0.41112745098039216,2026-09-25,8.25,0.2
681987,Nate,Eaton,BOS,37.0,25,0.21937270970921757,0.22194769502912032,0.21556173143576154,0.5845385067127722,0.57248072153181,0.5797061311590126,0.07829411405317005,0.25343393711554596,0.24825030070611165,0.6404669208777198,0.5539157571317642,0.1636059318135624,0.5268140225895724,-0.025790374027248375,0.3211083605548703,1.261939964157706,0.3713709677419355,0.019758064516129034,0.10239695340501792,76.2777525510204,0.009999999999999998,0.3893047448979592,0.3728582908163265,0.09841628959276019,0.46458333333333335,0.56,0.32613636363636367,0.2725,0.270549001465032,0.2782327586206897,2026-09-30,8.857142857142858,0.35
665804,Miguel,Amaya,CHC,75.0,174,0.21883320017503755,0.24305249091955428,0.20839385071619412,0.6226623203006748,0.5586510911839309,0.5786885907871698,0.1593580691472015,0.25924993649538974,0.4553234597342066,0.6501749210283052,0.5538237935164806,0.4028869302897975,0.6221627122084885,-0.024864797270689243,0.3204915106144567,1.219669486770612,0.056576305220883534,0.19450645720135445,0.337147856130404,86.39372428678678,0.13193264693264692,0.2616075568425568,0.33139487599206346,0.17736359761295822,0.28242845117845117,0.7183333333333333,0.15922619047619047,0.29230182926829273,0.21389799183493324,0.4523610995838323,2026-09-27,9.0,0.35
624431,Jose,Trevino,CIN,39.0,114,0.21795142711633156,0.2041233786788178,0.2226820752660073,0.5502614487211419,0.5859093839083289,0.577021738903512,0.15790572462775856,0.2873940025351913,0.4520227828955954,0.6945267707065191,0.5523579303606396,0.37242453748226834,0.6472444496631784,-0.024663808542872423,0.3187225334738413,0.6431372549019608,0.004003267973856209,0.0,0.451266339869281,67.4358886630533,0.004268292682926829,0.2567060749774165,0.24932026874435412,0.34554029304029305,0.05193965517241379,0.06310160427807487,0.16524725274725277,0.16967657342657344,0.14044802867383513,0.34395863723684944,2026-09-25,7.8,0.25
656976,Pavin,Smith,AZ,7.0,114,0.22567113045910672,0.14247873082612786,0.23077943569972825,0.4160748883889116,0.600811426470659,0.5914557708933965,0.10962287422309551,0.24155420456819165,0.33394670700207163,0.6200417153686861,0.5520211374532622,0.2634832568429192,0.5540410633965382,-0.039434633440134315,0.3264960874018688,1.2245601173020528,0.22131431618235137,0.0,0.4353272460677153,83.72881802721089,0.05102040816326531,0.3199082482993197,0.3440377551020408,0.3007050854985565,0.1930769230769231,0.15000000000000002,0.1888379942140791,0.22749999999999998,0.22324194863432534,0.35321193215578245,2026-09-27,6.909090909090909,0.55
650968,Yohel,Pozo,BAL,25.0,36,0.21948228453873164,0.24474929241569268,0.20193575129084204,0.6256145234506731,0.545919872454323,0.579912579772387,0.1550665770122629,0.3668442410998929,0.44552915602592147,0.7980299538026598,0.5519385937910168,0.28413168023037194,0.6245203678902909,-0.02797398598137013,0.32007613380129213,0.8936475409836067,0.010040983606557377,0.0,0.060245901639344256,64.50963235294117,0.0034313725490196074,0.3686312254901961,0.34892982843137255,0.3246279761904762,0.04078947368421053,0.1433333333333333,0.05277777777777777,0.2937245002039984,0.3370147907647908,0.49351479722323716,2026-09-25,8.0,0.15
665750,Leody,Taveras,BAL,158.0,313,0.21507518258587688,0.206125603331108,0.21959286157071228,0.5542090117184175,0.5801208431822213,0.5715519088976677,0.16597468291109888,0.23803691981867833,0.4701812558076438,0.6138386975698135,0.5518483613562927,0.4604256517486356,0.6279126221787636,-0.019703547541375044,0.315409984355239,0.944881302291819,0.11505325163851195,0.0013004246284501059,0.21120114884653796,66.06675497007546,0.04066848816029144,0.24201786917772575,0.2635700657038772,0.28623646856405477,0.42613110461575937,0.2571948160535117,0.22752403846153846,0.30163412246793964,0.15938085426654458,0.3317546750445105,2026-09-25,8.0,0.55
663886,Tyler,Stephenson,CIN,116.0,346,0.20694422391546996,0.20064977211882426,0.2090545025524957,0.5433537864640751,0.5599389269414536,0.5558158432009298,0.17930608338970877,0.25397750483291953,0.49923467401800525,0.6413822915993994,0.5514205470264444,0.4993185914156349,0.667548494224856,-0.004395296174485419,0.30648827630382114,0.6363454521991108,0.2455589577540797,0.021558573540280856,0.16603982625324087,78.31578086965058,0.16252453867294855,0.3091718561052218,0.3873647241853161,0.14946192002903635,0.12178894927536232,0.04703504043126684,0.12109133126934984,0.1464610658159045,0.21218522311830462,0.19984446655592197,2026-09-26,4.333333333333333,0.75
677649,Ezequiel,Duran,TEX,162.0,428,0.20977949318024225,0.22081477107313502,0.2056025889310632,0.5824173091652909,0.5531802405162148,0.5613490894861413,0.20472924957889482,0.2732458978356576,0.5514586004660136,0.6727676574097621,0.5511827877367367,0.5363553277985231,0.6896823255959073,-0.010166301749404583,0.3094059560364502,0.7249479362837414,0.2848584280988942,0.01593252933507171,0.1580150749674055,85.4742638539922,0.03474944165270798,0.28982585427135676,0.29355989949748745,0.1640036382640857,0.2098846984100627,0.15151515151515152,0.15738297407614704,0.1906162535636643,0.21466601151371098,0.3081222672949864,2026-09-27,4.1,1.0
701678,Hao-Yu,Lee,DET,144.0,215,0.22119259779768358,0.24052283754561915,0.20824583257115933,0.6182302470402985,0.5583621846225504,0.5831255798106152,0.20089349731386036,0.2892419447569376,0.5438409173873853,0.6972903497114644,0.5509823520700429,0.4659852332977716,0.6492206505667493,-0.03214322774057232,0.32129190351626025,1.6164804422836792,0.4081437532787067,0.0,0.3552148060852796,87.89696699905033,0.08540809327846365,0.3371758773873589,0.3692445001055187,0.2660469834210404,0.16015787023983746,0.08375,0.19690029140792017,0.16451306660246448,0.2546381346784573,0.27087974517413793,2026-09-27,3.2941176470588234,0.85
699393,Pedro,Ramírez,CHC,47.0,218,0.20850636934057196,0.26009127379427327,0.19738485324275562,0.6515635964802985,0.5367923430229488,0.558870618309977,0.19045931768010788,0.2925073325912437,0.5226517060588547,0.7021299756786243,0.550878978141573,0.3983739722469014,0.6136972782384921,-0.007991640168403924,0.3078700751279492,0.9016367252593667,0.12593697253131217,0.1594333440842875,0.2435785894748159,89.03420715249663,0.016971509971509972,0.24548879011096114,0.244275754985755,0.27919454156301127,0.18066891100702576,0.11663172961492288,0.2206253935480092,0.20509137899478677,0.20063567098535107,0.357680636471269,2026-09-29,7.6,0.75
699115,Carlos,Jorge,CIN,5.0,45,0.22182249842986348,0.22062929051873043,0.22195507708665604,0.582069294592543,0.5845523030024173,0.5843044775861097,0.11243750015776109,0.33037105932225413,0.3412868909529323,0.7542917419286645,0.5508343651355336,0.23098652405492354,0.6682144360118811,-0.03347011245057607,0.32185498595699435,1.2866666666666666,0.44662500000000005,0.0,0.24300000000000002,75.50952020202021,0.043686868686868684,0.36642070707070706,0.36250366161616165,0.1785,0.30714285714285716,0.32670454545454547,0.0421875,0.2870098039215686,0.24443264563106795,0.30000000000000004,2026-09-27,2.3,0.5
670764,Taylor,Walls,TB,146.0,274,0.2088525606484507,0.21901776628243586,0.20343606421574328,0.5790368889413928,0.5489006099838623,0.559545558526798,0.16016276360288367,0.2358378053072459,0.4571461251738763,0.6099238313518824,0.5505540393550766,0.4650073200605258,0.6408201434424556,-0.008991519171721363,0.3080600674501211,0.9009767126148704,0.2900504908103593,0.0043749999999999995,0.16267919799498748,73.5537030075188,0.05008324382384533,0.18590835929108485,0.21092645542427496,0.2144133264816718,0.07335858585858586,0.10773809523809524,0.103307055263577,0.22187852022529442,0.1893291641329108,0.30297783800194,2026-10-03,8.857142857142858,0.35
545121,Ildemaro,Vargas,AZ,168.0,312,0.2193096463261042,0.2550011347619762,0.20009115255294235,0.6431015684734034,0.5422358778799171,0.5795872813495411,0.20356262025541433,0.2797392021858763,0.5491514034795916,0.682886871585823,0.5504191907912475,0.5198870516142258,0.6832448670374967,-0.029168090558293613,0.3190159623933135,0.6789001358695652,0.30483446557971017,0.0025520833333333333,0.1010625,67.20531160435122,0.011842512376237622,0.20394202465476807,0.19864023118594754,0.18589401356873025,0.1554763349514563,0.11744263018534863,0.17444824462768616,0.1601356009070295,0.2819717604668553,0.37471715536910105,2026-09-26,4.166666666666667,0.3
682657,Angel,Martínez,CLE,150.0,263,0.2249766885751316,0.2498680646485877,0.21078008625186764,0.6344205351829652,0.5632900145841009,0.5901719501578102,0.20105586974632586,0.28316050208898375,0.5441652433333359,0.6881277421702119,0.5502622938541991,0.4798518547874811,0.6632077956204363,-0.039909656303611096,0.3247493710622427,1.434881120527307,0.06596633709981167,0.01038135593220339,0.5708282889426958,86.9181579059829,0.03486324786324786,0.20959183547008547,0.22923514743589746,0.2636742978394129,0.1391758241758242,0.1559477840121044,0.1468931841354522,0.2420502659126616,0.2030334836894146,0.4657461706211613,2026-10-03,5.266666666666667,0.75
694671,Wyatt,Langford,TEX,154.0,315,0.1979787635668825,0.20543114664557455,0.19433537628396635,0.5528426442009513,0.5306033016559086,0.5379908913633673,0.17459829398823584,0.24804116600986859,0.48910839354121294,0.6312948275583583,0.5502604844475447,0.4884056896895063,0.669708939079885,0.01226959308417741,0.2960351285099729,0.8230142967955921,0.49793304980473985,0.0052238805970149255,0.2260759375167175,78.02503967438128,0.049047423245614036,0.2765092648613722,0.29665167117011276,0.22203817437379578,0.1351190476190476,0.08,0.2014308281404694,0.17264417819616795,0.27945532709625653,0.2476157343808324,2026-09-27,4.2,1.0
828599,Lucas,Spence,HOU,21.0,50,0.2097300430629836,0.24040399241267119,0.1968469843361148,0.6180211147031887,0.5357049748127153,0.5612530079184221,0.11024726104284899,0.28848172274391254,0.3355800448707098,0.6961556171124611,0.5499902588277377,0.27329805161179566,0.6829219075488684,-0.011262749090684476,0.3086836870928993,2.2993998079385403,0.44811139564660685,0.00862676056338028,0.9540773047375161,89.47045394736844,0.1964055023923445,0.34282217105263163,0.48000372009569375,0.2123076923076923,0.10571428571428572,0.5,0.1524193548387097,0.23363636363636364,0.34153846153846157,0.20513842281879197,2026-09-30,7.428571428571429,0.35
624641,Edmundo,Sosa,PHI,138.0,113,0.23794986139794538,0.2556985318831907,0.2162744939026901,0.6442695311960678,0.5738387737730931,0.6136842519216638,0.18683907994123905,0.29126781594818335,0.5151384505220611,0.7002994486198016,0.5496463996144174,0.40776720835377317,0.6144942289186515,-0.06403785230724635,0.3373093395688096,2.4699607818725102,0.017081673306772908,0.039840637450199196,0.37578124999999996,89.24446296838408,0.056444672131147546,0.2963962265807963,0.3222846931108509,0.34278532073986623,0.22229859571322985,0.26187499999999997,0.2449754901960784,0.3115275974025974,0.3057536871178284,0.6309874092009685,2026-10-01,7.142857142857143,0.35
672356,Gabriel,Arias,CHC,50.0,97,0.1806295276578494,0.19574567635934875,0.17283769843027244,0.5334728584309483,0.4852841222847244,0.502055336592856,0.17049881241017126,0.30577249510941695,0.48017215098564825,0.7212233746242159,0.5490543369641774,0.41245459838218734,0.6858903373450472,0.04699900037132143,0.27565565995231744,0.8517857142857141,0.02916666666666666,0.0,0.054166666666666655,51.0894375,0.017499999999999998,0.1695121875,0.17345187499999998,0.36464544721998393,0.10495283018867924,0.08412698412698412,0.07976858345021037,0.24245798319327733,0.25883281520865414,0.45556832547982984,2026-09-27,,0.0
814439,Ryan,Waldschmidt,AZ,84.0,193,0.1959384131083437,0.14005797029956524,0.22025943484895197,0.4102850813949641,0.5813747212176132,0.5338640468453284,0.18529203627876184,0.28415951611781487,0.5119021829169932,0.6896463224502156,0.548610970012816,0.45972198968550965,0.6730617656538177,0.014746923167487602,0.29288367259478304,1.5500544170736887,0.15673072839244,0.050504353365895094,0.042012635379061365,56.54326262626264,0.035,0.2016688888888889,0.22835909090909096,0.10186167473478215,0.33360389610389607,0.06016504126031508,0.09428571428571428,0.28675293028203763,0.33355141325536064,0.3339539526226549,2026-09-24,9.0,0.25
679529,Spencer,Torkelson,DET,178.0,429,0.22267905155934098,0.20989051774309497,0.22798524973950832,0.5615647554358978,0.595713170549954,0.5859037461491621,0.16949391651081214,0.232969693761028,0.47796470947838987,0.6047755232550718,0.5485259246028077,0.46959600192610984,0.6225181323283406,-0.037377821546354384,0.32138339408471783,1.2842118077556712,0.5349654810684465,0.23711587040087867,0.4791604429800477,82.68814959839358,0.07524598393574299,0.3000398845381526,0.34681826807228916,0.2917242010049811,0.11601013513513514,0.08982612781954888,0.20438085421693616,0.1672391456582633,0.3495497207854774,0.18496521169828978,2026-09-27,6.8,0.75
691788,Joe,Mack,MIA,62.0,262,0.2200538979081229,0.20564879098722974,0.22346274000390676,0.5532711883428032,0.5873631148687605,0.5809883752823932,0.1775284564278799,0.2673251607604788,0.4954280740030299,0.6633415869026889,0.5478949406698208,0.4475799808888147,0.6382639219072378,-0.033093434612572414,0.3183205914052024,1.0383634040364242,0.13979429340688207,0.0037808641975308637,0.6448202598283864,70.68618122837371,0.08293669997822248,0.243088871560965,0.29242132225905587,0.1804761835587385,0.21466666666666667,0.140625,0.2546875,0.14913109756097562,0.2466358693899332,0.3250826206002586,2026-09-25,8.076923076923077,0.65
664728,Kyle,Isbel,KC,74.0,238,0.22443649352385914,0.20739925563834327,0.2297337859756582,0.5567072122434157,0.5989089499044679,0.5891712962210248,0.1698704610390401,0.2602233566880762,0.4787926426526936,0.6517812486906436,0.5478348207819375,0.41196037089885473,0.6080713876874436,-0.04133647543908736,0.3227685514751069,1.1111090565417487,0.046928418803418796,0.005889423076923077,0.043189102564102556,88.9159696969697,0.004772727272727272,0.3695464015151515,0.3536957272727273,0.28718750000000004,0.38483085541909073,0.12063492063492062,0.32025978530743393,0.0956487347190357,0.16796696311272769,0.4007701189121838,2026-09-27,8.5,0.7
571970,Max,Muncy,LAD,136.0,423,0.2197667247606349,0.22358727606202577,0.21853836784103878,0.5875946846276463,0.5781317802050512,0.5804481520898077,0.18934673284329256,0.25809979916657483,0.5203516213280819,0.6482701634241984,0.5474572291906862,0.47019508100151913,0.6279458299511644,-0.03299092289912153,0.31777053703194014,2.0311244714587735,0.294662343470483,0.042044946332737025,0.4662766303463978,90.54950191006425,0.12861255746317665,0.3801890884463833,0.47907277308201984,0.2194960623180962,0.21347338542710212,0.22797861014324428,0.2024487965942612,0.23166195856873822,0.25857365660400955,0.24884219307972505,2026-10-03,5.411764705882353,0.85
683021,Michael,Stefanic,ATH,22.0,7,0.23742575083748088,0.2428931593985616,0.22024246678837006,0.6223842539589937,0.5813428361468536,0.6127535231191972,0.17275616744483213,0.4923013423309317,0.48510653123407854,0.9067559662203979,0.5469584323075951,0.26799202452413634,0.7320079754758637,-0.06579509081160206,0.33515070639623185,0.8301939655172413,0.46817528735632186,0.0,0.612198275862069,69.2453125,0.0,0.2827925,0.265326875,0.4951190476190477,0.042777777777777776,0.41833333333333333,0.47810897435897437,0.14583333333333334,0.05197557471264368,0.17486911995108717,2026-09-27,8.0,0.05
806956,Ethan,Salas,SD,8.0,36,0.24466772021781275,0.2175334823118744,0.2506975508635768,0.5762300375332186,0.6358334662538231,0.6254729777465544,0.14574213828964883,0.39440566358959156,0.4238156672844403,0.8271631600648223,0.5469567858647962,0.2455951812700563,0.6628358435795723,-0.07851619188175818,0.3421066895535386,1.3752123205741626,0.0854037081339713,0.0,0.295290071770335,89.38287276785717,0.0140625,0.2940897098214286,0.29389859374999994,0.46697115384615384,0.13482142857142856,0.0,0.22642857142857142,0.4174199084668192,0.1651462994836489,0.337,2026-10-03,8.555555555555555,0.45
519317,Giancarlo,Stanton,NYY,30.0,67,0.1617359661055033,0.02810173748353096,0.2215721878765357,0.09494948456027985,0.5838362915094952,0.4606969016803045,0.1635147536639664,0.3307408769424596,0.46469167319201654,0.7547663568086922,0.5465324141850281,0.3706733186979878,0.7333436111893266,0.08583551250472354,0.25178578988289935,0.2399484536082474,0.03788659793814433,0.0,0.08840206185567011,16.47381147540984,0.031557377049180324,0.06324959016393442,0.07763975409836066,0.028571428571428567,0.0328125,0.05217391304347826,0.02019230769230769,0.05333333333333334,0.05228571428571429,0.045,2026-10-03,,0.0
688363,Graham,Pauley,MIA,8.0,143,0.22289724433268665,0.1419348291326365,0.22742661021800414,0.4147775746846125,0.5946883295599643,0.5863104300203954,0.14286154428419245,0.26944055689028895,0.416986742023304,0.6667313550725185,0.5462747401740516,0.32657579152922234,0.5854602451289419,-0.04003568984634376,0.320286577820728,1.0410363203642383,0.11790407698675497,0.03254087334437086,0.29268677566225165,76.17610090702948,0.036609977324263035,0.26019543083900226,0.2711275283446712,0.32204433497536944,0.07571428571428572,0.28776683087027916,0.2434891304347826,0.28389376218323586,0.1641788617886179,0.36831839750705453,2026-09-27,7.555555555555555,0.45
679822,Justin,Foscue,TEX,162.0,84,0.2133486502913384,0.25754641811510437,0.12811009805978968,0.6473510672971516,0.38110671983681166,0.5682443569465052,0.1981560366728978,0.30552921802699506,0.5383482099218729,0.7208813053929635,0.5455042955171777,0.37360956939896406,0.5674753279554245,-0.022740061429327496,0.309979737617715,0.8003156565656566,0.0807418699186992,0.09726533628972654,0.21910569105691058,79.57624890446976,0.02638036809815951,0.2771277388255916,0.2801423751095531,0.3212339743589744,0.13795094936708863,0.22208946078431374,0.2884995654063451,0.2926635075136612,0.1690799069746438,0.31407674000549446,2026-09-27,2.4285714285714284,0.35
811965,Joshua,Kuroda-Grauer,ATH,32.0,42,0.22086316668419376,0.23593111325720634,0.20938282643808892,0.6100905116522758,0.5605779426887052,0.5825080791122195,0.252381884912968,0.4649923738264983,0.6386905206793599,0.887989198660105,0.5454249390501891,0.500436192839144,0.8618613704787786,-0.037083140062030395,0.317714433546025,0.8201351351351351,0.1868243243243243,0.008277027027027024,0.0331081081081081,88.10852459016394,0.0028688524590163933,0.324569774590164,0.3087561475409836,0.22531512605042017,0.1136200716845878,0.056249999999999994,0.14916666666666667,0.2358974358974359,0.25410090187282197,0.41849948792246394,2026-09-27,7.0,0.15
682177,Daniel,Schneemann,CLE,67.0,219,0.22121767710481532,0.22572430707300478,0.21983893642961583,0.5915539603985063,0.5805840417314784,0.5831725628678515,0.15083071424269898,0.24194076601375517,0.4357390819924236,0.6207190780203806,0.5449452954692656,0.40776720835377317,0.6144942289186515,-0.03822726739858584,0.3177971445815902,2.8079545454545456,0.0513986013986014,0.0,0.41256555944055945,95.31512640449439,0.1414325842696629,0.48100217696629216,0.5252811446629214,0.257591218305504,0.4002042900919306,0.3889455782312925,0.1200375939849624,0.45343137254901966,0.13318030973451328,0.3703777127410266,2026-09-27,8.0,0.05
608348,Carson,Kelly,CHC,137.0,295,0.21198379899578207,0.21562397496089453,0.21029327659842473,0.5725994393975093,0.5623464814812612,0.5656168081473416,0.1920231936596597,0.271084330270807,0.5258714258747369,0.6693484958065437,0.5435484899991645,0.5030073159832377,0.6775551970803649,-0.022068318148177113,0.30744016198663465,0.608136448268921,0.11438581924315619,0.20152916163446052,0.1905432266505636,83.328075,0.013625000000000002,0.2804563333333333,0.28688380092592597,0.1301341093117409,0.24833619374523264,0.14218971631205674,0.16436946621029108,0.15946403893528813,0.21295279988828375,0.2803557818612037,2026-09-30,8.076923076923077,0.65
695681,Christian,Moore,LAA,51.0,95,0.20033882549591725,0.2172097841408837,0.1912817845391458,0.5756161380551453,0.5243469474264991,0.5427317615046732,0.11875807430501015,0.24056476761367954,0.3575593276964787,0.618304012055801,0.5433842392577888,0.37258971384496664,0.6752097667747393,0.0006524777531156101,0.2949118853462565,0.8812641529893244,0.5864736006003131,0.004195205479452054,0.5178446078274845,91.05660118763456,0.0945893941017722,0.3567867757523797,0.4156838043520621,0.24740917579152874,0.1349812030075188,0.0,0.08934676434676435,0.1939775877088778,0.28712584300438054,0.3332940319081623,2026-09-27,6.944444444444445,0.9
553869,Elías,Díaz,TEX,101.0,127,0.21829758120047307,0.2354525933237635,0.20465461880321062,0.60923517058063,0.5513112591759912,0.5776766487557284,0.17442746434460282,0.28209769452507016,0.4887382185823913,0.6865063718399386,0.5431299179757167,0.41552028690262677,0.6345789980939448,-0.03454673078001169,0.31375347085518573,2.4322015107212476,0.1779976851851852,0.005372807017543859,0.7521887183235868,80.44741127232143,0.1783761160714286,0.23434290736607144,0.3427451004464286,0.1154904051172708,0.16802173729884573,0.6339826839826841,0.13142045454545453,0.5176339285714286,0.19061351075180913,0.36738322045699096,2026-09-27,8.11111111111111,0.45
690291,Jace,Jung,DET,0.0,11,0.22560419138975116,0.0,0.22560419138975116,0.0,0.591332145333219,0.591332145333219,0.051367689746085105,0.47698056196084426,0.1685374479259194,0.8965304872165526,0.5430746003676674,0.09677141110578041,0.700006684861608,-0.04825754496555157,0.32113746851139335,0.8113636363636363,0.11136363636363636,0.0,0.0,61.10916666666667,0.0,0.6724416666666667,0.6194291666666667,0.8875,0.0,0.0,0.37083333333333335,0.0,0.6294642857142858,0.5182971014492754,2026-09-27,,0.0
699302,Héctor,Rodríguez,CIN,41.0,111,0.2295265199016866,0.20770649687529485,0.23758616804657,0.5573083490128399,0.6130385659601751,0.5985310781241004,0.1589758302199794,0.2891812863086289,0.4544561436369007,0.6971999202079369,0.543009919229427,0.36484508651543807,0.6574557044556735,-0.05552115889467346,0.3250083123884696,1.2737006578947367,0.04382675438596491,0.004029605263157894,0.4738134594298246,75.98224887814776,0.04922914428929467,0.204322669754744,0.2376207462406015,0.30914583333333334,0.16603260869565217,0.3078225806451613,0.14246704331450094,0.269755720180045,0.22698173134881997,0.4641031492469192,2026-09-27,6.5625,0.8
687462,Spencer,Horwitz,PIT,89.0,357,0.1968216284312374,0.21285462448967912,0.19282460700490323,0.5672945960022069,0.5275153558896699,0.535653669772464,0.17546209421265135,0.25100250805772706,0.4909772526652364,0.6363519424898954,0.5423725869636424,0.5047115802156262,0.6819799307361761,0.006718917191178453,0.29052386659105994,0.7308100154015601,0.568129690062514,0.00961322869955157,0.3686381571382752,86.89169512599469,0.008974358974358974,0.2853280624547866,0.2879862563801141,0.17495844758188545,0.12067869908653635,0.06457023060796646,0.11659706221198157,0.1619963612321691,0.1598689826216654,0.21074776463743758,2026-09-27,7.076923076923077,0.65
691026,Masyn,Winn,STL,138.0,387,0.20446312817110807,0.19966095534271514,0.20617553088510868,0.5413736365739763,0.5543071308468583,0.5509330468445863,0.17510876629711764,0.24437698906592853,0.4902134077785498,0.6249681843459717,0.5422560609916984,0.5132181756799004,0.6781814178294647,-0.008676985852887897,0.29874678385210024,0.5630574712643678,0.2831041114058356,0.008166666666666666,0.30349027409372237,69.311594834544,0.005932203389830509,0.23999600887812755,0.24138930336965297,0.2240270193256439,0.09161904761904763,0.05117554858934169,0.15331439393939394,0.10581692902326939,0.2881484986639181,0.20346399668477835,2026-09-25,8.083333333333334,0.6
687597,Jordan,Beck,COL,96.0,83,0.21187836476673705,0.23775150126054334,0.18195280930402136,0.6133321871152397,0.5048642878206088,0.5654133569875797,0.13439216775161802,0.2475860732401314,0.3965738582085022,0.6305132327451015,0.5421226437073425,0.34012932293855763,0.5827595186924353,-0.02329071328023713,0.3065233838775501,1.0085882216014899,0.3572753724394786,0.0,0.03763966480446927,80.39880478395062,0.006481481481481481,0.37578536265432105,0.37431520061728407,0.26357142857142857,0.17554392446633826,0.15333781362007168,0.14733470409440372,0.2791075917546506,0.3107263479554502,0.36046585853564195,2026-09-27,7.714285714285714,0.35
703197,Michael,Arroyo,SEA,21.0,19,0.24847036135266032,0.2507626313629956,0.24593679976228977,0.6359441578501015,0.6276707855141137,0.6320308623352443,0.20084502231782703,0.4798225381012234,0.543744060519854,0.898484967153667,0.5419248290237961,0.24809535365737387,0.698830199745016,-0.09010603331144817,0.34251321700878967,1.748856534090909,0.25116477272727267,0.0,0.16315104166666666,88.7728103448276,0.015517241379310345,0.4336249137931035,0.4183325000000001,0.33333333333333337,0.4007352941176471,0.24333333333333335,0.3417857142857143,0.23625,0.11055900621118012,0.29525641025641025,2026-09-27,7.0,0.35
686780,Pedro,Pagés,STL,95.0,110,0.2162201624519145,0.22149080379543276,0.21166824492796688,0.5836839879248705,0.565007696268629,0.57373536272676,0.1509883120253367,0.26004817136944447,0.43610552217195586,0.6514925493166843,0.5417872899250326,0.3765217187108694,0.6093622535188515,-0.0319480728017274,0.3108425273058868,0.9373450203252033,0.9517886178861791,0.005975609756097561,0.32008638211382123,82.18502819548873,0.007894736842105263,0.5109124060150376,0.5051854323308271,0.23854639947709919,0.16321644042232278,0.1880050505050505,0.1310587308730873,0.2356470253884047,0.27390026462303535,0.20273577658836356,2026-09-27,8.5,0.2
681297,Colton,Cowser,BAL,63.0,325,0.22729047617849038,0.20082517920914006,0.23242067220639523,0.5437044081857194,0.603784514968616,0.5944383066558958,0.1618093882134423,0.2410103116104145,0.4608622117946206,0.6190872017826219,0.5415683216549436,0.3720873778212364,0.5395743482513645,-0.05286998500095219,0.3219289560630402,1.0405232107789293,0.40379419972485386,0.0015786082474226802,0.18332769181875175,69.00544633838385,0.01670454545454545,0.3069423791486292,0.30658162157287155,0.14038306451612903,0.34513227883538633,0.3056186868686869,0.19293704600484263,0.29131326544976777,0.3011491637150601,0.2923255733956276,2026-09-25,7.866666666666666,0.75
690984,Petey,Halpin,CLE,45.0,144,0.2213955079764047,0.21181322775127276,0.22438997054675847,0.5652876313371464,0.5890850358104931,0.5835055990733655,0.15944764778291515,0.275321199815623,0.4555265748576426,0.6760265295391659,0.5411106119742026,0.3625038659495962,0.5951480507395664,-0.042394987099162895,0.3157410718049625,0.820462962962963,0.6124999999999999,0.00648148148148148,0.25123677248677245,84.34599011565358,0.014671866594943518,0.26904395908578604,0.2711314301083532,0.1568061482535167,0.3870225013082156,0.07151442307692307,0.14906250000000001,0.22832491582491582,0.17498478776517565,0.34379916042019787,2026-09-27,8.125,0.4
691002,Yohandy,Morales,WSH,21.0,26,0.22172798584952935,0.21194763675944212,0.2296274985761383,0.5655470353552252,0.5987152065315702,0.5841277435184837,0.152531540350547,0.3950817553041746,0.4396848000842951,0.8278375669918296,0.5409492632775426,0.30963235060004424,0.7383489355759056,-0.043178480240941175,0.3159834725162971,1.547496691438461,0.0,0.0,0.756191336658862,76.97411421130953,0.11965773809523808,0.27160904761904764,0.33673289806547624,0.1437675070028011,0.5048611111111111,0.14583333333333334,0.17673913043478262,0.221875,0.4005798969072165,0.33141479516534367,2026-09-26,6.0,0.5
691011,Drew,Romo,CWS,40.0,163,0.09465014207082648,0.2147239204699709,0.06518418418146586,0.5708804608202888,0.21015626062607506,0.2939141111101634,0.08892387487328957,0.1810483982825566,0.2781593571251808,0.5029457079579907,0.5393586698808032,0.27579361833967975,0.5173365819458839,0.24544455877063975,0.15852512402757632,0.5392241379310345,0.06034482758620689,0.009051724137931035,0.04525862068965517,28.91481203007519,0.010526315789473684,0.074821992481203,0.08536484962406016,0.3867615467239528,0.029177897574123986,0.024696356275303644,0.272140522875817,0.040361689230147504,0.2656980950084398,0.2918220522441911,2026-09-27,9.0,0.05
642708,Amed,Rosario,NYY,160.0,83,0.22212652956767698,0.21687103879012437,0.23225759612681451,0.5749730213835067,0.6034898138302329,0.5848726376167219,0.17450192918845353,0.27858832297188496,0.488899601831018,0.6811098631421343,0.5392146490889739,0.3966097232742094,0.6033902767257906,-0.04565798852774805,0.3153718940542433,0.7371990373964774,0.4024353007196144,0.0,0.3659514535331529,65.74618949579832,0.031932773109243695,0.22800020588235298,0.22946039705882354,0.1758036272670419,0.2861244292237443,0.36798654244306417,0.23398705096073516,0.15943152454780363,0.1999363859276318,0.42865802575614687,2026-09-29,5.0,0.25
671976,Tristan,Peters,CWS,69.0,426,0.20787109711929855,0.2094206720270261,0.2076201096342441,0.560651558810632,0.5571393858324196,0.5576301600767324,0.20485007339483854,0.27995618026424784,0.5516970660107989,0.683221101103731,0.539104916748144,0.45374850912928033,0.6104192680185561,-0.018525243328588403,0.300621161024421,0.8663449516790155,0.23216363996439382,0.1111617460249999,0.33155447887004685,88.35956061891153,0.014975036131914336,0.24360857789829574,0.25599073402629186,0.17699792383501126,0.18931983370959748,0.4496697154471545,0.1989536143135356,0.18021366097204328,0.16287998742174403,0.33592779800359623,2026-10-03,7.076923076923077,0.65
605170,Víctor,Caratini,MIN,126.0,247,0.2097463956855214,0.1886305370464583,0.22051804827063048,0.5188668238688336,0.5818604729606611,0.561284782724103,0.15618775527777248,0.2361296380455533,0.44810001624871787,0.6104449763743497,0.5388044538607979,0.42476730553927733,0.6116488167787049,-0.022480328863305088,0.30242274081603693,1.0336745763731354,0.054189008042895434,0.1831658446185926,0.30566779948901257,78.81896108861898,0.022407782276203325,0.2551691273054431,0.2537029599640126,0.3246137339055794,0.07820234027130579,0.06447368421052631,0.2066228728728729,0.11778502939529675,0.25118199089969706,0.24934344310532736,2026-09-26,7.333333333333333,0.45
641680,Jonah,Heim,ATH,158.0,229,0.19854294235950132,0.23170657888163232,0.1756614813529655,0.6024928907665166,0.4914079383879363,0.5391273864415298,0.15278535744165042,0.2305963320874451,0.4402719313008804,0.6004787505318245,0.5380606035769367,0.4477444255355315,0.6349446535848303,-0.0010667828645930522,0.29008320695358597,0.7705890080234431,0.20865384390330674,0.0031653746770025836,0.16714577950043066,78.78664073522927,0.009722222222222222,0.2390125884589947,0.2479542785493827,0.21170448862215552,0.14126428240030825,0.074875,0.19779813522278625,0.09164739247204073,0.15140575466039172,0.28206613996242624,2026-09-26,8.076923076923077,0.65
687859,Troy,Johnston,COL,109.0,334,0.2090135417258142,0.2152510970870118,0.20697793234147127,0.5718878925663704,0.555881919053451,0.5598591584707144,0.21035467616362002,0.2905868868942427,0.5624655661136961,0.6992904355177256,0.5380496091985308,0.5228464818201277,0.6895298089950423,-0.021809549272183593,0.30123200142138623,0.7120608152967735,0.1887528216704289,0.15003950338600452,0.11876161864294249,91.35925524150743,0.0039012738853503185,0.38904530420647554,0.37090320295912954,0.1666459790867374,0.12373792270531403,0.0651063829787234,0.15951912712877497,0.09773809523809524,0.3227567744755245,0.4189605436531256,2026-09-27,6.333333333333333,0.45
695734,Daylen,Lile,WSH,177.0,468,0.2158269061082816,0.215556717826538,0.21592909270201793,0.5724711579863695,0.5731810537282188,0.5729863290178869,0.19866547342022045,0.26345274474307767,0.539373951699883,0.6570726257954386,0.5375831526144808,0.5289051905524178,0.6786124929736372,-0.03540317640340618,0.3080277971584338,0.885622838401908,0.09192248062015504,0.005697674418604652,0.27668574836016696,86.11909385041552,0.09715621639237414,0.2238445383982402,0.2762743462277986,0.18911650264300525,0.15357237874797136,0.29656546256946714,0.2485028506525322,0.10989422306510536,0.18705210532488856,0.4407250979050781,2026-09-27,4.625,0.8
701358,Cam,Smith,HOU,147.0,422,0.2034359167082493,0.2036271644410197,0.20336929723735533,0.5492792710054125,0.54876825909313,0.5489003176131744,0.1613398779019615,0.2259251417727632,0.45980448325061485,0.5919246454252405,0.5375065979760607,0.4309481518820816,0.5884265041231554,-0.011393719637113664,0.29503754234823654,1.2775274646176173,0.37054720369334826,0.09298680733077701,0.2840495311751078,87.53516360915951,0.1372765417642467,0.36010169463960456,0.4556896867681499,0.20921282558522913,0.14797344985638994,0.20148809523809524,0.17769480519480518,0.20659362877075446,0.3113097175159607,0.3301759478885571,2026-09-30,7.631578947368421,0.95
669392,Samad,Taylor,SD,53.0,121,0.22668797799359997,0.2125997561835076,0.23285885200959083,0.5668040304879729,0.604575591775258,0.5933304394817793,0.2148370457960244,0.34657006075137375,0.5710967852680282,0.7744740074894306,0.5374708345705241,0.5131119428697273,0.7707560716546105,-0.05585960491125519,0.3188978064843678,1.1400889792506845,0.24436706065571864,0.0035201149425287356,0.2956429851934498,77.73759154336305,0.02578504579848666,0.3173949304215299,0.3187852285712098,0.2247541156606163,0.14019407894736843,0.11850198412698412,0.21457070707070705,0.16662077104642015,0.29088183425757486,0.39407567049808434,2026-09-30,7.714285714285714,0.7
663457,Lars,Nootbaar,AZ,49.0,279,0.22093653470885652,0.18661602011972284,0.22696415196644631,0.514672779137624,0.593838533184686,0.5826456599945459,0.1669574025125074,0.2544530484831757,0.47236301091017796,0.6421817431820158,0.537438230455112,0.4362945616137018,0.6391027887609749,-0.04520742953943391,0.31313605248981957,0.9571046112804877,0.5475174669715447,0.0,0.2740177210365854,88.58850523595811,0.08013633890928872,0.3181032034543724,0.3620387114103087,0.25221980495123786,0.10589459222682383,0.22488865323435842,0.12951034986257445,0.2282320566852531,0.17187409192350458,0.24051395163644732,2026-09-27,1.5,0.8
657136,Connor,Wong,BOS,69.0,164,0.21032229426419785,0.21485005659598053,0.20841732108802102,0.5711216602370806,0.5586968890050716,0.5624027642118897,0.16288660725131796,0.2671118369729062,0.4632834150774824,0.6629983898267454,0.5370823155547719,0.4477154306941805,0.6725387725484672,-0.0253204486571178,0.3020565788773262,0.847116416309013,0.044688841201716734,0.015772532188841202,0.35871244635193134,78.23533224400872,0.008006535947712418,0.23244684095860565,0.22593695533769065,0.17372767857142857,0.21123920945024988,0.08964646464646464,0.16414610723903056,0.14890873015873016,0.237351361124763,0.4021828580244193,2026-09-27,9.0,0.15
676391,Ernie,Clement,TOR,199.0,415,0.2050665715475688,0.20361969156730542,0.20576037664653846,0.5492644679325827,0.5534907879556915,0.5521241339642851,0.21660296788950834,0.2848872678290602,0.5744635887634362,0.6907492321299941,0.5363270754587799,0.5788177216270113,0.7258300996453954,-0.015797058505505168,0.2961191220592766,0.5953216438375233,0.05996633049361062,0.0019951140065146574,0.07790700952142321,84.52441443822735,0.018849832915622387,0.20082814171572344,0.2223455012191331,0.15397939515518225,0.19398279730740464,0.14464285714285713,0.09388746889600423,0.24043779303408502,0.10251025219920332,0.39976453593355,2026-09-27,8.294117647058824,0.85
543877,Christian,Vázquez,HOU,60.0,199,0.1920811455480418,0.14110049040851633,0.20745219734890374,0.4127835114616222,0.5568108375771452,0.5259904387464288,0.1496103710938066,0.24546223003466672,0.43289582757795897,0.6268500011581322,0.5359390683042313,0.3662334782927035,0.5761903355411505,0.009948629557802513,0.2818988256786949,0.4780292792792793,0.0402027027027027,0.0,0.056756756756756746,59.58212301587302,0.0037037037037037034,0.16752904761904763,0.15871514550264548,0.2527500830840811,0.015671641791044775,0.01,0.12874493927125508,0.17775239940937615,0.2575167974715684,0.4068649984628578,2026-09-24,9.0,0.2
571912,Luke,Maile,KC,31.0,17,0.20950468197993044,0.2185478210491975,0.1930142519124434,0.5781496413727754,0.5279037757825928,0.5608149410081977,0.0724824932660371,0.27167176524746284,0.2315291388348747,0.6702802117328533,0.535652547042624,0.23098652405492354,0.6682144360118811,-0.025162393965573737,0.3004019515706,1.1985677083333335,0.30085720486111117,0.0,0.06380208333333333,81.82668055555555,0.005833333333333333,0.12914805555555553,0.15165375,0.12420634920634921,0.02395833333333333,0.4,0.04111721611721612,0.15584415584415584,0.23423582995951414,0.28441981059734683,2026-09-27,8.25,0.2
643396,Isiah,Kiner-Falefa,BOS,55.0,125,0.20357406399482983,0.19568567331016895,0.20704495589608063,0.5333510253078619,0.556013278951077,0.5491740763910062,0.16274157861520305,0.282432536873711,0.4629578958984596,0.6870178399678283,0.5353699397899172,0.39010383924176983,0.6433178058754173,-0.013804136601089034,0.2940112922116364,0.40813995202781966,0.34017897917714096,0.0,0.11342116013071896,62.91611119402985,0.003917910447761194,0.19111010261194028,0.17951666791044776,0.1445352323838081,0.10625,0.5987745098039217,0.1705265296644607,0.08768518518518519,0.16424665657599502,0.24264843965755317,2026-09-25,8.272727272727273,0.55
596142,Gary,Sánchez,MIL,121.0,152,0.20595669248044562,0.20885803270843373,0.20364707295684983,0.5595562210184907,0.5493187062421465,0.5538769486440716,0.13200759924615668,0.22141294418503688,0.39073570128618484,0.5835382428356473,0.5352806940459764,0.35697131819019406,0.5642366393003748,-0.018596254598095108,0.29647963748626627,1.473295685795686,0.3285459910459911,0.00673076923076923,0.6535459910459911,87.81578858290304,0.12525602409638553,0.28564680794607,0.3422033225760183,0.16431999810847875,0.20865800865800865,0.16364468864468865,0.15126286315310705,0.21139903846153846,0.3725723971887655,0.3083024252049726,2026-09-27,5.0,0.35
669224,Austin,Wells,NYY,101.0,291,0.20804244283769602,0.20985413142117873,0.20741364370734638,0.5614940831096645,0.5567353764091483,0.5579649817170595,0.13458318690064003,0.2085881909166259,0.39703979616686824,0.5590302056093861,0.534530890209522,0.3514524976882728,0.5233924849363307,-0.023434091507537502,0.29824951838295954,1.5086341193528694,0.5203146749084249,0.004687499999999999,0.45047851800976796,90.49341971476133,0.08675597246591982,0.3812268764179987,0.42442554309751973,0.26839168714168715,0.40794385026737967,0.08887445887445887,0.22213263772151337,0.22785603233830848,0.2388701766787929,0.21600095130607658,2026-10-03,8.0,0.8
595978,Austin,Hedges,CLE,127.0,116,0.16940354699176832,0.20149203355035966,0.13427218670779334,0.5450356301544648,0.39628106643595506,0.47776586839056867,0.17079085638773203,0.27419702913794486,0.4808124276776915,0.6742641227410862,0.5343024656757366,0.44746771381455486,0.6666854250875085,0.05653659728516791,0.2552714814967903,0.6100244341563786,0.4893947187928669,0.0025205761316872428,0.19073859739368995,76.54139705882352,0.03805340557275542,0.25899643962848296,0.26474806501547987,0.09532994833738705,0.2380390442890443,0.1625,0.07925622223024961,0.1966736694677871,0.24163401023739756,0.1837753057061533,2026-10-03,7.666666666666667,0.45
668901,Mark,Vientos,NYM,123.0,169,0.21336408081054592,0.19753698055951274,0.22488321294591324,0.5370995568302462,0.5899989211848868,0.5682739980020757,0.15691232138010425,0.24817444130155408,0.44975690906082333,0.6315234962104472,0.5342699985860143,0.40269096786899555,0.6083172217063596,-0.03400399941606136,0.3036117481090377,0.9994927226027397,0.1140871147260274,0.006292808219178082,0.18342037671232875,88.35443380541872,0.025756509500351864,0.22533156228008444,0.23491695109078115,0.15044677544677545,0.21708638583638584,0.06228448275862069,0.18239683933274803,0.10965973470991439,0.29295220178372355,0.32812040558862476,2026-09-26,4.375,0.4
678545,Osleivis,Basabe,SF,60.0,81,0.16628811926429815,0.18355419101092504,0.15349843648901898,0.5082484084945063,0.44191907840286593,0.4708778205196591,0.12905875098270114,0.2564762973063583,0.3834603529706161,0.6455688673288174,0.5340671577638618,0.3772246413134498,0.6664039876929454,0.06318933724420273,0.2514803792589762,0.6267322228443449,0.34255155841731993,0.013031914893617021,0.12288703807390819,67.63993397435897,0.02325,0.2680489102564103,0.2651878717948718,0.11730769230769231,0.10496323529411765,0.12907407407407406,0.10328282828282828,0.12704761904761905,0.29903856404242846,0.21700208258240217,2026-09-26,5.5,0.4
676551,Brewer,Hicklen,ATL,9.0,38,0.21203267877737253,0.20700468408531053,0.21322351962549246,0.5559343532973927,0.5680039351260822,0.5657111059326836,0.11989707998094996,0.3490402670919841,0.3604608775646647,0.7774439335659059,0.5335421045944073,0.24809535365737387,0.698830199745016,-0.03216900133827627,0.3018306940517537,0.6363696808510637,0.24026595744680848,0.0,0.03909574468085106,79.43637500000001,0.04211956521739131,0.22561684782608699,0.23254940217391304,0.18058201058201057,0.12767857142857142,0.04444444444444444,0.08333333333333334,0.19916571319603354,0.3161221988795518,0.23359747431248912,2026-09-27,8.2,0.25
669221,Sean,Murphy,ATL,40.0,88,0.20204880039031917,0.19432184467448643,0.20556105298842497,0.5305757078024337,0.5530984665523586,0.5461449607384549,0.11633115948147266,0.24653996807301726,0.35134556041894593,0.6287121233525687,0.5335406678650898,0.3299423600250972,0.6443119540413142,-0.012604292873365064,0.29139054710354845,1.1270907964939025,0.40813230436991865,0.0,0.2117258955792683,93.15267128489327,0.13114942528735635,0.32827255115574083,0.38078583585954284,0.21474216252508993,0.09252873563218392,0.046153846153846156,0.14567640692640693,0.21924291938997822,0.27313865107977753,0.2767564366019344,2026-10-03,8.153846153846153,0.65
672275,Patrick,Bailey,CLE,55.0,285,0.2252962672085302,0.18862985580146163,0.23237224133971884,0.5188654099695587,0.6036970100002024,0.5907631153187083,0.15292015259550798,0.23633325297036809,0.4405835615320526,0.6108082903398012,0.5333255314234149,0.38320001995226777,0.5708616027586422,-0.05743758389529341,0.3150690524227022,1.8215313996238032,0.15691347469220251,0.02056429548563612,0.553156955369357,89.89689435675997,0.22176642842962083,0.4400194845642247,0.5572795649692277,0.13770931912500484,0.3302530623233275,0.28972940205334574,0.46430942057548286,0.20384226799104102,0.24725648839417422,0.30971129798700037,2026-10-03,7.545454545454546,0.55
571771,Enrique,Hernández,LAD,55.0,41,0.20901371067869956,0.19253594756741416,0.23111802704749707,0.5269237020055682,0.6014260824997142,0.559859487516371,0.13910828905878486,0.30000247052485923,0.40800254201459163,0.7130291557699844,0.5328820897884344,0.2954126874008022,0.6041893824430271,-0.026977397727936614,0.29833909369560574,1.263814814814815,0.11705729166666666,0.0,0.42563657407407407,90.34349495967741,0.07228830645161291,0.2535830846774193,0.3115740423387097,0.3065,0.09007352941176472,0.03333333333333333,0.10660869565217393,0.2246549344375431,0.1652257799671593,0.26414759969028256,2026-09-27,8.333333333333334,0.45
502671,Paul,Goldschmidt,NYY,185.0,196,0.21551044460745417,0.19711777985352638,0.23287086797213086,0.5362526489176976,0.6045972691308723,0.5723828838147889,0.18903176119428758,0.2730844031235342,0.5196990345536907,0.6725130824346779,0.5318665997654042,0.46187689818306105,0.64939756092781,-0.04051628404938468,0.30443133817848816,0.873966535433071,0.8267716535433072,0.004822834645669291,0.23184055118110236,77.1936758555133,0.01730038022813688,0.19261150190114068,0.20235166349809885,0.19391567336772814,0.1449316851008458,0.13213203463203463,0.1736773076759696,0.14716386554621846,0.2500534630026567,0.2965454319163185,2026-09-30,1.0,0.25
668709,JJ,Bleday,CIN,152.0,388,0.1983054286081042,0.1944659215025068,0.19980956541235884,0.5308694518486836,0.5416716257499066,0.5386491768066297,0.15640058083321573,0.22209476092880415,0.4485870616554293,0.5848132957473671,0.5316136174009068,0.4790094724543421,0.6452218836456789,-0.007035559405722869,0.2863532373921931,1.4869810677223119,0.35031802424405084,0.0034027777777777776,0.2739976180891036,82.73752533444815,0.09457622630992196,0.3537687129319956,0.4165537253344482,0.22354292572534862,0.16150104329681794,0.12209039548022599,0.11482070069875776,0.172855217061129,0.22128063579215404,0.22453241294731677,2026-09-27,5.222222222222222,0.9
669720,Austin,Hays,SD,55.0,54,0.23617567387179084,0.26928382652326377,0.20245440728232766,0.6664810460220327,0.5469518951515437,0.6105271401558456,0.18411979692231722,0.3461946765530978,0.5094397171059921,0.7740202190258841,0.5315035421337349,0.3982909179893205,0.6929469218909509,-0.07902359802211079,0.32449733756161114,1.0080905963302753,0.16868119266055046,0.0,0.5128784403669724,86.56277574211504,0.01522154316271963,0.2846919187902434,0.2802845816053694,0.3012165994924616,0.2544148936170213,0.3104901960784314,0.22769719687092568,0.46424074074074073,0.30263763001995886,0.3443383203638476,2026-10-03,5.714285714285714,0.35
620443,Luis,Torrens,NYM,86.0,191,0.22109247751158945,0.2101492544169092,0.2260197926222831,0.5620670592083652,0.5920992612439491,0.5829379788358378,0.17214978678473347,0.2688159429217265,0.48378433741129645,0.665733005294888,0.5314247403283296,0.40776720835377317,0.6144942289186515,-0.05151323850750811,0.3097876640303564,0.7558335840352989,0.24238267148014442,0.008844765342960288,0.32294449458483754,89.20067602040817,0.02691326530612245,0.26450431547619047,0.28830988520408163,0.20014314544515888,0.14512362637362639,0.055574324324324326,0.12628143133462283,0.1826493916784298,0.22885324413299657,0.294867651642203,2026-09-27,8.555555555555555,0.45
665877,José,Fermín,STL,162.0,197,0.22222793981230568,0.2126163630056365,0.23013187606956664,0.5668360070663965,0.5996340049071689,0.5850620251993439,0.18542451411687055,0.27163863230446567,0.5121799161848173,0.6702277103648833,0.5307619544860211,0.4440648694183697,0.6226899922023449,-0.05430007071332277,0.31052866399035356,0.9643087929019564,0.18148182867890392,0.023726430254981792,0.14168770553656104,85.82942398716406,0.0037906137184115524,0.28464908644203774,0.2945394524669074,0.2213174245958705,0.13530364372469636,0.3160506644518273,0.17246738117427773,0.2036821050259184,0.16140824750953014,0.22068051569151265,2026-09-27,5.333333333333333,0.45
650559,Bryan,De La Cruz,PHI,46.0,48,0.21396072733841642,0.18160635294958097,0.24496700279438377,0.5041299559610957,0.6259921117566055,0.5694190041065011,0.1689346109643276,0.34047581097178026,0.47673319426822447,0.767025949727397,0.5302633509034198,0.3798593853621745,0.7015706148612388,-0.03915565320308134,0.3019420291856015,0.6551329787234041,0.40272754137115835,0.17988179669030735,0.08973404255319149,95.20971435546875,0.08579101562500001,0.430370849609375,0.48654921875,0.19879591836734695,0.1569327731092437,0.07272727272727272,0.15998606889564337,0.20641337386018235,0.25836212891992844,0.23364251221506113,2026-10-01,6.571428571428571,0.35
699912,Jose,Fernandez,AZ,68.0,149,0.22006372008263625,0.22008618261359952,0.2200534687262235,0.5810490774055821,0.5809875682866935,0.5810068437275367,0.18768064105856816,0.30064007279911786,0.5168924645063535,0.7139429841361202,0.5299410765276209,0.42656606428685023,0.6569511707260848,-0.051065767199915846,0.30789939223488605,0.46525537634408604,0.03104838709677419,0.23023233486943165,0.053629032258064514,64.61312908496733,0.006862745098039216,0.26836727941176475,0.25371282679738566,0.2346396993810787,0.08698630136986302,0.1638888888888889,0.1388888888888889,0.2079326923076923,0.28159478081863987,0.30858596828102175,2026-09-27,9.0,0.05
660844,Leo,Rivas,SEA,47.0,97,0.21482303930673424,0.2064683834679577,0.21887117151727542,0.554882342964477,0.5787602640289857,0.5710700055177398,0.08612287093995369,0.1968928619570039,0.27036219122636207,0.5357977931231439,0.5297831893816818,0.24523754590839625,0.5139990357661031,-0.041286816136058,0.3025432888834028,0.8705034722222222,0.06805555555555556,0.01701388888888889,0.32545138888888886,82.665,0.002134146341463415,0.23605670731707318,0.22339878048780487,0.2763157894736842,0.06826923076923078,0.08206521739130435,0.23434466019417477,0.014634146341463414,0.22584340609778097,0.23214285714285715,2026-09-27,9.0,0.15
694208,Moisés,Ballesteros,LAA,60.0,288,0.19371201983356184,0.2334102889384755,0.1854415471033715,0.6055695355694792,0.512215616811144,0.5293309410216072,0.15716336054245025,0.2402925256666855,0.450330140136302,0.6178248917929291,0.5297575817463781,0.3871534918338872,0.5757550217958225,0.0004266407247709436,0.2804170792591413,0.5539134738343499,0.4780887377295515,0.011521720757268428,0.1175950486295314,85.9838370880267,0.03397371714643304,0.19477231226533168,0.21107407905715478,0.14754844006568144,0.21251097747231767,0.09145220588235295,0.12198464912280702,0.16676528892853604,0.3306689081200924,0.38519759657602226,2026-09-27,4.857142857142857,0.7
663728,Cal,Raleigh,SEA,193.0,332,0.19277257250671656,0.21272623048276912,0.18117300627364988,0.5670475153637379,0.5032103610232843,0.52740874190011,0.12764621930331682,0.18972953863173092,0.37995349110109167,0.5211439000936127,0.5282491221462847,0.4217096500541492,0.5936937505096255,0.0008403802461747212,0.27860320492100954,0.9487447154471543,0.39356286875725904,0.0035,0.33884462253193964,91.27329429193028,0.06866860300146924,0.28167176605636957,0.33077509942577243,0.1853860294117647,0.08338238500109005,0.24285593962670982,0.19224787192327372,0.09662124029490443,0.29567074363992174,0.3498593033009826,2026-09-27,4.0,0.95
641857,Ryan,McMahon,NYY,64.0,301,0.21561977062241028,0.2082062951530036,0.217196057765407,0.5582849913675871,0.5755900917028697,0.5725914211509971,0.1571810168197449,0.238223174691146,0.4503704409977902,0.6141689741703346,0.5272531459619443,0.3867079546074994,0.5640477236478818,-0.04533827518905287,0.3019006281526838,0.978830242526062,0.2801714267252521,0.003356164383561644,0.6899116050659085,74.97828255017131,0.05087493881546745,0.2966902227116985,0.3167503242780225,0.26763400377333063,0.17714101772550014,0.2159131803868646,0.28726602947033053,0.07738138612258116,0.23661900079799364,0.27472940502757015,2026-10-03,7.833333333333333,0.6
621493,Taylor,Ward,SEA,190.0,412,0.15154507208611365,0.2053016544009203,0.126754415193363,0.5525875332414454,0.3777321050829583,0.43739871790318874,0.15698634568533654,0.21908804721639857,0.44992598296252617,0.5791694633202473,0.527038228051789,0.4845226269394671,0.6448686236827472,0.08963951014860028,0.23052584523582093,0.6991991564067487,0.31698016415868674,0.007122093023255813,0.8266700866393071,55.34867980072464,0.009035326086956522,0.19111490036231885,0.19978614130434783,0.43880093814130755,0.04592956943256345,0.09649159663865547,0.4599185448309652,0.05340589887640449,0.128546559291363,0.17550671176572089,2026-09-26,7.0,0.2
669236,Jeremiah,Jackson,BAL,92.0,196,0.19176596339985355,0.2138153661667708,0.18141624373374954,0.5691402460284669,0.5037266794376066,0.5253429074175027,0.16542111055994202,0.25892387223012026,0.46894942571051224,0.6496356719142163,0.5261545729991209,0.4472633315237413,0.649676118957986,0.0008116655816182705,0.27641157313037285,0.7931797092694184,0.1415534316766806,0.004253472222222222,0.28848132456025777,66.87386979166666,0.06724759615384614,0.22507691506410255,0.26133543669871795,0.16803545632770983,0.09230769230769231,0.03157894736842105,0.14780006218905473,0.13932759269715791,0.28769601570358255,0.32463494602710874,2026-09-25,6.0,0.5
571657,Kyle,Farmer,ATL,11.0,7,0.10231998914210283,0.03439572128987667,0.20905812433845822,0.11529774289966654,0.55994597963048,0.31462944676514737,0.09000928108601691,0.45214584316212625,0.2811647425296344,0.8782896912270043,0.5261401294794352,0.1516647109536757,0.6461988254921511,0.21151068271428786,0.1655391778590577,0.1701388888888889,0.0,0.0,0.06805555555555556,43.78586538461539,0.2778846153846154,0.16202211538461536,0.22235,0.03333333333333333,0.049999999999999996,0.024999999999999998,0.03461538461538462,0.03,0.32054054054054054,0.21125000000000002,2026-09-27,,0.0
815873,Sean,Keys,TOR,3.0,63,0.20168616536242162,0.08495771383022264,0.2072446630544311,0.26710109149550976,0.5564045217570734,0.5454226479196959,0.10718606405608061,0.2914519267707184,0.3275447912224615,0.7005718515165908,0.5260874483157932,0.24467602609811764,0.6116533413477125,-0.01933519960390262,0.2869400090977161,0.8347911682615631,0.150613038277512,0.09923993221690591,0.2298270534290271,82.39685897435896,0.1973931623931624,0.3925608760683761,0.4555536965811965,0.15908653846153847,0.12908653846153847,0.25833333333333336,0.13303571428571428,0.20634199134199135,0.19410925306577484,0.41583612139051096,2026-09-27,5.4,0.25
702332,Caleb,Durbin,BOS,162.0,418,0.20228062083761483,0.20506147003353498,0.20120287545546395,0.5521140739750823,0.544458733382983,0.5466062813873005,0.1856009190145272,0.25260273191747457,0.5125495651172811,0.6390639416707955,0.5256507865462257,0.4764168824349282,0.6319728260504724,-0.02095549484107484,0.28732402174234206,0.7522460004973476,0.2409702420424403,0.0925190649867374,0.08510288875994694,82.9606278587597,0.06269971736820665,0.2181706356275644,0.23330836165950636,0.14002574002574003,0.2041531440162272,0.11541666666666667,0.15935653073286055,0.13097080897741215,0.16177407590580134,0.2936134226330894,2026-09-30,6.631578947368421,0.95
690924,Braxton,Fulford,COL,59.0,24,0.1578019819375147,0.1320867745918955,0.22101853332882868,0.3909301917451038,0.5827993867794369,0.4517864663030605,0.09388012275121073,0.24975135495472323,0.2918099817701074,0.6342214203688443,0.525532407576393,0.19084603675596176,0.4745575989060954,0.07374594127333245,0.23742842934667832,0.4048192771084337,0.2870983935742971,0.007379518072289155,0.036897590361445784,52.76625,0.013125,0.14069500000000001,0.136865,0.4703900709219858,0.05178571428571428,0.01875,0.2625968992248062,0.02625,0.48427672955974843,0.5089370463428252,2026-09-24,8.0,0.05
695670,Harry,Ford,WSH,59.0,59,0.19921297169216273,0.21733188132762532,0.18109406205670017,0.5758477721565907,0.503042704258299,0.5404745136612616,0.1055728121111261,0.2378362312939548,0.3232823996363162,0.6134826005127907,0.5252271822475789,0.3046601928840721,0.6181027493151624,-0.01524733141368273,0.28387190588693506,0.7011474130240857,0.5240529289325008,0.005190677966101695,0.14785951903062744,74.85938657407407,0.04616898148148148,0.2731488194444444,0.2962997106481481,0.17430555555555555,0.11290849673202615,0.06666666666666667,0.20844298245614035,0.07995901639344263,0.19169143356643356,0.19438125163655406,2026-09-27,7.444444444444445,0.45
680574,Matt,McLain,CIN,123.0,367,0.18818026348985395,0.23552570929064554,0.17231244378005187,0.609365949999712,0.4841392435704769,0.5179316499644815,0.13504493446327037,0.2007742963010476,0.3981650391344618,0.5436027180063538,0.5251003047606303,0.3781784643431,0.5471062711333948,0.00716865479614881,0.27196606724152533,0.7242572175631385,0.21731700473711751,0.007499999999999999,0.1450210863697706,77.76081040268457,0.0261385426653883,0.20232175095877275,0.21700415627996167,0.19839379618296388,0.14812918935902808,0.2078525641025641,0.11591138966152513,0.1704671244277986,0.26150268336168236,0.30835125482185055,2026-09-27,7.6,0.75
664023,Ian,Happ,CHC,143.0,495,0.18941799343606,0.185320391553082,0.19060174509114255,0.5119616378517924,0.5229455811713594,0.5204991775738188,0.15820325616436634,0.21858988409966165,0.4527001295976415,0.5782291099805421,0.5247703303282836,0.4729357239712649,0.6271634625479746,0.004271152754464769,0.2731425253510128,0.7438968773828687,0.42828379172667963,0.006720219435736677,0.2113621139752605,77.13980329006985,0.05726723961530591,0.23484546245140167,0.25570806611564206,0.16070371132218303,0.18616451163620068,0.07264113456731255,0.19661625527310367,0.11542355100970364,0.24027994433200628,0.21516708857689948,2026-09-30,4.9375,0.8
609280,Miguel,Andújar,SD,82.0,172,0.1319337473982229,0.2099084894848235,0.09475974244995984,0.56159965853977,0.2942132380137691,0.39055424776213077,0.1953381097127283,0.30047609877573883,0.5326448680727088,0.7137081710827463,0.524678221425692,0.4409312201066907,0.6618417767153216,0.1341239736635612,0.20491530808608382,0.2435531496062992,0.02170275590551181,0.009645669291338583,0.053051181102362205,37.37019704433497,0.007758620689655172,0.08577339901477832,0.08546527093596058,0.09889705882352941,0.11708333333333333,0.04342105263157895,0.030737704918032786,0.09204545454545454,0.05091118487907323,0.13892746913580245,2026-10-03,,0.0
670032,Nicky,Lopez,TEX,53.0,202,0.2196001387747974,0.1358490781914331,0.2415744269476603,0.4001210930871528,0.6200771719774801,0.5801345466543222,0.20172704265670405,0.30762512766939487,0.5455041101933717,0.7238185259276112,0.5245037980489866,0.39989831509207535,0.6001016849079247,-0.05563074860533557,0.304282773099619,1.1991323529411764,0.04820588235294117,0.2391127450980392,0.09400980392156863,71.520497582038,0.0,0.3183018346286701,0.321389957253886,0.4755748272195641,0.09964523986021391,0.11145484949832776,0.2738888888888889,0.2573611111111111,0.16030679937040354,0.35757301522007406,2026-09-27,7.25,0.6
807726,John,Peck,DET,26.0,53,0.1888215763764186,0.210868223827048,0.17800623989120418,0.5634606871049681,0.4964532206116766,0.5192632019700232,0.07956540644605792,0.23237331588651922,0.2518731102030334,0.6036989516428276,0.5225326748878477,0.2581978582556242,0.6579146575496577,0.003269472917824534,0.2713319898962249,0.26303511779184247,0.3257043336849508,0.028958992616033755,0.08850870253164557,79.19151379079977,0.025403225806451612,0.20039180998282113,0.21434419879748046,0.17794424567680384,0.05083732057416268,0.05357142857142857,0.12131578947368421,0.0940204563335956,0.26518174954158125,0.3064051984751384,2026-09-27,8.75,0.8
666160,Mickey,Moniak,COL,89.0,340,0.2004636756735611,0.20456773669910736,0.19938937734628576,0.5511396869112688,0.5408287177150035,0.5429815874135917,0.1868881898797086,0.2655672180525108,0.5152409321214493,0.6605059338380241,0.5223820817332716,0.4866297002803476,0.6635687383662602,-0.020599505680320096,0.28364385197594844,0.9622317497317499,0.06254578754578756,0.0042832167832167825,0.21215959965959968,93.77659715701618,0.06393290297339593,0.33666330562076163,0.41377830399061033,0.10814699792960662,0.10553042763157895,0.15065707133917394,0.1474089635854342,0.07612149145029437,0.26546385425945124,0.5491365818060654,2026-09-26,6.153846153846154,0.65
805249,Otto,Kemp,PHI,23.0,5,0.1776978146869925,0.20981339100755422,0.029966163612408673,0.5614149442746406,0.10101159141283278,0.4957916245818036,0.019812064115305714,0.22645362568399058,0.06764192773588518,0.5928989316356619,0.522351576339994,0.04325817835808121,0.42234631019482544,0.02655995175819037,0.2589775366364716,0.04375,0.021875,0.021875,0.0,14.266,0.0,0.047191666666666666,0.04802000000000001,0.011538461538461539,0.01875,0.0,0.0075,0.01875,0.48,0.33403755868544605,2026-10-01,,0.0
694378,Jacob,Gonzalez,PIT,33.0,192,0.19717319836034777,0.15140972450153156,0.20503879542983178,0.4370845389465632,0.5520693585768701,0.536364673928472,0.15691870169470284,0.2618929040108416,0.4497714833668722,0.6545240402984533,0.5220894723558387,0.33867787511454334,0.5526808705169162,-0.01427520157263329,0.2800303496016274,1.374888888888889,0.32466666666666666,0.010888888888888889,0.3470555555555555,80.72970462519936,0.1559298245614035,0.21907712440191388,0.33066899521531096,0.12615384615384617,0.48958333333333337,0.09099381977671452,0.10458223612025455,0.1970227216318058,0.2950062230763835,0.3851462335538948,2026-09-27,8.25,0.4
660821,Jesús,Sánchez,AZ,35.0,274,0.20584106457137757,0.2130093174408606,0.204925411832575,0.5675921523713892,0.5518457128834193,0.5536495330499329,0.18932806998202573,0.2832482291376822,0.5203129715848249,0.6882613063321665,0.5217443210552559,0.4476593463255317,0.6365776165476932,-0.031905211994676996,0.28886349972369674,0.49076770945702985,0.18456490471053577,0.015857605177993526,0.10222491909385113,69.00120898838004,0.08388585099111415,0.2863915926179085,0.30828749145591255,0.16057777626100608,0.06361708996986656,0.0663563829787234,0.10547929764797236,0.13172534829511573,0.448346528266479,0.47228270802946,2026-09-23,7.5,0.3
695720,Tommy,White,ATH,69.0,125,0.2302515501554289,0.23834927456248123,0.22578160628273597,0.6143924662897587,0.5916597433221273,0.5998517882298842,0.19199816110089374,0.3126557138545145,0.5258200111703555,0.7307782495644018,0.5202318677577283,0.38076259846972194,0.6362322215099673,-0.07961992047215583,0.312062016168646,1.0170036942927319,0.1038007384545778,0.0,0.2646671399831949,79.95225211296639,0.050394248608534316,0.3269899067202639,0.3430904169243455,0.3945693779904306,0.0803453947368421,0.25601851851851853,0.26860666066606664,0.14618615591397852,0.21266499482217655,0.47630742574118734,2026-09-27,6.4,0.5
672724,Oswald,Peraza,LAA,136.0,232,0.21235645635188977,0.21347093658267677,0.21170314035453192,0.5684792213273415,0.5650750846582211,0.566335361248479,0.1707899070161294,0.25369599974986945,0.48081034719020055,0.6409084437320857,0.519524218236598,0.40420290969708783,0.5870894335884381,-0.04681114301188105,0.2942249358123574,0.9221829710144928,0.07911005434782607,0.016644021739130436,0.09217617753623188,84.59140372670807,0.010652173913043477,0.32334588962215327,0.3104477316252588,0.1182005708354956,0.14752226093689508,0.36099071207430344,0.16667385677308025,0.19612325560854973,0.303025620196428,0.45492329179462143,2026-09-27,6.6,0.25
683766,Christian,Koss,SF,65.0,149,0.2121071098384152,0.20194726261259574,0.21653925795706122,0.5459427959078575,0.5743424525087046,0.5658546685909961,0.15688042148952547,0.2647172822620321,0.4496840372378753,0.659128843442607,0.5187009743286293,0.3765217187108694,0.6093622535188515,-0.04715369426236682,0.2935093679265533,0.6431992795950157,0.07595327102803738,0.00572429906542056,0.12419275700934579,80.32134579613097,0.013430059523809523,0.21092988901289683,0.20952701512896826,0.16420288264559557,0.13393518518518518,0.04,0.15869016041429834,0.1346462648729904,0.3504342276707666,0.43232315585256764,2026-09-27,8.95,1.0
677943,Will,Banfield,CIN,6.0,14,0.21272184930147842,0.20311060411452925,0.2168409543815995,0.5482551947779439,0.574915871731658,0.5670390824677385,0.052368745896216595,0.36041886474075696,0.17160433877705328,0.7907647947196911,0.5185677288079212,0.1205838183869109,0.6457978644196039,-0.04847135365981725,0.2940481691406227,0.5461458333333332,0.0,0.0,0.0,74.88992788461539,0.0,0.21570937499999998,0.2076925480769231,0.11153846153846154,0.23750000000000002,0.0,0.225,0.05607142857142857,0.3628051965008487,0.48036824485891916,2026-09-27,8.0,0.25
696030,Alejandro,Osuna,TEX,49.0,183,0.21233650228717643,0.15955835305972813,0.226468356451903,0.45577751884031203,0.5929260647085046,0.5662969076075033,0.17910768931871893,0.2866350997987982,0.4988108544566202,0.6933866366820569,0.5185087421764922,0.4039270123076001,0.6205104797510615,-0.047788165431011054,0.2936298972620038,1.2605708757836993,0.05016163793103449,0.16859693377742951,0.34035339929467084,82.54603293413174,0.0010479041916167664,0.4157035928143713,0.4035408682634731,0.2968438658630046,0.18481351981351982,0.3397997835497836,0.20166666666666666,0.256043956043956,0.24358024691358024,0.522129611604119,2026-09-27,6.666666666666667,0.15
806367,Turner,Hill,SF,41.0,79,0.2034072730048208,0.18638582408247742,0.21224118953413829,0.5141918749538197,0.566113196021166,0.5488435411239108,0.1312502592495093,0.2712115600420246,0.38887308945908317,0.6695504511037201,0.5183461707703862,0.3250404210813369,0.6478162455108586,-0.03049737035352451,0.28449094789363816,1.1064753494303126,0.27238649725092745,0.027333896396396398,0.12229887056173822,90.74485391257292,0.21387163561076608,0.35021433530961793,0.48293993087709397,0.14739401858304296,0.12686025408348456,0.15763888888888888,0.09987373737373738,0.1661111111111111,0.12007983056370153,0.23825942834665403,2026-09-27,3.642857142857143,0.7
686217,Sal,Frelick,MIL,96.0,275,0.19998078979410538,0.22263534084917083,0.19207229197124615,0.5858222405652149,0.525972257983216,0.5420147890804634,0.17185462696408466,0.25456954533419485,0.48313987403992853,0.6423773954555841,0.5175445749182618,0.44792954001739665,0.6318283795811176,-0.02447021416220163,0.2805168136140598,0.5869272237196766,0.30525606469002703,0.0033018867924528303,0.24923629829290211,84.57110741971206,0.010861018826135105,0.2911181201550388,0.28317134551495016,0.13686224489795917,0.06662878787878787,0.2902831402831403,0.10639880952380952,0.17696107303491113,0.03180617010816126,0.29378074745496285,2026-09-27,6.888888888888889,0.45
664702,Myles,Straw,TOR,170.0,153,0.2286085120259937,0.23279223940692556,0.22395992604718054,0.6044554041428176,0.5882870577335293,0.5968543779423733,0.178090855450631,0.26812383024719244,0.4966346191123219,0.6646242762391876,0.5174286966189645,0.320417879949689,0.48851118408451627,-0.07942568132340877,0.308829582850045,0.8577433854667094,0.22984646898686875,0.0018962848297213624,0.1109784349311412,88.28830345285525,0.004880478087649402,0.24352103741895165,0.2368981837356457,0.31500647137264415,0.12017312206572771,0.07535885167464115,0.2801266259928629,0.26026608623976094,0.10158006557601924,0.23793460592991295,2026-09-27,8.636363636363637,0.55
703155,Lazaro,Montes,SEA,15.0,43,0.21487038116047988,0.1987878221307422,0.22048057617085348,0.5396200559941788,0.5817901143376822,0.571160516117097,0.10934251661120264,0.3085237387049923,0.33321238538902753,0.7250710565486258,0.516931033532994,0.24469968925375948,0.6345344563069328,-0.054229482584102984,0.2952505959096492,1.5607344528014333,0.2880020010237796,0.0,0.6615240646377217,91.09654141865079,0.2,0.31495780009920643,0.41231207837301587,0.19932266009852218,0.18849681020733652,0.2654761904761905,0.20036764705882354,0.1267543859649123,0.3640348288075561,0.2527194736592863,2026-09-26,8.0,0.5
669016,Brandon,Marsh,PHI,127.0,434,0.19297017966452668,0.13955993512072867,0.20859944477296524,0.40908884948585433,0.5590521522477521,0.5278135298667705,0.21215820733442564,0.2832754306371247,0.5659532058345658,0.688302712231594,0.5169071325440479,0.5306606636400572,0.6820501077133266,-0.010906397322722694,0.2728305782413845,1.1221596850861555,0.2845668449197861,0.0021836007130124776,0.3099985145573381,86.65111516931901,0.045620836417468544,0.3346044179465828,0.35960210507648654,0.21291377386560875,0.211218487394958,0.12049043062200956,0.17576740309498928,0.22321079526080462,0.22523020673467548,0.3339601635939802,2026-10-01,6.785714285714286,0.7
680776,Jarren,Duran,BOS,139.0,460,0.20991571165221146,0.21971389421618115,0.20695495648614237,0.5803487143924622,0.5558368821375828,0.5616136842260394,0.16089253744136778,0.22368860811261077,0.4587953215651649,0.5877830389683432,0.5168194085054463,0.4570141945810369,0.6131203226742222,-0.044794275720593135,0.2902528520902662,0.8222806228606637,0.48833269368179016,0.020081425016536997,0.07632099095977572,85.34430495510475,0.029122256401729295,0.28265343510974394,0.29522023507648826,0.23020134228187922,0.20696699134199137,0.11539003831417624,0.25509466033643985,0.09352501547805064,0.2871426202690318,0.3407763372598166,2026-09-30,7.166666666666667,0.6
669357,Nolan,Gorman,STL,48.0,249,0.19171183083045795,0.2121334728279824,0.18777512875864602,0.5659055094045287,0.5170891159704621,0.5252316302957702,0.1271016532798105,0.21142036831892502,0.3785977116001302,0.5645287940696135,0.5168178837819812,0.3792074367906816,0.587024544990991,-0.008413746513789011,0.27144909966481995,0.5240200531740166,0.7794008427773673,0.0,0.18202040732528535,71.17032738095239,0.04594494047619048,0.23507574404761905,0.25002522321428566,0.097625,0.22713672768878718,0.0822960372960373,0.08777401477832512,0.14664473684210527,0.37575627810364165,0.2425266422373782,2026-09-27,6.083333333333333,0.6
669242,Tommy,Edman,LAD,111.0,219,0.20695090665975924,0.20927333129906794,0.2057737873220274,0.5603649063570306,0.5535171748577734,0.5558289433924439,0.17700241939808697,0.2658468880035428,0.4942976698518775,0.6609581928737462,0.516674763482749,0.4238096644588496,0.6337665217072965,-0.03915417990969494,0.28718278786415724,1.3443942837465566,0.36446367079889813,0.05846212121212121,0.5015119662534435,85.5498190123457,0.046641975308641975,0.3021505333333333,0.3248165679012346,0.22128436426116838,0.18588954853527742,0.15238095238095237,0.12763439916313707,0.2856722714954423,0.27537591539347983,0.3034546779635541,2026-10-03,4.764705882352941,0.85
678391,Jorbit,Vivas,WSH,52.0,304,0.2109520363621631,0.20952348826558642,0.2111963932734196,0.5608515094464206,0.5640957463577714,0.5636229402756918,0.16894205022843592,0.2530256110808614,0.47674958812557333,0.6397782009946409,0.5161935373593606,0.4149931111269609,0.5932821944656652,-0.04742940291633124,0.29093851927779296,0.6101690901079533,0.2957907854152897,0.0068820224719101115,0.18502359183373726,81.67499757751938,0.005426356589147287,0.22244300710594317,0.2160204780361757,0.13408962288418996,0.17283298097251584,0.09633489461358313,0.13900257400257401,0.1337878787878788,0.16549514314928426,0.3179360705120854,2026-09-26,6.916666666666667,0.6
642350,José,Siri,LAA,123.0,121,0.2296025002193952,0.2375732123757014,0.22150004075472035,0.6130155507951756,0.5837012761337199,0.5986696291834972,0.17747050092548888,0.28186128061899846,0.49530362163222097,0.6861448927346795,0.5156353820023618,0.3254240646742609,0.5253881437468567,-0.08303424718113539,0.3086952429372449,2.1683690991196114,0.11507428278688524,0.007530737704918033,0.8628391583181542,87.20452622265122,0.13204150579150578,0.401119231016731,0.47091234555984557,0.26832545518207285,0.17252775081247626,0.19037545372050818,0.16228233830845773,0.2794682533704903,0.3441192601513703,0.27340954994447636,2026-09-27,5.166666666666667,0.6
693409,César,Prieto,STL,4.0,35,0.20613802686799,0.21364764797735813,0.20527978445549078,0.5688184539153904,0.5525444372917536,0.5542334282679977,0.026507395303779754,0.20321071167954996,0.08974243207555244,0.5484537868302195,0.5155782214875378,0.06591599071428139,0.43008880961974144,-0.03865520678045986,0.28575068523535513,1.7679487179487183,0.1391025641025641,0.0,0.0,84.30068181818181,0.0053030303030303025,0.2164159090909091,0.2682227272727273,0.02266666666666667,0.41333333333333333,0.07916666666666666,0.06666666666666667,0.1550595238095238,0.2982294188861986,0.4231520614345624,2026-09-27,8.0,0.05
596117,Garrett,Stubbs,PHI,8.0,56,0.1910401325982619,0.14376526490648658,0.19779368512565837,0.4191353502854396,0.5376176293290171,0.5238493093501847,0.07578572556030862,0.24616281741577029,0.24106540218195893,0.6280612369746585,0.5154733035343326,0.1719475260508347,0.5462654802574476,-0.008376005815852072,0.2700303340449183,0.19140624999999997,0.9761718750000002,0.019140624999999998,0.019140624999999998,36.96426136363636,0.0,0.0751846590909091,0.07090795454545454,0.07478070175438596,0.08888888888888888,0.06875,0.12166666666666667,0.038213213213213214,0.30779077553271106,0.30608388704318934,2026-09-26,9.0,0.05
691785,Marcelo,Mayer,SF,25.0,216,0.20449379805090756,0.19900026123301987,0.20512962407149643,0.5400471538698388,0.5522484577886149,0.5509936381030118,0.14625821110889958,0.24518472213584197,0.42503303984844876,0.6263694434987537,0.5145819620030757,0.40781596889792504,0.6312254554326613,-0.03641167609993612,0.2835313873462605,0.7272302904564315,0.2821058091286307,0.007624481327800829,0.0508298755186722,79.78737426035502,0.03343195266272189,0.3022352071005917,0.300242825443787,0.1434294871794872,0.02426470588235294,0.01607142857142857,0.07555448408871746,0.037815126050420166,0.3882359857035365,0.22055640243902438,2026-09-27,5.25,0.2
622268,Donovan,Walton,ATH,18.0,247,0.20948937116891883,0.20223677626155132,0.2100179003524517,0.5465190567618652,0.561812103688256,0.5607851678428166,0.1801445738972404,0.28050409005488885,0.5010230734340395,0.6840639724576161,0.5144171462555789,0.4355004304533109,0.6451062301792937,-0.04636802158723774,0.28847750570415753,1.2126083538419472,0.2914273995077933,0.016179245283018867,0.5597559474979491,80.3525009944077,0.04493285286704474,0.2668420300685256,0.28225070888468806,0.21138517790715297,0.09615911582024114,0.21187794348508637,0.16865300766379904,0.14675485008818343,0.3247273463845309,0.2924064510337028,2026-09-27,6.111111111111111,0.9
681047,Christian,Franklin,BAL,29.0,30,0.21378505735882253,0.2122160411893003,0.21530177298936065,0.5660647143083821,0.5719846448604946,0.5690821068077194,0.0823846399859648,0.2651798378377357,0.2598625811690667,0.65987878310568,0.513780518718636,0.14547724486760422,0.5189728183535234,-0.055301588089083475,0.2923833000291643,0.5875847457627118,0.27911016949152545,0.02076271186440678,0.099364406779661,64.25059523809524,0.014999999999999998,0.2235145238095238,0.21968714285714286,0.2266955266955267,0.17625000000000002,0.3208333333333333,0.0,0.33473684210526317,0.27743361449547016,0.26716426858513187,2026-09-25,7.5,0.2
681508,Mickey,Gasper,BOS,27.0,196,0.20462322184314416,0.19371153511160924,0.20612636236228418,0.5293299506765838,0.5542105035047671,0.5512492627743153,0.1663681348372607,0.27376948083383845,0.4710555381187227,0.6735920444773908,0.5137671848235529,0.44082635379991364,0.6737187908045056,-0.037482077950762416,0.28321378187161894,0.8539424514200298,0.2681894618834081,0.04826233183856502,0.18436472346786248,66.4909698275862,0.08870803085299456,0.17095628970054447,0.232222519661222,0.10395021645021645,0.13601190476190478,0.11726836933603851,0.12712143928035982,0.11041666666666668,0.2608141749902378,0.191872964371405,2026-09-25,2.0,0.45
680779,Henry,Davis,PIT,88.0,204,0.20259356700894682,0.20514855833541187,0.20149141388772662,0.5522857866134538,0.5450343944292544,0.5472285101251492,0.11420412821561213,0.1962373467108555,0.34586440538218943,0.5344703142652829,0.5134690813227509,0.3122675920054905,0.5135191473881263,-0.03375942880239824,0.28098492036757805,1.5013885133781946,0.29963387707281897,0.016780821917808216,0.3142873057358007,75.69264242536393,0.04268288921786331,0.25809944084628667,0.31296777726375524,0.24059110823816707,0.06566666666666666,0.19333959899749376,0.12511112119013063,0.31408033973823446,0.30300637958532695,0.3603457055118604,2026-09-26,9.0,0.4
666126,Carlos,Cortes,ATH,23.0,355,0.20597001405857743,0.21393918822699937,0.20545370136597543,0.5693777068391186,0.5528870683302516,0.5539031440472566,0.18811630311366467,0.27239277665932593,0.5177987053228756,0.6714212246683251,0.5126700770756294,0.4365832905642543,0.6110957498428434,-0.04123306697162721,0.2839695675511405,1.1573585390946504,0.16381687242798354,0.006481481481481481,0.3348765432098766,85.93484795918367,0.04547704081632654,0.24848182653061224,0.2710687704081633,0.20915126050420169,0.15656723682380752,0.08185975609756098,0.16801619244600965,0.11547441010302426,0.23849655514006446,0.2984253954381974,2026-09-27,6.6,0.75
655316,Andruw,Monasterio,BOS,130.0,214,0.2031144056365461,0.19682359177346065,0.20693592807673816,0.5356576425361865,0.5557995804745355,0.5482627373259692,0.17230220110215588,0.2584729552829105,0.4841168999090101,0.6488889619423363,0.5126098494621179,0.4384248649180046,0.6258888632867213,-0.035652887863851346,0.28104487924635374,0.38294179990310073,0.17773437500000003,0.00534156976744186,0.4154024345930233,83.24988482384825,0.011382113821138212,0.1649518925022584,0.16438833897922314,0.17173496671395833,0.08251597666018338,0.0876923076923077,0.15560444344250188,0.08255012131273146,0.19878934764824568,0.2547924782181379,2026-09-29,7.666666666666667,0.3
663757,Trent,Grisham,NYY,136.0,351,0.2013647364554902,0.22513610025911304,0.19215417954012637,0.5904669103750315,0.5261403945810634,0.5447817251787826,0.15284602528008231,0.2216974357845055,0.4404122034091319,0.584070604861582,0.5117388072953171,0.40118564593204986,0.575162781247104,-0.03304291788346558,0.27878595027927544,1.3013186601642712,0.44960857289527717,0.0,0.0716889117043121,82.78264782934133,0.016766467065868262,0.3331751309880239,0.3454905314371257,0.25720673635307784,0.06777348466553972,0.044978567054500915,0.31232020155748974,0.06008859299643531,0.2165963195378256,0.13451420303931966,2026-10-03,7.0,0.1
687363,Victor,Scott,STL,60.0,124,0.21535703475486404,0.2089916581826167,0.2184370556769192,0.559816537501151,0.5779403241237216,0.5720901348494717,0.12596902088004525,0.23519437322164155,0.3757710716767505,0.6087730530078665,0.5114915847518348,0.26665980178824633,0.49749621315995507,-0.06059855009763693,0.29261928969504714,0.6528260869565217,0.05326086956521739,0.006657608695652174,0.026630434782608695,64.4663375,0.002916666666666667,0.237857625,0.22254404166666666,0.2158805031446541,0.018421052631578946,0.1392857142857143,0.03028846153846154,0.29770833333333335,0.2701291690765375,0.289121687136393,2026-09-25,9.0,0.1
657041,Lane,Thomas,ATL,165.0,208,0.1340939857612117,0.20910794181367237,0.07458772254651932,0.5600429808040401,0.23761665619873062,0.39584601238424366,0.15863508545906851,0.2389895795382893,0.4536821482750837,0.6155258791724234,0.5114575232473277,0.3928064993124665,0.5732495896053877,0.11561151086308408,0.2024584210813763,0.20526139410187666,0.1330764075067024,0.0032841823056300274,0.06239946380697052,24.232993562231762,0.011266094420600859,0.06997864806866953,0.0737162017167382,0.07867823581864325,0.07317193675889327,0.05297619047619047,0.08501912960306074,0.06435406698564593,0.45589181160047304,0.2626841044431638,2026-10-03,,0.0
663494,Bryan,Torres,STL,31.0,155,0.2026567608513707,0.20748272242689725,0.20169156853626535,0.556870577902491,0.5454334162272254,0.5473540839499268,0.15261948721057986,0.2679496514626783,0.4398882890692103,0.6643448375668067,0.5113312401430726,0.35430428496377675,0.5884231427340136,-0.036022843806854166,0.27987924254349156,0.27438109527381843,0.2627625656414104,0.188877688172043,0.07792729432358089,68.01995406824147,0.005511811023622047,0.1724322992125984,0.17728968503937007,0.11586304858934168,0.14858156028368796,0.05818965517241379,0.09921630094043887,0.12108644044127916,0.24369854977688876,0.20986851180439314,2026-09-26,3.3333333333333335,0.6
693306,Aaron,Sabato,MIN,3.0,3,0.20928204775013728,0.20860878835525065,0.20995530714502392,0.5590703729841933,0.5616905742780025,0.5603818679923971,0.0,0.39033428790216546,0.0,0.8230619658834368,0.51043169008594,0.0,0.5614970317550455,-0.04995017790645706,0.28603666397287536,0.0,0.0,0.0,0.0,71.48083333333334,0.0,0.1364,0.165075,0.0,0.0,0.0,0.0,0.0,0.2641025641025641,0.15,2026-09-25,7.5,0.1
668800,Andrew,Knizner,SF,50.0,30,0.21149766952176907,0.20691572616742795,0.21913424177900426,0.5557599759340324,0.5792565861486134,0.5646781818136901,0.12702844043960787,0.3004624372817084,0.3784152758240773,0.7136886014246536,0.5099721897280766,0.23565686541579586,0.5759095570340281,-0.05470599208561355,0.2879701688711965,0.7867959770114943,0.07211206896551722,0.11828125,0.0821875,81.17240597255851,0.01542372881355932,0.19335807102502017,0.20253121872477806,0.07053571428571428,0.25821428571428573,0.24375000000000002,0.16278153153153155,0.14590787119856888,0.20795504385964914,0.4779851752021564,2026-09-26,6.25,0.6
668952,Ryan,Kreidler,MIN,112.0,154,0.17513997019314312,0.1387972340248979,0.201571051042776,0.40725355768261673,0.5451931864278621,0.49028089911865114,0.1556792436872655,0.2513799950996188,0.44693505739644335,0.6369930005778244,0.5093369808959987,0.34829808027402587,0.5473629403004981,0.019056081777347522,0.24971819294806946,1.2051359649122808,0.41226315789473683,0.038377192982456135,0.33122587719298247,68.64490180835648,0.11906397174254316,0.29844192428450667,0.39403008468180173,0.2628137500417376,0.05909090909090908,0.01111111111111111,0.25466457023060796,0.08742322355183735,0.22332769637895444,0.2509074294503295,2026-09-25,8.714285714285714,0.35
683083,Nasim,Nuñez,WSH,150.0,332,0.19597935547736958,0.19657446672874046,0.19571047991199114,0.5351533515912641,0.5334013965996123,0.5339471154005028,0.15445941885187262,0.2239386274304294,0.44413337860614865,0.5882475078951311,0.5088551756437383,0.41712946884811464,0.5828705311518854,-0.025091939756764492,0.27170175319159023,0.6280187442369756,0.27406278815122176,0.2854742969110189,0.28241088923467034,79.81429037578886,0.001581325301204819,0.22681309762860968,0.21631864123159303,0.19573373486416965,0.07614678899082569,0.0803776683087028,0.1687964240542716,0.19772361647361647,0.2709978817026847,0.2361673147890299,2026-09-27,8.909090909090908,0.55
681807,David,Fry,CLE,149.0,65,0.21091079029506082,0.20485601790607894,0.22479019161749622,0.5517087961373208,0.5898266813554666,0.5635430971603612,0.12811810397600976,0.2292126779701653,0.38112660953623534,0.597958421395477,0.5082912494499874,0.23466771186193952,0.42433162167204347,-0.055251847710373836,0.2864440249745556,1.4481902067680654,0.11450869678089304,0.08954305631910085,0.48070950537535895,77.6153052,0.054344,0.3256859346666666,0.365653336,0.1936298468556533,0.1874380521439345,0.5700268817204301,0.1272313064213933,0.23410693301997648,0.2526233452002553,0.27104819282319204,2026-10-03,5.666666666666667,0.45
814430,Brett,Callahan,DET,1.0,78,0.1977310430629925,0.086177202545489,0.1991612205055246,0.2705140038305789,0.5403705656910154,0.5374912454515021,0.11858230779759435,0.2899264184181298,0.35711073694183626,0.6983094253177513,0.5081483401398783,0.2916173598052002,0.622278323626455,-0.029342905311623757,0.2731252842158967,0.5575297840655249,0.5587118391660462,0.007753164556962024,0.09952531645569622,69.67174891774891,0.09167207792207792,0.2335784956709957,0.27567096320346324,0.1948809523809524,0.0667016806722689,0.114375,0.15929435483870968,0.11249999999999999,0.323735754985755,0.36865161557580783,2026-09-27,6.8,0.5
666139,Josh,Lowe,LAA,53.0,285,0.2080449574687333,0.2101336960692674,0.2076565253781077,0.562036866311046,0.5572106163161947,0.5579698941355868,0.15384365692900026,0.23768714007388148,0.4427152607673849,0.6132179047109647,0.5078421413140571,0.3630130366510685,0.5475746818439831,-0.0501277528215297,0.2833606258265942,1.0594715380773074,0.07661665257819106,0.08215894682240836,0.08205304311073541,81.79641484627831,0.1194680420711974,0.323072972289644,0.3680799908980583,0.1922126436781609,0.20528083028083027,0.14625046347793846,0.14682042863328043,0.18423243861863461,0.3795227308094955,0.3828986087406453,2026-09-27,6.75,0.6
691728,Zac,Veen,COL,9.0,68,0.2094040828544871,0.14120978577223972,0.21842979864478457,0.4130450023675427,0.5779266076640175,0.5606192911266195,0.13215077794236724,0.31120414592399037,0.3910873805042444,0.7287830452324291,0.5078093067124506,0.27235596633410203,0.5919273666268756,-0.05280998441416884,0.28468769355663415,1.059621212121212,0.21022727272727276,0.007954545454545454,0.2387878787878788,64.66416575292398,0.01381578947368421,0.25281247258771933,0.26441322185672517,0.280690737833595,0.17083333333333334,0.14583333333333334,0.3170194508009153,0.10846153846153846,0.32221288515406166,0.4094705122686182,2026-09-25,8.555555555555555,0.45
643217,Andrew,Benintendi,CWS,47.0,418,0.20550681297993653,0.22101532703948334,0.20376303269094442,0.5827933765534277,0.5495483529143628,0.5529916653419464,0.1841265744769687,0.2591820427760588,0.5094539798323916,0.650062686458897,0.5075717955314585,0.443058468259943,0.6046119924956097,-0.045419869810487956,0.28068297249154317,1.1849420051772201,0.6593583233771407,0.0013172043010752687,1.0275918458781363,83.99946286620222,0.12307855484101463,0.3440435579671311,0.4050753829492676,0.13872555173780893,0.2601185260598778,0.16858952702702704,0.1602157289050493,0.1834082459082459,0.28054626959248785,0.34418890968276006,2026-09-30,4.909090909090909,0.55
810938,Ben,Williamson,TB,132.0,153,0.20452297062449126,0.19710604049224484,0.2109218907385862,0.536228916059103,0.5635645861502254,0.5510512658717883,0.17357262832425702,0.26902816500595206,0.48688297478526366,0.6660724490576844,0.507267627125735,0.40776720835377317,0.6144942289186515,-0.04378363874605329,0.2795304680634146,0.2531950067476383,0.4978879892037787,0.0042982456140350876,0.05587719298245613,92.51820048309179,0.035265700483091786,0.1731355072463768,0.17990978260869567,0.11020905923344948,0.051923076923076926,0.08532388663967612,0.07785714285714285,0.0980946065428824,0.20217813733680606,0.34950103371501273,2026-09-27,6.333333333333333,0.15
624424,Michael,Conforto,CHC,12.0,297,0.2090488703231995,0.2243331040155963,0.20843132552754712,0.5889795793661257,0.5587242143013202,0.5599279591639252,0.16861015926191045,0.2592150379649242,0.47601784519464274,0.6501172337561278,0.5071524034037911,0.3427011480788536,0.5215232075925629,-0.05277555576013415,0.2839688102229645,1.2521743527508091,0.19203074433656958,0.037297734627831716,0.24611650485436892,84.34340837696335,0.12213496218731822,0.36598355730075627,0.40708003781268176,0.23396259896259897,0.15483500417710944,0.14946631878557876,0.13545591787439612,0.2441277331310973,0.18985982257885944,0.2740627216383077,2026-09-30,5.923076923076923,0.65
664954,Brett,Sullivan,COL,65.0,167,0.15843998664029857,0.20417043776869542,0.1406407092549944,0.5503545153189129,0.41168256631216593,0.45323863200405334,0.16360658543386916,0.2682151109292045,0.46489733190522853,0.6647706533694905,0.5070042568600537,0.3706911114274907,0.5912578422718215,0.05376562485600034,0.2297939157994824,0.3375287356321839,0.03432112068965517,0.0026400862068965514,0.1631667564655172,73.1286341292135,0.006882022471910112,0.18680942181647942,0.191121956928839,0.09969070889521217,0.04989878542510122,0.2554024767801858,0.13470082177709297,0.08213885778275476,0.19173583719651136,0.3225383435582822,2026-09-26,7.5,0.4
656537,Derek,Hill,PHI,139.0,79,0.21639515738909926,0.22472452969509132,0.2017396795342525,0.5897050695413442,0.5455292914715482,0.5740683729273366,0.17439995431979397,0.2846732025287131,0.4886785885276471,0.6904251067090861,0.5049355040745427,0.38360858051531044,0.5847596833504767,-0.0691328688527939,0.28986750325731725,1.5746755542813455,0.062096234709480114,0.002809633027522935,0.29310158639143724,77.67154344193817,0.0756265664160401,0.23333051378446115,0.29125150375939846,0.2905523695964872,0.0833836892321672,0.026785714285714284,0.13592906234658814,0.21258924230849363,0.3138441238564391,0.429317245252276,2026-10-01,8.0,0.2
669707,Jared,Triolo,PIT,143.0,214,0.21076449615642434,0.22942454869263368,0.19829539562989196,0.5983450786583828,0.5386289686330167,0.5632598204465407,0.17616809617834814,0.2612579671585902,0.4925010795953506,0.6534827688317637,0.5039861319917266,0.4349725864921189,0.6168223413435806,-0.059273688454814066,0.2838751382132065,0.4084814133986928,0.0865032679738562,0.00857843137254902,0.07728247549019608,70.68251984126984,0.004166666666666666,0.2196955357142857,0.21611899801587303,0.12101917690152984,0.33856359158083293,0.1173469387755102,0.23368500712250714,0.13536858974358973,0.25731169813567567,0.29064137975334015,2026-09-27,8.0,0.3
668942,Josh,Rojas,KC,21.0,91,0.19023937586637057,0.14924597094076836,0.1996993923876634,0.4320448382879871,0.5414507228339527,0.522197638966913,0.14844068354005335,0.299080086212486,0.43016100364164833,0.7117034826878226,0.5034857893765327,0.32056233976336046,0.6125352873233052,-0.018711849590380303,0.2629190904658178,0.2319393382352941,0.07334558823529412,0.095703125,0.07109375,75.14065890850722,0.001966292134831461,0.1946029614767255,0.1905279614767255,0.10876696832579186,0.14500000000000002,0.058333333333333334,0.08164251207729468,0.14624168514412417,0.08393412438625206,0.20116789371447757,2026-09-27,7.25,0.2
676609,José,Caballero,NYY,146.0,301,0.19829039571149068,0.20755878063367894,0.1937947671445821,0.5570194056380057,0.5294999818779136,0.5386188976864591,0.1771354625991599,0.2528193586094804,0.4945837379088115,0.6394299588131855,0.5032135052382078,0.4371972120523062,0.6090129896390177,-0.03540539244825125,0.2710403034923427,0.5122705290169759,0.40377544194411547,0.009591722595078296,0.1202189432820108,60.48056833333334,0.01641666666666667,0.1766147666666667,0.1799868166666667,0.11441913619167718,0.10620805369127517,0.23048642533936653,0.08147805507745266,0.1528559012301658,0.25430612896251376,0.3918682622337892,2026-09-25,8.8,0.5
661531,Brian,Serven,ATH,35.0,50,0.19384621154747977,0.21460444168884069,0.17931545044852715,0.5706519023376146,0.4992546780772057,0.5296050535312266,0.1007246206539652,0.25768303319781055,0.31035679479999223,0.6475781270015054,0.5027896465464493,0.30031285954112963,0.6650148304964323,-0.026815406984777246,0.2662799376741788,0.2954411764705882,0.6922794117647059,0.03294117647058824,0.10088235294117646,80.09113559322034,0.01483050847457627,0.22033151331719128,0.21353992736077482,0.10387776387150605,0.0,0.10909090909090907,0.05432330827067669,0.09275193798449613,0.28129870129870127,0.3568052845967977,2026-09-27,8.571428571428571,0.35
682668,Luisangel,Acuña,CWS,109.0,112,0.21343951484545637,0.21674443975782884,0.21022311470752247,0.5747324913010001,0.5622103739524293,0.5684188811111646,0.16791361485120485,0.2761390938634961,0.47447974930910464,0.6773044864182525,0.5027454767812513,0.3595509602047087,0.5705527439677377,-0.06567340432991331,0.2857700213956978,1.53012312913331,0.061460146188652975,0.002771493212669683,0.315447702749739,86.97494361277445,0.11738522954091818,0.33262738522954094,0.3983799550898204,0.28042610044822436,0.23953947368421052,0.043333333333333335,0.28607558139534883,0.06541725601131541,0.2039150627378587,0.31750560029353264,2026-09-30,8.166666666666666,0.3
623168,Tyler,Heineman,LAA,51.0,137,0.20545327637375593,0.20115953248927637,0.20705167738184688,0.5443722152056698,0.5560264509031302,0.5528862312880858,0.11866590219385542,0.22454176118319008,0.3573241142009689,0.589366430127694,0.5026107716440604,0.27149446993737936,0.4994152408537821,-0.050275459644025355,0.2778865753390813,0.8936124720044791,0.016289893617021274,0.15970744680851065,0.022805851063829784,78.16690476190476,0.0011904761904761906,0.1776847619047619,0.1702307142857143,0.2210060975609756,0.0872562358276644,0.08766447368421051,0.08907271241830066,0.18873368580618924,0.19901013714967203,0.4837787804515746,2026-09-26,9.0,0.45
701162,Ben,Malgeri,DET,84.0,55,0.22341550800531373,0.22577219565055523,0.2198162032380358,0.5916423712287735,0.5805412652603783,0.5872752645920503,0.15557293536416306,0.2913663450644481,0.446691291847109,0.700445250306199,0.5008351021166062,0.29868052083500907,0.5580567462609698,-0.08644016247544406,0.29412806711251643,1.6342925659472423,0.22241207034372495,0.07695843325339728,0.5188948840927258,83.52164136904761,0.10480654761904762,0.3153074107142857,0.3390166369047619,0.17656459394264273,0.4663196452670137,0.3483333333333334,0.26078147423352904,0.14517221908526257,0.22408629947645586,0.12073482283908825,2026-09-27,5.833333333333333,0.3
666624,Christopher,Morel,NYM,44.0,61,0.21180808720232433,0.1965289098596195,0.22282913315443925,0.5350610908859179,0.5861835099978492,0.565277708087008,0.10361287552599628,0.2440621669689257,0.3180781060077018,0.6244210142458576,0.499998583440005,0.2555072885938059,0.5642729098710749,-0.06527912464700297,0.2826380532937166,0.6292708333333334,0.035,0.005833333333333334,0.3009375,65.4138492063492,0.031746031746031744,0.1103577380952381,0.12460456349206349,0.04102263856362217,0.2877822580645161,0.12948717948717947,0.050854700854700854,0.1801785714285714,0.2461382759910247,0.34714893914014516,2026-09-25,8.0,0.1
676439,Hunter,Feduccia,LAD,42.0,204,0.19321622010260092,0.1923880017343318,0.1933867356490093,0.5266202582266548,0.5286660117422733,0.5283171846709653,0.15044668324509156,0.24917257647252092,0.4348454359982188,0.633232839447111,0.4999190004000658,0.37606627979227725,0.580380405056127,-0.028398184270899518,0.26411579885488595,0.24912601626016256,0.517981029810298,0.002489837398373983,0.1246341463414634,87.00424596855729,0.013375796178343948,0.17908492758568395,0.1954017787635224,0.08303030303030304,0.0985294117647059,0.07961672473867595,0.09671217827997489,0.0958654718693285,0.13691052875978285,0.1874936247836299,2026-09-27,7.75,0.4
686475,Tyler,Tolbert,KC,83.0,60,0.21328493285556535,0.2008308770928065,0.23051304332738176,0.543715794475508,0.6003273599572798,0.5681219443709615,0.19393814475156684,0.33616731351512846,0.529792779035612,0.761655455940454,0.4994120112464652,0.3137344236063191,0.5673018365358555,-0.0687099331244963,0.2837269228715543,0.4454545454545455,0.05139860139860139,0.0042832167832167825,0.03426573426573426,81.04342424242424,0.0035353535353535356,0.2390869696969697,0.22675343434343437,0.16197008478643415,0.11164596273291925,0.06933333333333333,0.09631274131274131,0.1425820707070707,0.36447951273532675,0.37227319355835975,2026-09-27,8.333333333333334,0.15
621020,Dansby,Swanson,CHC,137.0,350,0.19147311333768874,0.20995632805085396,0.18423825500710692,0.561692556636409,0.5096889583548445,0.5247406905794896,0.1547381390601464,0.2238799574372454,0.44477443123645644,0.5881385483475695,0.49936348960226473,0.4139974353838816,0.5860025646161183,-0.025377200977224845,0.26203634238407614,0.6501950718685832,0.3471252566735113,0.002515400410677618,0.27166324435318273,83.77463055083717,0.012697160883280757,0.23612153950150794,0.24919353745623463,0.11116924333836099,0.17322731418148657,0.055464480874316935,0.14894744879392807,0.10649224806201549,0.28187372386546394,0.25351599687202503,2026-09-30,8.666666666666666,0.45
677956,Rece,Hinds,BAL,32.0,37,0.20431330242293116,0.18983720087941988,0.21683317402813007,0.521366556077244,0.574901090940303,0.5506369679026119,0.07016627839603491,0.22968299939587294,0.22479150482779475,0.5988163831736353,0.4988468164623308,0.1720519030690798,0.5158973072689776,-0.05179015144028104,0.27468349846468854,0.4933061594202899,0.20902173913043479,0.008876811594202899,0.035507246376811595,67.68186347926267,0.0,0.22386885560675884,0.22216431931643627,0.17088235294117649,0.05926573426573427,0.0,0.1443627450980392,0.053181818181818184,0.5450606532935754,0.4582397704590818,2026-09-25,6.0,0.4
694197,Angel,Genao,CLE,44.0,95,0.20276587802691387,0.2092583559456367,0.19975883562245278,0.5603357642215747,0.541569919202211,0.5475708544388849,0.13707039050278225,0.26786427831281207,0.4030832045538518,0.6642078109174546,0.49840304067101826,0.30705307810904925,0.6017090820106795,-0.04916781376786661,0.27291097883516774,0.5050659472422062,0.4524190647482015,0.004406474820143884,0.04637290167865707,90.20423475404313,0.014369946091644202,0.23727161107367478,0.22882904312668462,0.2234848484848485,0.09166666666666667,0.1373015873015873,0.12504166666666666,0.15595238095238095,0.28661046359350445,0.2615336134453782,2026-09-27,6.625,0.4
695257,Billy,Cook,PIT,32.0,26,0.14071473441518714,0.08161492546648022,0.21345296081359566,0.2576873534394165,0.5684447025925301,0.41185991891990803,0.09644292662938798,0.28908256509326224,0.29879570876796113,0.69705270554656,0.4978795895171208,0.14698755102087954,0.45717132416865947,0.08601967059721277,0.20505664737039847,0.6162931034482758,0.010560344827586207,0.07219827586206898,0.26590517241379313,51.86901515151516,0.0,0.11936212121212121,0.13738636363636364,0.05555555555555555,0.3882575757575758,0.016666666666666666,0.04411764705882353,0.18140192662430826,0.5229166666666667,0.3510931994362227,2026-09-27,9.0,0.05
500743,Miguel,Rojas,LAD,159.0,84,0.21570906577779703,0.21470940751680384,0.2176012760575342,0.5708527027166875,0.5763585292246092,0.5727616960911124,0.19691421847477503,0.30479023349353335,0.5358409965070676,0.7198403888094651,0.49786090003858685,0.35237950540611346,0.542700168954267,-0.07490079605252553,0.28515565352354877,0.8701028806584363,0.8086808413351623,0.0050411522633744855,0.34005372656607225,77.73628057359308,0.01698232323232323,0.24242366161616163,0.24606805465367965,0.23698509933774836,0.14526353276353277,0.07323232323232323,0.13940677966101694,0.1924330532212885,0.17421924975491498,0.31109511478094337,2026-09-27,6.375,0.4
622761,Jorge,Mateo,TB,89.0,130,0.19729448424216833,0.19722409235451577,0.19734267561140745,0.5364675358947565,0.5367071415432947,0.5366097782318573,0.1451304388120697,0.24905769514452217,0.42237033632422516,0.6330363899738248,0.4971992246264674,0.2921286505753673,0.5026600911729452,-0.03941055360538992,0.26680196566386005,0.7555730396787907,0.030764840182648398,0.02249842544481184,0.08694890568414422,83.94778378324574,0.09562629399585922,0.22211761327440674,0.2571978370361523,0.23245864661654136,0.09606957128361238,0.07647058823529412,0.1093859649122807,0.1433479106635232,0.29439925695406,0.49454615278796776,2026-09-27,8.583333333333334,0.6
592663,J. T.,Realmuto,PHI,123.0,348,0.19200253368233183,0.17366514934476313,0.1984838505602656,0.4870840041101454,0.5390084442523283,0.5258289923604009,0.1522667331559256,0.2222613446205543,0.4390717777362352,0.5851243964649313,0.4971129685587872,0.42533066900099115,0.5979537615500091,-0.0287160238016137,0.2613964113465548,0.8388081822635962,0.2255432034105436,0.021671608463284284,0.41315086699668296,89.33990723982281,0.05871817106289156,0.28592771919785703,0.31801184552378264,0.1750401158728539,0.08288277511961722,0.1182247899159664,0.11690389484507133,0.17458646616541354,0.22135466957880146,0.29731687790921524,2026-10-01,8.11111111111111,0.9
687551,Drew,Gilbert,SF,49.0,337,0.21970156622609333,0.19753452878336628,0.22292466662577765,0.5370946067403344,0.5863615215351072,0.580325508216444,0.17218152803713951,0.2532259166260823,0.4838536082906446,0.6401161722133506,0.4968388812306045,0.367806930332062,0.5357835520485328,-0.08348662698583953,0.28832827625184004,1.1337683506044902,0.807739502374784,0.09635753993955096,0.39131787025043174,79.66212472759904,0.06236613021640583,0.33376445327522114,0.35866130070736846,0.23617160916750024,0.1438348896434635,0.13618177250172728,0.24181392310563646,0.10129755605946081,0.23414831795315336,0.22007443504622093,2026-09-27,1.8888888888888888,0.45
691858,Jared,Serna,MIA,18.0,13,0.21214182693565956,0.19543926780397952,0.23526844727183188,0.5328504732306663,0.6089056578071965,0.5659216193466803,0.09187008361586094,0.3628025781179547,0.2862963138272787,0.7934814653382373,0.49620882383258125,0.12680703655710507,0.5763065681945096,-0.06971279551409904,0.28081530111744596,0.8414426523297491,0.3487455197132617,0.0,0.3836749551971326,76.60826339285714,0.023875000000000004,0.20440659821428572,0.20328591964285714,0.23005382775119615,0.0,0.1125,0.20710526315789474,0.18229166666666669,0.23870560443141087,0.28268107302533535,2026-09-27,8.428571428571429,0.35
687221,Dalton,Rushing,LAD,66.0,186,0.1773475619300408,0.0746200004555202,0.21379927729196746,0.23770972254083433,0.5691093845872205,0.4950395525546384,0.17169321510756838,0.27327555322829244,0.48278719818082627,0.6728143898329002,0.49435364634738477,0.35532396322799065,0.5713635605960244,-0.0006859062072536171,0.2447246078915633,0.2503472222222222,0.05590277777777777,0.012152777777777776,0.08750000000000001,66.49158333333332,0.01983333333333333,0.1168808888888889,0.13775827777777777,0.06768073641670408,0.08695652173913043,0.158,0.1013157894736842,0.06491754122938531,0.2558823127413996,0.27844406565656565,2026-09-27,,0.0
665923,Esteury,Ruiz,MIA,122.0,129,0.19857950495240834,0.19690193542666973,0.20016604357364953,0.5358161487414217,0.5423858630150268,0.5392009700208933,0.14030182566989483,0.23578085437836202,0.41087016692852774,0.6098220722689052,0.49348417671898626,0.29446055347923916,0.48869017291695915,-0.04571679330190703,0.2660871467768393,0.5906924476009007,0.3681678070327386,0.21974276805820198,0.35563346613545815,66.95325381679389,0.034526081424936385,0.1866970737913486,0.19492546119592877,0.1884757448433919,0.08810633565564387,0.1375,0.13904166666666667,0.1913689290850758,0.30311118373885176,0.27000336896749577,2026-09-27,7.0,0.45
502054,Tommy,Pham,CWS,32.0,6,0.1882051871006049,0.18207985400830023,0.2208736302595632,0.5051333707794292,0.5825277025548685,0.5179834477688796,0.02721459550698771,0.20799371457771462,0.09205475059179002,0.5578697816798391,0.4929915196894919,0.06591599071428139,0.43008880961974144,-0.024991928079387715,0.2553614470895825,0.48355263157894735,0.6769736842105263,0.0,0.1699342105263158,93.37116071428572,0.14196428571428574,0.4641428035714286,0.569834892857143,0.08761904761904762,0.14375,0.0,0.0965587044534413,0.05812200956937799,0.32118524774774776,0.19070499515704994,2026-10-03,2.7142857142857144,0.35
640459,Brian,Navarreto,MIA,37.0,19,0.20763730687006665,0.21229345161531837,0.19857007762931328,0.566213936010767,0.539181997985186,0.5571730252541733,0.06189068695717119,0.2362547655819014,0.2003737069900985,0.6106682724857226,0.4929293233612894,0.09244825352851854,0.40470453253188665,-0.06424370189288392,0.2746469223337023,1.0066220238095236,0.021875,0.021875000000000002,0.11272321428571427,69.5548870967742,0.011290322580645157,0.14622975806451613,0.18236604838709675,0.22272774327122152,0.028054298642533938,0.11363636363636365,0.07039473684210526,0.23589041627834734,0.24216223698781839,0.5309537030158966,2026-09-27,9.0,0.15
680728,Adrian,Del Castillo,AZ,26.0,168,0.19108704118281747,0.08415234361882283,0.2076364586629595,0.26484090504341307,0.5571713661235433,0.5239459380944202,0.13267746014151943,0.2405580551081808,0.3923797833300938,0.6182922038381174,0.4914710675991969,0.3341971316759952,0.5746748753015569,-0.03247487049522335,0.25750426955952743,0.1768041237113402,0.04104381443298969,0.0,0.07893041237113403,86.98230666666667,0.0112,0.3563432666666667,0.34428753333333334,0.06274509803921569,0.1718045112781955,0.044920634920634916,0.13214285714285715,0.0703030303030303,0.220249343832021,0.29136028195662816,2026-09-27,,0.0
642086,Dominic,Smith,ATL,38.0,260,0.22341666357680895,0.20551229895178727,0.22603345532969674,0.5530024683155303,0.5921244623653472,0.58727741408409,0.19032891564421367,0.2862174785545425,0.522382529921551,0.6927579304656686,0.4913789619012857,0.3895137339402881,0.5747213534577323,-0.09589845218280424,0.2885757660807116,1.605243288590604,0.33277404921700227,0.004110738255033557,0.5515240492170022,89.51603279147982,0.13644899103139013,0.4445889293721973,0.5268737808295965,0.13614506688679182,0.12817460317460316,0.3780555555555556,0.26569444444444446,0.16200262762762763,0.25771442495126706,0.22689722594388076,2026-10-01,7.666666666666667,0.15
691277,Deyvison,De Los Santos,MIA,21.0,22,0.19322356456286732,0.2025712348703139,0.18430078836030467,0.5471841275087802,0.5098204949164614,0.5283322131795511,0.0655572342796488,0.27263587967382863,0.2112589004719,0.6718053027345687,0.48991955562655654,0.1848123255886363,0.6135895945449727,-0.03841265755299461,0.2588402831041208,0.3398327213382293,0.0,0.07896062831497348,0.0,87.56266040411202,0.00564516129032258,0.2819124734136831,0.2723690682972941,0.1463865629984051,0.024999999999999998,0.04791666666666666,0.12241161616161617,0.047098214285714285,0.2813253382381987,0.3258272603754941,2026-09-27,7.625,0.4
668723,Ryan,Vilade,TB,167.0,106,0.20490239827213086,0.21972628678946338,0.18154778145708814,0.5803720412159135,0.5040057338771564,0.551800309600715,0.1747345553243763,0.27260255721737015,0.48940352429824774,0.6717526756139567,0.4898761512125569,0.34829808027402587,0.5473629403004981,-0.061924158388158124,0.27031381190509557,0.5458915004748338,0.32555419888753223,0.10004663546330214,0.4304251458418125,68.23757839506173,0.03666975308641975,0.24101416049382718,0.24376030864197532,0.1733836353726666,0.05331154987022618,0.19274193548387097,0.13127389641988182,0.13128422920892494,0.24145381425373602,0.24981896208902196,2026-09-27,4.222222222222222,0.45
683227,Cody,Freeman,TEX,46.0,48,0.21020173292244632,0.22008879318533703,0.20072663350384273,0.5810539855620103,0.5435074485796565,0.5621688892720307,0.151019162326953,0.31750879477049726,0.4361772341835668,0.7373727975101966,0.48943416011197816,0.31451504475088465,0.6326328701993108,-0.07273472916005252,0.27514465816194,0.22826536643026002,0.6451004728132387,0.0065159574468085105,0.03909574468085105,59.4165306122449,0.0025,0.11418336734693878,0.11118954081632654,0.06104849726775956,0.18860645933014353,0.17929292929292928,0.08921052631578946,0.12374127282491944,0.1319677645683828,0.3728011825572801,2026-09-27,8.666666666666666,0.15
666211,Taylor,Trammell,HOU,42.0,245,0.18119498316592758,0.1870444569208337,0.1801922162365151,0.5155669239942469,0.5011245516359931,0.5032570269754733,0.13161870294120975,0.21854271913954015,0.38977975193640746,0.5781400017426821,0.48857480776682477,0.33811568850921186,0.536677536180217,-0.014682219208648484,0.2458787052118456,0.4000132555673383,0.5040387894288151,0.008536585365853657,0.08267497348886532,68.08809384505278,0.051939076757917334,0.1688872298264448,0.19123528046162103,0.06864556962025316,0.1192948717948718,0.1050503095975232,0.10366318042319496,0.08247566099610576,0.37839428236795175,0.400890261627907,2026-09-27,7.916666666666667,0.6
807713,Matt,Shaw,CHC,96.0,104,0.2064975495348751,0.22402983261884457,0.19031390361121092,0.5884168496116104,0.5223515350961482,0.5549396010135641,0.15486176203836208,0.2662569805242252,0.4450585932570804,0.6616205820691965,0.48829949316209154,0.3193530887999687,0.545221634401498,-0.06664010785147256,0.27097672591049665,0.5950458333333334,0.6527833333333333,0.0091875,0.09610416666666667,79.70775079551744,0.007553956834532374,0.2575181910625346,0.25956593248478144,0.19142177144389536,0.17092532467532467,0.22291666666666668,0.15713675213675216,0.15385579937304078,0.26411791667923035,0.26603169642007196,2026-09-30,7.142857142857143,0.35
668885,Austin,Martin,MIN,175.0,180,0.1612977942607568,0.18014106602188748,0.14297794671521305,0.5010156010753917,0.4172638083971443,0.45970960349074763,0.15656488027325735,0.238711237728396,0.4489628463400942,0.6150334752013713,0.4871141415427188,0.4014766825557199,0.5893356419864622,0.027404538051971183,0.22393104886333917,0.2859154929577465,0.2753185229799852,0.03877501853224611,0.13129702557449963,55.07053418803419,0.005235042735042735,0.1112201566951567,0.11205398860398862,0.11017156862745098,0.0333578431372549,0.016666666666666666,0.09843844984802431,0.04438796824954742,0.22286569050713445,0.16202968856268202,2026-09-27,6.166666666666667,0.3
518595,Travis,d'Arnaud,LAA,45.0,39,0.16221539199870477,0.13925846570172148,0.18870415311060856,0.40836390781626797,0.5190195938515025,0.4617756772671412,0.08365020540566917,0.23330102917623077,0.26342919002516585,0.6053727409898082,0.48535197711612726,0.18569426566359173,0.4985899069191436,0.02357629984898607,0.2241237379457457,0.3604166666666667,0.043750000000000004,0.014583333333333334,0.021875,67.12607371794871,0.01682692307692308,0.13079605769230768,0.16102259615384618,0.06116557734204793,0.1264705882352941,0.08368055555555555,0.025050813008130078,0.13901808785529718,0.24742220062734138,0.38269662921348313,2026-09-25,7.75,0.2
694673,Abimelec,Ortiz,WSH,10.0,124,0.18767774755481048,0.14997988173259913,0.19071789802434364,0.4337578210550086,0.5231851476113675,0.5168864415316785,0.12341461988689191,0.2526802013971032,0.3693625159685814,0.6391948662473661,0.48486934215693533,0.296827234085178,0.5777585300637058,-0.032017099374743174,0.2506223888753042,0.3989738805970149,0.054415422885572134,0.0,0.14039179104477614,89.65090156607552,0.02700228832951945,0.19596183137871856,0.21789364452231122,0.07228122209465493,0.11815789473684211,0.18891625615763546,0.12609943977591037,0.09125,0.1848311057005306,0.37842999212164385,2026-09-26,2.4444444444444446,0.45
695391,Brett,Harris,SF,28.0,22,0.196066092410981,0.19713465957579435,0.1947060978375822,0.5362867722573622,0.5313588318151545,0.5341230622700806,0.056176001509322726,0.23804817383202986,0.18319468392505978,0.6138586594881332,0.4812425165025199,0.12499753379553993,0.5087265656029747,-0.05288054576756063,0.2570427266088857,0.48210175120772947,0.16202506038647344,0.06027777777777778,0.18424033816425123,86.05636086309525,0.017299107142857144,0.25886334821428575,0.2612994494047619,0.07788461538461539,0.11420454545454546,0.15000000000000002,0.060770750988142296,0.1327485380116959,0.3154468620751663,0.24712137880454713,2026-09-27,5.1,0.5
686555,Isaac,Collins,KC,152.0,361,0.17529004383578514,0.20428087221601948,0.16308337925463384,0.5505728624259827,0.4637248477421225,0.49060540632560035,0.15215515694834741,0.21902531928208013,0.4388133380797655,0.5790511379662595,0.4805233894687594,0.443058468259943,0.6046119924956097,-0.010082016856840958,0.2357473727392754,0.4313398879765484,0.44105564311282613,0.07311087009492329,0.04417641325536062,88.68705551242236,0.11069228778467909,0.37259198240165625,0.42709718771566596,0.12605732033923522,0.05164141414141414,0.06460597826086957,0.10055170625942686,0.08743028534370947,0.20678749897182086,0.25845902537249177,2026-09-27,8.357142857142858,0.7
669743,Alex,Call,LAD,75.0,118,0.17656903134427623,0.14211074884408217,0.198470482085925,0.41519740319947374,0.5389815326449161,0.49336500152078966,0.146941674815093,0.25867134644087586,0.42664244435853926,0.6492176338597365,0.47726513220866,0.30022017296828046,0.5142314683205054,-0.016099869312129644,0.23546591267794542,0.9790963641999911,0.41301619724547184,0.08367931003941366,0.4568688831318365,78.98222154017857,0.11540876116071427,0.18196102539062503,0.21366682338169646,0.06373195229127432,0.21077985312899106,0.18429621848739497,0.09568014705882352,0.20840015273004964,0.10792010769668883,0.2788176457498887,2026-09-27,7.8,0.25
663647,Ke'Bryan,Hayes,CIN,61.0,181,0.18244069983497493,0.19194216485199533,0.1792385486413935,0.5257049853142897,0.49909043158551436,0.5058970790284425,0.09524609732350608,0.18071003776506206,0.2955395304138786,0.5022265610824703,0.47585459298773614,0.28455217113432496,0.49982523316177774,-0.030042486040706362,0.2407334486347641,0.22869759659532385,0.03290289256198347,0.00506198347107438,0.108657819453274,67.01385315243417,0.011731843575418992,0.16096767757382283,0.16421523144453312,0.07073183240166163,0.032675438596491226,0.20833333333333334,0.08176691729323307,0.06326923076923077,0.17367960920037492,0.3335736424082538,2026-09-24,8.8,0.5
687529,Grant,McCray,SF,25.0,62,0.19309615367371497,0.2204825510293888,0.18205325151416907,0.5817938225962906,0.5050770348686155,0.5280714517616325,0.07208952879445546,0.21237814880747352,0.2303890029710165,0.5663771621938253,0.47565773115901466,0.17952541633609737,0.4856667830095542,-0.05241372060261784,0.2511812686347852,0.44224936143039595,0.3354166666666667,0.0,0.0967528735632184,68.14351190476191,0.054478458049886616,0.14909623015873016,0.1751480725623583,0.1262443438914027,0.06980295566502463,0.0,0.08971326638477801,0.09889258028792913,0.47895401936700777,0.3399792315680166,2026-09-27,7.857142857142857,0.35
701852,Drew,Cavanaugh,SF,18.0,144,0.21048641131608983,0.22016973264220066,0.209275996150326,0.5812061400940347,0.5603700920303507,0.562720988715762,0.14888703628910727,0.272246854580762,0.4312057213397896,0.6711905284761888,0.4732923210341582,0.2505491282997591,0.4907247629518832,-0.08942866768160385,0.26633152284391937,1.531574074074074,0.14583333333333331,0.0,0.3695524691358024,88.41519281914894,0.007446808510638297,0.2379974401595745,0.2883909906914894,0.3323638613861386,0.04086206896551724,0.06830357142857142,0.22918367346938776,0.11713541666666667,0.28778085454965774,0.2371456169860075,2026-09-27,7.0,0.4
694497,Evan,Carter,TEX,72.0,371,0.20079308873785015,0.20427972487290277,0.20011643698118226,0.5505705943289187,0.542286519229719,0.5436402768302804,0.13931244576774632,0.20944986297592205,0.4084937600157518,0.5607083341642574,0.4732831937750023,0.34541197176462135,0.5075718875898196,-0.0703570830552781,0.25729580648296146,1.2022125757395745,0.17960651063324223,0.023034424379232508,0.5146972050611858,81.92109553893759,0.016687725631768954,0.4254701482723053,0.4209049000773595,0.14139338731443996,0.18559343434343434,0.21395271395271395,0.11839670855213805,0.2119123931623932,0.2624668521076482,0.2765006314520848,2026-09-27,7.916666666666667,0.6
642215,Weston,Wilson,SEA,117.0,66,0.1975738593348283,0.1870551164477346,0.21622072172558532,0.5155891553448416,0.5737364273041776,0.5371740098222163,0.1313830849965913,0.24241756535970244,0.389200056539455,0.621553373853384,0.4716229112543135,0.2995846562675173,0.5358468230257744,-0.06555109856790281,0.2533435703625068,0.3679385716977577,0.19244229319766348,0.0033469945355191263,0.7651987940456002,79.19432681940701,0.006603773584905661,0.19073690869272236,0.19319937499999998,0.14550701186623516,0.11766666666666667,0.0225,0.048863636363636366,0.1825363196125908,0.28702226497081484,0.2381929545587623,2026-09-27,8.666666666666666,0.6
672016,Denzel,Clarke,ATH,37.0,47,0.20184896782803935,0.21530849904011187,0.19125316666108866,0.5719974853094709,0.5242880335301409,0.5457470267099003,0.08365020540566917,0.23330102917623077,0.26342919002516585,0.6053727409898082,0.47148837608308813,0.21487920594879498,0.5208603688021827,-0.07425865062681214,0.2573133793756246,0.6438667582417583,0.3210989010989011,0.0,0.04375,85.4139494680851,0.0037234042553191487,0.2525295656028369,0.24894317375886527,0.19631578947368422,0.015,0.0775,0.14397058823529413,0.07491176470588234,0.3390534956020625,0.25460326347784357,2026-09-27,9.0,0.2
656716,Zach,McKinstry,DET,84.0,333,0.17154225632317727,0.1312446002377599,0.18170743083121044,0.3888591563224426,0.5043442759854612,0.48245720617679566,0.14378174798713797,0.21702267286577157,0.41917448643385813,0.5752609885342559,0.4714140453953289,0.3667887444174813,0.5393449925509713,-0.011043160781466776,0.2274371032939315,0.2755672961630696,0.27115426408872906,0.4886019934052759,0.03525179856115108,79.10229914604392,0.00347682119205298,0.16878390989891948,0.1824096854304636,0.0973162588543155,0.07889150943396225,0.08540202702702704,0.091866576819407,0.08724157955865273,0.18591259812998137,0.20418472183193956,2026-09-27,7.636363636363637,0.55
677588,José,Tena,WSH,20.0,267,0.1895179647002553,0.09329364366419703,0.1967257790100724,0.2902043865845664,0.5354596918359562,0.5207061291180697,0.15656461185143636,0.24860959989443523,0.4489622325565552,0.632269419360953,0.470911366432936,0.3074029431755071,0.48541734548169513,-0.049794762685133664,0.245206434772995,0.899752286585366,0.1135861280487805,0.0064024390243902435,0.6943978658536585,66.62915739948676,0.01467065868263473,0.22500840461933275,0.2301709652124323,0.10911276030128489,0.1304642857142857,0.0412828947368421,0.058962510897994765,0.14289772727272726,0.2236064858891191,0.15148703189096202,2026-09-26,6.666666666666667,0.15
695657,Colson,Montgomery,CWS,203.0,441,0.17372148377032004,0.20088301424090715,0.16121855704576404,0.5438199726250884,0.459530926760077,0.4872063797790177,0.15092383134822718,0.21003092947608037,0.4359556147844639,0.561837397682909,0.4697239217179683,0.44131178018906725,0.5962254147556477,-0.017482458061049422,0.22885249139581404,1.085719578402318,0.300930516540187,0.09553651341993827,0.4014212937116175,90.71058423167224,0.22352462097481518,0.3765743930525474,0.5880773313927125,0.15755491089929546,0.05979308638268176,0.08366606170598911,0.09380971799333043,0.13827217892601687,0.3321722906180803,0.3414108259402173,2026-10-03,7.352941176470588,0.85
664774,LaMonte,Wade,HOU,16.0,130,0.20208448575008978,0.2143343689706514,0.20057680781525142,0.5701349428274993,0.5432078812554628,0.5462159961132083,0.12452458190809183,0.24814570080395848,0.3721529657721324,0.6314741929325519,0.4691587936258272,0.2542337519166027,0.5037253264773333,-0.07705720248738107,0.2562620377956023,0.675294901065449,0.23120243531202436,0.0,0.15761986301369862,66.20458104395604,0.005769230769230768,0.19075091002747252,0.18763207417582417,0.08484090536329342,0.1325,0.21055357142857145,0.15201951951951953,0.050422932330827064,0.16252566495776155,0.13800579294879783,2026-09-27,8.75,0.2
678489,Jorge,Barrosa,HOU,60.0,104,0.20174722436876202,0.2135149711671257,0.1949581396773984,0.5685637722772492,0.5318719965430336,0.5455443254521978,0.120846131559082,0.23568948986102886,0.36287137147503346,0.6096587838840973,0.4686060456447612,0.26300465135235673,0.4864436436088385,-0.07693827980743656,0.2556453690740931,0.2966463414634146,0.8851371951219513,0.00746951219512195,0.041082317073170734,85.91484006734007,0.008838383838383836,0.1387101851851852,0.14714238215488215,0.07621359223300972,0.01923076923076923,0.18825757575757576,0.09322493224932249,0.08072185267307219,0.18172510685560353,0.2011395960451822,2026-09-27,9.0,0.15
573262,Mike,Yastrzemski,ATL,42.0,373,0.1888638298251423,0.2238470737030081,0.18492469780672308,0.5880774689954298,0.5111314851158522,0.5193508400601675,0.16212993274349216,0.23859796867599695,0.4615834949320349,0.6148329663132142,0.4679995272955755,0.3808414231817238,0.5432134704270364,-0.05135131276459204,0.24305594764871843,0.8754934148358138,0.306095461029639,0.005903614457831325,0.35380965036617057,88.43416106662853,0.07163604518158422,0.26791292965398916,0.29597644802688017,0.17903810537150558,0.11160256410256411,0.11495659512900892,0.1731732000431959,0.12418998721131422,0.24584843788636113,0.29057530196864634,2026-10-01,6.916666666666667,0.6
663330,Jahmai,Jones,BOS,159.0,26,0.20926244191605164,0.20962796688422913,0.20702711614912023,0.5610546263829997,0.555978317426493,0.560343715683528,0.12992857515078268,0.23991319188941437,0.38561278489540574,0.6171565838796449,0.4658445154806752,0.21726302757387253,0.4006692046480007,-0.09449920020285285,0.2610330467352343,0.7050450450450451,0.15655405405405404,0.036221846846846845,0.13026463963963963,87.2891933760684,0.10547542735042735,0.2593996527777777,0.3501670673076923,0.2539341085271318,0.04971590909090909,0.17687687687687687,0.19847902097902098,0.11628945904602976,0.31292077251225725,0.2814087476262175,2026-09-30,2.2222222222222223,0.45
676369,Nelson,Velázquez,HOU,81.0,33,0.20341922554532704,0.20108960723598546,0.20913737957734724,0.5442326105974942,0.5601002928205203,0.5488672336280565,0.11653758961213888,0.25550005536816184,0.3518757585157739,0.6439374118942174,0.4612633288724767,0.22436949222500085,0.47846173949767395,-0.08760390475557978,0.2531723272923047,2.6967653508771927,0.33589638157894736,0.005372807017543859,1.277768640350877,95.85933333333332,0.3083974358974359,0.3587914743589744,0.6207425,0.23932886225266364,0.05178571428571428,0.0,0.21763820710612436,0.08454415954415954,0.30795691185966423,0.27150641025641026,2026-09-29,,0.0
676914,Davis,Schneider,TOR,84.0,70,0.19187478966827945,0.1814350552504219,0.20440247096970854,0.5037665945343914,0.5508131955890043,0.5255665587677318,0.07522597613265464,0.17718843462081868,0.23945541601391906,0.49469760559876863,0.459703882943318,0.15776522530056675,0.37232070077047824,-0.06586267582441385,0.24160498781068385,1.244128787878788,0.8746212121212121,0.13986742424242424,0.8189393939393939,83.27780821917807,0.086986301369863,0.3844859589041095,0.410288698630137,0.1481932182985554,0.006521739130434782,0.047368421052631574,0.01381578947368421,0.18615384615384617,0.2945055177275171,0.2360461917066568,2026-09-27,6.0,0.15
823550,Sung Mun,Song,SD,11.0,138,0.20884118980286842,0.21057176272004496,0.2087032455848326,0.5628864205360746,0.5592545419758659,0.5595234014646684,0.11630849695340292,0.23596149075888526,0.35128733479177676,0.6101447654074281,0.4568651005599471,0.2208329108492607,0.455759453215292,-0.10265830090472128,0.25562671507579937,0.5732130872483223,0.5379488255033558,0.0,0.2866065436241611,75.3500775,0.007000000000000001,0.258653725,0.2501074,0.4390579178885631,0.17311781609195404,0.10277777777777777,0.24075000000000002,0.058681408681408684,0.27765172943268146,0.23112315680989381,2026-09-27,8.0,0.05
669701,Josh,Smith,TOR,31.0,207,0.1874929347512194,0.19618207583679012,0.18619166241473295,0.5343582618391154,0.5137859858881697,0.5165016331875084,0.1369893994699153,0.23449967134033103,0.4028870969829337,0.6075278583263116,0.4512485335149612,0.32403652422604634,0.5398946793857299,-0.06525309967254722,0.23307060453394557,0.7780911000763941,0.20924062806940957,0.02223139255702281,0.08728241296518607,79.69791429249763,0.011217948717948716,0.24302485873694207,0.25553642331434,0.13640810310466775,0.11385941644562335,0.07201213818860877,0.14337966475822583,0.09391351744186047,0.18674971621308617,0.30205393904705935,2026-09-27,6.357142857142857,0.7
665966,Carlos,Narváez,BAL,77.0,198,0.1854619921224349,0.18407223760684185,0.1860024522118322,0.5093396246668938,0.5133902147260259,0.5122584664904065,0.10867070452585409,0.1920071759273802,0.33145040082349597,0.5258385273008365,0.4486460644394511,0.28107922931825335,0.47937753734796973,-0.06361240205095542,0.22982274496670932,0.33058560606060605,0.1795181818181818,0.04027651515151515,0.026727272727272725,64.0871522943038,0.060043512658227854,0.17462769778481013,0.19236050632911392,0.07275735294117647,0.08849206349206348,0.08103448275862069,0.10049583269022996,0.04102221747489852,0.2731794314113909,0.2592640805625609,2026-09-25,8.75,0.4
805811,Bryce,Eldridge,SF,143.0,301,0.15790195482787164,0.15540759154621042,0.15908698455969078,0.44631200510596447,0.4547084591251821,0.45201419690202027,0.1972230573906708,0.2758047399430968,0.536465444289385,0.6767824954271389,0.4404228141894002,0.5890181027627126,0.7628358011369958,-0.011591382712620057,0.19907736465314943,0.7015575050857309,0.21469412961348444,0.0,0.27090417029933156,42.09054595217516,0.04781042927110343,0.18183081244598098,0.21174150821089024,0.19439102564102567,0.14073047263681593,0.1153544776119403,0.1828770681408296,0.15114247311827958,0.1878038504520686,0.16049055627679176,2026-09-16,2.727272727272727,0.55
650402,Gleyber,Torres,DET,124.0,291,0.14394431636185648,0.15753010033838372,0.13815518504539814,0.4511667989139774,0.4057054383684169,0.4195603752892695,0.18661261599252324,0.2666411267368115,0.514665670029294,0.6622402233214781,0.436025249526966,0.5742551255842591,0.7596128726599239,0.016464874237696492,0.18293891732713122,0.4757446452476573,0.39694578313253015,0.004427710843373494,0.08822289156626505,65.61830269039022,0.0180440948942754,0.2378209515214028,0.23707191808492348,0.14527420411566755,0.1537321670775293,0.1226388888888889,0.14476732033595563,0.14406158812938474,0.1500457780242378,0.13475873325170773,2026-09-22,1.9,0.5
673490,Ha-Seong,Kim,ATL,72.0,80,0.1808346445104094,0.17485760679076345,0.1862139784580908,0.48966993891209676,0.5138326492143039,0.5024914849673856,0.06071896222537342,0.15643415657102436,0.19687260138151452,0.44866387075655745,0.4283180341460361,0.14920633673797906,0.38784372809507967,-0.07417345082134952,0.21522616501635305,0.45192214912280704,0.782316985645933,0.004029605263157894,0.11495504385964914,82.39440605590063,0.0038043478260869562,0.21318691770186338,0.20967554347826084,0.09622367923338798,0.059313725490196076,0.12178571428571429,0.09026470588235294,0.09104377104377104,0.1838768400209001,0.31692275422532473,2026-10-03,8.846153846153847,0.65
687749,Jase,Bowen,SD,51.0,50,0.19796979795918812,0.213747773761416,0.18187626264091572,0.5690105806605691,0.504702110172365,0.5379728146898421,0.08439988610512007,0.21931068010467697,0.2655361360827536,0.5795892298112915,0.4275803771817991,0.13307826266911238,0.36539264090003465,-0.11039243750804306,0.2300266190186368,0.14554455445544556,0.07775371287128714,0.012128712871287127,0.04245049504950495,59.91627272727272,0.015909090909090907,0.2031611363636364,0.21045386363636365,0.0578125,0.0552738336713996,0.08125,0.03875,0.07732900943396226,0.36059873808564913,0.404987581096121,2026-09-27,9.0,0.1
669364,Xavier,Edwards,MIA,142.0,440,0.14952393707573108,0.14133197065557337,0.15216770805678198,0.413337233177841,0.4388424139717627,0.4326940593354144,0.21572369260159444,0.28584794319932777,0.5727895830359111,0.6922008475433289,0.42398878716781424,0.6495387677885649,0.795395540613989,-0.008705272167600142,0.18345742943234059,0.5325098123441817,0.3504377653123105,0.0,0.09437158884172225,66.67211238825033,0.005632183908045977,0.19939736270753516,0.19840304597701147,0.11891104294478527,0.19227886056971516,0.14047911547911549,0.16410714285714287,0.13283469048906776,0.15562351479526015,0.1863018934572659,2026-09-19,5.4,0.25
646240,Rafael,Devers,SF,219.0,403,0.16244741374652263,0.12890436818997827,0.18067552038891274,0.3830777614739387,0.5021531565670545,0.4622972049074041,0.20007204976027837,0.26624646383041006,0.5421976148707721,0.6616036068648241,0.42070743006441,0.5757819862019191,0.7271655773770127,-0.04158977484299409,0.19449186900255394,1.1316580698463736,0.16498861200428724,0.001969453376205788,0.522912340344766,42.345527078085645,0.11044080604534005,0.18533509445843832,0.24746586272040297,0.15868557543085846,0.22515354868061876,0.1696786412512219,0.16645454314969016,0.1848895113600996,0.187859543817527,0.2126000178205471,2026-09-12,2.0,0.3
808982,Jung Hoo,Lee,SF,177.0,397,0.15535351035597442,0.13370961374397888,0.16500330808978603,0.3949068565494862,0.4680183622435523,0.4461879064779858,0.22539911248346298,0.2969612239256219,0.5909532316565228,0.7086416445534078,0.41839335484756013,0.5691878151538632,0.7236450152016745,-0.027794551630425657,0.18668205508373387,1.433427868658132,0.19698486596352452,0.007469512195121952,0.3824698952803895,68.83120706652736,0.003993775933609958,0.2236431230740481,0.23707471473029046,0.14159553669848796,0.1618267614738203,0.19288793103448276,0.13810311284046695,0.16190181645739266,0.07436107275409704,0.19322995549211103,2026-09-20,4.363636363636363,0.55
691176,Jasson,Domínguez,NYY,84.0,137,0.14012764778056075,0.1563768315390064,0.13016464460019994,0.44853272727551985,0.3861960255632939,0.4104523018643569,0.16386783427924587,0.2712897177748903,0.465482094202299,0.6696744693157701,0.3987732033158963,0.522539035075616,0.7663729045791028,-0.011679098548460609,0.16367737922283282,0.2797008547008547,0.09401080945198592,0.005542986425339365,0.04157239819004524,38.00840838509317,0.03796583850931678,0.11527461180124224,0.12716638198757765,0.07716981132075472,0.06409266409266409,0.38055555555555554,0.0787878787878788,0.1367581130812981,0.17420068027210883,0.17362749546279493,2026-09-10,3.0,0.05
666971,Lourdes,Gurriel,AZ,54.0,144,0.14543988339251798,0.14783067928448365,0.14454333493303084,0.428731033355949,0.4209806863453225,0.42310181899846355,0.14756804032247517,0.2579059356330692,0.4281145671971819,0.6479483755011273,0.39007478309004473,0.4326530210930224,0.6949876389209046,-0.03302703590841882,0.16504135027082903,0.44048295454545455,0.030934343434343425,0.006186868686868686,0.09468118686868686,41.057589285714286,0.004729729729729729,0.12795156853281853,0.12142972972972972,0.09705882352941177,0.2858333333333334,0.20147058823529412,0.21045918367346939,0.14100000000000001,0.16114783653846154,0.30751401721550975,2026-09-11,6.0,0.15
605353,Vimael,Machín,COL,2.0,4,0.16009933856401248,0.1556081825782913,0.16234491655687308,0.44677212239865793,0.4620668610445482,0.45700262329096253,0.18761630648265054,0.8123836935173494,0.5167585361653548,0.9971394665090066,0.3886577459820353,0.2076596008020477,0.9385080552796037,-0.06834487730892724,0.1776176094761427,0.7874999999999999,0.0,0.0,0.0,40.5675,0.0,0.2995875,0.2813625,0.3375,0.3375,0.0,0.0,0.50625,0.3,0.18409090909090908,2026-09-13,7.5,0.1
676724,Jared,Young,NYM,62.0,277,0.15893387479698173,0.15316395875159464,0.16022533615010084,0.44114689730705126,0.45728767171059936,0.45436088498695437,0.19935892102534725,0.29020106217515335,0.5407675785495618,0.6987176377069176,0.38529636935312694,0.4773666401385342,0.668488933790583,-0.06906451563382743,0.1750635993615472,0.5668213290724352,0.1762475417895772,0.01084070796460177,0.11235045886594558,41.77388265306122,0.040204081632653065,0.16152584183673468,0.17656762755102043,0.16504032258064516,0.13759567473159706,0.1981576354679803,0.1538905325443787,0.17696594427244583,0.12781220821661998,0.16261298802646082,2026-09-17,5.0,0.4
673357,Luis,Robert,BAL,68.0,160,0.14173371247194927,0.14251884205330628,0.14140003239987256,0.4161704802356919,0.4134999720575069,0.414297350514109,0.15090505310226085,0.25386059708833336,0.4359119529777591,0.6411855590569873,0.38470383923383344,0.4572808102264011,0.6993572144165839,-0.029593511280275542,0.15938178132718292,0.41434576023391806,0.11231725146198829,0.0,0.11500365497076022,43.91025167785236,0.06006711409395973,0.18360805369127517,0.19800637583892616,0.14620352914561496,0.05339861751152074,0.056108597285067875,0.10622625482625482,0.09599514563106795,0.1470568673630367,0.18709752006165842,2026-09-04,3.0,0.05
695491,Joshua,Báez,STL,43.0,64,0.14967816918315002,0.1576291162338055,0.14433612663349088,0.45139253195988593,0.42048966348009853,0.43305405695045385,0.14772224640538784,0.301942160315581,0.4284765772678628,0.7158027107989406,0.3844760280134788,0.37547963210970914,0.7158683197696281,-0.04857802893697505,0.16649890373143333,0.6664719626168225,0.04088785046728972,0.035163551401869164,0.25105140186915886,40.693099680170576,0.042737206823027715,0.1406046508528785,0.17286360607675907,0.14253978779840848,0.1552272727272727,0.21785714285714286,0.13391544117647058,0.16915271435819382,0.21273809523809523,0.2623873873873874,2026-09-16,5.5,0.4
663611,Nick,Madrigal,TB,21.0,41,0.15663209510253723,0.1419349409202249,0.1641599057812826,0.41477784153156405,0.4661353073489315,0.4491165269527603,0.15245896205333748,0.36152507516027416,0.43951683068442726,0.7920286744918875,0.381996192727846,0.29031021505169974,0.7096897849483003,-0.06712033422491426,0.17156080338710747,0.5948588709677419,0.0691532258064516,0.009879032258064514,0.019758064516129027,39.568198529411774,0.0,0.12754301470588236,0.12123002450980393,0.26785714285714285,0.02045454545454545,0.06,0.2765625,0.02,0.01,0.16918158567774938,2026-09-16,6.666666666666667,0.15
694728,Brice,Matthews,HOU,86.0,144,0.1474419265758139,0.1463117741423901,0.1481168787235531,0.4251592852300109,0.42940226006765236,0.42781838421863927,0.141864567334418,0.24233359527447645,0.4146098363054731,0.6214065395422609,0.38102106401551317,0.33331457491249156,0.5525322861854451,-0.0467973202031261,0.16300781596038355,0.8236413043478261,0.4808695652173913,0.0,0.055923913043478254,57.471375,0.015000000000000001,0.44881482142857143,0.4242985714285715,0.21003649635036498,0.021052631578947368,0.012499999999999999,0.14773351648351649,0.21061151079136692,0.3506711409395973,0.21319875776397515,2026-09-22,9.0,0.1
666310,Bo,Naylor,MIL,14.0,84,0.14384737406639952,0.14823475019536803,0.14311614471157147,0.42967854148084894,0.41759263143966696,0.4193302852299454,0.08704470546990539,0.22561243033129502,0.2729349133068103,0.5913473627583747,0.3799716006257603,0.2268802210080984,0.559974557940115,-0.039358684604185123,0.15933359966967897,0.7455357142857143,0.16160714285714284,0.0,0.4357142857142857,38.31050995024876,0.09751243781094528,0.14109079601990052,0.1709455223880597,0.2,0.01111111111111111,0.555,0.008333333333333333,0.16028225806451613,0.08515625,0.2309543397778692,2026-09-17,8.0,0.1
642201,Eli,White,BOS,116.0,87,0.15611217449810882,0.1432262557534024,0.17329339949105071,0.41785453056997013,0.4862759261997279,0.447926977807371,0.17881366317944145,0.2942126796946462,0.49818226963497225,0.7046353738815301,0.3791946470264292,0.3810787954038107,0.5950666578345774,-0.06873233078094182,0.16985151224328124,0.5501436781609195,0.03318965517241379,0.003017241379310345,0.23103448275862068,37.47927511415525,0.019263698630136987,0.12992882420091326,0.1337982305936073,0.23374711921223548,0.13796583850931676,0.04006410256410256,0.1574430010604454,0.19884646159317212,0.1551672077922078,0.2478302236946563,2026-09-08,8.5,0.1
677942,Blaze,Alexander,BAL,102.0,181,0.1545331229012044,0.15564120663739123,0.15390867792280077,0.4468478470540955,0.44286512792397903,0.4443029482906884,0.23011322706669995,0.33410597432099737,0.5996000597631332,0.7590550020872473,0.3783135167680898,0.47092823305023346,0.6787698509817465,-0.06598943152259862,0.16808581087828106,0.47437058303886914,0.11916593050647821,0.008657243816254415,0.11622865135453474,39.458497474747475,0.033712121212121214,0.15484204545454547,0.16474797979797984,0.1856939356939357,0.13583743842364532,0.07542016806722689,0.15349264705882354,0.10502024291497974,0.1382955917874396,0.21159457109628174,2026-09-08,2.4,0.25
687605,Andrew,Pinckney,WSH,15.0,12,0.12645428117396373,0.1605849663735226,0.08379092467451514,0.45810068688777594,0.26382500431045786,0.3769832274830268,0.1317037456190719,0.4467857131455308,0.389988887532835,0.8740706807674985,0.37748148527027114,0.253781597633706,0.746218402366294,0.0004982577872443272,0.14230418863227345,0.45046296296296295,0.022685185185185183,0.022685185185185183,0.022685185185185183,28.414166666666667,0.02333333333333333,0.09426999999999999,0.09856333333333332,0.14285714285714285,0.21750000000000003,0.0,0.19166666666666668,0.10909090909090907,0.17666666666666667,0.16574074074074074,2026-09-15,8.0,0.05
800543,Josue,De Paula,LAD,13.0,29,0.14992441019202168,0.16058135704874837,0.14514715815279935,0.45809253162050634,0.4224098753723535,0.4336284769290676,0.13480964224647127,0.38527543868318315,0.39759183786664765,0.8178697935179908,0.3772893579860274,0.280091537409322,0.7872872837754024,-0.05633911894304017,0.16360340966502682,1.3321469907407408,0.6750578703703705,0.0,0.5243055555555556,67.01554487179489,0.10192307692307694,0.3537323717948718,0.3693548076923078,0.1396551724137931,0.16875,0.27,0.27794117647058825,0.081,0.10714285714285715,0.12525773195876289,2026-09-22,6.6,0.5
592450,Aaron,Judge,NYY,77.0,200,0.14013826353995082,0.14512103505252644,0.13821989650760919,0.4223480968167056,0.4058616024598869,0.4104777758776813,0.16234872836078318,0.2572526343280893,0.4620754286448263,0.6468624330135757,0.3754599119612821,0.5157964063076522,0.7419301690522909,-0.03501786391639922,0.1541179495930971,0.5913257647729432,0.12060136804104121,0.004422382671480144,0.24898014440433214,41.93423245614035,0.06096491228070175,0.180978125,0.22273103070175437,0.10609022556390978,0.13271739130434784,0.15432692307692308,0.12122093023255814,0.11587837837837839,0.23896719978313907,0.2146268656716418,2026-09-16,2.8333333333333335,0.3
662139,Daulton,Varsho,HOU,135.0,388,0.13456753793641224,0.13394494075415128,0.13478416324467313,0.3954819667675572,0.3975297444413861,0.3970016345489181,0.1722291259862517,0.24125666783931463,0.4839574717666839,0.6195197604984419,0.3730467105366812,0.49397831561805383,0.6594839477996192,-0.023954924012236922,0.14810015384615954,0.511140953632887,0.05885964388145316,0.0023422562141491394,0.11944042782026769,56.070238352442885,0.04425269530247283,0.13288998085479595,0.15104280557457003,0.12655007949125596,0.14958708708708707,0.09353023909985936,0.10071453168044077,0.1473724554940257,0.14270730375612994,0.25213851160883605,2026-09-19,5.7272727272727275,0.55
663616,Trevor,Larnach,MIN,54.0,377,0.15691862789188984,0.13435273979393136,0.1601508771154701,0.39647765268728463,0.45711923354690054,0.44977131478353505,0.201135684952074,0.28143435192939487,0.5443246074259012,0.6854913605963249,0.3707570719773998,0.4730239553146009,0.6471284375018274,-0.07901424280613523,0.16675589572856886,0.813368543167664,0.15115093417999756,0.00568445475638051,0.15683538893637805,36.24510880566802,0.03209767206477733,0.13252551872469634,0.1434933577935223,0.19764423076923077,0.1300186741363212,0.06445147679324895,0.2551143790849673,0.13616672844345457,0.1754721407425432,0.2078122041840212,2026-09-13,6.4,0.25
695490,Edwin,Arroyo,CIN,42.0,115,0.09932958859914279,0.1406634367137866,0.08423374841814245,0.41173702178176785,0.26506958489264154,0.3066051132365374,0.1537658358131434,0.2804596389666726,0.4425358527027773,0.6839956513648389,0.36966261686339497,0.42247433694294984,0.6979073722198006,0.06305750362685758,0.11334044850271595,0.15214968152866237,0.02340764331210191,0.011703821656050953,0.015605095541401274,21.52581818181818,0.004772727272727272,0.0753465909090909,0.07414977272727272,0.07464285714285715,0.04636524822695035,0.11103896103896102,0.06039783001808317,0.08846153846153845,0.23109603462393263,0.26334595959595963,2026-09-04,,0.0
691777,Max,Muncy,ATH,105.0,176,0.15629689531548527,0.13898901479389258,0.16662261949029908,0.4077154234195318,0.4716204746769671,0.4483498185789858,0.16641646976836622,0.26133537269566404,0.4711628711610054,0.6536098306938076,0.3695679897119295,0.4176473297995616,0.628950200752141,-0.07878182886705631,0.1656957411399441,0.6329766376696981,0.06810168709634902,0.008718861209964412,0.17049064188743904,39.87500186071239,0.03768740031897927,0.14948801701222753,0.16952446039340777,0.21627583465818762,0.1499139549436796,0.035897435897435895,0.1833620627522583,0.17630124777183603,0.18745430849908462,0.23176555785256425,2026-09-17,5.666666666666667,0.3
645302,Víctor,Robles,SEA,48.0,97,0.15517738790920071,0.15841083633716993,0.15357733095515408,0.4531723428230737,0.4421011043926887,0.4457836254120531,0.17292715813532156,0.30974386235796636,0.48547893335187176,0.7267652264657631,0.36931168453788576,0.36118937082703245,0.6388106291729676,-0.07647194087416731,0.16463310164033118,0.17318965517241378,0.03801724137931035,0.012672413793103448,0.03801724137931035,31.39966216216216,0.003153153153153153,0.07736148648648648,0.07547905405405406,0.09211229946524063,0.15595238095238095,0.0875,0.1108695652173913,0.11885964912280701,0.21269100372457264,0.2813507326007326,2026-09-12,,0.0
672613,Eliezer,Alfonzo,LAD,14.0,14,0.11792717794204673,0.0920528850940317,0.14380147079006175,0.28679901329515434,0.4192213122524453,0.3554367452274282,0.07878501945604272,0.3559142478934295,0.24965071844998743,0.7855614200207077,0.36780860259825376,0.17709707797762567,0.6447710848733432,0.012371857370825579,0.13073269257417192,0.15312499999999998,0.0,0.0,0.109375,15.6191,0.0,0.041292999999999996,0.042105000000000004,0.08269230769230769,0.1625,0.0875,0.03611111111111111,0.16,0.054411764705882354,0.3201114488348531,2026-09-09,,0.0
657675,Rudy,Martin,TOR,1.0,2,0.1435596186635189,0.14542402929551268,0.14262741334752205,0.42306435827360256,0.4164291679397938,0.41864692143550386,0.0,0.5614970317550455,0.0,0.9441653393240941,0.36663141874988425,0.0,0.7934506856227627,-0.05201550268561961,0.1534891147611701,0.0,0.525,0.0,0.0,38.475,0.0,0.04365000000000001,0.041400000000000006,0.0,0.0,0.0,0.0,0.0,0.45,0.16875,2026-09-12,9.0,0.05
681351,Logan,O'Hoppe,TEX,86.0,186,0.15151958319635966,0.16573921541510553,0.1449449145360793,0.46965753436511215,0.4219314659808979,0.43733956075728664,0.15877390787984452,0.2539322143521103,0.453997575429938,0.6413060858496313,0.36487135714308483,0.38772115676987573,0.6004921529268207,-0.07246820361420181,0.15957267906587178,0.9597426470588234,0.038281249999999996,0.006755514705882352,0.04954044117647058,37.12091938405797,0.015217391304347825,0.165821240942029,0.16881440217391303,0.26916666666666667,0.08781362007168458,0.14943977591036417,0.26681818181818184,0.1705952380952381,0.1539459815546772,0.22139652649414665,2026-09-11,7.0,0.1
700652,Kenny,Piper,TB,4.0,7,0.10736722644034422,0.14804381433928182,0.08412346192666559,0.42923095493834496,0.2647597592717533,0.32802224168281746,0.051367689746085105,0.47698056196084426,0.1685374479259194,0.8965304872165526,0.3643296770214982,0.11762077423264788,0.7692757187239871,0.03630743533868075,0.11950823736816871,0.27840909090909083,0.4613636363636364,0.0,0.11136363636363636,15.70625,0.029166666666666664,0.03287083333333333,0.049845833333333325,0.08888888888888888,0.0,0.0,0.0,0.08,0.11200000000000002,0.057142857142857134,2026-09-05,,0.0
699013,Esmerlyn,Valdez,PIT,111.0,173,0.1311185771555497,0.12321261332907887,0.13619118978409456,0.3688537194051904,0.40095189005056275,0.38854881423152077,0.15508344252581968,0.24736538918627765,0.44556789186811674,0.6301337952196389,0.3632183241919544,0.440873908658052,0.6646092943867861,-0.02533049003956639,0.14112804917194396,0.6170598591549294,0.24325924295774648,0.00215669014084507,0.2143133802816901,42.18484962406015,0.09529180093089867,0.16444452201933404,0.22441878804153237,0.16029611211573236,0.038409810126582275,0.03482478097622028,0.064375,0.11919463087248322,0.24957108428935626,0.13802168068781312,2026-09-11,4.8,0.25
678011,Anthony,Seigler,BOS,40.0,129,0.13300920655580503,0.07261746733345611,0.15173532724490546,0.23192047020927975,0.4378401406331982,0.39319283511940006,0.1632171092644875,0.28714624309211884,0.4640247057538269,0.6941548839780212,0.36079602487028534,0.40291074545649797,0.6742475770713254,-0.03239681024911473,0.14186241191855706,0.21745562130177512,0.06523668639053254,0.003624260355029586,0.03986686390532544,32.215696721311474,0.010040983606557375,0.058573770491803276,0.06307684426229507,0.09983835118205697,0.08529411764705883,0.047058823529411764,0.10671114599686028,0.06015741015741016,0.13558569082207686,0.24610622802611754,2026-09-12,9.0,0.05
694377,Nick,Yorke,PIT,60.0,55,0.11834577906756506,0.15271620973721342,0.08085076379158505,0.4401120219901119,0.2555233049015222,0.3565067159567119,0.12986594771740817,0.2726994473512982,0.3854579891580625,0.6719056802934791,0.3599503570279138,0.2954126874008022,0.6041893824430271,0.003443641071201875,0.1283247196914675,0.3218478260869565,0.21532608695652175,0.010652173913043479,0.05858695652173913,27.225416666666664,0.008974358974358974,0.05987964743589743,0.06285432692307691,0.08638392857142857,0.046825396825396826,0.39583333333333337,0.21845238095238095,0.05034090909090909,0.11100396539293439,0.1808143125671321,2026-09-05,9.0,0.05
656577,Alex,Jackson,MIN,25.0,48,0.15674763181899723,0.14179917710328938,0.16453328531676176,0.41445369713442126,0.4669695339536939,0.44938061963518694,0.19651731621782964,0.40005463236611083,0.5350376096261664,0.8327404341168021,0.3584035298598379,0.3398561575495228,0.6925677302378154,-0.09097708977534902,0.1610596003278522,0.23493150684931502,0.016780821917808216,0.016780821917808216,0.05034246575342465,22.90588888888889,0.0038888888888888883,0.07126277777777777,0.0707072222222222,0.08769841269841269,0.15714285714285714,0.1433333333333333,0.1,0.13,0.19176470588235295,0.21110538596150108,2026-09-20,,0.0
694371,Tommy,Troy,AZ,31.0,111,0.14280316206898871,0.1477052814015033,0.14143410171486304,0.4284367586945742,0.41358142130461184,0.4168477425865331,0.14009557324033284,0.2702229966957143,0.4103753297003354,0.6679789579857549,0.3565041394724625,0.3874647126766947,0.6794376602366395,-0.06034360311407061,0.14860794576185055,0.3445774647887324,0.05607394366197182,0.0,0.038820422535211264,38.14532894736843,0.016578947368421054,0.0952731140350877,0.10255561403508771,0.14341463414634148,0.013333333333333334,0.03,0.03515625,0.13,0.2614864864864865,0.24572072072072074,2026-09-13,6.0,0.1
690993,Colt,Keith,DET,25.0,396,0.15166358768028088,0.08493831526554639,0.15587604174686764,0.2670467098855449,0.44738611393546945,0.43767372230938784,0.19715091165804932,0.27794739767593224,0.5363196250915463,0.6801171686230518,0.3556226162617419,0.4322265049400511,0.5955818893351084,-0.08205110604764593,0.15564667419667963,1.0227367874109263,0.13143185866983373,0.035566359857482195,0.1626336104513064,60.84005380116959,0.04043421052631579,0.1584546403508772,0.17298669152046783,0.17274184149184152,0.12854520020982688,0.19173076923076926,0.13226190476190475,0.184999153689912,0.14108636924200263,0.18362268255488284,2026-09-19,2.8,0.5
694388,Joey,Loperfido,HOU,14.0,103,0.1305431042149348,0.028095921854413702,0.1444679639532581,0.09493052972523341,0.4208021136431074,0.38713023449740214,0.12758198294157502,0.26832070879671166,0.37979367498481875,0.6649399325107943,0.3553690954913552,0.28509392559950375,0.5780493145800893,-0.031761139006046935,0.13757412127069804,0.177991452991453,0.06805555555555555,0.005235042735042734,0.052350427350427345,15.585105633802815,0.01232394366197183,0.05808767605633802,0.06147183098591548,0.03046875,0.024324324324324326,0.028124999999999997,0.03461538461538462,0.023076923076923078,0.5679487179487179,0.3071280991735537,2026-09-16,,0.0
687231,Darell,Hernaiz,ATH,58.0,96,0.10677646833464108,0.14854393429894283,0.08154195764787542,0.43040279052389985,0.2574809083382883,0.3264644153066193,0.15121020041618508,0.27859740100595565,0.4366211601715074,0.6811239077927742,0.3538986883632752,0.33703503693175146,0.6061913601633808,0.02743427305665591,0.11553532837429611,0.15113636363636362,0.06363636363636363,0.003977272727272727,0.03579545454545455,14.901084905660376,0.001650943396226415,0.04878537735849056,0.047410141509433956,0.10155038759689922,0.032432432432432434,0.019354838709677417,0.16890243902439023,0.03229166666666666,0.19277555910543132,0.35704389869332087,2026-09-03,,0.0
694224,Gabriel,Gonzalez,MIN,6.0,5,0.14556329918561306,0.13827042138542345,0.1543147525458406,0.4059835105833004,0.44380043977090733,0.42339337160598933,0.051367689746085105,0.47698056196084426,0.1685374479259194,0.8965304872165526,0.3529482089985534,0.09677141110578041,0.700006684861608,-0.07044516260743594,0.1494359322101929,0.3301136363636364,0.11136363636363636,0.05568181818181818,0.0,39.96875,0.0,0.08829166666666666,0.08086458333333334,0.45,0.0,0.0,0.0,0.13833333333333336,0.1477536231884058,0.29959150326797385,2026-09-06,,0.0
596146,Max,Kepler,AZ,12.0,130,0.12697521708775977,0.09552976966998053,0.12987787377247784,0.2963122839360268,0.3854874688422346,0.37828262693990167,0.1340947901933951,0.26251025811325784,0.39584797680207484,0.655534331872332,0.35239734636658393,0.329354701126789,0.6250263789330753,-0.025885280573317737,0.13330579391020178,0.17253521126760563,0.04313380281690141,0.0,0.056073943661971826,35.2148125,0.012249999999999999,0.093375625,0.09570225,0.09695652173913044,0.07119932432432433,0.0375,0.07348790322580645,0.07741379310344827,0.21813829787234043,0.24750393853271993,2026-09-05,7.0,0.05
624428,Adam,Frazier,LAA,20.0,121,0.1451011645978702,0.09009659875149006,0.1541928283741314,0.28140612763934547,0.4435197296897393,0.422301101990876,0.15943347868326785,0.2951425754160097,0.4554944507280263,0.7059951629981075,0.35050685240055623,0.286175155495956,0.5330270757914608,-0.07179424959031977,0.14801943002410822,2.40861795446062,0.039095744680851065,0.013031914893617023,2.1391937290033596,62.42880555555554,0.0038888888888888883,0.3665297222222222,0.35733027777777776,0.21625,0.10669642857142857,0.07023809523809524,0.236729986431479,0.12326254826254826,0.17058050079315615,0.267710364056762,2026-09-19,8.666666666666666,0.15
592626,Joc,Pederson,TEX,35.0,391,0.14145113244773458,0.07478576395920263,0.14741862067560826,0.2381875377699929,0.42776363742419155,0.4136221335166095,0.1708331195086209,0.24755709188258407,0.4809050385863357,0.6304634189370466,0.3502159070310249,0.4060478486804078,0.5723447724755373,-0.06340622648558458,0.14485705065762708,0.7033890845070423,0.1411947378716745,0.043998190532081385,0.21912656494522692,39.19347426470589,0.05367647058823529,0.1378799632352941,0.1742503676470588,0.12494481616886252,0.2317575083426029,0.11521739130434783,0.14569746261702038,0.13917622848590672,0.19228850817073728,0.2138534924955788,2026-09-12,1.0,0.25
641584,Jake,Fraley,TB,10.0,87,0.12087564802942047,0.034968983311374616,0.13074997730735677,0.11713469086308492,0.3876404610091222,0.36294623606819476,0.1291394035682155,0.28578377693725787,0.3836601588281766,0.6921040419860713,0.34943690060341165,0.37772167637354503,0.7083826401947998,-0.013509335464783112,0.12682680781734415,0.20206185567010304,0.18015463917525773,0.0,0.03788659793814433,60.5621186440678,0.014830508474576272,0.15557796610169494,0.15285338983050847,0.026612903225806454,0.03214285714285714,0.039473684210526314,0.02608695652173913,0.03235294117647059,0.1532085561497326,0.19798209798994976,2026-09-19,1.0,0.05
702616,Jackson,Holliday,BAL,90.0,257,0.14332537176962834,0.14296197802697674,0.14345263027872812,0.41722580456463987,0.41839269814772595,0.41809020607832814,0.16814261806713787,0.25324845503363846,0.4749857851232785,0.6401541865994556,0.34879061522121557,0.37774492218389677,0.5726722965030077,-0.06929959085711257,0.14582594019602488,0.3643191642651296,0.05648414985590777,0.0,0.09404719020172911,39.2150655679603,0.01877104377104377,0.12261174463937623,0.12582034821903243,0.15316988280905808,0.04717391304347826,0.20253246753246754,0.10820717743794667,0.1397427423864965,0.1450182969617302,0.20349864130434783,2026-09-14,3.888888888888889,0.45
621550,Patrick,Wisdom,SEA,23.0,26,0.10689148997923394,0.1368021499620705,0.08043205999441698,0.4024335243538004,0.2543356581060392,0.3267679288674913,0.04437954674476263,0.21756361549195896,0.14690179627025768,0.5762871533658485,0.3406720055166178,0.12499753379553993,0.5087265656029747,0.013904076649126518,0.11132068566579977,0.11249999999999999,0.025,0.0,0.05,16.2225,0.03365384615384616,0.050043269230769225,0.06839807692307692,0.005,0.03214285714285714,0.03,0.023684210526315787,0.01,0.4676136363636364,0.30751329787234044,2026-09-04,,0.0
683090,Matthew,Lugo,KC,8.0,7,0.13919520390425974,0.12973343719103653,0.15000865157651486,0.3851303720999665,0.4338248959787878,0.4082117019572985,0.03736125910306534,0.3788198283232237,0.12477104927233407,0.8110871302087748,0.3401454803394095,0.08221892400405661,0.6410655481673807,-0.068066221617889,0.13885136544243318,0.15652777777777777,0.11569444444444443,0.0,0.0,38.317421874999994,0.0,0.0746359375,0.07110234375,0.0,0.1601190476190476,0.0,0.1125,0.04444444444444444,0.29433333333333334,0.2737931034482759,2026-09-13,7.5,0.2
700337,Edgar,Quero,CWS,87.0,123,0.14161522740261148,0.13313796891505358,0.14761133706454269,0.39350819944062687,0.42821622600197506,0.41401430143344786,0.13476772174141538,0.23859981540974629,0.3974896733627089,0.6148362359995437,0.3329326037785362,0.28503000494619546,0.5145159919960708,-0.08108169765491169,0.13783885937778953,0.14,0.18541666666666667,0.5783333333333335,0.04083333333333333,26.673790509259263,0.00486111111111111,0.07278807870370371,0.0729796875,0.09666666666666666,0.019354838709677417,0.07386363636363637,0.09278579356270811,0.06564685314685315,0.12876895628902765,0.12728211009174312,2026-09-11,5.0,0.05
690976,Alex,Freeland,LAD,35.0,229,0.1457086203285242,0.13528806193966886,0.147301282091013,0.39875691871074237,0.42748794602978735,0.4237365376065171,0.16029025675783287,0.25727563954937827,0.4574345019721522,0.6469007137642401,0.33239655765775855,0.32277092325066287,0.5247924737187519,-0.09133997994875853,0.14084856645422364,0.9749464214513557,0.7653284489633173,0.0023200757575757573,0.11927457137161086,68.31985738022709,0.032317917474383825,0.25329324286901134,0.25972778316255885,0.13373525655472918,0.22762141967621422,0.013636363636363636,0.1012839558573854,0.16928571428571426,0.13607421206808074,0.1298862587801066,2026-09-19,8.625,0.4
683357,Owen,Caissie,MIA,40.0,282,0.12927848818792256,0.1495226109073868,0.12640698141920423,0.43269096317977007,0.37686514909196944,0.3840046134769395,0.1588338942714305,0.24578453365318967,0.4541338340253567,0.6274075767905734,0.3312548047106032,0.397407007851655,0.5843849309893538,-0.05274980876633628,0.12720337324527425,0.4811413043478261,0.21994565217391307,0.007608695652173912,0.3077445652173913,41.007254464285715,0.08742559523809525,0.17288125000000001,0.2286352678571429,0.13670995670995673,0.02723909657320872,0.1259033613445378,0.122515848444641,0.04045943708609272,0.24984345663755114,0.20575403436516215,2026-09-12,6.0,0.25
665561,Rafael,Marchán,PHI,30.0,65,0.1337382136602604,0.1373018346323747,0.13209346551928455,0.40364335803027573,0.3909466256565258,0.394976772074101,0.05064423402767533,0.17033043673589754,0.16631598664688185,0.47980274824477465,0.32957390754846694,0.16095800156300613,0.4659232933074994,-0.06540286452563404,0.13017403816334167,0.09671052631578946,0.012894736842105263,0.012894736842105261,0.038684210526315786,32.24365131578947,0.004605263157894737,0.053259210526315784,0.05274440789473685,0.015789473684210523,0.012499999999999999,0.010714285714285713,0.007142857142857142,0.01981132075471698,0.02258064516129032,0.3404761904761905,2026-09-12,9.0,0.05
681230,B. J.,Murray,CHC,7.0,4,0.1401404205490713,0.14113455936536762,0.13840067762055275,0.41286503091034454,0.406297714798176,0.41048295182947103,0.016232172885884855,0.3773584364515957,0.055669201789321776,0.8095270193077111,0.3290403161716754,0.030053369748306635,0.5635028221864703,-0.08144263565779564,0.13506544025305176,0.05568181818181818,0.0,0.0,0.0,39.299285714285716,0.0,0.04029999999999999,0.05956428571428571,0.05,0.0,0.0,0.06666666666666667,0.0,0.05448717948717949,0.19333333333333333,2026-09-11,8.0,0.05
677008,Heston,Kjerstad,BAL,0.0,19,0.14840084024037836,0.0,0.14840084024037836,0.0,0.4300676812191384,0.4300676812191384,0.0850767663291625,0.4333427844381418,0.2674347781511194,0.8630312534537233,0.3287331116632525,0.09746059290024889,0.5656453011761292,-0.10133456955588593,0.1413774870729671,0.4442724458204334,0.0,0.0,0.17770897832817337,37.32275,0.0,0.210495,0.19865062500000003,0.08928571428571429,0.084375,0.5416666666666667,0.1125,0.16730769230769232,0.2105855855855856,0.29389051808406647,2026-09-18,7.0,0.2
801126,Brock,Rodden,SEA,18.0,53,0.13508169034388173,0.1515582399094228,0.12948588105747155,0.43742927735438164,0.3845179837812478,0.3982545458608491,0.09941454752428261,0.2725912799863349,0.3068340104913586,0.6717348637912607,0.3237706052535311,0.2340330237774797,0.5926054264103301,-0.074483940607318,0.12894311535833725,0.41992216456634546,0.4537286879169755,0.0,0.025880281690140845,60.06173986486487,0.03361486486486487,0.13382246621621624,0.15526537162162163,0.1614864864864865,0.08892045454545454,0.03333333333333333,0.15320512820512822,0.07111111111111111,0.2729486760379209,0.2105188679245283,2026-09-22,9.0,0.3
694212,Samuel,Basallo,BAL,99.0,295,0.12947178062280262,0.12226454883051746,0.1318904787497051,0.3664618989118098,0.39044791903487197,0.38448308993149505,0.16628097738255998,0.24554502814829382,0.47086195605851777,0.6269932962699095,0.3162528805294619,0.42626984959636616,0.6082601022941003,-0.06823020940203317,0.12159388470570345,0.562796108291032,0.21431366328257193,0.028204314720812182,0.1513483502538071,68.18014468503937,0.04084645669291338,0.21006171259842518,0.23649661417322834,0.1121911663216011,0.06674868766404199,0.13166937229437228,0.0931532812129827,0.1187260278581522,0.18368356091532315,0.26383202948327866,2026-09-21,5.8,0.5
670770,TJ,Friedl,CIN,38.0,228,0.12942674468250892,0.15479565724130945,0.1251985925893755,0.44490665649700645,0.37384312153616095,0.3843716316100124,0.11569667009361191,0.202421454511305,0.34971398928101316,0.5468863755551427,0.31026383596978724,0.27331684253954924,0.47916266109107675,-0.07410779564022518,0.11925661686128838,0.44492481203007517,0.16851503759398492,0.01151315789473684,0.09868421052631579,34.31576349431818,0.004971590909090908,0.16423629261363637,0.15731097301136365,0.09538250211327134,0.36150000000000004,0.04401595744680851,0.2581521739130435,0.05519301470588235,0.17030236582988878,0.08984806827619785,2026-09-17,8.5,0.1
668670,Jake,Rogers,CWS,44.0,123,0.12384837837259835,0.12932148986743297,0.12189051735005588,0.3841110828844886,0.36551649668500386,0.370454039099814,0.09355742548296511,0.19818357909956422,0.2909268595736435,0.5384037077846884,0.3045086222641311,0.2382301110811472,0.4851516927976368,-0.06594541683568289,0.11280644905846691,0.23898764970059883,0.19303892215568863,0.0036676646706586833,0.12895770958083835,38.66110597826087,0.017119565217391303,0.07219551630434781,0.07802046195652174,0.09761904761904762,0.026932367149758454,0.05150375939849623,0.07051282051282051,0.06747474270607119,0.17647651572837492,0.17138713128816246,2026-09-17,7.75,0.2
602104,Ramón,Urías,STL,40.0,59,0.13141789243613272,0.14278659020840923,0.12371030072611477,0.4168082831198623,0.37010672281643053,0.38928571870981477,0.07837241241376691,0.21179712779786347,0.24847378936976305,0.5652565516522081,0.30280149713730076,0.1748947864983201,0.45783135911135653,-0.08648422157251401,0.11787629843950205,0.22184343434343437,0.05568181818181818,0.024747474747474744,0.09810606060606061,36.73155637254902,0.01801470588235294,0.11162058823529411,0.11770526960784314,0.05480769230769231,0.021428571428571425,0.17916666666666667,0.031069518716577538,0.11314935064935065,0.10904341736694678,0.17751093478889532,2026-09-15,,0.0
677347,Kyren,Paris,LAA,14.0,4,0.12065369405864199,0.11588477334486166,0.1373449165568731,0.35019799670036855,0.4037475857449834,0.3623831253502401,1.3877787807814457e-17,0.1758792236466577,0.0,0.4918779747135168,0.2978880277342809,2.7755575615628914e-17,0.3543304350666875,-0.06449509761595917,0.10794959449476772,0.0,0.2625,0.0,0.0,0.0,0.0,0.0,0.0,0.0,0.0,0.0,0.0,0.0,0.25540540540540546,0.08653846153846154,2026-09-14,7.4,0.25
801501,Nate,Furman,SF,0.0,37,0.11764376802719528,0.0,0.11764376802719528,0.0,0.35471161066932166,0.35471161066932166,0.04285189940411471,0.24708531544126022,0.14211910447639609,0.6296518441892945,0.2809321317950214,0.05520471638534141,0.37565475270329085,-0.07377947887430025,0.0996498889577782,0.06621621621621622,0.243186936936937,0.0,0.1298704954954955,35.91636363636364,0.0,0.08401363636363637,0.08072310606060606,0.02222222222222222,0.03076923076923077,0.13333333333333333,0.028571428571428567,0.05217391304347826,0.12893345771144277,0.23091397849462367,2026-09-15,,0.0
650489,Willi,Castro,COL,165.0,309,0.09174909584544384,0.09085924847515581,0.09222425706258794,0.28351197225014857,0.2872700521638929,0.2859634613461348,0.19828394825912168,0.27434448247199905,0.5386059108530813,0.674495680428547,0.2719634207556922,0.5837018144109374,0.7500617243292349,-0.01400004059044263,0.07777160115883298,0.2300105485232068,0.05297995780590717,0.007753164556962026,0.07236286919831222,15.101677852348995,0.014093959731543624,0.05889337248322147,0.06661803691275167,0.10629707576428887,0.09959901800327331,0.054911764705882354,0.11061732385261797,0.0784584980237154,0.11503042035398231,0.15212232620320854,2026-08-31,,0.0
691016,Tyler,Soderstrom,ATH,145.0,303,0.09070977501553454,0.08353023529265766,0.0941455283482644,0.26309161881434395,0.29253572543187867,0.283099590729483,0.1808749286114001,0.25698099398822183,0.5025771106339267,0.6464101985657431,0.26791039622413104,0.5487844359404759,0.7259372871210739,-0.015189194505351944,0.07584532352322512,0.2556640625,0.0669921875,0.0041015625,0.0751953125,15.822581967213114,0.016639344262295082,0.05570622950819672,0.06344696721311474,0.11546094750320102,0.03666310541310541,0.08792372881355932,0.0808845029239766,0.10375615763546797,0.09150451505648544,0.10654943934760447,2026-08-14,,0.0
694384,Nolan,Schanuel,LAA,117.0,323,0.09389689896351883,0.08845748562735903,0.09586721277259219,0.27686521754697935,0.2972307259620205,0.29185587155804915,0.20755999375653217,0.2877552915816658,0.5570217791402212,0.6950684862190817,0.25731076676199804,0.6050536120416237,0.7773156722971892,-0.03454510479605111,0.07509765809459285,0.21019886363636364,0.05846590909090909,0.008352272727272726,0.06542613636363637,15.275770958083829,0.0036676646706586824,0.058775898203592816,0.05974258982035928,0.09246961805555555,0.11102941176470588,0.08229166666666667,0.1005,0.09058139534883722,0.04799432096630056,0.09779146456879215,2026-08-20,,0.0
805779,Jacob,Wilson,ATH,114.0,221,0.0923259507963384,0.0875602054277481,0.09478429908601846,0.27437077928539744,0.29428024681373754,0.28754946596639563,0.21010688997856075,0.30293971130138,0.5619848422898167,0.7172216237450388,0.25685259296041546,0.6053965378701002,0.8001307570773007,-0.030696873005980174,0.07385782593785145,0.22671641791044775,0.021940298507462687,0.005485074626865672,0.06764925373134328,14.490062277580071,0.004359430604982206,0.05181681494661921,0.051930160142348754,0.10760275599904967,0.06566985645933013,0.07584841628959277,0.10536700414173952,0.07939529675251959,0.0500963357233977,0.18352040816326531,2026-08-16,,0.0
642715,Willy,Adames,SF,137.0,367,0.08374328056123521,0.09148177725465728,0.08085452293998502,0.28522764136498413,0.255533961543403,0.26369100826058434,0.17884484523804559,0.25011079640366685,0.4982489589874982,0.6348344043822329,0.24930711817654805,0.5225718017226483,0.6937025053469227,-0.014383890084036288,0.0657400453585146,0.2394097222222222,0.04496527777777778,0.002430555555555555,0.061979166666666655,15.237990797546011,0.015567484662576684,0.055225383435582816,0.06495774539877301,0.11050819844439771,0.04973707274320771,0.049999999999999996,0.08901911287414353,0.0803196853569988,0.10812913661039636,0.12095159075303273,2026-08-23,,0.0
691458,Blaze,Jordan,STL,76.0,119,0.09198511904102671,0.09627424648010946,0.0892458443740495,0.2983374378064326,0.27905179416795567,0.2866126878638029,0.1817686446644982,0.30023073005905704,0.5044740382836743,0.7133565426040183,0.24640107511145587,0.48429732915809565,0.7293727611385934,-0.040211612752347026,0.07062167443022516,0.22301282051282054,0.021987179487179487,0.006282051282051281,0.07538461538461537,15.331009615384612,0.016826923076923073,0.05525961538461538,0.061424999999999993,0.11024144547489606,0.08232954545454546,0.07647058823529412,0.06574074074074074,0.11436699857752489,0.07547008547008546,0.14598849018280297,2026-08-27,,0.0
680977,Brendan,Donovan,SEA,52.0,106,0.09633456168041195,0.08063580589156037,0.10403583810513159,0.25491374907561326,0.31920362504624455,0.29850132696803666,0.18053233679427208,0.3127989727631345,0.5018485803409735,0.7309745911753267,0.24340607100968872,0.45899061456925083,0.7510862653443866,-0.05509525595834794,0.07265703518846825,0.2170886075949367,0.05814873417721518,0.023259493670886075,0.05427215189873418,14.721030701754383,0.0046052631578947355,0.051812280701754386,0.052955921052631576,0.09920212765957447,0.10210084033613445,0.09772727272727272,0.09126794258373205,0.10475195094760312,0.05083653364501586,0.10150535939470365,2026-08-21,,0.0
650859,Luis,Rengifo,SD,131.0,217,0.09335801902466387,0.09375268479298207,0.09311976457466531,0.29146131758311244,0.2897278610733982,0.2903807529745386,0.17554688551287884,0.2616996497201819,0.4911604377363997,0.6542073478030944,0.24215491709929904,0.47353237624438765,0.6695562506909143,-0.04822583587523954,0.07031712716378143,0.17424568965517243,0.058081896551724146,0.005280172413793104,0.06512212643678161,15.193127376425856,0.007319391634980989,0.05241615969581749,0.05347148288973384,0.09279250161603103,0.07803825956489122,0.14870689655172414,0.07833202409007593,0.1147457627118644,0.07279330228432024,0.12217150238124527,2026-08-29,,0.0
696135,Kahlil,Watson,CLE,17.0,74,0.09332875026680469,0.08894816765720401,0.094335100325767,0.2782267195204785,0.2930537789827181,0.2903005705059313,0.1561815982722814,0.32716671153557714,0.4480859215400228,0.7501518458753043,0.24197494182902246,0.4072670096806468,0.7548524292560443,-0.048325628676908816,0.07024546366110475,0.2019230769230769,0.02019230769230769,0.0,0.07403846153846154,15.439374999999998,0.012499999999999997,0.057396875,0.06343750000000001,0.1348214285714286,0.04285714285714285,0.0,0.1315340909090909,0.027906976744186046,0.15550351288056205,0.13243562795585917,2026-07-21,,0.0
669477,Casey,Schmitt,SF,104.0,300,0.09059647685037497,0.09181463847965825,0.0901741808188901,0.2861437910867204,0.28162055061876856,0.28278690009942165,0.2195375806604135,0.3047873848274837,0.5800167350229996,0.7198363708877575,0.241416739352142,0.5610358669448852,0.7463773771963067,-0.041370160747279644,0.0682694913535023,0.2835086633663366,0.015160891089108909,0.010612623762376237,0.07883663366336634,15.658725490196076,0.021160130718954246,0.06360220588235294,0.07510988562091503,0.09558936825885977,0.0800125313283208,0.04285714285714285,0.09064028457092041,0.0835064935064935,0.07477611940298506,0.1415773397879207,2026-07-27,,0.0
682848,Endy,Rodríguez,PIT,28.0,130,0.09204895645033834,0.08824831146055402,0.09286755690967649,0.2762842618907372,0.2890362656080272,0.2867882122839115,0.16936427786008817,0.2992514858220699,0.4776794472112069,0.7119501525637894,0.2400187418981083,0.4117613449352105,0.6906106996500243,-0.0467694703858032,0.06883454590359205,0.2442246835443038,0.08916139240506328,0.0,0.07753164556962025,16.06872340425532,0.01861702127659574,0.06166143617021276,0.06952154255319148,0.11833333333333333,0.024999999999999998,0.09711538461538462,0.08400383141762452,0.10892857142857143,0.08828943192637258,0.12015789001525073,2026-08-07,,0.0
672569,Gustavo,Campero,LAA,5.0,6,0.09353520576122085,0.09445522417854434,0.09276852374678463,0.2933819076187322,0.28876456869266076,0.2908660221650474,0.1516647109536757,0.6461988254921511,0.43767632830133063,0.973657472261232,0.23616688403569835,0.30064184258240184,0.9544127391902995,-0.05469913812934907,0.06869292212657763,0.27840909090909083,0.0,0.0,0.05568181818181818,15.3525,0.0,0.054075,0.052575,0.2,0.4,0.0,0.1,0.17142857142857143,0.13793103448275862,0.14666666666666667,2026-08-25,,0.0
807799,Masataka,Yoshida,BOS,30.0,263,0.09750968456284304,0.09358206482527136,0.09795770202340255,0.29099431752345983,0.302901482153624,0.3016889316098471,0.1999381714564452,0.29811038081804403,0.5419293917080222,0.7103050879926803,0.23308239347594012,0.4698388741794011,0.6732675903002129,-0.06860653813390699,0.07031837826482237,0.21949658703071673,0.0564419795221843,0.006271331058020478,0.0564419795221843,15.53208695652174,0.00608695652173913,0.05235239130434782,0.05462054347826087,0.11728323699421965,0.09583333333333333,0.07894736842105263,0.10078630897317298,0.10742636746143057,0.05370979532163743,0.10645758842028172,2026-08-15,,0.0
624585,Jorge,Soler,LAA,92.0,265,0.07509471405438098,0.08024404510416519,0.07330702176539929,0.2538019167733089,0.23391747998604817,0.23907751902686236,0.14296188165742105,0.22241037698375557,0.41722557520965387,0.5854025783312069,0.23291697503333253,0.5459355200216183,0.7434631645199017,-0.006160543993529832,0.05568521253021078,0.20245098039215684,0.060049019607843146,0.010294117647058823,0.07892156862745096,15.471944444444443,0.019444444444444445,0.05748219696969697,0.06749166666666667,0.08197940503432494,0.0401,0.05267857142857142,0.060981585981585984,0.06228571428571428,0.14741308433168898,0.10745949268722671,2026-08-01,,0.0
682989,Victor,Mederos,ATL,0.0,1,0.09402033980039096,0.0,0.09402033980039096,0.0,0.2921934673199347,0.2921934673199347,0.2065493143772374,1.0,0.5550412114241001,1.0,0.2326476783475097,0.2065493143772374,1.0,-0.05954578897242496,0.06797813180029175,0.6124999999999999,0.0,0.0,1.2249999999999999,18.1475,0.0,0.10202499999999999,0.095025,0.0,0.0,0.4,0.4,0.0,0.0,0.0,2026-07-17,,0.0
678760,Eddys,Leonard,SF,5.0,3,0.08841621148467296,0.08718249690581706,0.0904724024494328,0.2733189140926394,0.28244435648400235,0.27675061005502777,0.071479212752109,0.5907245696898311,0.22861585470671442,0.9561413905359668,0.23031570132268758,0.2076596008020477,0.9385080552796037,-0.046434908732340185,0.06374001084630536,0.22968749999999996,0.0,0.0,0.0,13.501249999999999,0.029166666666666664,0.0700875,0.06979583333333333,0.16,0.0,0.0,0.13333333333333333,0.08,0.12727272727272726,0.18181818181818182,2026-08-08,,0.0
641933,Tyler,O'Neill,BAL,123.0,137,0.08463327797350689,0.09435584451291916,0.07590425837972797,0.29311045128719915,0.24140602105944953,0.2661911944153874,0.14559076684953415,0.2404041381055103,0.42345824581171676,0.6180213711296447,0.22986233521264351,0.41217757092124274,0.6223681407784449,-0.036328859202743896,0.06118732956136374,0.2049519230769231,0.06360576923076922,0.004711538461538461,0.05653846153846154,15.64114779874214,0.015408805031446541,0.05435125786163522,0.06547751572327044,0.10719696969696971,0.0638136511375948,0.05,0.07122844827586207,0.09090909090909091,0.10934691745036573,0.11551369542862483,2026-08-22,,0.0
621439,Byron,Buxton,MIN,114.0,290,0.08172802683735528,0.08537851122355364,0.08029300883726351,0.26828003863924066,0.25394094250421706,0.2580072658580812,0.19410624925286427,0.27627618654809355,0.5301359061935946,0.6775183403867968,0.22716506239257794,0.5549092077246491,0.7445493129663152,-0.03084220346550326,0.05861023664638946,0.2865408415841584,0.04245049504950495,0.009096534653465346,0.06670792079207921,15.789342592592593,0.02787037037037037,0.059519444444444444,0.07456425925925925,0.09054054054054055,0.062241735537190084,0.04136191677175284,0.054044117647058826,0.097,0.11233285790693529,0.1338398014147576,2026-08-25,,0.0
669699,Braden,Shewmake,MIL,11.0,76,0.09632812861932928,0.08333844009392205,0.09820821511642769,0.2625517170631755,0.30357883500111227,0.29848384828264385,0.17333211159075584,0.3533157366689819,0.48636011762539333,0.7825181469512044,0.22547725359300655,0.3907078562746876,0.734914528758763,-0.0730065946896373,0.06730131835264218,0.2534482758620689,0.014080459770114942,0.0,0.06336206896551723,15.320615942028986,0.012681159420289854,0.052403623188405794,0.05970543478260869,0.17034883720930233,0.09784946236559139,0.06923076923076923,0.14591836734693878,0.02763157894736842,0.11530054644808743,0.22175324675324676,2026-07-19,,0.0
676566,Shawn,Ross,PIT,0.0,5,0.08718249690581706,0.0,0.08718249690581706,0.0,0.2733189140926394,0.2733189140926394,0.036224108632430196,0.6244653702374748,0.12114707166081484,0.9675454964560062,0.2240310976679723,0.09453120573423068,0.9054687942657693,-0.04928781642466712,0.06123193633759223,0.48999999999999994,0.0,0.0,0.24499999999999997,14.962499999999999,0.05833333333333333,0.06597499999999999,0.12483333333333334,0.13333333333333333,0.0,0.0,0.08,0.0,0.2,0.10909090909090907,2026-07-26,,0.0
681146,Jonah,Bride,TEX,3.0,3,0.08669881754377243,0.08292523263811205,0.0904724024494328,0.2613875818131698,0.28244435648400235,0.2719703452169302,0.030053369748306635,0.5635028221864703,0.10129442663473509,0.945054131761276,0.2240310976679723,0.09453120573423068,0.9054687942657693,-0.0479392475489579,0.06092981497208623,0.10208333333333332,0.10208333333333332,0.0,0.0,16.741666666666664,0.0,0.031674999999999995,0.039316666666666666,0.1,0.0,0.0,0.1,0.0,0.11428571428571427,0.11428571428571427,2026-08-10,,0.0
678225,Jihwan,Bae,MIL,1.0,2,0.08768674570038593,0.09402033980039096,0.08451994865038343,0.2921934673199347,0.2658731664223223,0.27472293283250393,0.06149194472039626,0.7923403991979523,0.1991834941344356,0.9959193245820501,0.2240310976679723,0.09453120573423068,0.9054687942657693,-0.05069183516453163,0.06154648019703048,0.20416666666666664,0.0,0.20416666666666664,0.0,0.0,0.0,0.0,0.0,0.2,0.0,0.0,0.4,0.0,0.11428571428571427,0.2,2026-08-11,,0.0
677950,Alek,Thomas,LAD,18.0,101,0.08283366558145867,0.0869216192186141,0.0821051193886983,0.2725917707700618,0.2590731779251352,0.2611294310801707,0.11841874530971616,0.25475704778800945,0.3566930923158522,0.6426921385967379,0.22384267524953422,0.3406932564568249,0.6593067435431751,-0.03728675583063651,0.05845191043937428,0.19044117647058822,0.020588235294117643,0.010294117647058822,0.06691176470588235,15.195697674418604,0.012209302325581393,0.052351453488372085,0.05842965116279069,0.023529411764705882,0.12093023255813953,0.09755555555555556,0.10892857142857143,0.05512820512820513,0.0925099700897308,0.15323785803237858,2026-08-29,,0.0
691907,Tsung-Che,Cheng,BOS,5.0,38,0.07945499361348322,0.0326934363396814,0.0856078300968782,0.10982688945655739,0.2689219502491139,0.2515589616613991,0.13153678479384479,0.37744520297809003,0.3895782517140861,0.8096199030863875,0.22235807634892313,0.29143795714506004,0.7679393219046169,-0.029200885312476,0.05593616680336121,0.1566860465116279,0.05697674418604651,0.0,0.05697674418604651,13.914599999999997,0.013999999999999999,0.06481300000000001,0.07351399999999998,0.059920634920634916,0.1625,0.04285714285714285,0.059151193633952256,0.06428571428571428,0.11959051724137931,0.1242595818815331,2026-07-22,,0.0
671289,Tyler,Freeman,COL,100.0,181,0.08168294604121805,0.0862904676888609,0.07913735397069714,0.2708304151462938,0.25065468229508137,0.2578797645631239,0.17934350325258405,0.2764941383543159,0.49931458353749736,0.6778581198934587,0.22152067418488353,0.5248220271273843,0.7349456750683153,-0.036359090378240366,0.05712569930466224,0.17437722419928828,0.02397686832740213,0.03269572953736655,0.05231316725978648,15.10218325791855,0.0023755656108597283,0.05328393665158371,0.05377963800904977,0.08524096385542168,0.04821428571428571,0.06958525345622119,0.07103844771828961,0.06846153846153846,0.04611105466368624,0.12611136057476427,2026-08-08,,0.0
668715,Spencer,Steer,CIN,94.0,287,0.07866125633770807,0.0983331220883171,0.07221820623123681,0.30391639052325026,0.23076247695247298,0.24929783223072743,0.17448910793969113,0.25644538474438117,0.4888718176909862,0.6455172895471752,0.2211156185988826,0.5295376612248861,0.7183762453405913,-0.028182213631844838,0.05512364438905775,0.2298884514435695,0.05626640419947506,0.009645669291338583,0.06269685039370079,14.70943897637795,0.020669291338582675,0.054981003937007875,0.06618169291338583,0.07270114942528735,0.032038834951456305,0.035869565217391305,0.032887700534759354,0.059773988897700234,0.08541701826037061,0.11224828620394173,2026-07-26,,0.0
682818,Yohendrick,Pinango,TOR,32.0,148,0.08930260311634389,0.08579084907580375,0.09006190128727148,0.2694339700528461,0.2813102152515402,0.2792090366460336,0.18743271646074586,0.31213609358807853,0.5163762022796254,0.730065231878267,0.22095521462528372,0.4498014139559942,0.6981240331724828,-0.05825382202074986,0.061692692617443055,0.2279861111111111,0.03743055555555555,0.0,0.0748611111111111,15.91016,0.013999999999999999,0.06209699999999999,0.0670572,0.07001404494382023,0.02608695652173913,0.15047619047619046,0.12083333333333332,0.07158385093167702,0.09376855728968406,0.14940781049935978,2026-07-29,,0.0
663662,Daz,Cameron,TOR,20.0,4,0.08264165309253876,0.07992910471171341,0.09620439499666553,0.25290724484896276,0.29814760237052607,0.2605878899675903,0.09244825352851854,0.40470453253188665,0.28788540142890007,0.8372338782613273,0.21966180718288641,0.2152160622138775,0.7847839377861225,-0.04092608278470389,0.05724120684025604,0.22968749999999996,0.0,0.0,0.05104166666666666,14.720588235294116,0.020588235294117643,0.06058088235294117,0.07003088235294117,0.1,0.0,0.1,0.06666666666666667,0.1,0.0816326530612245,0.12093023255813953,2026-08-29,,0.0
671286,Johnathan,Rodríguez,BAL,12.0,2,0.08743166701616913,0.08663490212841546,0.09221225634269113,0.27179200606345144,0.2872370738115144,0.27401294002085386,0.04009392127146488,0.39941379496970353,0.1334360924435516,0.8321142890765282,0.21907656377723833,0.036224108632430196,0.6244653702374748,-0.054936376243615526,0.06002981333026717,0.13124999999999998,0.13125,0.0,0.04374999999999999,15.512,0.0,0.05327,0.060655,0.20416666666666666,0.0,0.0,0.0,0.155,0.16666666666666666,0.10655391120507399,2026-07-22,,0.0
681190,Randy,Vásquez,SD,0.0,1,0.086177202545489,0.0,0.086177202545489,0.0,0.2705140038305789,0.2705140038305789,0.0,0.7934506856227627,0.0,0.9959951786088325,0.21726306296289435,0.0,0.7934506856227627,-0.05325094086768453,0.0587727010465877,0.0,0.0,0.0,0.0,11.567499999999999,0.0,0.008575,0.007699999999999999,0.0,0.0,0.0,0.0,0.0,0.0,0.0,2026-07-19,,0.0
542303,Marcell,Ozuna,PIT,102.0,177,0.08241158640937805,0.07664951728089103,0.08573210082240448,0.24354511464587647,0.2692696419659587,0.2599386496806879,0.14185555536351185,0.2323521695647907,0.41458831923646755,0.6036607402390697,0.21696147853852887,0.4337876750268811,0.6623114437075629,-0.04297717114215904,0.05639667376403075,0.1800179211469534,0.05707885304659498,0.00439068100358423,0.06586021505376344,15.325394736842103,0.01330409356725146,0.05610643274853801,0.06568640350877192,0.07434823091247672,0.0801470588235294,0.01875,0.067629179331307,0.06970108695652175,0.1009469696969697,0.11928319581258406,2026-08-01,,0.0
682988,Tyler,Locklear,AZ,12.0,29,0.09252543351534998,0.08379092467451514,0.09613971303569543,0.26382500431045786,0.29797178343910535,0.2880973375929774,0.13825002738090336,0.3934333622257569,0.4059343053943534,0.8261899762691053,0.21663691377013466,0.26799202452413634,0.7320079754758637,-0.07146042382284273,0.06241251808153522,0.2390243902439024,0.0597560975609756,0.0149390243902439,0.07469512195121951,14.59824074074074,0.02592592592592592,0.05873518518518518,0.06785462962962963,0.06956521739130435,0.16666666666666669,0.06666666666666667,0.12631578947368421,0.07272727272727272,0.07529411764705882,0.10823529411764704,2026-08-14,,0.0
676694,Jake,Meyers,HOU,55.0,97,0.05238857144861968,0.08901679128951856,0.031619993188316174,0.2784169843735219,0.10636462864054586,0.17166499570674332,0.14189553702057575,0.2677609132193307,0.4146837755217524,0.6640418531510428,0.21632274016970474,0.3495702375287849,0.629955353554168,0.04465774446296142,0.03713504226250331,0.18536184210526316,0.04029605263157895,0.004029605263157894,0.04029605263157895,14.949295454545455,0.011136363636363635,0.04603613636363637,0.04999590909090909,0.12246376811594202,0.017045454545454544,0.134375,0.03,0.12926829268292683,0.08502923976608187,0.09892473118279571,2026-08-08,,0.0
516782,Starling,Marte,KC,124.0,42,0.08497804064333456,0.08690290680510848,0.07929510245143058,0.27253959376758796,0.2511038694959078,0.267158072249261,0.16625487254849705,0.29206348718058006,0.47080396577180883,0.701475422136667,0.21629782395386898,0.4241321478993947,0.6761327874521665,-0.05086024829539204,0.05778570967922567,0.17710843373493976,0.033207831325301196,0.01475903614457831,0.04796686746987952,15.003125,0.0171875,0.054571875000000006,0.060399999999999995,0.042261904761904764,0.10196078431372549,0.11013824884792625,0.1032142857142857,0.05590277777777777,0.08669691097016678,0.14088083791208791,2026-08-15,,0.0
543309,Kyle,Higashioka,TEX,54.0,132,0.0820095272620835,0.08764424324577487,0.07970441617784613,0.27460466481730184,0.25226848919778877,0.2588030751340643,0.14320836306153872,0.2562905624725651,0.41781197852491925,0.6452588870556076,0.21602157721089904,0.39660081278706294,0.6561775652180385,-0.04278149792316527,0.05590704847749138,0.2008736559139785,0.06256720430107526,0.006586021505376344,0.06256720430107526,15.250360169491525,0.014830508474576268,0.05350402542372881,0.05958898305084745,0.09077669902912622,0.011194029850746268,0.028124999999999997,0.03148148148148148,0.05839285714285714,0.05334689349112426,0.1061147186147186,2026-07-20,,0.0
649966,Luis,Urías,TOR,34.0,24,0.08585848390780872,0.07958707725050346,0.09474297667232451,0.25193475729973347,0.29416748586989094,0.26962312260593035,0.13593660611409739,0.3466111763891869,0.40033372755907326,0.7745236711229431,0.21590384676746843,0.30722106273725014,0.6927789372627499,-0.05371927583846192,0.05821266934807714,0.26400862068965514,0.06336206896551723,0.0,0.07392241379310344,15.046249999999999,0.0125,0.0514,0.0549375,0.0667487684729064,0.07023809523809524,0.15625,0.10661764705882354,0.05208333333333333,0.053975155279503105,0.12523243801652892,2026-08-06,,0.0
678554,Curtis,Mead,BOS,141.0,188,0.08871676283008076,0.09410848730810467,0.08467296947156283,0.2924344697278798,0.2663025545621296,0.2775848658101777,0.17755279515166392,0.26662702350589756,0.4954803319066782,0.662217488660692,0.21449704791867785,0.45281790637182373,0.6560653815071656,-0.06308781789149986,0.05954113426318545,0.2643617021276596,0.07260638297872339,0.00930851063829787,0.09122340425531913,15.194256756756756,0.018918918918918916,0.057570270270270264,0.0677391891891892,0.11504362510554461,0.022727272727272728,0.1418604651162791,0.03264705882352941,0.11635220125786164,0.08007225151337628,0.09707770270270269,2026-07-27,,0.0
669384,Raynel,Delgado,HOU,9.0,31,0.08660542113581077,0.08584427296890451,0.08682639963588032,0.26958338215062383,0.2723262361938731,0.2717097365936333,0.1231609132354074,0.37503096742310027,0.36872345459283373,0.8070233581770755,0.21392605123837055,0.24809535365737387,0.698830199745016,-0.05778368535526274,0.05812579103249376,0.19906249999999998,0.04593749999999999,0.0,0.06124999999999999,15.066916666666666,0.005833333333333333,0.049221666666666664,0.0497175,0.05971428571428571,0.049999999999999996,0.049999999999999996,0.06534090909090909,0.03333333333333333,0.07267080745341614,0.0888937664618086,2026-08-21,,0.0
680716,Jonathan,Ornelas,MIL,17.0,5,0.08434312827027657,0.08350801984805878,0.08718249690581706,0.2630290970007819,0.2733189140926394,0.2653767713894152,0.07306884583422055,0.3851660743712655,0.2332281215117019,0.8177563599319732,0.21320116579515447,0.18877852109766458,0.733348706504507,-0.05217560559426071,0.05657863703517751,0.11136363636363636,0.02784090909090909,0.0,0.02784090909090909,15.345749999999999,0.0,0.05703249999999999,0.0561925,0.12,0.0,0.08,0.11428571428571427,0.05333333333333333,0.13076923076923078,0.18181818181818182,2026-08-18,,0.0
663853,Romy,Gonzalez,BOS,40.0,32,0.07731153081151385,0.07191421635262216,0.08405817388512848,0.2298799669267858,0.26457630293466716,0.24544165508441962,0.09799371242561684,0.26910706930535505,0.302998878261336,0.6661985916410136,0.21268175156771277,0.31707809245113155,0.7267019483882042,-0.03275990351670685,0.05220096111103278,0.17013888888888887,0.042534722222222224,0.01701388888888889,0.05954861111111111,15.336761363636363,0.007954545454545454,0.05979431818181818,0.06296420454545454,0.06350267379679145,0.008823529411764706,0.06363636363636364,0.06169354838709677,0.025609756097560978,0.10405343685773008,0.12147022332506202,2026-07-29,,0.0
666163,Ben,Rortvedt,LAD,13.0,14,0.08466613373853041,0.09515932269555458,0.07492245827843655,0.2953030261183137,0.23858139975963377,0.2662833768007351,0.08180707142976532,0.36698683618548433,0.2582307886439046,0.7981891111680536,0.2124677676954237,0.2127127162245977,0.719908462590678,-0.05381560910531141,0.056576634643251564,0.11342592592592592,0.0,0.0,0.022685185185185183,14.468611111111112,0.0,0.0576625,0.05361805555555556,0.1,0.0,0.2,0.03636363636363636,0.1,0.11200000000000002,0.1446808510638298,2026-08-30,,0.0
701762,Nick,Kurtz,ATH,156.0,269,0.08048047721213146,0.07422193204869507,0.08410996808758156,0.2365614115052025,0.2647218448965072,0.2544730619378037,0.1755923012212026,0.2531009956588487,0.49125853550736565,0.6399054223577703,0.21093506038349355,0.5075800287258732,0.6966177747748907,-0.043538001554310174,0.05367729068582312,0.24499999999999997,0.10088235294117648,0.004323529411764706,0.10232352941176469,16.294656398104262,0.03151658767772511,0.07102677725118482,0.08916706161137439,0.03200836820083682,0.03681818181818182,0.149,0.033783783783783786,0.06080665024630542,0.14381273525721455,0.11396740850121295,2026-07-31,,0.0
683679,Jesus,Rodriguez,SF,17.0,40,0.08709090011823414,0.08414047534951169,0.0883448306449412,0.26480756082301304,0.2765523735244264,0.27306366591035214,0.12474548303034583,0.3328612108319051,0.37270725811076477,0.757474910596668,0.20878409059297176,0.2834400610153417,0.6763046541715557,-0.06427957531738038,0.05701134916107593,0.22565789473684209,0.0537280701754386,0.010745614035087718,0.08596491228070174,14.964127906976742,0.004069767441860465,0.05546686046511628,0.05598779069767441,0.07803030303030303,0.09999999999999999,0.049999999999999996,0.07625482625482626,0.0775,0.12139204545454546,0.1450892857142857,2026-07-31,,0.0
677592,Everson,Pereira,STL,43.0,66,0.08732683515557199,0.08527593243298426,0.08866302935362157,0.2679927688175535,0.2774357655340681,0.2737210043353704,0.14492357564133826,0.2967709871690607,0.421880972100252,0.7083656137394991,0.20848921695799216,0.31451504475088465,0.6326328701993108,-0.06523178737737823,0.05706787785883655,0.24162844036697245,0.03371559633027523,0.02809633027522936,0.061811926605504594,15.498975409836062,0.022950819672131143,0.05776434426229507,0.07170983606557377,0.06535087719298245,0.1261904761904762,0.03529411764705882,0.06648351648351648,0.09793233082706766,0.14380440348182283,0.1342060810810811,2026-08-21,,0.0
669398,Gage,Workman,SD,0.0,41,0.08619513063729636,0.0,0.08619513063729636,0.0,0.27056409330010234,0.27056409330010234,0.08525251977594996,0.31262612400404177,0.2679271908567684,0.7307376828343718,0.20790975618713958,0.1627877475083369,0.562505327040549,-0.06265433711296275,0.05625291467101876,0.25396341463414634,0.0,0.0,0.1195121951219512,16.463854166666664,0.036458333333333336,0.06649270833333333,0.0893375,0.026470588235294117,0.1625,0.012499999999999999,0.006818181818181818,0.1307017543859649,0.13,0.18875,2026-08-05,,0.0
681481,Kerry,Carpenter,DET,26.0,228,0.07710067990376575,0.07943536248674736,0.07683444417061872,0.251503096968687,0.24407523665325326,0.24483797714674527,0.14560095508985568,0.24161939061151197,0.4234823074716121,0.6201559998804264,0.20774505020523826,0.39950784707317927,0.6122788432301243,-0.03709292694150701,0.05086387785449957,0.231496062992126,0.04340551181102362,0.012057086614173226,0.0795767716535433,15.513525641025641,0.016826923076923076,0.054424999999999994,0.06536698717948718,0.06613372093023256,0.01381578947368421,0.06938775510204082,0.08315555555555555,0.042227662178702566,0.06165606653620352,0.15653721920422847,2026-07-26,,0.0
681546,James,Outman,DET,28.0,142,0.08126985849386259,0.09305985407810675,0.07894507063218065,0.2895636200400772,0.2501068972243644,0.2567107068358435,0.1115080275089608,0.2212173143805923,0.33886936887959296,0.583171883374723,0.2076684962804367,0.27584645167113864,0.5115215646098165,-0.04904221055540681,0.05331072646768765,0.1801470588235294,0.03602941176470588,0.010808823529411763,0.06124999999999999,15.129767441860466,0.012209302325581393,0.051694186046511624,0.05922325581395348,0.08499999999999999,0.06632653061224489,0.08647450110864745,0.07771739130434782,0.08502024291497975,0.1473502029123896,0.13232436915057458,2026-08-12,,0.0
676572,Eric,Wagaman,NYM,43.0,9,0.08745504435838981,0.08863963973536204,0.08179531089063362,0.27737085688310037,0.2581975351648996,0.274078029793976,0.09382474391310203,0.297308641244808,0.2916584829656502,0.7091452604428438,0.2068522251962309,0.21159367559548778,0.5729003755732573,-0.0672258045977451,0.0566936503402828,0.1766826923076923,0.047115384615384615,0.011778846153846154,0.058894230769230754,14.843499999999999,0.01,0.05324999999999999,0.05945000000000002,0.07787356321839081,0.12142857142857143,0.0,0.06875,0.1,0.11517857142857144,0.13863172226004083,2026-08-25,,0.0
682729,Jonatan,Clase,TOR,8.0,17,0.08505984752449891,0.0864135713320496,0.084422801026828,0.2711741995718081,0.26560046961997197,0.26738736384492123,0.11496313693401441,0.43429683355429083,0.3478240788983854,0.8638366794575651,0.20675666345796329,0.18877852109766458,0.733348706504507,-0.06063070038695795,0.05528411919939636,0.29400000000000004,0.0735,0.0,0.14700000000000002,15.18375,0.0,0.0470625,0.0511375,0.045,0.049999999999999996,0.0,0.0,0.047368421052631574,0.08673469387755102,0.11352941176470588,2026-07-19,,0.0
642851,Austin,Wynns,TEX,36.0,51,0.08514432234734859,0.07608945666642836,0.09153599223976286,0.2419379928857568,0.28537691705879853,0.26762407947199573,0.080697782912214,0.22578627384042485,0.2550895337896024,0.5916683594706843,0.2064792704389166,0.2268802210080984,0.559974557940115,-0.061144809033079145,0.055258824681264314,0.10560344827586204,0.03520114942528735,0.0,0.007040229885057469,14.863836206896552,0.006034482758620689,0.04948879310344827,0.052503017241379304,0.12210526315789473,0.04771428571428571,0.0,0.11117936117936118,0.07100000000000001,0.07352484472049689,0.15399786780383795,2026-08-16,,0.0
681909,Justin,Dean,CHC,1.0,9,0.09151395678174859,0.086177202545489,0.09210692947466631,0.2705140038305789,0.2869475855303101,0.28531624725251226,0.10779126740630104,0.6032218525388546,0.32913884786425407,0.960652503187071,0.20545508210262065,0.1205838183869109,0.6457978644196039,-0.07986116514989161,0.05861967300447652,0.30625,0.12249999999999998,0.0,0.18375,15.001874999999998,0.0,0.09292499999999998,0.09008125,0.1225,0.049999999999999996,0.0,0.024999999999999998,0.2,0.175,0.08839285714285713,2026-07-28,,0.0
656484,Tristan,Gray,MIN,19.0,165,0.07500672540662076,0.03040781157510836,0.08014235790843127,0.1024433319030662,0.25351313096037065,0.23882412901881822,0.15910559179264078,0.2765887396638492,0.45475068858370926,0.6780055205249886,0.2052993783202916,0.3860261849109117,0.6293960467628898,-0.03352475069852662,0.04903044521544849,0.18641304347826088,0.033288043478260865,0.003328804347826087,0.08987771739130435,15.132699115044245,0.01084070796460177,0.057990044247787614,0.06202743362831858,0.036,0.02578125,0.03409090909090909,0.04285714285714285,0.02096774193548387,0.14794117647058824,0.14223385689354276,2026-08-06,,0.0
682622,Noelvi,Marte,CIN,53.0,147,0.07953172601307412,0.0791899036868785,0.0796549680762603,0.2508043384494203,0.2521278633412761,0.25177729202538424,0.13294625859420173,0.23911475028724888,0.3930386205716575,0.6157471672987203,0.20504541013605093,0.38435143059389654,0.6315616309225985,-0.046731881889333304,0.051625778106289176,0.1868125,0.030624999999999996,0.0,0.042875,15.052916666666665,0.008876811594202897,0.045784057971014494,0.0506016304347826,0.07810407790626903,0.055984555984555984,0.1,0.059562969924812026,0.08579545454545455,0.11570403280929596,0.1908805992967436,2026-08-17,,0.0
806068,Colt,Emerson,SEA,80.0,158,0.07553817584787255,0.0833938882345929,0.07156059995586225,0.26270783210264226,0.22885247700318712,0.24035368483371655,0.1332894101257764,0.2299297800372364,0.3938789588901689,0.5992660376467922,0.20454873563847376,0.3567310642119894,0.5875907791127207,-0.0358049491952428,0.04916404233878493,0.19044117647058822,0.03860294117647058,0.005147058823529412,0.05661764705882352,15.046322463768114,0.008876811594202897,0.05496394927536231,0.05971938405797101,0.07798507462686567,0.04646504320502749,0.06576576576576576,0.06482544237207077,0.07203416149068323,0.1186125078566939,0.164735552185452,2026-08-12,,0.0
678577,Junior,Perez,CWS,27.0,9,0.08413056705102198,0.08110931001537838,0.09319433815795275,0.256255992114205,0.28993226218692014,0.26477972236572545,0.07870447595018111,0.3189079431127947,0.24942107793266444,0.7392523794239065,0.20313558334739315,0.14164643854782027,0.5559564416525933,-0.061644139018332295,0.05378618336132244,0.2552083333333333,0.017013888888888887,0.0,0.10208333333333333,15.921666666666665,0.024999999999999994,0.05998333333333333,0.087925,0.021428571428571425,0.15833333333333333,0.024999999999999998,0.275,0.024999999999999998,0.14037558685446008,0.1431818181818182,2026-07-26,,0.0
700932,Kyle,Manzardo,CLE,72.0,282,0.08328918363562776,0.07943654863283257,0.08427283512570313,0.2515064724930317,0.2651793680076817,0.26241301499225056,0.15187829659990462,0.23332429919479683,0.4381716898106869,0.6054146599496999,0.20292198331079186,0.4047444724091258,0.5952555275908742,-0.059491031681458695,0.05324936944879204,0.20416666666666666,0.06228813559322034,0.01038135593220339,0.06401836158192091,15.551578282828281,0.02121212121212121,0.06014343434343434,0.06987537878787879,0.09955165692007797,0.06729920564872022,0.02,0.08850574712643677,0.05791666666666667,0.12641138929798723,0.1322346327931085,2026-08-02,,0.0
701649,James,Triantos,CHC,3.0,6,0.08247934045719116,0.0904724024494328,0.07848280946107034,0.28244435648400235,0.24878881735773972,0.2601298915622756,0.019890887638544935,0.4349997055766561,0.0679043215627575,0.8644278887076391,0.2016279879011751,0.036224108632430196,0.6244653702374748,-0.05850190366110053,0.0524494666286525,0.06805555555555555,0.06805555555555555,0.0,0.0,13.57125,0.0,0.02280833333333333,0.02149583333333333,0.0,0.0,0.13333333333333333,0.0,0.13333333333333333,0.08,0.14545454545454545,2026-08-16,,0.0
665506,Cristian,Pache,NYM,4.0,4,0.08509328388555443,0.08879698758925812,0.08138958018185072,0.27780743350541925,0.25704966027474796,0.26748106585974685,0.022417491450056642,0.47088818221285356,0.07628716508085465,0.892250288541914,0.2016279879011751,0.036224108632430196,0.6244653702374748,-0.06585307795857176,0.053931669110962456,0.07656249999999999,0.0,0.0,0.0,14.306249999999999,0.0,0.05263125,0.0480375,0.0,0.0,0.4,0.0,0.057142857142857134,0.12,0.10909090909090907,2026-08-31,,0.0
623205,Andrew,Velazquez,KC,4.0,11,0.07934914556545453,0.08138958018185072,0.07860716934131047,0.25704966027474796,0.24914357656894892,0.25125771247386175,0.011866895493268553,0.2981652987378003,0.04092168286584441,0.7103844132874895,0.2016279879011751,0.036224108632430196,0.6244653702374748,-0.04962972457268666,0.05066058701075673,0.04083333333333333,0.0,0.0,0.0,12.679423076923076,0.0,0.033788461538461545,0.032375,0.0,0.0,0.13333333333333333,0.13333333333333333,0.0,0.057142857142857134,0.20952380952380953,2026-07-31,,0.0
669911,Michael,Toglia,CIN,6.0,22,0.07504023275244809,0.08562566660392748,0.07215329624749915,0.268971861506494,0.23057409810321428,0.2389206306923477,0.03711836682929999,0.2719585154867216,0.12399787560289188,0.670734337302868,0.2014364599128015,0.1205838183869109,0.6457978644196039,-0.03748417077954619,0.04812732604680035,0.10937499999999999,0.04374999999999999,0.0,0.021875,16.02125,0.0,0.0594625,0.06033749999999999,0.05,0.057142857142857134,0.0,0.034782608695652174,0.08,0.12173913043478261,0.096,2026-08-20,,0.0
700246,Carson,Williams,TB,17.0,22,0.08223474509985992,0.07642735993139432,0.08672227000276517,0.24290791461118988,0.27203577531017376,0.25943933286700505,0.04061331344668381,0.23578854462856527,0.13507608374015967,0.6098358142021825,0.20078366618558374,0.12680703655710507,0.5763065681945096,-0.0586556666814213,0.052091180405779286,0.12564102564102564,0.03141025641025641,0.0,0.07852564102564102,14.778749999999999,0.007291666666666666,0.04489479166666667,0.051559375000000005,0.0225,0.0553030303030303,0.0,0.0,0.05193050193050193,0.174390243902439,0.20958904109589038,2026-08-11,,0.0
690022,Ryan,Ritter,COL,9.0,11,0.08506341788860411,0.0761257580915883,0.09237604863161705,0.2420422354768007,0.2876870860569014,0.26739736983692586,0.052368745896216595,0.36041886474075696,0.17160433877705328,0.7907647947196911,0.20024766149395562,0.09746059290024889,0.5656453011761292,-0.06714970834297024,0.05354569799947879,0.091875,0.030624999999999996,0.0,0.030624999999999996,15.613181818181818,0.0,0.055697727272727274,0.055570454545454534,0.0,0.12083333333333332,0.0875,0.0,0.08368055555555555,0.12364793213149523,0.10228690228690229,2026-09-02,,0.0
682634,Kevin,Alcántara,CHC,18.0,9,0.08787242623111316,0.08754992819381915,0.0885174223057012,0.2743421730343242,0.2770316229189185,0.2752394489560924,0.10607239452360037,0.4075692886663258,0.3246044086765486,0.8399589197239129,0.19890749909833516,0.1627877475083369,0.562505327040549,-0.07633194985775726,0.05474719044506022,0.20416666666666664,0.045370370370370366,0.0,0.1134259259259259,15.985,0.012499999999999999,0.072475,0.078125,0.10604395604395604,0.0,0.075,0.06071428571428571,0.175,0.1364795918367347,0.11005176876617773,2026-08-23,,0.0
670042,Luke,Raley,SEA,26.0,257,0.08460933160378682,0.08240574420494329,0.0848322626246815,0.25992215788091055,0.26674935274266987,0.2661240036282766,0.16521278704143688,0.25955655879032374,0.46848532702540535,0.6506814756638133,0.19873061913534087,0.34829808027402587,0.5473629403004981,-0.06739338449293572,0.052886988007823106,0.24889575971731445,0.030300353356890457,0.015150176678445228,0.08440812720848055,15.709201183431952,0.027958579881656807,0.06832352071005918,0.08463062130177515,0.06810154525386314,0.11249999999999999,0.06071428571428571,0.09542682926829268,0.05083333333333333,0.1520512398055853,0.14968106166141212,2026-07-30,,0.0
663837,Matt,Vierling,DET,117.0,168,0.08432038265213979,0.08962691552294955,0.08062476154568297,0.2801070308087368,0.2548824210136754,0.26531289929300217,0.15137160076495715,0.24275969633309613,0.4369960206557405,0.622151220779694,0.19856941997059663,0.3840835367193851,0.5931481711000114,-0.06674347932240554,0.052683028523328755,0.19127192982456137,0.04083333333333333,0.0,0.06017543859649123,15.30282258064516,0.008870967741935484,0.054797580645161284,0.05849758064516129,0.08875,0.05909090909090909,0.15337837837837837,0.06966666666666667,0.0925,0.07608034083992696,0.11767834793491866,2026-07-29,,0.0
672284,Jarred,Kelenic,TEX,10.0,73,0.08356934514006745,0.09151423484227011,0.0824810040849712,0.2853170128541622,0.26013458685695046,0.26320167801478334,0.12228902945885584,0.2904338716464535,0.36652374105939356,0.6990633612755076,0.1965776111781951,0.2551963484266544,0.5773997512461714,-0.06662406683658822,0.051739557122238586,0.15496987951807226,0.07379518072289155,0.0,0.04427710843373493,16.208333333333332,0.033333333333333326,0.07019166666666665,0.08543333333333332,0.0875,0.08260869565217391,0.08,0.023076923076923078,0.1278409090909091,0.16241186839012925,0.13277747402952433,2026-08-22,,0.0
663698,Joey,Bart,CWS,66.0,61,0.08132274661080134,0.07861924178222456,0.08424785019581885,0.24917800903212672,0.2651091940072553,0.25686045613882735,0.1304088018483327,0.2658070404997563,0.38679883205542054,0.6608937811027773,0.19578383661962917,0.27756549454252133,0.5663289686596987,-0.06107661951919818,0.0502891255787276,0.19291338582677162,0.03375984251968503,0.03858267716535432,0.0578740157480315,15.01931818181818,0.013636363636363634,0.051699999999999996,0.06130681818181817,0.05994623655913979,0.05110565110565111,0.11547619047619047,0.04291497975708502,0.08477443609022556,0.12027130594727162,0.1348617213750323,2026-08-06,,0.0
691373,Jhostynxon,Garcia,PIT,17.0,34,0.08101053513867376,0.07902030749355392,0.08200564896123368,0.25032126929228504,0.2587921152169914,0.25597613746701675,0.08169223220048706,0.2801044677298777,0.2579060297386163,0.6834493759203175,0.1957192020240666,0.20305246572163624,0.6138095839776211,-0.06025693544295016,0.050099445362247294,0.10808823529411764,0.012009803921568626,0.012009803921568626,0.024019607843137253,14.643671874999999,0.00546875,0.05645937499999999,0.059128125,0.0732142857142857,0.008333333333333333,0.0,0.01,0.05694444444444444,0.15091743119266054,0.18863524791359843,2026-08-13,,0.0
691740,Daniel,Susac,SF,50.0,105,0.08253877005487634,0.10197213354278573,0.07328478744158615,0.313699450331108,0.23385314537547564,0.2602976078733429,0.1670785345297909,0.2977966899168002,0.47263149346921507,0.7098516847503041,0.19292802046807106,0.31410966265495277,0.5875454016178128,-0.06736958740527182,0.05021870221957823,0.2133870967741935,0.03161290322580644,0.011854838709677417,0.07112903225806452,15.08337962962963,0.008101851851851851,0.05818587962962962,0.06198078703703702,0.05517241379310345,0.03068181818181818,0.18125,0.05595238095238095,0.0983695652173913,0.08384146341463415,0.1713891506259254,2026-08-09,,0.0
699625,Jimmy,Crooks,STL,21.0,127,0.07895227412884323,0.0771210682825298,0.07925507194595018,0.24489636527584935,0.2509899012525013,0.25012742401184074,0.11146109406542372,0.2299572459803766,0.33874712900065884,0.5993160605646148,0.1928512658645458,0.28159733871858866,0.5393242451513849,-0.05727615814729495,0.048237390348121474,0.18623310810810811,0.03724662162162162,0.020692567567567564,0.053800675675675674,15.893052325581396,0.020348837209302327,0.05355203488372092,0.06784302325581394,0.07305097451274363,0.06929824561403508,0.05527950310559006,0.0566003616636528,0.08058645096056623,0.12484009024724957,0.15322772236672333,2026-08-29,,0.0
641598,Mitch,Garver,SEA,64.0,85,0.07672628100595091,0.08019513884073382,0.07411443510682028,0.2536630357481007,0.23625110247930659,0.24376520215977637,0.09957267613587964,0.21344094719533516,0.307259898585418,0.5684216318317861,0.19143305565035645,0.25790681096421997,0.5257343304358643,-0.05233214650941992,0.04666471751067286,0.1520973154362416,0.09043624161073824,0.004110738255033557,0.06166107382550334,15.856136363636361,0.015909090909090907,0.055545454545454544,0.06531136363636364,0.08991935483870968,0.015,0.009375,0.038432835820895524,0.057046070460704604,0.11772030651340996,0.11541071428571428,2026-08-01,,0.0
687282,Gabriel,Rincones,PHI,5.0,83,0.07240963920991157,0.0326934363396814,0.0748021815514917,0.10982688945655739,0.23823485002456024,0.2313178533269712,0.09719902329030118,0.24950124943576169,0.30084724891432435,0.6337944621934637,0.19133761292628632,0.2268802210080984,0.559974557940115,-0.039980240400684874,0.04425980588281549,0.16704545454545455,0.013920454545454547,0.013920454545454547,0.04176136363636363,14.901727272727271,0.015909090909090907,0.03859227272727272,0.04659136363636363,0.04555335968379447,0.021428571428571425,0.15357142857142858,0.060412757973733584,0.02553191489361702,0.11262626262626263,0.1810549313358302,2026-07-31,,0.0
701305,Zach,Dezenzo,HOU,30.0,53,0.08302465642397111,0.08596670966915532,0.08135934326631969,0.2699257219659622,0.25696406460030163,0.2616678096962316,0.12228902945885584,0.2904338716464535,0.36652374105939356,0.6990633612755076,0.1903703069921951,0.23900183324508897,0.5495898265556931,-0.07129750270403651,0.04981378126184689,0.16972891566265058,0.05165662650602409,0.0,0.022138554216867466,14.853124999999999,0.015909090909090907,0.05763068181818182,0.06259034090909091,0.10367647058823529,0.012499999999999999,0.0,0.06772983114446529,0.07023809523809524,0.1379632562559392,0.1821353065539112,2026-08-03,,0.0
593871,Jorge,Polanco,NYM,32.0,112,0.06839981735671877,0.0755353664785001,0.06636108903620982,0.24034560502663327,0.21363114985808407,0.21962476714778334,0.09174177752213594,0.20480196041450174,0.28594332416820234,0.5516021180351152,0.19031210728181924,0.28671719277157304,0.5908581890983191,-0.029312659865964097,0.04179725224717351,0.13185763888888888,0.038281249999999996,0.0,0.025520833333333333,15.04699494949495,0.007070707070707069,0.04503510101010101,0.04841489898989899,0.04651924651924652,0.08870967741935484,0.015384615384615384,0.03907563025210084,0.05875706214689265,0.09552379322149948,0.11479335881509795,2026-08-17,,0.0
695508,Cam,Cauley,TEX,36.0,28,0.08152834030610753,0.07298114734866926,0.09251758839424247,0.23297418204880493,0.28807579695584173,0.25744237676572435,0.11064643172948806,0.2997436056410153,0.3366227378714205,0.7126575493565046,0.1898355791838134,0.24514757074395555,0.5927329903193531,-0.06760679758191093,0.04887172269977879,0.19140625,0.0478515625,0.009570312499999997,0.009570312499999997,14.955581395348837,0.0,0.04527616279069767,0.044132558139534886,0.07254901960784313,0.04542483660130719,0.09711538461538462,0.09184782608695652,0.043849206349206346,0.1209918400183887,0.12079112911824288,2026-08-13,,0.0
669087,Sam,Huff,BAL,12.0,22,0.07796428698279638,0.0813652027736243,0.07610924200598114,0.2569806524402918,0.2419948094194928,0.2473083471342985,0.046714466648823366,0.26620842770371833,0.15417501751396356,0.6615422069189016,0.18937277848922474,0.12680703655710507,0.5763065681945096,-0.057935568645073765,0.04683346884039981,0.10808823529411765,0.01801470588235294,0.0,0.01801470588235294,15.9525,0.024999999999999998,0.041037500000000005,0.049562499999999995,0.03157894736842105,0.0,0.0,0.03,0.007894736842105262,0.19443478260869565,0.19224137931034482,2026-07-26,,0.0
682997,Tyler,Callihan,PIT,7.0,98,0.06990604428251719,0.03944103506460486,0.07208211636951092,0.1313714417018953,0.23036748517040528,0.22403188300995647,0.12682500088293122,0.2759760943588987,0.37790813310991234,0.6770500880190906,0.1866522266793187,0.27140562051446065,0.5779974842512834,-0.03737965633063778,0.041816049810969,0.2158333333333333,0.05249999999999999,0.005833333333333332,0.0875,14.640438596491226,0.012280701754385963,0.05395219298245614,0.0601969298245614,0.03055555555555555,0.11954022988505747,0.013636363636363636,0.0325,0.05458333333333333,0.1713519313304721,0.1474547803617571,2026-07-28,,0.0
608701,Rob,Refsnyder,SEA,104.0,20,0.0710578073036797,0.07937074003053438,0.02783055712403539,0.2513191785037655,0.09406532681179258,0.227389845779162,0.08100831296864845,0.19935033712282207,0.25596984062243777,0.5407503458500875,0.1854307292823614,0.16768960295166513,0.40252219833627134,-0.04195911649680059,0.0421650649342337,0.1432459677419355,0.034576612903225806,0.014818548387096776,0.03951612903225807,14.89181818181818,0.013636363636363636,0.04357727272727273,0.05262272727272728,0.10593607305936073,0.01764705882352941,0.008823529411764706,0.01,0.08368055555555555,0.12581168831168832,0.1363019233877485,2026-07-30,,0.0
680474,Max,Schuemann,NYY,45.0,42,0.07716338774409212,0.07755022529240684,0.07674891894232633,0.2461246346552436,0.2438300981333963,0.2450175492283102,0.09834644398625847,0.25217037106780016,0.303952385460185,0.638332622107098,0.1851439375413624,0.2218717823524236,0.5338382169773361,-0.0598736116869478,0.045363513830863955,0.18304597701149425,0.08448275862068966,0.02112068965517241,0.05632183908045977,15.061323529411766,0.017156862745098037,0.05011519607843137,0.056765196078431376,0.04049865229110512,0.03409090909090909,0.012499999999999999,0.021428571428571425,0.041048728813559324,0.09276315789473685,0.11614583333333334,2026-08-01,,0.0
687515,Colby,Thomas,ATH,102.0,17,0.08484568166323714,0.08553685409150097,0.08069864709365415,0.26872331652684056,0.25509198464810023,0.26678698265778034,0.13238557850806792,0.2733525110521135,0.3916637898305735,0.6729356415112874,0.18487496745338228,0.24138749651846733,0.498589831238873,-0.08191201520439806,0.0493222347358432,0.19558823529411762,0.020588235294117643,0.005147058823529411,0.05661764705882352,15.600909090909088,0.015909090909090907,0.047281818181818175,0.05912727272727272,0.08061224489795918,0.12170542635658915,0.01111111111111111,0.09012474012474013,0.023333333333333334,0.14160951996772891,0.17548879351454458,2026-07-30,,0.0
666397,Edouard,Julien,COL,26.0,250,0.07199041741234753,0.07943536248674736,0.07121614312460994,0.251503096968687,0.22785066057252712,0.2301012533571145,0.13697377446105086,0.22695178270933292,0.4028492580856817,0.593815786430593,0.18413511246377529,0.3092912327785101,0.512617269042093,-0.045966140893339225,0.04236972016496793,0.153125,0.08654891304347827,0.0022192028985507247,0.04438405797101449,15.81851515151515,0.012727272727272726,0.06176439393939394,0.06936363636363636,0.04070891514500537,0.075,0.026470588235294117,0.03908227848101266,0.05447269303201506,0.09922975641869652,0.06709179246920007,2026-08-07,,0.0
656555,Rhys,Hoskins,CLE,121.0,192,0.0749136116875519,0.0762640949926419,0.07406252585465664,0.2424393876524965,0.23610122494661812,0.23855591417952915,0.11483886295334432,0.19396371353038616,0.3475035052051859,0.5298449803856605,0.18319029148528948,0.3008989325900031,0.4946887432167085,-0.05536562269423967,0.04370112745408765,0.19373003194888178,0.09197284345047922,0.005870607028753994,0.06849041533546325,15.612254601226994,0.02254601226993865,0.04915460122699386,0.06233328220858894,0.0667032967032967,0.08118628359592216,0.012857142857142857,0.06748251748251749,0.05865546218487395,0.11679623567921439,0.09948592617562785,2026-08-18,,0.0
677870,Leo,Jimenez,MIA,95.0,97,0.0750512944550305,0.07684925424493141,0.07329040600100384,0.2441176805797146,0.23386940293907643,0.23895248664787172,0.12508221625120627,0.23154022335510113,0.3735515275033472,0.6021915619919974,0.1829412137953311,0.29456909249719604,0.5285479187139549,-0.05601127285254062,0.0437142579467743,0.13717447916666667,0.057421875000000004,0.025520833333333333,0.04147135416666667,15.612187499999997,0.00546875,0.05448515625,0.0561626953125,0.06514687882496939,0.057754010695187166,0.051470588235294115,0.052730646871686104,0.06723404255319149,0.09107917490483076,0.10834781529294937,2026-08-31,,0.0
805347,Jim,Jarvis,ATL,23.0,97,0.0786119176201717,0.0764901349886066,0.07911502071837784,0.24308800722851254,0.25059107303786676,0.2491571195270592,0.1312502592495093,0.2712115600420246,0.38887308945908317,0.6695504511037201,0.18183235211775728,0.27852501157758713,0.5780765465632945,-0.06732476740930193,0.045304825090490365,0.16843750000000002,0.04083333333333333,0.005104166666666667,0.06124999999999999,15.57002840909091,0.00596590909090909,0.05163892045454545,0.05147982954545455,0.06592632719393283,0.04734299516908212,0.0930161943319838,0.08215892053973013,0.042599620493358636,0.06587185696986965,0.10670538161881403,2026-08-22,,0.0
671155,Ivan,Johnson,CIN,10.0,9,0.07961548711644525,0.07652073922454358,0.08305409588522492,0.24317579528673083,0.26175077081860754,0.252015569557663,0.00935199406230039,0.24638731166898795,0.032351129737968165,0.628448767115865,0.17983746316706373,0.016232172885884855,0.3773584364515957,-0.0721781063905993,0.04532184070785281,0.03223684210526315,0.09671052631578946,0.0,0.0,14.779722222222219,0.0,0.04157222222222222,0.0428361111111111,0.058333333333333334,0.0,0.0,0.06041666666666666,0.0,0.21504934210526316,0.12910714285714286,2026-08-30,,0.0
644433,Chadwick,Tromp,BAL,18.0,31,0.07668881370116623,0.08392935524134018,0.07248462829074265,0.2642142326835073,0.2315353300370835,0.24365778622520928,0.08512698370728838,0.29036338433916836,0.26757549753425025,0.6989587170949314,0.17965668502502213,0.1381386295212213,0.49956380716085597,-0.06400110120018715,0.0437747501537566,0.11250000000000002,0.0,0.0,0.0375,14.514791666666667,0.0,0.0405125,0.039579166666666665,0.03214285714285714,0.042777777777777776,0.0,0.06349206349206349,0.01607142857142857,0.08100408788962699,0.15999999999999998,2026-07-29,,0.0
671083,Buddy,Kennedy,SF,29.0,20,0.07458201475612526,0.06497108879770286,0.08851785739583776,0.20952591178248103,0.2770328307826829,0.23760019818003286,0.04437954674476263,0.21756361549195896,0.14690179627025768,0.5762871533658485,0.17850120765388047,0.10123039985248514,0.43439953175221724,-0.05909899052615239,0.0424119223139372,0.075,0.0625,0.012499999999999999,0.012499999999999999,14.765,0.01875,0.044974999999999994,0.049749999999999996,0.04027777777777777,0.055714285714285716,0.04625,0.03804347826086957,0.05576923076923077,0.10390625,0.09716020368194281,2026-08-26,,0.0
694362,Blake,Dunn,CIN,42.0,112,0.03670476416575164,0.03584933694220084,0.037025549374583196,0.11995036955360183,0.12370229067499172,0.12268017482401006,0.19693131889166887,0.3342438200554246,0.5358755878979811,0.7592295287526505,0.11410612235338204,0.5494506513681738,0.836734637635653,-0.008574052470628021,0.01399855903880279,0.21874999999999997,0.039772727272727265,0.007954545454545454,0.02386363636363636,14.086857798165138,0.004816513761467889,0.05292064220183486,0.05298967889908257,0.0375,0.0375,0.052941176470588235,0.023376623376623374,0.05454545454545454,0.03093385214007782,0.043097014925373135,2026-06-26,,0.0
621043,Carlos,Correa,HOU,46.0,93,0.03466833699835787,0.03904311456960914,0.03250446852225509,0.13011135826467612,0.10921809277390282,0.11617164665074375,0.18064682425908687,0.3222986049868801,0.5020921256053764,0.743767432308523,0.10783100598601618,0.4831108797896222,0.7958956207556682,-0.008340640664727575,0.012526905525401706,0.2247302158273381,0.07491007194244605,0.0,0.07491007194244603,15.609270833333332,0.018229166666666664,0.06425963541666667,0.07122682291666667,0.03614457831325301,0.04333333333333333,0.013636363636363636,0.02826086956521739,0.045,0.03148854961832061,0.04798136645962733,2026-05-04,,0.0
807747,Rikuu,Nishida,CWS,4.0,25,0.03388190164177171,0.033298870345971794,0.033975186649099695,0.11177541178174455,0.11394845635976703,0.11364895208809633,0.12218422442520083,0.4210760161781134,0.3662589557878595,0.852369735777287,0.10267687058897006,0.35380117450784887,0.8483352890463243,-0.010972081499126277,0.011669118746121525,0.14784482758620687,0.0,0.0,0.021120689655172414,14.972708333333332,0.0,0.05460729166666667,0.052295833333333326,0.03157894736842105,0.049999999999999996,0.0,0.03529411764705882,0.0375,0.019565217391304346,0.04642857142857143,2026-06-07,,0.0
678009,Parker,Meadows,DET,1.0,38,0.034024804671892554,0.03231645095455837,0.03406976134866451,0.10861206240268284,0.11425202756260056,0.11410773235216487,0.12645804125142845,0.38336257228341764,0.37699261339764023,0.8158784659465719,0.09990182003251141,0.31951131254954973,0.8067396863412435,-0.014205912319653458,0.011399570141763954,0.18846153846153843,0.03141025641025641,0.015705128205128205,0.03141025641025641,14.924134615384613,0.00673076923076923,0.05147692307692307,0.051295192307692306,0.03529411764705882,0.049999999999999996,0.023076923076923078,0.049999999999999996,0.027777777777777776,0.02837837837837838,0.04186046511627907,2026-04-09,,0.0
669717,Will,Wilson,SEA,2.0,4,0.03187392708829907,0.03457959612850917,0.03052109256819402,0.11588724441363585,0.10281030517628076,0.10718452867488182,0.030053369748306635,0.5635028221864703,0.10129442663473509,0.945054131761276,0.09801360522973789,0.09453120573423068,0.9054687942657693,-0.009170923445143933,0.010505542080275387,0.40833333333333327,0.10208333333333332,0.0,0.20416666666666664,15.364999999999998,0.04375,0.0462875,0.08793749999999999,0.049999999999999996,0.0,0.0,0.0,0.024999999999999998,0.057692307692307696,0.049999999999999996,2026-04-29,,0.0
683079,Omar,Martinez,LAA,0.0,3,0.033927150918537305,0.0,0.033927150918537305,0.0,0.11379424010806183,0.11379424010806183,0.06149194472039626,0.7923403991979523,0.1991834941344356,0.9959193245820501,0.09801360522973789,0.09453120573423068,0.9054687942657693,-0.015780634878323943,0.011153383727369577,0.20416666666666664,0.0,0.0,0.0,15.548749999999998,0.0,0.030537499999999995,0.029224999999999994,0.049999999999999996,0.0,0.0,0.0,0.049999999999999996,0.0,0.04285714285714285,2026-05-12,,0.0
664068,Scott,Kingery,CHC,2.0,2,0.03313728843620148,0.03457959612850917,0.031694980743893784,0.11588724441363585,0.10660680388077792,0.1112556766385675,0.0455872608097006,0.6993581574175982,0.15066935103547419,0.9851004557037495,0.09801360522973789,0.09453120573423068,0.9054687942657693,-0.013242071408829617,0.010904569969619927,0.15312499999999998,0.0,0.0,0.0,13.496875,0.0,0.0291375,0.0273,0.0375,0.0,0.0,0.075,0.0,0.01875,0.06666666666666667,2026-04-21,,0.0
682515,Logan,Porter,LAA,5.0,1,0.0326306054421609,0.0326934363396814,0.03231645095455837,0.10982688945655739,0.10861206240268284,0.1096245004558748,0.030053369748306635,0.5635028221864703,0.10129442663473509,0.945054131761276,0.09801360522973789,0.09453120573423068,0.9054687942657693,-0.01161089522613691,0.010744692511189332,0.20416666666666664,0.20416666666666664,0.0,0.0,0.0,0.0,0.0,0.0,0.0,0.15,0.0,0.0,0.049999999999999996,0.03333333333333333,0.028124999999999997,2026-06-17,,0.0
663609,Luken,Baker,AZ,3.0,2,0.033034282848679895,0.033927150918537305,0.031694980743893784,0.11379424010806183,0.10660680388077792,0.1109242413928957,0.036224108632430196,0.6244653702374748,0.12114707166081484,0.9675454964560062,0.09801360522973789,0.09453120573423068,0.9054687942657693,-0.01291063616315781,0.010872084806291428,0.12249999999999998,0.0,0.0,0.0,0.0,0.0,0.0,0.0,0.075,0.0,0.0,0.0,0.03,0.075,0.056249999999999994,2026-04-14,,0.0
669899,Ryan,Ward,LAD,3.0,57,0.032169166324566026,0.03109696223929202,0.03222559811852782,0.10467417542241708,0.10831911416110118,0.1081371194017211,0.11828505322897494,0.31781805805627905,0.3563515756364152,0.7377890847029239,0.09769705202673161,0.34208534245034233,0.7418021417443759,-0.010440067374989495,0.010564677780210835,0.2552083333333333,0.05104166666666665,0.0,0.12249999999999998,15.080855263157895,0.01842105263157895,0.059352631578947365,0.06990328947368421,0.02727272727272727,0.03333333333333333,0.03333333333333333,0.03409090909090909,0.02763157894736842,0.03134328358208955,0.04813432835820895,2026-06-27,,0.0
671655,George,Valera,CLE,2.0,36,0.03304300509195805,0.031694980743893784,0.033117895333517174,0.10660680388077792,0.11119328329514144,0.11095230988198324,0.11074791842995876,0.363457794753274,0.3368876497045731,0.7942237657354668,0.09727282476849797,0.29143795714506004,0.7679393219046169,-0.013679485113485268,0.01079264459681024,0.17730263157894735,0.016118421052631574,0.0,0.09671052631578946,15.777758620689657,0.0,0.04318275862068966,0.04128189655172414,0.049999999999999996,0.04,0.0,0.02608695652173913,0.04,0.02426470588235294,0.06052631578947368,2026-04-28,,0.0
808975,Hyeseong,Kim,LAD,15.0,113,0.03572792354670647,0.027663676902807337,0.036798398764923176,0.09352092318196636,0.12297861010380706,0.11956242891975266,0.1693935769120727,0.31483543110822865,0.47774392779708297,0.7337545844131999,0.09725180524927574,0.3982909179893205,0.6929469218909509,-0.022310623670476926,0.011627662052434158,0.1818359375,0.05742187499999999,0.0,0.043066406249999994,14.966823529411762,0.006176470588235294,0.062234117647058815,0.06202617647058824,0.053389830508474574,0.031818181818181815,0.008333333333333333,0.026785714285714284,0.041666666666666664,0.0375,0.0438,2026-05-27,,0.0
694410,LuJames,Groover,AZ,21.0,33,0.02914913471921049,0.029551253502570096,0.028893240947981652,0.0996650445970394,0.0975265813377767,0.09835863655266697,0.07703063137605337,0.26600115283605885,0.24463734797757297,0.6612074729177534,0.09678418353007305,0.30116980025498397,0.7519046463426261,-0.0015744530225939163,0.009519560331881071,0.1474537037037037,0.05671296296296296,0.011342592592592592,0.045370370370370366,15.332837837837836,0.01891891891891892,0.04778918918918919,0.051729054054054056,0.02,0.02727272727272727,0.0,0.01875,0.024999999999999998,0.022413793103448276,0.0296875,2026-07-03,,0.0
606115,Orlando,Arcia,MIN,20.0,30,0.035332551054018446,0.03211627140974967,0.03747673748353096,0.10796650712808409,0.12513846855451705,0.11829828637467799,0.15871527493552381,0.39553157264848826,0.45386436770178207,0.8282852207505621,0.09634207955245053,0.30963235060004424,0.7383489355759056,-0.02195620682222746,0.0113971029168278,0.20825,0.024499999999999997,0.0,0.03675,15.040812499999998,0.0043749999999999995,0.046926249999999996,0.04741187499999999,0.048214285714285716,0.03214285714285714,0.01875,0.03333333333333333,0.042187499999999996,0.031395348837209305,0.052247191011235955,2026-06-13,,0.0
664731,P. J.,Higgins,CIN,3.0,25,0.03366680546233459,0.03109696223929202,0.033975186649099695,0.10467417542241708,0.11394845635976703,0.11295808079710168,0.10212460332897877,0.3953858565372187,0.31410719115612895,0.8281402966766837,0.09561049546294063,0.23659309051256394,0.7634069094874361,-0.017347585334161045,0.010799978071553772,0.153125,0.04375,0.0,0.065625,14.582361111111108,0.0,0.06966944444444442,0.06659722222222222,0.026470588235294117,0.045,0.0,0.046153846153846156,0.02,0.03235294117647059,0.027049180327868853,2026-06-10,,0.0
670156,Miles,Mastrobuoni,SEA,1.0,27,0.02941307526723709,0.03525762742514661,0.029196610372499703,0.11805858359411525,0.09851294643921682,0.09921628216779466,0.07878501945604272,0.3559142478934295,0.24965071844998743,0.7855614200207077,0.09561049546294063,0.23659309051256394,0.7634069094874361,-0.003605786704854022,0.009486117896053768,0.10937499999999999,0.04375,0.0,0.0,15.934843749999999,0.0,0.041212500000000006,0.04218593749999999,0.03409090909090909,0.0,0.0,0.0375,0.0225,0.027906976744186046,0.041176470588235294,2026-07-11,,0.0
640492,José,Azócar,ATL,12.0,6,0.035769603088589765,0.03626030643036253,0.034788196405044235,0.12126259505813886,0.11655567575610903,0.11969561734762324,0.1627877475083369,0.562505327040549,0.4630615380411084,0.9446134017162781,0.09561049546294063,0.23659309051256394,0.7634069094874361,-0.024085121884682606,0.01144415727934881,0.2722222222222222,0.034027777777777775,0.0,0.0,14.533076923076923,0.0,0.06445384615384615,0.06281153846153846,0.0375,0.056249999999999994,0.075,0.057692307692307696,0.03,0.04125,0.07307692307692307,2026-07-07,,0.0
695020,Tanner,Murray,CWS,23.0,7,0.03158543022990846,0.030796424639485984,0.03417787716986802,0.10370179538588387,0.11459897280541875,0.10625299043044656,0.09505107177289873,0.3730569641314826,0.2950079086703593,0.8048815717220443,0.0951720903027817,0.253781597633706,0.746218402366294,-0.011080900127664856,0.01011231920018706,0.18375,0.020416666666666666,0.020416666666666666,0.04083333333333333,15.344999999999999,0.016666666666666666,0.04453333333333333,0.0571,0.03529411764705882,0.024999999999999998,0.021428571428571425,0.03529411764705882,0.023076923076923078,0.048,0.048214285714285716,2026-04-26,,0.0
650391,Eloy,Jiménez,TOR,13.0,21,0.03490071271446222,0.03330379362988058,0.035889281671584186,0.11179124432654453,0.1200779744376208,0.11691606913184016,0.14601190677211748,0.4311714128294467,0.4244522579605169,0.8611854626663713,0.0951720903027817,0.253781597633706,0.746218402366294,-0.021743978829058458,0.01112714668926176,0.16213235294117648,0.05404411764705882,0.0,0.03602941176470588,15.576458333333331,0.007291666666666667,0.048285416666666664,0.04892708333333333,0.03214285714285714,0.056249999999999994,0.0,0.023076923076923078,0.049999999999999996,0.04477611940298507,0.05886075949367088,2026-04-28,,0.0
694025,Felix,Reyes,PHI,21.0,17,0.03050648541515548,0.03166392955890813,0.02907670147287279,0.10650652855332254,0.09812317077221089,0.10276299138878364,0.07443863415158929,0.30416811779223135,0.23718668686400124,0.7189619437491253,0.0951720903027817,0.253781597633706,0.746218402366294,-0.007590901086001939,0.009780168696237296,0.16118421052631582,0.0,0.0,0.032236842105263154,15.602155172413791,0.012068965517241381,0.05250603448275862,0.053344827586206886,0.04411764705882353,0.01,0.0,0.021428571428571425,0.024999999999999998,0.03913043478260869,0.07928571428571428,2026-05-14,,0.0
667670,Brent,Rooker,ATH,47.0,152,0.029250235317155822,0.027815865965798735,0.029693757419220184,0.09401741007876085,0.10012768827906726,0.09868722064989821,0.1336301810625026,0.24026507319977194,0.39471264467428735,0.6177765541982302,0.09508843529448503,0.392323832201948,0.6666831292343927,-0.0035987853554131782,0.009384013395160413,0.2154522613065326,0.05540201005025125,0.006155778894472361,0.0831030150753769,15.564804347826085,0.027391304347826082,0.056356086956521736,0.07351065217391303,0.03272727272727272,0.023809523809523808,0.012499999999999999,0.025280898876404494,0.028636363636363637,0.054281767955801107,0.046538461538461535,2026-06-08,,0.0
672279,Michael,Siani,BAL,0.0,1,0.03231645095455837,0.0,0.03231645095455837,0.0,0.10861206240268284,0.10861206240268284,0.0,0.7934506856227627,0.0,0.9959951786088325,0.09505259004626627,0.0,0.7934506856227627,-0.013559472356416566,0.010323857841641703,0.0,0.0,0.0,0.0,13.9825,0.0,0.052849999999999994,0.05109999999999999,0.0,0.0,0.0,0.0,0.0,0.0,0.0375,2026-06-21,,0.0
673995,Davis,Wendzel,PIT,3.0,1,0.03140183441810861,0.03109696223929202,0.03231645095455837,0.10467417542241708,0.10861206240268284,0.10565980972290256,0.0,0.4898908364545974,0.0,0.9051972493648356,0.09505259004626627,0.0,0.7934506856227627,-0.01060721967663629,0.010043238577957556,0.0,0.0,0.0,0.0,16.130625,0.0,0.039243749999999994,0.0401625,0.0,0.0,0.0,0.0,0.0,0.021428571428571425,0.05357142857142857,2026-06-09,,0.0
668974,Maverick,Handley,BAL,0.0,1,0.03231645095455837,0.0,0.03231645095455837,0.0,0.10861206240268284,0.10861206240268284,0.0,0.7934506856227627,0.0,0.9959951786088325,0.09505259004626627,0.0,0.7934506856227627,-0.013559472356416566,0.010323857841641703,0.0,0.0,0.0,0.0,0.0,0.0,0.0,0.0,0.0,0.0,0.0,0.0,0.0,0.09999999999999999,0.09999999999999999,2026-05-16,,0.0
675448,Blake,Hunt,SD,2.0,1,0.03190213748078198,0.031694980743893784,0.03231645095455837,0.10660680388077792,0.10861206240268284,0.10727558102191725,0.0,0.5614970317550455,0.0,0.9441653393240941,0.09505259004626627,0.0,0.7934506856227627,-0.01222299097565098,0.010196821824851323,0.0,0.0,0.0,0.0,0.0,0.0,0.0,0.0,0.0,0.0,0.0,0.0,0.0,0.0857142857142857,0.06666666666666667,2026-06-20,,0.0
656305,Matt,Chapman,SF,94.0,254,0.031403363836201695,0.03227874304640609,0.0310794046009292,0.10849048439178188,0.10461738896516493,0.10566475228934591,0.1676490301641603,0.2525443697729326,0.47389465428741795,0.6389652863661544,0.09492080129543964,0.4298471593763718,0.6384577171654381,-0.010743950993906265,0.010029782955988855,0.19888649425287355,0.06336206896551723,0.008800287356321839,0.06864224137931034,15.206725663716814,0.011615044247787611,0.04933064159292036,0.05348727876106195,0.030147058823529412,0.03402061855670103,0.02872340425531915,0.033962264150943396,0.028571428571428567,0.03161648177496038,0.03959497206703911,2026-06-30,,0.0
670224,Kameron,Misner,KC,13.0,30,0.032879047924232456,0.030922841248928204,0.033726737483530965,0.10411090425251268,0.11315061617666922,0.11042458399671384,0.11422834220995605,0.3520564271073645,0.34592698800654653,0.7810322518030814,0.09477864977443391,0.26799202452413634,0.7320079754758637,-0.01564593422227993,0.0104658929731121,0.14244186046511628,0.028488372093023254,0.0,0.05697674418604651,14.311354166666664,0.0,0.055402083333333324,0.05543124999999999,0.0225,0.0375,0.04285714285714285,0.03888888888888888,0.01875,0.05204081632653061,0.04516129032258064,2026-07-06,,0.0
669208,Ryan,Bliss,SEA,3.0,6,0.030929752671446684,0.033927150918537305,0.029431053547901376,0.11379424010806183,0.09927467939623946,0.10413326712099102,0.019890887638544935,0.4349997055766561,0.0679043215627575,0.8644278887076391,0.09451311932867582,0.06149194472039626,0.7923403991979523,-0.009620147792315209,0.009841959901491098,0.06805555555555555,0.06805555555555555,0.0,0.0,16.128,0.0,0.05677,0.05999,0.0,0.0,0.15,0.0,0.021428571428571425,0.056249999999999994,0.04772727272727272,2026-06-09,,0.0
672642,Steward,Berroa,PHI,5.0,2,0.031284287188437385,0.029966163612408673,0.03457959612850917,0.10101159141283278,0.11588724441363585,0.10527987811244877,0.02567962434474355,0.5131278292743189,0.08703054607454652,0.9194709956626135,0.09451311932867582,0.06149194472039626,0.7923403991979523,-0.01076675878377295,0.009950329682950315,0.0875,0.0,0.0,0.0875,15.866666666666664,0.0,0.09216666666666665,0.08621666666666666,0.075,0.0,0.0,0.0,0.0375,0.011538461538461539,0.075,2026-06-05,,0.0
805672,Collin,Price,HOU,2.0,11,0.030262597368455695,0.03457959612850917,0.029477688502991425,0.11588724441363585,0.0994261469119474,0.1019727543321749,0.04325817835808121,0.42234631019482544,0.14339292951756277,0.8535004025936926,0.0940455780400974,0.11762077423264788,0.7692757187239871,-0.007927176292077495,0.009590086625510235,0.14134615384615384,0.047115384615384615,0.0,0.0,16.283749999999998,0.0,0.09050416666666666,0.0940625,0.04285714285714285,0.0,0.0,0.0,0.0375,0.08076923076923076,0.048214285714285716,2026-06-14,,0.0
641820,Trey,Mancini,LAA,4.0,9,0.033960026004364006,0.036076648123749576,0.033019305062414864,0.12067634697235308,0.11087604086728786,0.11389978595707129,0.12680703655710507,0.5763065681945096,0.37786333668375105,0.9504913527190669,0.0940455780400974,0.11762077423264788,0.7692757187239871,-0.019854207916973884,0.010711771208976139,0.2826923076923077,0.0,0.0,0.14134615384615384,15.6275,0.017499999999999998,0.054915,0.0554925,0.0375,0.075,0.0,0.046153846153846156,0.0,0.028124999999999997,0.06136363636363636,2026-06-14,,0.0
605244,Aramis,Garcia,AZ,3.0,16,0.028746552806443847,0.03675733959778259,0.027244530283067833,0.1228477539018451,0.09215253508012589,0.09704936808838727,0.05520471638534141,0.37565475270329085,0.1802488998326791,0.8076966564574546,0.09363647941259133,0.15821985525146964,0.7495416354723428,-0.003412888675795936,0.009087361157013273,0.19342105263157894,0.0,0.0,0.06447368421052631,15.067499999999999,0.01346153846153846,0.050574999999999995,0.06625769230769232,0.013636363636363636,0.024999999999999998,0.075,0.045,0.0,0.03529411764705882,0.05909090909090908,2026-06-11,,0.0
672012,Tyler,Black,MIL,1.0,27,0.038700426571395115,0.03231645095455837,0.03893687011275944,0.10861206240268284,0.12977469626276905,0.12902513204804833,0.1793324692249496,0.5066115681914239,0.4992910214946955,0.9156351829261816,0.09327551003538008,0.18877852109766458,0.733348706504507,-0.03574962201266825,0.012034884999163971,0.284375,0.021875,0.0,0.15312499999999998,14.625625,0.0,0.04010125,0.04076625,0.05357142857142857,0.024999999999999998,0.056249999999999994,0.049999999999999996,0.04285714285714285,0.03461538461538462,0.048,2026-05-09,,0.0
686894,Joey,Wiemer,WSH,43.0,40,0.03449191029350377,0.03868966665249975,0.029979322207583082,0.12899101040051775,0.10105427269082579,0.11560615921588702,0.16174743841159034,0.34309736055955287,0.46072273400095387,0.7702510559258925,0.09306602629809652,0.3206059352575904,0.6793940647424096,-0.0225401329177905,0.010759005853807674,0.2656626506024096,0.08855421686746988,0.007379518072289155,0.08855421686746988,14.914695121951219,0.01707317073170732,0.06396036585365852,0.07124634146341463,0.04642857142857143,0.006,0.056249999999999994,0.026785714285714284,0.0409090909090909,0.04555555555555555,0.03951612903225806,2026-05-18,,0.0
669289,Santiago,Espinal,LAD,34.0,23,0.03466681984694743,0.0303349880795533,0.04107039724222572,0.10220736390472285,0.13651750005094665,0.1161667849390492,0.16645786597973067,0.38976579263483824,0.4712547836430523,0.8224838292697958,0.09306602629809652,0.3206059352575904,0.6793940647424096,-0.02310075864095268,0.010811181062102874,0.22565789473684203,0.01074561403508772,0.0,0.06447368421052631,14.829427083333332,0.003645833333333333,0.05818385416666666,0.058220312499999996,0.041379310344827586,0.05526315789473684,0.0,0.02222222222222222,0.05499999999999999,0.022767857142857142,0.05135135135135135,2026-06-13,,0.0
680737,Michael,Helman,TEX,15.0,18,0.030299084101978777,0.03227906151819195,0.02864910292180113,0.1084915112595709,0.09673223958772081,0.10209100891219258,0.06650457281607568,0.30919875880442127,0.21405404703007347,0.7260092619385581,0.09295464836674786,0.2127127162245977,0.719908462590678,-0.009136360545444727,0.009489833834839383,0.16704545454545452,0.018560606060606055,0.03712121212121211,0.01856060606060606,13.559583333333332,0.0,0.03222916666666666,0.033877083333333335,0.01,0.049999999999999996,0.016666666666666666,0.028124999999999997,0.01764705882352941,0.03134328358208955,0.065,2026-06-13,,0.0
664056,Harrison,Bader,SF,23.0,87,0.02720484021187054,0.03490601368058188,0.025168897800602025,0.11693304570691299,0.08535446322271212,0.09202288246654755,0.10608807657526534,0.24388511626168144,0.3246458770760321,0.624113044498384,0.09266122438550767,0.3315412564053376,0.6684587435946624,0.0006383419189601169,0.008526952960833962,0.2115909090909091,0.02227272727272727,0.0,0.07238636363636364,15.581319444444443,0.012152777777777776,0.055329166666666665,0.06372916666666667,0.021052631578947368,0.0225,0.046153846153846156,0.016981132075471698,0.03157894736842105,0.04466666666666666,0.058064516129032254,2026-05-29,,0.0
657656,Ramón,Laureano,SD,55.0,149,0.029328192309579424,0.027125133320785495,0.030141402003429532,0.09176246992444992,0.1015798767330276,0.09894052798089203,0.1345461650015767,0.23997708585689778,0.396949511649474,0.6172692102929267,0.09226111975901183,0.37883529114679954,0.6387575015215676,-0.0066794082218802064,0.00912836390106494,0.20416666666666664,0.06004901960784313,0.006004901960784313,0.05704656862745097,15.384743589743588,0.025427350427350427,0.060374999999999984,0.07271175213675214,0.02975206611570248,0.018,0.031818181818181815,0.032547169811320754,0.021428571428571425,0.04521028037383178,0.04911504424778761,2026-05-30,,0.0
666185,Dylan,Carlson,CHC,3.0,1,0.03140183441810861,0.03109696223929202,0.03231645095455837,0.10467417542241708,0.10861206240268284,0.10565980972290256,0.0,0.4898908364545974,0.0,0.9051972493648356,0.0915321237482564,0.0,0.657619772493347,-0.01412768597464617,0.009671266778773942,0.0,0.0,0.0,0.0,14.778749999999999,0.0,0.023362499999999998,0.024325,0.0,0.0,0.0,0.0,0.0,0.049999999999999996,0.016666666666666666,2026-04-06,,0.0
669360,Trei,Cruz,DET,1.0,4,0.03088016424546689,0.03231645095455837,0.03052109256819402,0.10861206240268284,0.10281030517628076,0.10397280804148945,0.0,0.43448246478317487,0.0,0.863992998707612,0.0915321237482564,0.0,0.657619772493347,-0.012440684293233056,0.00951685193210732,0.0,0.0,0.0,0.0,16.9225,0.0,0.041999999999999996,0.04235,0.0,0.0,0.0,0.0,0.0,0.06,0.021428571428571425,2026-06-21,,0.0
666931,Jared,Oliva,SF,2.0,5,0.03240816331231351,0.031694980743893784,0.0326934363396814,0.10660680388077792,0.10982688945655739,0.10890771237775787,0.02567962434474355,0.5131278292743189,0.08703054607454652,0.9194709956626135,0.09125404624837666,0.0455872608097006,0.6993581574175982,-0.017653666129381212,0.009938269422124819,0.0875,0.0,0.0,0.0,16.38875,0.0,0.06574166666666667,0.06285416666666666,0.024999999999999998,0.0,0.0,0.049999999999999996,0.0,0.046875,0.0625,2026-04-14,,0.0
669256,Nick,Solak,SD,6.0,3,0.030929752671446684,0.029431053547901376,0.033927150918537305,0.09927467939623946,0.11379424010806183,0.10413326712099102,0.019890887638544935,0.4349997055766561,0.0679043215627575,0.8644278887076391,0.09125404624837666,0.0455872608097006,0.6993581574175982,-0.012879220872614366,0.009502581973853475,0.06805555555555555,0.06805555555555555,0.06805555555555555,0.0,15.6425,0.024999999999999998,0.045524999999999996,0.056575,0.03,0.0,0.0,0.0,0.016666666666666666,0.0,0.05454545454545454,2026-06-20,,0.0
663624,Ryan,Mountcastle,BAL,4.0,11,0.034103227704835364,0.033298870345971794,0.03439572128987667,0.11177541178174455,0.11529774289966654,0.11435943196161491,0.10897453325692366,0.5195043405598057,0.33224767423331913,0.9231023370827113,0.0907990103394825,0.13684428582359737,0.6942576053973728,-0.023560421622132413,0.010383723245100018,0.20416666666666664,0.04083333333333333,0.0,0.04083333333333333,15.757291666666667,0.0,0.05697708333333332,0.05557708333333333,0.06,0.0375,0.0,0.04285714285714285,0.0375,0.013235294117647059,0.06724137931034482,2026-04-11,,0.0
692216,CJ,Kayfus,CLE,3.0,22,0.03120888989705643,0.03109696223929202,0.031224152759478846,0.10467417542241708,0.10508546936819252,0.10503612122188943,0.06403451456676437,0.34653621607178864,0.20675120852073658,0.7744331205933395,0.0907990103394825,0.13684428582359737,0.6942576053973728,-0.014237110882406936,0.009537175856845475,0.19599999999999998,0.048999999999999995,0.024499999999999997,0.048999999999999995,16.23625,0.037500000000000006,0.04656249999999999,0.06851249999999999,0.02,0.01875,0.075,0.049999999999999996,0.0,0.054310344827586204,0.05172413793103448,2026-04-07,,0.0
624512,Reese,McGuire,CWS,3.0,30,0.02863132052307699,0.033927150918537305,0.02810173748353096,0.11379424010806183,0.09494948456027985,0.09667436223073778,0.06650457281607568,0.30919875880442127,0.21405404703007347,0.7260092619385581,0.09061049546294066,0.1681803297062361,0.6873262302663417,-0.006063866767797119,0.008759711860290948,0.09280303030303029,0.03712121212121212,0.03712121212121212,0.03712121212121212,12.99725,0.0,0.047258749999999995,0.04493125,0.03260869565217391,0.0,0.0,0.0409090909090909,0.013636363636363636,0.03,0.056249999999999994,2026-04-23,,0.0
592206,Nick,Castellanos,SD,33.0,86,0.03002494208074201,0.030700469863644303,0.029765727931488805,0.1033911778974479,0.10036127838058717,0.10120223430721065,0.12537708035320616,0.26407986097574737,0.37429015435723023,0.6580934603535451,0.09056823970629566,0.33865175329861996,0.6380063711554202,-0.010633994600914992,0.009165708215548152,0.20073529411764704,0.020588235294117647,0.0,0.0926470588235294,15.342962962962961,0.015123456790123455,0.060610493827160494,0.06841203703703704,0.03387096774193548,0.025609756097560978,0.009375,0.02027027027027027,0.04,0.047977941176470584,0.06022727272727272,2026-05-31,,0.0
695238,Will,Wagner,SD,1.0,43,0.0322398355039395,0.03231645095455837,0.032238053749273944,0.10861206240268284,0.10835928048710464,0.10836502609920162,0.1115325307008129,0.3450057806110166,0.33893318192981003,0.7725787013885208,0.09015530100494934,0.23098652405492354,0.6682144360118811,-0.018209725094252283,0.009769681546382714,0.13920454545454544,0.12528409090909093,0.0,0.0,13.811249999999998,0.0,0.05300625,0.04916249999999999,0.036,0.015,0.03333333333333333,0.0375,0.024999999999999998,0.025352112676056335,0.036,2026-06-28,,0.0
670242,Matt,Wallner,MIN,47.0,88,0.02685024378051595,0.026269474213221414,0.027160427526684617,0.08896356149406626,0.09187778716054829,0.09086396160386434,0.09799599310880738,0.2177703434961176,0.3030050464201277,0.5766788470004722,0.08934520917293089,0.31451504475088465,0.6326328701993108,-0.0015187524309334538,0.00811825965577842,0.15879629629629627,0.045370370370370366,0.022685185185185183,0.045370370370370366,15.468694029850745,0.018283582089552237,0.06260559701492538,0.07136343283582089,0.024999999999999998,0.011842105263157893,0.03,0.022388059701492536,0.022058823529411766,0.06143344709897611,0.04742268041237113,2026-05-13,,0.0
669288,Daniel,Johnson,HOU,4.0,13,0.029661178627504288,0.033298870345971794,0.028541888867975825,0.11177541178174455,0.09638324391304587,0.10002193513003399,0.03287977376379267,0.3433635059488588,0.11042692073595584,0.7705766822849016,0.08816772941259132,0.08221892400405661,0.6410655481673807,-0.011854205717442667,0.008818706911868599,0.07205882352941176,0.07205882352941176,0.03602941176470588,0.0,15.197954545454545,0.0,0.062443181818181814,0.058465909090909096,0.012499999999999999,0.0,0.075,0.0375,0.011538461538461539,0.03260869565217391,0.042187499999999996,2026-05-03,,0.0
600869,Jeimer,Candelario,LAA,7.0,13,0.029593432142059145,0.031546298222499596,0.028541888867975825,0.10612658218753601,0.09638324391304587,0.0998019966431335,0.027866481213768196,0.3010336452284873,0.09418248932313678,0.7145060238713774,0.08816772941259132,0.08221892400405661,0.6410655481673807,-0.011634267230542172,0.008799315434868142,0.12250000000000001,0.030624999999999996,0.030624999999999996,0.0,16.06675,0.0,0.052465000000000005,0.0511875,0.01875,0.0,0.049999999999999996,0.012499999999999999,0.01875,0.07173913043478261,0.052702702702702706,2026-04-08,,0.0
694876,Cooper,Ingle,CLE,4.0,20,0.028278979698061826,0.03052109256819402,0.02783055712403539,0.10281030517628076,0.09406532681179258,0.09552703274450092,0.023158815297043348,0.2584880219321069,0.07873649824135642,0.6489139303690773,0.08816772941259132,0.08221892400405661,0.6410655481673807,-0.007359303331909595,0.008422401574604908,0.05104166666666666,0.07656249999999999,0.0,0.05104166666666666,15.917222222222223,0.0,0.04332222222222222,0.04096944444444444,0.011538461538461539,0.0,0.075,0.012499999999999999,0.0,0.03260869565217391,0.04038461538461538,2026-07-05,,0.0
663584,Hayden,Senger,NYM,0.0,15,0.029971369210499647,0.0,0.029971369210499647,0.0,0.1010284764870607,0.1010284764870607,0.03736125910306534,0.3788198283232237,0.12477104927233407,0.8110871302087748,0.08816772941259132,0.08221892400405661,0.6410655481673807,-0.01286074707446938,0.008907451377877513,0.20416666666666664,0.0,0.0,0.04083333333333333,13.185454545454544,0.0,0.03568409090909091,0.043225,0.0,0.03,0.049999999999999996,0.01875,0.021428571428571425,0.03529411764705882,0.06999999999999999,2026-06-02,,0.0
642133,Rowdy,Tellez,ATL,2.0,9,0.03277851882268376,0.031694980743893784,0.033019305062414864,0.10660680388077792,0.11087604086728786,0.1101009022161541,0.051367689746085105,0.47698056196084426,0.1685374479259194,0.8965304872165526,0.08816772941259132,0.08221892400405661,0.6410655481673807,-0.021933172803562773,0.00970734655467605,0.27840909090909094,0.05568181818181818,0.0,0.22272727272727272,16.0725,0.049999999999999996,0.08465,0.121775,0.0375,0.0,0.0375,0.0375,0.021428571428571425,0.04565217391304348,0.04444444444444444,2026-06-30,,0.0
682641,Luis,Matos,MIL,13.0,8,0.031449668469551384,0.028541888867975825,0.03617481032211167,0.09638324391304587,0.12098972120961016,0.10581438410051436,0.07667565052761788,0.4000056469020493,0.24362004581345365,0.8326926307091164,0.08812845121185066,0.1205838183869109,0.6457978644196039,-0.0176859328886637,0.009325257786714206,0.11666666666666664,0.02916666666666666,0.0,0.0,14.725576923076924,0.0,0.0266,0.02723269230769231,0.023076923076923078,0.0,0.049999999999999996,0.06,0.01875,0.04431818181818182,0.07857142857142857,2026-04-23,,0.0
608841,Joey,Meneses,ATH,15.0,9,0.030649873186258596,0.03227906151819195,0.027934559299703,0.1084915112595709,0.09440448890587894,0.10322735923138682,0.04344334080123441,0.31003881270500083,0.1439730293993079,0.7271736499118242,0.08812845121185066,0.1205838183869109,0.6457978644196039,-0.015098908019536159,0.009097267291751455,0.07656249999999999,0.07656249999999998,0.02552083333333333,0.02552083333333333,16.19625,0.0,0.058887499999999995,0.05597812499999999,0.028124999999999997,0.0,0.0,0.04285714285714285,0.008823529411764706,0.03088235294117647,0.049999999999999996,2026-07-12,,0.0
672820,Lenyn,Sosa,TOR,44.0,71,0.030562512294395577,0.03189509573066465,0.029736685939524603,0.10725285356957037,0.10026702385251729,0.10294445743413771,0.12986594771740817,0.2726994473512982,0.3854579891580625,0.6719056802934791,0.08783386470629566,0.31566885606727846,0.6143055172948425,-0.015110592727842057,0.009042009546533064,0.17043478260869563,0.005326086956521739,0.005326086956521738,0.03728260869565218,15.516136363636363,0.009943181818181816,0.04982130681818181,0.05452244318181818,0.036,0.016666666666666666,0.0375,0.017857142857142856,0.034931506849315064,0.028658536585365855,0.075,2026-05-26,,0.0
686452,Drew,Millas,WSH,20.0,127,0.02749796453889366,0.029973414266892526,0.027108129936059194,0.1010351098471004,0.09170691080249516,0.09298009819453479,0.11223750811999306,0.23144425699949095,0.3407672535169678,0.6020176587451693,0.08781422560592533,0.3251105770412182,0.6108435952768603,-0.005165872588609455,0.008164975319715969,0.14166666666666666,0.05833333333333332,0.012499999999999999,0.041666666666666664,14.102553763440858,0.00564516129032258,0.04905645161290323,0.05044516129032257,0.024999999999999998,0.014634146341463414,0.0409090909090909,0.023239436619718307,0.025657894736842105,0.03206106870229007,0.04321192052980132,2026-07-11,,0.0
666969,Adolis,García,PHI,67.0,189,0.027711660478769953,0.03331742733916647,0.02572443095683045,0.11183508724471858,0.08717748594364738,0.09367748113677754,0.13404604842154844,0.2271028584796026,0.39572894149511495,0.594093548682485,0.08773225370872742,0.3625038659495962,0.5951480507395664,-0.0059452274280501205,0.008218536541886295,0.1818359375,0.05024414062499999,0.009570312499999999,0.04306640625,16.105357142857144,0.016666666666666663,0.060557142857142865,0.06830119047619047,0.02666666666666667,0.025280898876404494,0.028124999999999997,0.03,0.021982758620689654,0.04704684317718941,0.04466437177280551,2026-06-10,,0.0
694514,Sterlin,Thompson,COL,15.0,62,0.032156011278858546,0.03227906151819195,0.032126241059664974,0.1084915112595709,0.10799866596497765,0.10809469004772587,0.13215077794236724,0.31120414592399037,0.3910873805042444,0.7287830452324291,0.0862032812000573,0.2554444331365656,0.6105138625340829,-0.021891408847668575,0.009318116962417149,0.20681818181818185,0.03977272727272727,0.02386363636363636,0.07954545454545454,15.153177083333329,0.010937500000000001,0.05501927083333333,0.062084895833333334,0.033,0.015,0.06428571428571428,0.03,0.031914893617021274,0.041346153846153845,0.04421965317919075,2026-06-21,,0.0
666464,Jerar,Encarnacion,SF,18.0,17,0.03107866747076389,0.03085498527474231,0.03131550744302204,0.1038913256384757,0.10538079825354585,0.10461500481772312,0.08102640053701589,0.3268228229904497,0.2560210932933441,0.7497046149010318,0.08588700832202249,0.1848123255886363,0.6135895945449727,-0.01872799649570063,0.00898506978938821,0.12249999999999998,0.017499999999999995,0.0,0.0,15.313173076923075,0.01346153846153846,0.04342692307692308,0.04479999999999999,0.045,0.02,0.015,0.0375,0.01,0.02710843373493976,0.06506024096385542,2026-05-03,,0.0
467793,Carlos,Santana,AZ,4.0,22,0.026254878542016222,0.033298870345971794,0.024974152759478847,0.11177541178174455,0.08471477796437987,0.08891576487079023,0.0213550884722762,0.24141553771629065,0.07276888208258836,0.6197985222281774,0.0854959800364522,0.071479212752109,0.5907245696898311,-0.0034197848343380244,0.007601940458318959,0.07067307692307692,0.047115384615384615,0.0,0.0,15.361718749999998,0.0,0.03714375,0.037909374999999995,0.0,0.0,0.04285714285714285,0.009375,0.015,0.041666666666666664,0.05357142857142857,2026-04-05,,0.0
686554,Oliver,Dunn,TB,4.0,8,0.030043749870294928,0.033298870345971794,0.0284161896324565,0.11177541178174455,0.09597395392663233,0.10126322965220302,0.014865094404917095,0.35387991114111705,0.05106825418438676,0.7831814905640582,0.08536668842590074,0.030053369748306635,0.5635028221864703,-0.015896541226302283,0.008644506574720049,0.05104166666666666,0.05104166666666666,0.0,0.05104166666666666,13.4575,0.0,0.04184687499999999,0.039003125,0.016666666666666666,0.0,0.0,0.0375,0.0,0.045,0.04285714285714285,2026-06-02,,0.0
660644,Vidal,Bruján,NYM,4.0,8,0.030841961875403487,0.03052109256819402,0.031002396529008224,0.10281030517628076,0.1043682923027971,0.1038491781585712,0.014865094404917095,0.35387991114111705,0.05106825418438676,0.7831814905640582,0.08536668842590074,0.030053369748306635,0.5635028221864703,-0.018482489732670457,0.008865260435148604,0.05104166666666666,0.05104166666666666,0.0,0.05104166666666666,13.280749999999998,0.0,0.0315175,0.0325675,0.021428571428571425,0.0,0.0,0.0,0.024999999999999998,0.03409090909090909,0.03571428571428571,2026-06-15,,0.0
665861,Sebastián,Rivero,LAA,13.0,42,0.03536718123137611,0.028541888867975825,0.037479771724809534,0.09638324391304587,0.12514812115944862,0.11840906279638319,0.1436665586973318,0.36348366189167736,0.41890095050371534,0.7942530316689691,0.08400834866370278,0.19149512745135072,0.5896046683519693,-0.03440071413268041,0.009947349832340836,0.16704545454545452,0.0334090909090909,0.0,0.08909090909090907,14.351280487804877,0.0,0.05785243902439024,0.05491158536585365,0.03888888888888888,0.03409090909090909,0.024999999999999998,0.02045454545454545,0.045454545454545456,0.031985294117647056,0.06707317073170731,2026-06-09,,0.0
672761,Wenceel,Pérez,DET,54.0,121,0.02720567337357955,0.033155182679639204,0.024550520460131443,0.111313244933535,0.08332215585665415,0.09202560423003847,0.11792928459112029,0.22785999284200648,0.35544213313388584,0.5954835441765243,0.08328676078465286,0.30950396559750293,0.5673464857239271,-0.008738843445385613,0.007664514485570352,0.19599999999999998,0.048999999999999995,0.0,0.05949999999999999,15.267159090909088,0.013257575757575756,0.04338143939393939,0.050083143939393934,0.026886792452830186,0.015,0.02692307692307692,0.026470588235294117,0.023333333333333334,0.024920127795527155,0.04363636363636363,2026-06-16,,0.0
675659,Greg,Jones,MIL,7.0,16,0.028553764003764456,0.031546298222499596,0.027244530283067833,0.10612658218753601,0.09215253508012589,0.09642190376526028,0.024180004484220335,0.2679598107574366,0.08210290482914984,0.6643611409017438,0.08298139238832125,0.06322510711784671,0.5474110308930111,-0.013440511376939024,0.008001223831174013,0.05326086956521739,0.0,0.0,0.026630434782608695,14.30826923076923,0.0,0.05375192307692307,0.050642307692307695,0.009375,0.0375,0.0,0.011538461538461539,0.015,0.05113636363636363,0.058333333333333334,2026-07-08,,0.0
596103,Austin,Slater,TB,64.0,9,0.030902088138186415,0.030246833321776113,0.0355616779437708,0.10192165915047147,0.11903104209842041,0.10404375228111684,0.1286697211101815,0.3117365301514135,0.38249593428052153,0.7295160383579087,0.08295032719250797,0.23565686541579586,0.5759095570340281,-0.02109342508860887,0.00863046329405489,0.15102739726027395,0.06712328767123286,0.0,0.016780821917808216,14.497954545454546,0.003977272727272727,0.04639488636363636,0.04607670454545454,0.023333333333333334,0.05357142857142857,0.023076923076923078,0.013636363636363636,0.045,0.03860294117647058,0.043000000000000003,2026-06-17,,0.0
606992,Eric,Haase,SF,28.0,53,0.028344565677281466,0.02689921793182663,0.029108145618276477,0.09102408575420817,0.09822539470036606,0.09574067955032817,0.08682708209959754,0.24133157061210203,0.2723281395961086,0.6196512071615821,0.08277190865103769,0.22428594435712795,0.574651499148845,-0.01296877089929048,0.007924638781928036,0.20416666666666666,0.045370370370370366,0.0075617283950617275,0.06805555555555555,14.855978260869565,0.03043478260869565,0.05181141304347826,0.0648641304347826,0.03837209302325582,0.005,0.0,0.019354838709677417,0.024,0.05225806451612903,0.0543859649122807,2026-07-08,,0.0
663967,César,Salazar,HOU,5.0,17,0.026438713806916807,0.0326934363396814,0.02459908953257428,0.10982688945655739,0.08348189552443108,0.08951764168717724,0.008069427621263836,0.2179804583865734,0.027959263905650844,0.5770766927694535,0.08269897941259134,0.02567962434474355,0.5131278292743189,-0.006818662274585899,0.007403017606951599,0.02784090909090909,0.08352272727272728,0.02784090909090909,0.02784090909090909,15.081499999999998,0.0,0.04968833333333333,0.051239999999999994,0.0,0.03,0.0,0.0,0.016666666666666666,0.017857142857142856,0.041666666666666664,2026-05-29,,0.0
656582,Connor,Joe,SEA,26.0,19,0.029707492489761254,0.02760709208792733,0.032581724618586626,0.09333627679672662,0.10946702428449007,0.1001722706660948,0.07745423484758265,0.2878390887239627,0.24585002907282683,0.6951940332540516,0.08189226374890517,0.1627877475083369,0.562505327040549,-0.01828000691718963,0.008203334009714552,0.16333333333333333,0.08166666666666667,0.0,0.04083333333333333,16.191875,0.014583333333333334,0.07301145833333332,0.08001145833333331,0.019565217391304346,0.0375,0.0,0.015,0.04,0.03705882352941176,0.03644859813084112,2026-06-20,,0.0
805904,Zach,Cole,HOU,6.0,47,0.029370045925492125,0.029431053547901376,0.029362257718376052,0.09927467939623946,0.09905120147916202,0.09907650285378056,0.0785241785084626,0.2705424927619534,0.24890684338719182,0.6684874349863151,0.08189226374890517,0.1627877475083369,0.562505327040549,-0.01718423910487539,0.008113599103020952,0.2080188679245283,0.011556603773584905,0.011556603773584905,0.09245283018867924,16.181666666666665,0.029166666666666667,0.06225916666666666,0.08093166666666665,0.02222222222222222,0.026470588235294117,0.016666666666666666,0.026470588235294117,0.015789473684210523,0.06494845360824743,0.04227272727272727,2026-05-25,,0.0
663697,Jonathan,India,KC,23.0,35,0.028923023379526996,0.02463204107784215,0.03174281174920561,0.08359025911385098,0.10676125149174254,0.09762344903815112,0.07158487019718122,0.2492590943383795,0.2289230294131931,0.6333807372094763,0.08161871563909567,0.14164643854782027,0.5559564416525933,-0.01600473339905545,0.007967900526752605,0.1584051724137931,0.08448275862068966,0.021120689655172414,0.08448275862068966,14.990499999999997,0.009999999999999998,0.041444999999999996,0.047174999999999995,0.024999999999999998,0.0,0.021428571428571425,0.027777777777777776,0.014516129032258063,0.030645161290322583,0.02692307692307692,2026-04-17,,0.0
641555,J. C.,Escarra,NYY,20.0,71,0.02829994317405128,0.03640198569546396,0.026017677675061794,0.12171465278616789,0.08813874917768927,0.09559532534050785,0.1112252917944124,0.26668389756607036,0.3381327289930841,0.662309163980624,0.08141421002227633,0.2268802210080984,0.559974557940115,-0.014181115318231519,0.007782817894419941,0.15480769230769229,0.04038461538461538,0.0,0.047115384615384615,15.23231343283582,0.00783582089552239,0.045163059701492536,0.04853768656716417,0.03559322033898305,0.0,0.03,0.02727272727272727,0.02553191489361702,0.040312499999999994,0.03708791208791209,2026-06-20,,0.0
642020,Chuckie,Robinson,LAD,8.0,15,0.029430437183354204,0.0284161896324565,0.029971369210499647,0.09597395392663233,0.1010284764870607,0.09927267735960943,0.024180004484220335,0.2679598107574366,0.08210290482914984,0.6643611409017438,0.0801929497334219,0.022417491450056642,0.47088818221285356,-0.019079727626187523,0.00796096882540137,0.05326086956521739,0.0,0.0,0.0,13.929027777777776,0.0,0.03564166666666667,0.033376388888888886,0.01,0.024999999999999998,0.0,0.0,0.01764705882352941,0.04444444444444444,0.0409090909090909,2026-07-01,,0.0
660162,Yoán,Moncada,LAA,26.0,104,0.02887812134990729,0.0236597236668747,0.030182720770665437,0.08038887031012876,0.1017138330883609,0.09747740182915698,0.10815119417236142,0.23435447802079223,0.33008558486943074,0.6072672543147628,0.07986920213943821,0.25656145060123525,0.5427314306587621,-0.017608199689718773,0.007785442310720183,0.15548076923076926,0.08009615384615384,0.009423076923076925,0.047115384615384615,15.328939393939391,0.013257575757575756,0.04890454545454545,0.056084848484848474,0.02291666666666667,0.021428571428571425,0.03260869565217391,0.01607142857142857,0.030405405405405407,0.04046511627906977,0.031636363636363636,2026-05-21,,0.0
693459,Kyler,Fedko,MIN,11.0,7,0.027756023785053062,0.027018672109548805,0.028914719275131173,0.09141456441034468,0.0975964405900327,0.09382220990748436,1.3877787807814457e-17,0.1758792236466577,0.0,0.4918779747135168,0.07972152713557816,0.0,0.39033428790216546,-0.014100682771906195,0.007479649853059424,0.0,0.06805555555555556,0.0,0.0,15.340937499999999,0.0,0.033818749999999995,0.035525,0.0,0.0,0.0,0.0,0.0,0.05581395348837209,0.060714285714285714,2026-07-07,,0.0
686823,Will,Brennan,SF,2.0,21,0.02445244152308371,0.037464211513124554,0.023213225333556013,0.12509861981610004,0.07891608599902455,0.08299952170888225,0.024180004484220335,0.2679598107574366,0.08210290482914984,0.6643611409017438,0.07837131503341452,0.051367689746085105,0.47698056196084426,-0.004628206675467733,0.006504781663469538,0.05326086956521739,0.0,0.0,0.0,13.787374999999999,0.0,0.03352125,0.03418625,0.0,0.0375,0.0,0.01875,0.01,0.009,0.0846153846153846,2026-05-27,,0.0
669369,Bryce,Johnson,SD,13.0,35,0.03151781857158029,0.026160936487023445,0.033507517631558556,0.08860808880746074,0.11244621351478767,0.1060345762554985,0.08695513576485565,0.29577828401255607,0.2726852203872939,0.7069221841836844,0.07825260758228716,0.14547724486760422,0.5189728183535234,-0.027781968673211338,0.008297482085875628,0.12760416666666666,0.038281249999999996,0.0,0.02552083333333333,13.156759259259257,0.0,0.04277777777777776,0.04005555555555556,0.018,0.03214285714285714,0.03333333333333333,0.015,0.041666666666666664,0.04516129032258064,0.059375,2026-06-10,,0.0
680718,Addison,Barger,TOR,4.0,23,0.02550449315048687,0.03052109256819402,0.02463204107784215,0.10281030517628076,0.08359025911385098,0.08645605459411831,0.006568145980785131,0.1828346593357585,0.022800390389415948,0.506729908665945,0.07783433356479184,0.019890887638544935,0.4349997055766561,-0.00862172102932647,0.0067292493919744595,0.045370370370370366,0.11342592592592592,0.0,0.022685185185185183,15.4385,0.0,0.033576666666666664,0.034685,0.0075,0.0,0.0,0.0,0.021428571428571425,0.028846153846153848,0.053289473684210525,2026-05-09,,0.0
660710,Rodolfo,Durán,SD,19.0,71,0.027004570756998802,0.026059985488151843,0.027257347096549398,0.08827737455031592,0.09219439998989931,0.09136847534005621,0.07794682040686313,0.21873930500697653,0.2472584408241285,0.5785113204862617,0.07675213347641677,0.19230498083676129,0.5121994835545616,-0.014616341863639443,0.0070127254148366885,0.17013888888888887,0.04763888888888888,0.006805555555555554,0.054444444444444434,15.054224137931035,0.015086206896551723,0.043921982758620685,0.05198405172413793,0.016304347826086956,0.029166666666666667,0.0,0.019565217391304346,0.02045454545454545,0.03633540372670808,0.047872340425531915,2026-07-12,,0.0
656413,Stuart,Fairchild,CLE,22.0,5,0.028101180582973145,0.027057486092812184,0.0326934363396814,0.0915414159863982,0.10982688945655739,0.0949476694708713,0.038520348283098374,0.28057800818279827,0.1284539455087228,0.6841775608765219,0.07625317138386277,0.04696514218385381,0.4480308622529735,-0.01869449808700853,0.007240060912660704,0.06805555555555555,0.15879629629629627,0.022685185185185183,0.022685185185185183,14.5635,0.0,0.059045,0.068075,0.008333333333333333,0.021428571428571425,0.075,0.021428571428571425,0.011538461538461539,0.09999999999999999,0.03529411764705882,2026-06-23,,0.0
457705,Andrew,McCutchen,TEX,50.0,32,0.029493478123709227,0.02848138998682477,0.031074865837591188,0.09618626969194921,0.10460270887936285,0.09947742652271119,0.10451594667058835,0.266417390881429,0.32047960301407097,0.6618794282264948,0.07373173130972456,0.19633266528144178,0.485363327580278,-0.025745695212986627,0.007334642883755409,0.14192073170731706,0.06722560975609757,0.0,0.0298780487804878,15.232892156862743,0.010294117647058823,0.04110098039215686,0.04581911764705882,0.024999999999999998,0.0225,0.0375,0.012499999999999999,0.03103448275862069,0.0459375,0.03068181818181818,2026-05-25,,0.0
669004,MJ,Melendez,NYM,13.0,129,0.026638911739978427,0.03330379362988058,0.02596725697587976,0.11179124432654453,0.08797352153863924,0.09017276678528552,0.11042234546060642,0.23132861632846952,0.3360375353358135,0.6018080310019573,0.07245459176503653,0.23362709542089732,0.47746096492438395,-0.017718175020248986,0.006533431005751708,0.18116197183098592,0.0733274647887324,0.021566901408450707,0.04313380281690141,16.5085,0.02,0.04992749999999999,0.061459999999999994,0.023684210526315787,0.02045454545454545,0.03409090909090909,0.029032258064516127,0.020625,0.045993031358885016,0.044196428571428574,2026-06-25,,0.0
506702,Sandy,León,ATL,20.0,24,0.027010000157233358,0.02783055712403539,0.026326202684898336,0.09406532681179258,0.08914931390668546,0.09138622107019068,0.035922193227316226,0.21159239166598615,0.1201831016629813,0.5648611863279391,0.0720765304818846,0.0850767663291625,0.4333427844381418,-0.019309690588306075,0.0065868017485898435,0.05568181818181818,0.0,0.0,0.0,14.323076923076922,0.0,0.03991346153846154,0.03918653846153846,0.019354838709677417,0.0,0.0,0.019565217391304346,0.007142857142857142,0.03861386138613861,0.06,2026-06-17,,0.0
670097,Zack,Short,NYM,24.0,35,0.027001114397078682,0.03038025673895239,0.02468398821979385,0.10235405192500702,0.08376107253926823,0.09135717826709777,0.058675827757903046,0.22523640399981698,0.1907415576583612,0.5906524251356484,0.07186463961638617,0.11999366228595007,0.4489944400515401,-0.0194925386507116,0.006565350692534928,0.0934322033898305,0.08305084745762711,0.010381355932203387,0.0,14.814596774193546,0.01129032258064516,0.044958064516129034,0.05156854838709678,0.02027027027027027,0.012499999999999999,0.015,0.012499999999999999,0.021428571428571425,0.0430327868852459,0.040624999999999994,2026-07-12,,0.0
628451,Andy,Ibáñez,NYM,22.0,2,0.027443943980402313,0.027057486092812184,0.031694980743893784,0.0915414159863982,0.10660680388077792,0.09280374490432741,0.023158815297043348,0.2584880219321069,0.07873649824135642,0.6489139303690773,0.07152344165413305,0.014865094404917095,0.35387991114111705,-0.021280303250194366,0.006637643233949709,0.05104166666666666,0.02552083333333333,0.0,0.07656249999999998,15.054374999999999,0.0,0.030563749999999997,0.030904999999999995,0.0,0.024999999999999998,0.024999999999999998,0.0,0.015,0.02596153846153846,0.07714285714285714,2026-05-10,,0.0
664059,Sam,Haggerty,TEX,36.0,11,0.02883352963498164,0.02788533719398229,0.03193670489643405,0.09424398172017445,0.10738714236272373,0.09733234723348727,0.0740671999643172,0.27685622423593553,0.23611472135944134,0.6784220341440492,0.07108398733082544,0.1317037456190719,0.4467857131455308,-0.026248359902661833,0.006918771337624712,0.10425531914893617,0.02606382978723404,0.01303191489361702,0.013031914893617021,13.921249999999999,0.0,0.04278125000000001,0.04020625,0.02045454545454545,0.024999999999999998,0.021428571428571425,0.03333333333333333,0.015517241379310345,0.04431818181818182,0.050625,2026-05-30,,0.0
663368,Blake,Perkins,MIL,59.0,41,0.02744156817122513,0.03163430274020621,0.021408120864642603,0.10641084551719304,0.0729447322156822,0.09279598837333103,0.08526343659939131,0.2213718821096384,0.26795776898564394,0.583461364226316,0.07084130360004362,0.19071102858794878,0.4602599393608908,-0.02195468477328741,0.006573788785221261,0.14087499999999997,0.06124999999999999,0.0061249999999999985,0.06737499999999999,14.803432835820894,0.007835820895522387,0.04560708955223881,0.0487936567164179,0.022131147540983605,0.014285714285714284,0.024999999999999998,0.019565217391304346,0.02222222222222222,0.028846153846153848,0.043348623853211005,2026-07-03,,0.0
666181,Will,Benson,CIN,1.0,111,0.027054479672661873,0.03231645095455837,0.02700707452597812,0.10861206240268284,0.09137665881773416,0.09153159087806861,0.10414537208810222,0.23978554199303836,0.3194948825698022,0.6169315034856708,0.07078287973892947,0.20395378749637438,0.46167343103102854,-0.020748711139139148,0.006478869589435224,0.17500000000000002,0.08203125000000001,0.0054687500000000005,0.038281249999999996,14.946810344827586,0.02112068965517241,0.05296163793103449,0.06474396551724138,0.03421052631578947,0.008823529411764706,0.021428571428571425,0.02222222222222222,0.02586206896551724,0.04682926829268293,0.03313253012048192,2026-06-14,,0.0
664238,Dylan,Moore,PHI,12.0,3,0.027485702108277464,0.026582887075523823,0.03109696223929202,0.08998946634584548,0.10467417542241708,0.09294006891717421,0.0,0.20388330103584867,0.0,0.5497864440472612,0.07061049546294065,0.0,0.27753279986288926,-0.02232957345423356,0.006562544314601521,0.0,0.12249999999999998,0.0,0.0,15.977500000000001,0.0,0.03362916666666667,0.040775000000000006,0.0,0.0,0.0,0.0,0.0,0.04411764705882353,0.03913043478260869,2026-05-01,,0.0
677060,Chad,Stevens,COL,18.0,15,0.025794764891777212,0.02423733821591878,0.027663676902807337,0.08229164773646469,0.09352092318196636,0.08740810665106313,0.00536941053687183,0.15318725382118925,0.018667141541946597,0.4412007014175954,0.06785557285135699,0.012722215247890939,0.3146870442415113,-0.019552533799706145,0.005931127148660396,0.01856060606060606,0.09280303030303029,0.0,0.03712121212121212,14.085166666666666,0.011666666666666665,0.03808,0.04202333333333333,0.0,0.013636363636363636,0.0,0.0,0.0075,0.03851351351351351,0.056666666666666664,2026-06-12,,0.0
